sym,day,entry_i,side,sgrade,book_r,clock_flat_1r,clock_flat_2r,clock_hod_only,clock_30_30_30_10,clock_50_20_20_10,clock_flat_3r,clock_flat_4r,clock_flat_5r,noclock_flat_1r,noclock_flat_2r,noclock_hod_only,noclock_30_30_30_10,noclock_50_20_20_10,noclock_flat_3r,noclock_flat_4r,noclock_flat_5r
NVDA,2024-08-23,29,L,C,2.115,1.000,2.000,4.538,2.708,3.231,3.000,4.000,5.000,1.000,2.000,4.538,2.708,3.231,3.000,4.000,5.000
NVDA,2024-08-23,36,L,C,4.344,1.000,2.000,4.437,3.191,3.547,3.000,4.000,5.000,1.000,2.000,4.437,3.191,3.547,3.000,4.000,5.000
NVDA,2024-08-29,48,S,A,-1.000,1.000,2.000,-1.236,-1.246,-1.243,3.000,-1.236,-1.236,1.000,2.000,-1.236,-1.246,-1.243,3.000,-1.236,-1.236
NVDA,2024-09-03,16,S,C,-1.000,-1.250,-1.250,-1.250,-1.250,-1.250,-1.250,-1.250,-1.250,-1.250,-1.250,-1.250,-1.250,-1.250,-1.250,-1.250,-1.250
NVDA,2024-09-18,18,S,C,-1.000,-1.017,-1.017,-1.017,-1.180,-1.133,-1.017,-1.017,-1.017,-1.017,-1.017,-1.017,-1.180,-1.133,-1.017,-1.017,-1.017
NVDA,2024-09-25,13,L,C,2.531,1.000,2.000,1.734,1.200,1.353,3.000,4.000,5.000,1.000,2.000,1.734,1.200,1.353,3.000,4.000,5.000
NVDA,2024-09-26,15,L,A,-1.000,-1.250,-1.250,-1.250,-1.250,-1.250,-1.250,-1.250,-1.250,-1.250,-1.250,-1.250,-1.250,-1.250,-1.250,-1.250,-1.250
NVDA,2024-10-10,12,L,A,-1.000,1.000,-1.250,-1.250,-1.250,-1.250,-1.250,-1.250,-1.250,1.000,-1.250,-1.250,-1.250,-1.250,-1.250,-1.250,-1.250
NVDA,2024-11-06,39,L,A,5.391,1.000,2.000,1.557,1.557,1.557,3.000,1.557,1.557,1.000,2.000,5.852,5.774,5.796,3.000,4.000,5.000
NVDA,2024-11-14,22,S,A,-1.000,-1.250,-1.250,-1.250,-1.250,-1.250,-1.250,-1.250,-1.250,-1.250,-1.250,-1.250,-1.250,-1.250,-1.250,-1.250,-1.250
NVDA,2024-11-26,22,S,C,0.797,1.000,2.000,2.054,1.381,1.573,3.000,3.027,3.027,1.000,2.000,2.054,1.381,1.573,3.000,4.000,1.703
NVDA,2024-12-16,12,S,A,-1.000,1.000,2.000,-1.047,-1.189,-1.148,-1.047,-1.047,-1.047,1.000,2.000,-1.047,-1.189,-1.148,-1.047,-1.047,-1.047
NVDA,2025-01-06,21,L,C,-1.000,1.000,-1.250,-1.250,-1.250,-1.250,-1.250,-1.250,-1.250,1.000,-1.250,-1.250,-1.250,-1.250,-1.250,-1.250,-1.250
NVDA,2025-01-10,16,S,C,0.320,1.000,-1.250,0.580,0.397,0.449,-1.250,-1.250,-1.250,1.000,-1.250,0.580,0.397,0.449,-1.250,-1.250,-1.250
NVDA,2025-01-23,17,L,C,0.860,1.000,2.000,0.960,1.422,1.290,3.000,4.000,3.600,1.000,2.000,0.960,1.422,1.290,3.000,4.000,5.000
NVDA,2025-01-31,54,L,C,3.893,1.000,2.000,3.999,3.468,3.620,3.000,4.000,5.000,1.000,2.000,3.999,3.468,3.620,3.000,4.000,5.000
NVDA,2025-03-05,16,S,A,3.237,1.000,2.000,2.191,2.654,2.522,3.000,4.000,-1.250,1.000,2.000,2.191,2.654,2.522,3.000,4.000,-1.250
NVDA,2025-03-06,24,L,A,-1.000,1.000,2.000,-1.056,-1.192,-1.153,-1.056,-1.056,-1.056,1.000,2.000,-1.056,-1.192,-1.153,-1.056,-1.056,-1.056
NVDA,2025-04-01,30,S,A,2.441,1.000,2.000,4.815,3.735,4.044,3.000,4.000,5.000,1.000,2.000,4.815,3.735,4.044,3.000,4.000,5.000
NVDA,2025-04-03,24,L,A,1.770,1.000,2.000,3.250,2.336,2.597,3.000,4.000,-1.027,1.000,2.000,3.250,2.336,2.597,3.000,4.000,-1.027
NVDA,2025-04-11,21,L,C,1.555,1.000,2.000,1.504,1.551,1.538,3.000,-1.107,-1.107,1.000,2.000,1.504,1.551,1.538,3.000,-1.107,-1.107
NVDA,2025-04-24,35,L,C,-1.000,1.000,-1.250,-1.250,-0.625,-0.804,-1.250,-1.250,-1.250,1.000,-1.250,-1.250,-0.625,-0.804,-1.250,-1.250,-1.250
NVDA,2025-07-03,21,L,A,1.203,1.000,2.000,1.318,1.178,1.218,3.000,4.000,5.000,1.000,2.000,1.318,1.178,1.218,3.000,4.000,5.000
NVDA,2025-08-22,33,L,C,0.335,1.000,0.747,0.292,0.239,0.255,0.747,0.747,0.747,1.000,1.102,0.292,0.239,0.255,1.102,1.102,1.102
NVDA,2025-09-05,18,L,C,-1.000,-1.109,-1.109,-1.109,-0.511,-0.682,-1.109,-1.109,-1.109,-1.109,-1.109,-1.109,-0.511,-0.682,-1.109,-1.109,-1.109
NVDA,2025-09-09,30,S,C,0.723,1.000,2.000,0.433,0.186,0.257,3.000,-1.250,-1.250,1.000,2.000,0.433,0.186,0.257,3.000,-1.250,-1.250
NVDA,2025-09-29,12,L,C,2.309,1.000,2.000,1.974,1.647,1.740,3.000,2.158,2.158,1.000,2.000,1.974,1.647,1.740,3.000,-1.250,-1.250
NVDA,2025-09-30,17,L,S,0.262,1.000,-1.250,-0.024,-0.307,-0.226,-1.250,-1.250,-1.250,1.000,-1.250,-0.024,-0.307,-0.226,-1.250,-1.250,-1.250
NVDA,2025-10-17,25,L,S,0.775,1.000,2.000,0.324,0.365,0.353,3.000,4.000,5.000,1.000,2.000,0.324,0.365,0.353,3.000,4.000,5.000
NVDA,2025-11-06,19,S,C,2.389,1.000,2.000,3.041,4.316,3.952,3.000,4.000,5.000,1.000,2.000,3.041,4.316,3.952,3.000,4.000,5.000
NVDA,2025-11-18,16,S,S,4.082,1.000,2.000,1.333,2.057,1.850,3.000,4.000,5.000,1.000,2.000,1.333,2.057,1.850,3.000,4.000,5.000
NVDA,2025-12-08,5,L,A,-1.000,1.000,2.000,-1.128,-0.810,-0.901,-1.128,-1.128,-1.128,1.000,2.000,-1.128,-0.810,-0.901,-1.128,-1.128,-1.128
NVDA,2026-01-26,9,L,C,0.872,1.000,-1.250,0.442,-0.161,0.012,-1.250,-1.250,-1.250,1.000,-1.250,0.442,-0.161,0.012,-1.250,-1.250,-1.250
NVDA,2026-02-05,47,S,S,-1.000,1.000,2.000,-1.129,-1.214,-1.190,3.000,-1.129,-1.129,1.000,2.000,-1.129,-1.214,-1.190,3.000,-1.129,-1.129
NVDA,2026-02-19,47,L,C,-1.000,-1.250,-1.250,-1.250,-0.940,-1.028,-1.250,-1.250,-1.250,-1.250,-1.250,-1.250,-0.940,-1.028,-1.250,-1.250,-1.250
NVDA,2026-03-18,21,S,C,-1.000,-1.217,-1.217,-1.217,-1.240,-1.233,-1.217,-1.217,-1.217,-1.217,-1.217,-1.217,-1.240,-1.233,-1.217,-1.217,-1.217
NVDA,2026-03-19,10,S,C,-1.000,-1.250,-1.250,-1.250,-0.470,-0.693,-1.250,-1.250,-1.250,-1.250,-1.250,-1.250,-0.470,-0.693,-1.250,-1.250,-1.250
NVDA,2026-03-25,31,L,C,5.000,1.000,2.000,4.806,5.145,5.048,3.000,4.000,5.000,1.000,2.000,4.806,5.145,5.048,3.000,4.000,5.000
NVDA,2026-05-27,9,S,C,4.716,1.000,2.000,2.824,1.774,2.074,3.000,4.000,5.000,1.000,2.000,2.824,1.774,2.074,3.000,4.000,5.000
NVDA,2026-06-25,65,S,C,-1.000,-1.250,-1.250,-1.250,-1.250,-1.250,-1.250,-1.250,-1.250,-1.250,-1.250,-1.250,-1.250,-1.250,-1.250,-1.250,-1.250
NVDA,2026-06-26,7,S,C,-1.000,1.000,-1.250,-1.250,-0.895,-0.996,-1.250,-1.250,-1.250,1.000,-1.250,-1.250,-0.895,-0.996,-1.250,-1.250,-1.250
NVDA,2026-06-29,52,S,S,-1.000,1.000,-1.250,-1.250,-1.250,-1.250,-1.250,-1.250,-1.250,1.000,-1.250,-1.250,-1.250,-1.250,-1.250,-1.250,-1.250
NVDA,2026-07-02,24,L,C,0.709,1.000,-1.250,1.366,1.566,1.509,-1.250,-1.250,-1.250,1.000,-1.250,1.366,1.566,1.509,-1.250,-1.250,-1.250
NVDA,2026-07-08,47,L,C,-1.000,1.000,-1.071,-1.071,-0.700,-0.806,-1.071,-1.071,-1.071,1.000,-1.071,-1.071,-0.700,-0.806,-1.071,-1.071,-1.071
NVDA,2026-07-14,18,S,C,-1.000,-1.250,-1.250,-1.250,-0.884,-0.989,-1.250,-1.250,-1.250,-1.250,-1.250,-1.250,-0.884,-0.989,-1.250,-1.250,-1.250
NVDA,2026-07-31,10,L,C,-1.000,1.000,-1.250,-1.250,-1.250,-1.250,-1.250,-1.250,-1.250,1.000,-1.250,-1.250,-1.250,-1.250,-1.250,-1.250,-1.250
NVDA,2026-08-05,16,L,C,3.400,1.000,2.000,3.127,3.331,3.272,3.000,-1.000,-1.000,1.000,2.000,3.127,3.331,3.272,3.000,-1.000,-1.000
NVDA,2026-08-06,15,L,C,1.137,1.000,2.000,0.783,0.858,0.837,-1.150,-1.150,-1.150,1.000,2.000,0.783,0.858,0.837,-1.150,-1.150,-1.150
TSLA,2024-08-22,8,S,A,-1.000,1.000,-1.140,-1.140,-1.217,-1.195,-1.140,-1.140,-1.140,1.000,-1.140,-1.140,-1.217,-1.195,-1.140,-1.140,-1.140
TSLA,2024-09-09,82,S,C,-1.000,1.000,1.350,1.350,1.350,1.350,1.350,1.350,1.350,1.000,2.000,-1.129,-1.109,-1.114,-1.129,-1.129,-1.129
TSLA,2024-09-12,31,L,S,-1.000,-1.250,-1.250,-1.250,-1.250,-1.250,-1.250,-1.250,-1.250,-1.250,-1.250,-1.250,-1.250,-1.250,-1.250,-1.250,-1.250
TSLA,2024-09-23,22,L,C,-1.000,1.000,-1.250,-1.250,-1.250,-1.250,-1.250,-1.250,-1.250,1.000,-1.250,-1.250,-1.250,-1.250,-1.250,-1.250,-1.250
TSLA,2024-10-28,55,L,S,2.159,1.000,2.000,2.900,2.745,2.790,3.000,4.000,5.000,1.000,2.000,2.900,2.745,2.790,3.000,4.000,5.000
TSLA,2024-10-29,16,S,A,3.989,1.000,2.000,2.337,4.275,3.721,3.000,4.000,5.000,1.000,2.000,2.337,4.275,3.721,3.000,4.000,5.000
TSLA,2024-10-30,19,S,A,-1.000,-1.250,-1.250,-1.250,-0.694,-0.853,-1.250,-1.250,-1.250,-1.250,-1.250,-1.250,-0.694,-0.853,-1.250,-1.250,-1.250
TSLA,2024-10-31,64,S,A,4.175,1.000,2.000,3.788,3.459,3.553,3.000,4.000,4.788,1.000,2.000,3.788,3.459,3.553,3.000,4.000,5.000
TSLA,2024-11-01,21,S,A,2.302,1.000,2.000,0.969,0.545,0.666,3.000,-1.250,-1.250,1.000,2.000,0.969,0.545,0.666,3.000,-1.250,-1.250
TSLA,2024-11-04,41,S,A,-1.000,-1.133,-1.133,-1.133,-1.215,-1.191,-1.133,-1.133,-1.133,-1.133,-1.133,-1.133,-1.215,-1.191,-1.133,-1.133,-1.133
TSLA,2024-11-13,41,S,A,2.204,1.000,2.000,1.330,1.747,1.628,3.000,4.000,5.000,1.000,2.000,1.330,1.747,1.628,3.000,4.000,5.000
TSLA,2024-11-14,84,S,C,-1.000,1.000,2.000,2.653,2.653,2.653,3.000,4.000,2.653,1.000,2.000,-1.250,-1.250,-1.250,3.000,4.000,5.000
TSLA,2024-11-19,34,L,S,2.492,1.000,2.000,3.499,3.346,3.389,3.000,4.000,5.000,1.000,2.000,3.499,3.346,3.389,3.000,4.000,5.000
TSLA,2024-11-22,25,S,A,-1.000,-1.250,-1.250,-1.250,-1.250,-1.250,-1.250,-1.250,-1.250,-1.250,-1.250,-1.250,-1.250,-1.250,-1.250,-1.250,-1.250
TSLA,2024-12-18,23,L,C,1.337,1.000,2.000,2.191,1.057,1.381,3.000,4.000,5.000,1.000,2.000,2.191,1.057,1.381,3.000,4.000,5.000
TSLA,2024-12-19,13,S,C,-1.000,1.000,-1.250,-1.250,-1.250,-1.250,-1.250,-1.250,-1.250,1.000,-1.250,-1.250,-1.250,-1.250,-1.250,-1.250,-1.250
TSLA,2024-12-23,36,S,A,4.854,1.000,2.000,4.253,4.191,4.209,3.000,4.000,5.000,1.000,2.000,4.253,4.191,4.209,3.000,4.000,5.000
TSLA,2024-12-30,32,S,C,1.154,1.000,-1.250,1.084,0.552,0.704,-1.250,-1.250,-1.250,1.000,-1.250,1.084,0.552,0.704,-1.250,-1.250,-1.250
TSLA,2025-01-22,8,L,A,-1.000,1.000,-1.250,-1.250,-1.250,-1.250,-1.250,-1.250,-1.250,1.000,-1.250,-1.250,-1.250,-1.250,-1.250,-1.250,-1.250
TSLA,2025-02-18,78,L,C,-1.000,1.000,2.000,1.600,1.600,1.600,1.600,1.600,1.600,1.000,2.000,-1.160,-0.845,-0.935,-1.160,-1.160,-1.160
TSLA,2025-02-25,5,S,C,2.811,1.000,2.000,3.581,3.598,3.593,3.000,4.000,5.000,1.000,2.000,3.581,3.598,3.593,3.000,4.000,5.000
TSLA,2025-03-04,22,S,S,3.811,1.000,2.000,2.773,1.690,2.000,3.000,4.000,5.000,1.000,2.000,2.773,1.690,2.000,3.000,4.000,5.000
TSLA,2025-03-11,75,S,C,3.762,1.000,2.000,2.358,0.930,1.338,3.000,4.000,5.000,1.000,2.000,2.358,0.930,1.338,3.000,4.000,5.000
TSLA,2025-03-18,70,S,A,-1.000,1.000,2.000,1.153,1.153,1.153,1.153,1.153,1.153,1.000,2.000,-1.082,-1.200,-1.166,-1.082,-1.082,-1.082
TSLA,2025-03-19,25,S,A,0.817,1.000,2.000,1.117,1.272,1.227,-1.092,-1.092,-1.092,1.000,2.000,1.117,1.272,1.227,-1.092,-1.092,-1.092
TSLA,2025-03-21,10,L,C,1.708,1.000,2.000,1.733,1.438,1.522,3.000,-1.163,-1.163,1.000,2.000,1.733,1.438,1.522,3.000,-1.163,-1.163
TSLA,2025-04-01,22,S,C,-1.000,1.000,2.000,-1.071,-1.196,-1.161,-1.071,-1.071,-1.071,1.000,2.000,-1.071,-1.196,-1.161,-1.071,-1.071,-1.071
TSLA,2025-04-02,10,L,A,7.344,1.000,2.000,7.911,9.075,8.742,3.000,4.000,5.000,1.000,2.000,7.911,9.075,8.742,3.000,4.000,5.000
TSLA,2025-04-03,11,L,A,-1.000,-1.250,-1.250,-1.250,-1.250,-1.250,-1.250,-1.250,-1.250,-1.250,-1.250,-1.250,-1.250,-1.250,-1.250,-1.250,-1.250
TSLA,2025-04-11,13,L,C,1.818,1.000,2.000,1.427,0.144,0.510,-1.250,-1.250,-1.250,1.000,2.000,1.427,0.144,0.510,-1.250,-1.250,-1.250
TSLA,2025-04-17,51,S,C,3.209,1.000,2.000,3.146,3.362,3.301,3.000,4.000,5.000,1.000,2.000,3.146,3.362,3.301,3.000,4.000,5.000
TSLA,2025-04-23,61,L,S,3.554,1.000,2.000,4.964,4.783,4.834,3.000,4.000,5.000,1.000,2.000,4.964,4.783,4.834,3.000,4.000,5.000
TSLA,2025-04-24,34,L,S,3.564,1.000,2.000,4.474,3.837,4.019,3.000,4.000,5.000,1.000,2.000,4.474,3.837,4.019,3.000,4.000,5.000
TSLA,2025-04-25,15,L,C,-1.000,1.000,-1.250,-1.250,-1.250,-1.250,-1.250,-1.250,-1.250,1.000,-1.250,-1.250,-1.250,-1.250,-1.250,-1.250,-1.250
TSLA,2025-04-28,15,L,C,4.231,1.000,2.000,5.056,3.863,4.204,3.000,4.000,5.000,1.000,2.000,5.056,3.863,4.204,3.000,4.000,5.000
TSLA,2025-05-01,77,L,C,1.143,1.000,2.000,2.205,2.190,2.194,3.000,1.196,1.196,1.000,2.000,2.205,2.190,2.194,3.000,4.000,5.000
TSLA,2025-05-08,63,L,C,-1.000,1.000,2.000,-1.250,-1.212,-1.223,3.000,-1.250,-1.250,1.000,2.000,-1.250,-1.212,-1.223,3.000,-1.250,-1.250
TSLA,2025-06-02,49,S,A,-1.000,-1.250,-1.250,-1.250,-1.250,-1.250,-1.250,-1.250,-1.250,-1.250,-1.250,-1.250,-1.250,-1.250,-1.250,-1.250,-1.250
TSLA,2025-06-09,5,S,C,-1.000,1.000,-1.250,-1.250,-1.250,-1.250,-1.250,-1.250,-1.250,1.000,-1.250,-1.250,-1.250,-1.250,-1.250,-1.250,-1.250
TSLA,2025-06-12,36,L,C,-1.000,1.000,2.000,-1.212,-1.238,-1.231,3.000,4.000,5.000,1.000,2.000,-1.212,-1.238,-1.231,3.000,4.000,5.000
TSLA,2025-06-23,6,L,C,-1.000,-1.163,-1.163,-1.163,-0.675,-0.815,-1.163,-1.163,-1.163,-1.163,-1.163,-1.163,-0.675,-0.815,-1.163,-1.163,-1.163
TSLA,2025-08-13,9,L,S,3.898,1.000,2.000,2.424,3.227,2.998,3.000,4.000,5.000,1.000,2.000,2.424,3.227,2.998,3.000,4.000,5.000
TSLA,2025-09-11,19,S,A,-1.000,-1.250,-1.250,-1.250,-1.250,-1.250,-1.250,-1.250,-1.250,-1.250,-1.250,-1.250,-1.250,-1.250,-1.250,-1.250,-1.250
TSLA,2025-09-22,27,L,C,1.641,1.000,2.000,3.980,4.349,4.244,3.000,4.000,5.000,1.000,2.000,3.980,4.349,4.244,3.000,4.000,5.000
TSLA,2025-10-01,13,L,C,-1.000,1.000,2.000,-1.093,-0.768,-0.861,3.000,-1.093,-1.093,1.000,2.000,-1.093,-0.768,-0.861,3.000,-1.093,-1.093
TSLA,2025-10-09,16,S,C,-1.000,-1.250,-1.250,-1.250,-1.250,-1.250,-1.250,-1.250,-1.250,-1.250,-1.250,-1.250,-1.250,-1.250,-1.250,-1.250,-1.250
TSLA,2025-10-13,50,S,A,-1.000,1.000,2.000,-1.250,-1.219,-1.228,-1.250,-1.250,-1.250,1.000,2.000,-1.250,-1.219,-1.228,-1.250,-1.250,-1.250
TSLA,2025-10-15,49,L,C,3.368,1.000,2.000,4.457,4.445,4.448,3.000,4.000,5.000,1.000,2.000,4.457,4.445,4.448,3.000,4.000,5.000
TSLA,2025-11-03,44,L,C,-1.000,-1.090,-1.090,-1.090,-1.202,-1.170,-1.090,-1.090,-1.090,-1.090,-1.090,-1.090,-1.202,-1.170,-1.090,-1.090,-1.090
TSLA,2025-11-05,9,S,S,2.298,1.000,2.000,1.782,2.272,2.132,3.000,-1.117,-1.117,1.000,2.000,1.782,2.272,2.132,3.000,-1.117,-1.117
TSLA,2025-11-07,16,S,C,0.936,1.000,2.000,-0.659,-0.235,-0.356,-1.250,-1.250,-1.250,1.000,2.000,-0.659,-0.235,-0.356,-1.250,-1.250,-1.250
TSLA,2025-12-03,10,L,A,1.007,1.000,2.000,0.423,0.511,0.486,3.000,4.000,2.803,1.000,2.000,0.423,0.511,0.486,3.000,4.000,5.000
TSLA,2025-12-04,71,L,A,-1.000,-1.035,-1.035,-1.035,-1.186,-1.143,-1.035,-1.035,-1.035,-1.035,-1.035,-1.035,-1.186,-1.143,-1.035,-1.035,-1.035
TSLA,2025-12-05,12,L,C,1.935,1.000,2.000,4.140,3.812,3.906,3.000,4.000,2.130,1.000,2.000,4.140,3.812,3.906,3.000,4.000,-1.003
TSLA,2025-12-12,31,L,C,-1.000,-1.250,-1.250,-1.250,-1.097,-1.141,-1.250,-1.250,-1.250,-1.250,-1.250,-1.250,-1.097,-1.141,-1.250,-1.250,-1.250
TSLA,2025-12-17,7,L,C,-1.000,1.000,-1.250,-1.250,-1.212,-1.223,-1.250,-1.250,-1.250,1.000,-1.250,-1.250,-1.212,-1.223,-1.250,-1.250,-1.250
TSLA,2025-12-29,8,S,S,2.032,1.000,2.000,0.064,0.724,0.535,3.000,4.000,-1.250,1.000,2.000,0.064,0.724,0.535,3.000,4.000,-1.250
TSLA,2026-01-14,85,S,C,-1.000,-0.010,-0.010,-0.010,-0.010,-0.010,-0.010,-0.010,-0.010,1.000,-1.250,-1.250,-0.746,-0.890,-1.250,-1.250,-1.250
TSLA,2026-01-20,37,S,C,-1.000,-1.015,-1.015,-1.015,-1.020,-1.018,-1.015,-1.015,-1.015,-1.015,-1.015,-1.015,-1.020,-1.018,-1.015,-1.015,-1.015
TSLA,2026-01-23,87,L,A,2.250,1.000,2.000,2.844,2.844,2.844,3.000,2.844,2.844,1.000,2.000,1.176,1.272,1.244,3.000,-1.075,-1.075
TSLA,2026-02-04,35,S,S,2.889,1.000,2.000,2.040,2.851,2.619,3.000,4.000,5.000,1.000,2.000,2.040,2.851,2.619,3.000,4.000,5.000
TSLA,2026-02-10,44,L,A,-1.000,1.000,2.000,3.102,3.102,3.102,3.000,3.102,3.102,1.000,2.000,-1.250,-0.940,-1.028,3.000,-1.250,-1.250
TSLA,2026-03-18,38,L,C,-1.000,-1.250,-1.250,-1.250,-1.250,-1.250,-1.250,-1.250,-1.250,-1.250,-1.250,-1.250,-1.250,-1.250,-1.250,-1.250,-1.250
TSLA,2026-03-20,33,S,C,1.718,1.000,2.000,0.562,0.724,0.678,-1.250,-1.250,-1.250,1.000,2.000,0.562,0.724,0.678,-1.250,-1.250,-1.250
TSLA,2026-03-27,31,S,S,-1.000,-1.250,-1.250,-1.250,-1.250,-1.250,-1.250,-1.250,-1.250,-1.250,-1.250,-1.250,-1.250,-1.250,-1.250,-1.250,-1.250
TSLA,2026-04-09,16,S,C,1.295,1.000,2.000,5.554,6.008,5.878,3.000,4.000,5.000,1.000,2.000,5.554,6.008,5.878,3.000,4.000,5.000
TSLA,2026-04-30,45,S,C,-1.000,1.000,-1.250,-1.250,-1.250,-1.250,-1.250,-1.250,-1.250,1.000,-1.250,-1.250,-1.250,-1.250,-1.250,-1.250,-1.250
TSLA,2026-05-13,60,L,S,3.353,1.000,2.000,2.597,3.414,3.181,3.000,4.000,5.000,1.000,2.000,2.597,3.414,3.181,3.000,4.000,5.000
TSLA,2026-05-19,19,S,A,-1.000,1.000,-1.250,-1.250,-1.250,-1.250,-1.250,-1.250,-1.250,1.000,-1.250,-1.250,-1.250,-1.250,-1.250,-1.250,-1.250
TSLA,2026-05-19,27,S,A,3.145,1.000,2.000,6.101,5.223,5.474,3.000,4.000,5.000,1.000,2.000,6.101,5.223,5.474,3.000,4.000,5.000
TSLA,2026-06-09,22,L,C,-1.000,-1.216,-1.216,-1.216,-0.996,-1.059,-1.216,-1.216,-1.216,-1.216,-1.216,-1.216,-0.996,-1.059,-1.216,-1.216,-1.216
TSLA,2026-06-22,12,L,C,1.423,1.000,2.000,2.606,1.795,2.026,3.000,4.000,5.000,1.000,2.000,2.606,1.795,2.026,3.000,4.000,5.000
TSLA,2026-06-25,10,S,C,-1.000,1.000,2.000,-1.250,-1.006,-1.076,-1.250,-1.250,-1.250,1.000,2.000,-1.250,-1.006,-1.076,-1.250,-1.250,-1.250
TSLA,2026-07-28,27,S,A,-1.000,1.000,2.000,-1.250,-1.250,-1.250,-1.250,-1.250,-1.250,1.000,2.000,-1.250,-1.250,-1.250,-1.250,-1.250,-1.250
TSLA,2026-08-03,17,L,A,3.779,1.000,2.000,3.736,4.141,4.025,3.000,4.000,5.000,1.000,2.000,3.736,4.141,4.025,3.000,4.000,5.000
AAPL,2024-08-23,34,L,C,0.421,1.000,2.000,1.474,1.787,1.697,-1.250,-1.250,-1.250,1.000,2.000,1.474,1.787,1.697,-1.250,-1.250,-1.250
AAPL,2025-01-08,16,S,C,-1.000,-1.073,-1.073,-1.073,-1.197,-1.162,-1.073,-1.073,-1.073,-1.073,-1.073,-1.073,-1.197,-1.162,-1.073,-1.073,-1.073
AAPL,2025-01-29,57,L,S,1.878,1.000,2.000,2.216,1.668,1.824,3.000,2.401,2.401,1.000,2.000,2.216,1.668,1.824,3.000,-1.250,-1.250
AAPL,2025-02-12,43,L,C,2.240,1.000,2.000,2.933,3.275,3.177,3.000,4.000,5.000,1.000,2.000,2.933,3.275,3.177,3.000,4.000,5.000
AAPL,2025-03-25,15,L,A,1.574,1.000,2.000,0.745,1.162,1.043,3.000,3.606,3.606,1.000,2.000,0.745,1.162,1.043,3.000,4.000,3.617
AAPL,2025-04-04,84,S,A,-1.000,1.000,2.000,-1.250,-1.250,-1.250,3.000,-1.250,-1.250,1.000,2.000,-1.250,-1.250,-1.250,3.000,-1.250,-1.250
AAPL,2025-05-22,12,S,C,-1.000,1.000,-1.250,-1.250,-1.250,-1.250,-1.250,-1.250,-1.250,1.000,-1.250,-1.250,-1.250,-1.250,-1.250,-1.250,-1.250
AAPL,2025-06-13,20,S,A,2.678,1.000,2.000,1.206,1.824,1.647,3.000,4.000,0.632,1.000,2.000,1.206,1.824,1.647,3.000,4.000,-1.015
AAPL,2025-07-01,23,L,C,1.081,1.000,2.000,2.368,2.147,2.211,3.000,4.000,-1.250,1.000,2.000,2.368,2.147,2.211,3.000,4.000,-1.250
AAPL,2025-09-16,19,L,S,1.728,1.000,2.000,0.851,2.982,2.373,3.000,4.000,0.347,1.000,2.000,0.851,2.982,2.373,3.000,4.000,-0.789
AAPL,2026-01-20,22,S,C,2.372,1.000,2.000,1.962,2.599,2.417,3.000,1.462,1.462,1.000,2.000,1.962,2.599,2.417,3.000,4.000,5.000
AAPL,2026-02-19,61,L,C,1.186,1.000,1.267,1.267,1.267,1.267,1.267,1.267,1.267,1.000,2.000,2.291,2.136,2.180,-1.070,-1.070,-1.070
AAPL,2026-05-21,24,L,C,0.324,-1.051,-1.051,0.103,0.082,0.088,-1.051,-1.051,-1.051,-1.051,-1.051,0.103,0.082,0.088,-1.051,-1.051,-1.051
AAPL,2026-06-09,9,S,C,1.877,1.000,2.000,1.370,0.902,1.036,3.000,4.000,5.000,1.000,2.000,1.370,0.902,1.036,3.000,4.000,5.000
AAPL,2026-06-10,66,S,C,-1.000,1.000,2.000,1.076,1.076,1.076,1.076,1.076,1.076,1.000,2.000,-1.000,-0.798,-0.856,-1.000,-1.000,-1.000
AAPL,2026-06-25,27,S,C,-1.000,1.000,-1.250,-1.250,-0.845,-0.961,-1.250,-1.250,-1.250,1.000,-1.250,-1.250,-0.845,-0.961,-1.250,-1.250,-1.250
AAPL,2026-06-30,15,L,C,2.050,1.000,2.000,1.848,2.127,2.047,3.000,4.000,5.000,1.000,2.000,1.848,2.127,2.047,3.000,4.000,5.000
AAPL,2026-07-06,12,L,C,1.185,1.000,2.000,1.759,1.526,1.593,3.000,4.000,5.000,1.000,2.000,1.759,1.526,1.593,3.000,4.000,5.000
AAPL,2026-08-03,6,S,C,0.741,0.661,0.661,0.862,0.859,0.860,0.661,0.661,0.661,1.000,1.325,0.862,0.859,0.860,1.325,1.325,1.325
SPCX,2026-06-15,9,S,C,-1.000,-1.250,-1.250,-1.250,-1.250,-1.250,-1.250,-1.250,-1.250,-1.250,-1.250,-1.250,-1.250,-1.250,-1.250,-1.250,-1.250
SPCX,2026-06-16,28,L,C,2.125,1.000,2.000,4.283,1.751,2.475,3.000,4.000,5.000,1.000,2.000,4.283,1.751,2.475,3.000,4.000,5.000
SPCX,2026-06-17,12,S,C,3.321,1.000,2.000,5.441,4.675,4.894,3.000,4.000,5.000,1.000,2.000,5.441,4.675,4.894,3.000,4.000,5.000
SPCX,2026-06-18,74,S,A,-1.000,1.000,2.000,-1.116,-1.210,-1.183,3.000,4.000,-1.116,1.000,2.000,-1.116,-1.210,-1.183,3.000,4.000,-1.116
SPCX,2026-06-18,89,S,C,-1.000,0.385,0.385,0.385,0.385,0.385,0.385,0.385,0.385,1.000,-1.250,-1.250,-0.563,-0.760,-1.250,-1.250,-1.250
SPCX,2026-06-24,26,S,C,-1.000,-1.043,-1.043,-1.043,-0.695,-0.794,-1.043,-1.043,-1.043,-1.043,-1.043,-1.043,-0.695,-0.794,-1.043,-1.043,-1.043
SPCX,2026-06-29,25,S,C,6.000,1.000,2.000,5.690,5.026,5.216,3.000,4.000,5.000,1.000,2.000,5.690,5.026,5.216,3.000,4.000,5.000
SPCX,2026-07-02,44,S,C,7.001,1.000,2.000,0.784,0.784,0.784,3.000,4.000,5.000,1.000,2.000,7.892,7.679,7.740,3.000,4.000,5.000
SPCX,2026-07-08,79,S,A,-1.000,1.000,-1.250,-1.250,-0.953,-1.038,-1.250,-1.250,-1.250,1.000,-1.250,-1.250,-0.953,-1.038,-1.250,-1.250,-1.250
SPCX,2026-07-23,49,S,C,7.651,1.000,2.000,12.294,11.594,11.794,3.000,4.000,5.000,1.000,2.000,12.294,11.594,11.794,3.000,4.000,5.000
SPCX,2026-07-24,20,S,C,1.520,1.000,2.000,2.306,2.068,2.136,3.000,4.000,5.000,1.000,2.000,2.306,2.068,2.136,3.000,4.000,5.000
SPCX,2026-08-04,8,L,C,-1.000,1.000,-1.250,-1.250,-1.189,-1.207,-1.250,-1.250,-1.250,1.000,-1.250,-1.250,-1.189,-1.207,-1.250,-1.250,-1.250
SPCX,2026-08-05,31,L,C,9.467,1.000,2.000,8.867,7.770,8.083,3.000,4.000,5.000,1.000,2.000,8.867,7.770,8.083,3.000,4.000,5.000
SPCX,2026-08-20,41,S,C,-1.000,-1.250,-1.250,-1.250,0.268,-0.166,-1.250,-1.250,-1.250,-1.250,-1.250,-1.250,0.268,-0.166,-1.250,-1.250,-1.250
MSFT,2024-08-22,10,L,A,-1.000,-1.113,-1.113,-1.113,-1.209,-1.182,-1.113,-1.113,-1.113,-1.113,-1.113,-1.113,-1.209,-1.182,-1.113,-1.113,-1.113
MSFT,2024-09-13,17,L,C,-1.000,-1.108,-1.108,-1.108,-1.196,-1.171,-1.108,-1.108,-1.108,-1.108,-1.108,-1.108,-1.196,-1.171,-1.108,-1.108,-1.108
MSFT,2024-11-04,6,S,S,0.952,1.000,-1.250,1.123,0.371,0.586,-1.250,-1.250,-1.250,1.000,-1.250,1.123,0.371,0.586,-1.250,-1.250,-1.250
MSFT,2025-01-30,24,L,C,-1.000,1.000,-1.250,-1.250,-1.250,-1.250,-1.250,-1.250,-1.250,1.000,-1.250,-1.250,-1.250,-1.250,-1.250,-1.250,-1.250
MSFT,2025-02-28,33,S,C,-1.000,-1.250,-1.250,-1.250,-1.250,-1.250,-1.250,-1.250,-1.250,-1.250,-1.250,-1.250,-1.250,-1.250,-1.250,-1.250,-1.250
MSFT,2025-04-08,19,S,C,0.538,1.000,-1.250,0.496,-0.054,0.103,-1.250,-1.250,-1.250,1.000,-1.250,0.496,-0.054,0.103,-1.250,-1.250,-1.250
MSFT,2025-04-17,13,S,C,1.664,1.000,2.000,1.492,1.205,1.287,-1.250,-1.250,-1.250,1.000,2.000,1.492,1.205,1.287,-1.250,-1.250,-1.250
MSFT,2025-04-21,19,S,C,2.209,1.000,2.000,3.223,3.748,3.598,3.000,4.000,5.000,1.000,2.000,3.223,3.748,3.598,3.000,4.000,5.000
MSFT,2025-10-21,26,L,C,-1.000,-1.250,-1.250,-1.250,-1.185,-1.203,-1.250,-1.250,-1.250,-1.250,-1.250,-1.250,-1.185,-1.203,-1.250,-1.250,-1.250
MSFT,2025-11-11,46,L,C,-1.000,-1.250,-1.250,-1.250,-1.124,-1.160,-1.250,-1.250,-1.250,-1.250,-1.250,-1.250,-1.124,-1.160,-1.250,-1.250,-1.250
MSFT,2025-11-18,32,S,C,2.146,1.000,2.000,1.979,0.747,1.099,3.000,4.000,5.000,1.000,2.000,1.979,0.747,1.099,3.000,4.000,5.000
MSFT,2025-11-21,20,S,S,4.338,1.000,2.000,6.065,5.419,5.604,3.000,4.000,5.000,1.000,2.000,6.065,5.419,5.604,3.000,4.000,5.000
MSFT,2025-11-24,24,S,C,-1.000,1.000,2.000,-1.250,-1.250,-1.250,-1.250,-1.250,-1.250,1.000,2.000,-1.250,-1.250,-1.250,-1.250,-1.250,-1.250
MSFT,2026-02-05,16,S,C,-1.000,1.000,-1.250,-1.250,-1.250,-1.250,-1.250,-1.250,-1.250,1.000,-1.250,-1.250,-1.250,-1.250,-1.250,-1.250,-1.250
MSFT,2026-02-13,86,S,C,1.044,-0.247,-0.247,-0.247,-0.247,-0.247,-0.247,-0.247,-0.247,1.000,2.000,1.671,1.458,1.519,-1.000,-1.000,-1.000
MSFT,2026-03-11,68,S,S,1.754,-0.434,-0.434,-0.434,-0.434,-0.434,-0.434,-0.434,-0.434,1.000,2.000,3.656,3.770,3.738,3.000,4.000,-1.049
MSFT,2026-03-30,34,S,C,-1.000,-1.250,-1.250,-1.250,-0.808,-0.934,-1.250,-1.250,-1.250,-1.250,-1.250,-1.250,-0.808,-0.934,-1.250,-1.250,-1.250
MSFT,2026-04-15,8,L,S,1.348,1.000,2.000,1.856,1.696,1.742,3.000,4.000,5.000,1.000,2.000,1.856,1.696,1.742,3.000,4.000,5.000
MSFT,2026-04-28,19,L,S,1.077,1.000,2.000,1.340,1.170,1.219,0.435,0.435,0.435,1.000,2.000,1.340,1.170,1.219,3.000,4.000,4.043
MSFT,2026-04-30,14,S,C,1.242,1.000,2.000,3.114,2.834,2.914,3.000,4.000,5.000,1.000,2.000,3.114,2.834,2.914,3.000,4.000,5.000
MSFT,2026-05-26,59,L,C,-1.000,-1.102,-1.102,-1.102,-1.206,-1.176,-1.102,-1.102,-1.102,-1.102,-1.102,-1.102,-1.206,-1.176,-1.102,-1.102,-1.102
MSFT,2026-05-29,41,L,A,-1.000,1.000,-1.250,-1.250,-1.250,-1.250,-1.250,-1.250,-1.250,1.000,-1.250,-1.250,-1.250,-1.250,-1.250,-1.250,-1.250
MSFT,2026-05-29,63,L,S,4.062,1.000,2.000,2.563,4.012,3.598,3.000,4.000,5.000,1.000,2.000,2.563,4.012,3.598,3.000,4.000,5.000
MSFT,2026-06-02,48,L,C,-1.000,-1.250,-1.250,-1.250,-1.250,-1.250,-1.250,-1.250,-1.250,-1.250,-1.250,-1.250,-1.250,-1.250,-1.250,-1.250,-1.250
MSFT,2026-06-08,6,S,S,1.299,1.000,-0.219,-0.219,-0.219,-0.219,-0.219,-0.219,-0.219,1.000,2.000,1.719,1.684,1.694,3.000,0.759,0.759
MSFT,2026-07-07,42,L,C,2.242,1.000,2.000,1.317,1.348,1.339,-0.356,-0.356,-0.356,1.000,2.000,1.317,1.348,1.339,-1.058,-1.058,-1.058
MSFT,2026-07-28,53,L,S,-1.000,-1.250,-1.250,-1.250,-0.941,-1.029,-1.250,-1.250,-1.250,-1.250,-1.250,-1.250,-0.941,-1.029,-1.250,-1.250,-1.250
MSFT,2026-07-31,18,L,A,1.890,1.000,2.000,0.569,0.816,0.746,3.000,-1.250,-1.250,1.000,2.000,0.569,0.816,0.746,3.000,-1.250,-1.250
MSFT,2026-08-17,14,S,S,2.544,1.000,2.000,2.252,2.228,2.235,3.000,4.000,3.655,1.000,2.000,2.252,2.228,2.235,3.000,4.000,5.000
MU,2024-08-23,14,S,C,-1.000,-1.250,-1.250,-1.250,-1.250,-1.250,-1.250,-1.250,-1.250,-1.250,-1.250,-1.250,-1.250,-1.250,-1.250,-1.250,-1.250
MU,2024-08-23,36,L,C,1.459,1.000,2.000,0.689,0.841,0.797,3.000,-1.250,-1.250,1.000,2.000,0.689,0.841,0.797,3.000,-1.250,-1.250
MU,2024-08-28,14,S,C,2.816,1.000,2.000,3.368,6.445,5.566,3.000,4.000,5.000,1.000,2.000,3.368,6.445,5.566,3.000,4.000,5.000
MU,2024-09-06,19,S,C,3.203,1.000,2.000,1.905,3.838,3.286,3.000,4.000,5.000,1.000,2.000,1.905,3.838,3.286,3.000,4.000,5.000
MU,2024-09-09,13,S,C,4.111,1.000,2.000,4.278,4.589,4.500,3.000,4.000,5.000,1.000,2.000,4.278,4.589,4.500,3.000,4.000,5.000
MU,2024-10-22,48,S,A,0.969,1.000,2.000,1.053,0.684,0.790,0.895,0.895,0.895,1.000,2.000,1.053,0.684,0.790,-1.250,-1.250,-1.250
MU,2024-10-31,77,S,C,0.699,1.000,0.938,1.122,0.754,0.859,0.938,0.938,0.938,1.000,-1.250,1.122,0.754,0.859,-1.250,-1.250,-1.250
MU,2024-11-12,22,S,C,1.852,1.000,2.000,3.724,2.930,3.157,3.000,4.000,5.000,1.000,2.000,3.724,2.930,3.157,3.000,4.000,5.000
MU,2024-12-17,43,L,A,-1.000,1.000,-1.150,-1.150,-1.220,-1.200,-1.150,-1.150,-1.150,1.000,-1.150,-1.150,-1.220,-1.200,-1.150,-1.150,-1.150
MU,2024-12-19,14,S,S,-1.000,1.000,2.000,-1.020,-0.801,-0.863,-1.020,-1.020,-1.020,1.000,2.000,-1.020,-0.801,-0.863,-1.020,-1.020,-1.020
MU,2024-12-20,6,S,S,-1.000,1.000,2.000,-1.250,-1.250,-1.250,3.000,-1.250,-1.250,1.000,2.000,-1.250,-1.250,-1.250,3.000,-1.250,-1.250
MU,2024-12-23,43,S,S,-1.000,-1.147,-1.147,-1.147,-0.962,-1.015,-1.147,-1.147,-1.147,-1.147,-1.147,-1.147,-0.962,-1.015,-1.147,-1.147,-1.147
MU,2025-01-06,16,L,C,-1.000,-1.037,-1.037,-1.037,-0.123,-0.384,-1.037,-1.037,-1.037,-1.037,-1.037,-1.037,-0.123,-0.384,-1.037,-1.037,-1.037
MU,2025-01-07,25,L,A,-1.000,-1.250,-1.250,-1.250,-1.250,-1.250,-1.250,-1.250,-1.250,-1.250,-1.250,-1.250,-1.250,-1.250,-1.250,-1.250,-1.250
MU,2025-01-10,43,S,C,-1.000,-1.250,-1.250,-1.250,-1.250,-1.250,-1.250,-1.250,-1.250,-1.250,-1.250,-1.250,-1.250,-1.250,-1.250,-1.250,-1.250
MU,2025-01-21,47,L,A,3.235,1.000,2.000,1.698,1.990,1.907,3.000,1.115,1.115,1.000,2.000,1.698,1.990,1.907,3.000,4.000,5.000
MU,2025-01-28,8,S,A,1.667,1.000,2.000,1.333,1.297,1.307,3.000,-0.611,-0.611,1.000,2.000,1.333,1.297,1.307,3.000,4.000,5.000
MU,2025-02-06,17,L,C,2.666,1.000,2.000,5.398,5.936,5.783,3.000,4.000,5.000,1.000,2.000,5.398,5.936,5.783,3.000,4.000,5.000
MU,2025-02-28,11,S,C,-1.000,1.000,-1.000,-1.000,-0.987,-0.991,-1.000,-1.000,-1.000,1.000,-1.000,-1.000,-0.987,-0.991,-1.000,-1.000,-1.000
MU,2025-03-27,50,S,C,-1.000,-1.250,-1.250,-1.250,-1.250,-1.250,-1.250,-1.250,-1.250,-1.250,-1.250,-1.250,-1.250,-1.250,-1.250,-1.250,-1.250
MU,2025-03-31,22,S,C,-1.000,1.000,-1.250,-1.250,-1.250,-1.250,-1.250,-1.250,-1.250,1.000,-1.250,-1.250,-1.250,-1.250,-1.250,-1.250,-1.250
MU,2025-04-04,34,S,C,8.731,1.000,2.000,14.500,12.787,13.276,3.000,4.000,5.000,1.000,2.000,14.500,12.787,13.276,3.000,4.000,5.000
MU,2025-04-11,23,L,C,-1.000,1.000,2.000,-1.250,-1.250,-1.250,3.000,4.000,-1.250,1.000,2.000,-1.250,-1.250,-1.250,3.000,4.000,-1.250
MU,2025-04-14,16,S,A,1.495,1.000,2.000,-0.091,0.148,0.079,3.000,4.000,-1.250,1.000,2.000,-0.091,0.148,0.079,3.000,4.000,-1.250
MU,2025-04-15,21,L,C,-1.000,1.000,-1.071,-1.071,-0.455,-0.631,-1.071,-1.071,-1.071,1.000,-1.071,-1.071,-0.455,-0.631,-1.071,-1.071,-1.071
MU,2025-04-17,13,S,C,3.043,1.000,2.000,1.261,1.017,1.087,3.000,4.000,5.000,1.000,2.000,1.261,1.017,1.087,3.000,4.000,5.000
MU,2025-04-25,36,L,S,3.640,1.000,2.000,2.615,3.046,2.923,3.000,4.000,5.000,1.000,2.000,2.615,3.046,2.923,3.000,4.000,5.000
MU,2025-04-28,20,L,C,-1.000,1.000,-1.250,-1.250,-1.250,-1.250,-1.250,-1.250,-1.250,1.000,-1.250,-1.250,-1.250,-1.250,-1.250,-1.250,-1.250
MU,2025-05-05,35,L,A,-1.000,-1.250,-1.250,-1.250,-1.250,-1.250,-1.250,-1.250,-1.250,-1.250,-1.250,-1.250,-1.250,-1.250,-1.250,-1.250,-1.250
MU,2025-05-08,67,L,C,-1.000,-1.077,-1.077,-1.077,-1.198,-1.163,-1.077,-1.077,-1.077,-1.077,-1.077,-1.077,-1.198,-1.163,-1.077,-1.077,-1.077
MU,2025-06-05,63,L,C,-1.000,-1.250,-1.250,-1.250,-0.725,-0.875,-1.250,-1.250,-1.250,-1.250,-1.250,-1.250,-0.725,-0.875,-1.250,-1.250,-1.250
MU,2025-07-02,9,S,A,0.850,1.000,2.000,2.050,0.755,1.125,3.000,4.000,-1.250,1.000,2.000,2.050,0.755,1.125,3.000,4.000,-1.250
MU,2025-07-10,31,S,C,0.462,1.000,-1.082,0.577,0.119,0.250,-1.082,-1.082,-1.082,1.000,-1.082,0.577,0.119,0.250,-1.082,-1.082,-1.082
MU,2025-08-25,44,L,A,-1.000,-1.250,-1.250,-1.250,-0.948,-1.034,-1.250,-1.250,-1.250,-1.250,-1.250,-1.250,-0.948,-1.034,-1.250,-1.250,-1.250
MU,2025-09-02,17,S,C,-1.000,-1.250,-1.250,-1.250,-1.165,-1.189,-1.250,-1.250,-1.250,-1.250,-1.250,-1.250,-1.165,-1.189,-1.250,-1.250,-1.250
MU,2025-09-10,52,L,C,-1.000,1.000,-1.250,-1.250,-1.250,-1.250,-1.250,-1.250,-1.250,1.000,-1.250,-1.250,-1.250,-1.250,-1.250,-1.250,-1.250
MU,2025-09-11,85,L,S,-1.000,1.000,2.000,2.679,2.679,2.679,2.679,2.679,2.679,1.000,2.000,-1.051,-0.908,-0.949,3.000,4.000,5.000
MU,2025-09-15,26,L,C,-1.000,-1.088,-1.088,-1.088,-1.049,-1.060,-1.088,-1.088,-1.088,-1.088,-1.088,-1.088,-1.049,-1.060,-1.088,-1.088,-1.088
MU,2025-11-03,16,S,C,-1.000,1.000,-1.250,-1.250,-1.250,-1.250,-1.250,-1.250,-1.250,1.000,-1.250,-1.250,-1.250,-1.250,-1.250,-1.250,-1.250
MU,2025-11-18,16,S,A,3.551,1.000,2.000,0.748,2.464,1.974,3.000,4.000,5.000,1.000,2.000,0.748,2.464,1.974,3.000,4.000,5.000
MU,2025-11-20,35,S,C,7.054,1.000,2.000,4.446,4.446,4.446,3.000,4.000,5.000,1.000,2.000,6.643,6.618,6.625,3.000,4.000,5.000
MU,2025-11-21,13,S,C,4.180,1.000,2.000,3.681,0.229,1.215,3.000,4.000,5.000,1.000,2.000,3.681,0.229,1.215,3.000,4.000,5.000
MU,2025-12-08,8,L,A,2.680,1.000,2.000,2.490,2.625,2.586,3.000,-1.068,-1.068,1.000,2.000,2.490,2.625,2.586,3.000,-1.068,-1.068
MU,2025-12-17,59,S,C,4.900,1.000,2.000,4.208,5.505,5.135,3.000,4.000,5.000,1.000,2.000,4.208,5.505,5.135,3.000,4.000,5.000
MU,2025-12-18,34,S,A,2.426,1.000,2.000,5.500,5.834,5.739,3.000,4.000,5.000,1.000,2.000,5.500,5.834,5.739,3.000,4.000,5.000
MU,2025-12-29,29,L,C,-1.000,-1.250,-1.250,-1.250,-1.250,-1.250,-1.250,-1.250,-1.250,-1.250,-1.250,-1.250,-1.250,-1.250,-1.250,-1.250,-1.250
MU,2026-01-12,54,L,C,-1.000,1.000,-1.050,-1.050,-1.190,-1.150,-1.050,-1.050,-1.050,1.000,-1.050,-1.050,-1.190,-1.150,-1.050,-1.050,-1.050
MU,2026-01-20,18,L,C,3.469,1.000,2.000,3.308,3.140,3.188,3.000,4.000,-1.250,1.000,2.000,3.308,3.140,3.188,3.000,4.000,-1.250
MU,2026-01-26,43,L,A,-1.000,-1.250,-1.250,-1.250,-1.250,-1.250,-1.250,-1.250,-1.250,-1.250,-1.250,-1.250,-1.250,-1.250,-1.250,-1.250,-1.250
MU,2026-02-04,28,S,C,14.264,1.000,2.000,21.692,18.133,19.150,3.000,4.000,5.000,1.000,2.000,21.692,18.133,19.150,3.000,4.000,5.000
MU,2026-02-12,16,L,C,-1.000,1.000,2.000,-1.250,-1.250,-1.250,3.000,-1.250,-1.250,1.000,2.000,-1.250,-1.250,-1.250,3.000,-1.250,-1.250
MU,2026-02-17,20,S,A,4.897,1.000,2.000,4.021,3.842,3.893,3.000,4.000,5.000,1.000,2.000,4.021,3.842,3.893,3.000,4.000,5.000
MU,2026-02-23,16,L,C,3.873,1.000,2.000,4.475,4.854,4.746,3.000,4.000,5.000,1.000,2.000,4.475,4.854,4.746,3.000,4.000,5.000
MU,2026-03-02,61,S,C,-1.000,1.000,2.000,-1.155,-1.184,-1.176,-1.155,-1.155,-1.155,1.000,2.000,-1.155,-1.184,-1.176,-1.155,-1.155,-1.155
MU,2026-03-05,43,L,C,-1.000,-1.250,-1.250,-1.250,-1.250,-1.250,-1.250,-1.250,-1.250,-1.250,-1.250,-1.250,-1.250,-1.250,-1.250,-1.250,-1.250
MU,2026-03-09,19,S,C,2.547,1.000,2.000,1.880,0.818,1.121,3.000,4.000,5.000,1.000,2.000,1.880,0.818,1.121,3.000,4.000,5.000
MU,2026-03-16,89,L,A,-1.000,0.079,0.079,0.079,0.079,0.079,0.079,0.079,0.079,-1.250,-1.250,-1.250,-0.558,-0.756,-1.250,-1.250,-1.250
MU,2026-03-18,27,L,S,-1.000,1.000,2.000,-1.250,-1.250,-1.250,3.000,-1.250,-1.250,1.000,2.000,-1.250,-1.250,-1.250,3.000,-1.250,-1.250
MU,2026-03-24,32,S,C,-1.000,1.000,-1.250,-1.250,-0.863,-0.973,-1.250,-1.250,-1.250,1.000,-1.250,-1.250,-0.863,-0.973,-1.250,-1.250,-1.250
MU,2026-03-25,71,S,C,-1.000,1.000,2.000,3.989,3.989,3.989,3.000,4.000,3.989,1.000,2.000,-1.250,-1.250,-1.250,3.000,4.000,5.000
MU,2026-03-26,15,S,S,2.409,1.000,2.000,1.944,2.184,2.116,3.000,4.000,3.009,1.000,2.000,1.944,2.184,2.116,3.000,4.000,5.000
MU,2026-03-30,72,S,C,-1.000,1.000,2.000,-1.250,-1.075,-1.125,-1.250,-1.250,-1.250,1.000,2.000,-1.250,-1.075,-1.125,-1.250,-1.250,-1.250
MU,2026-04-06,11,L,C,3.713,1.000,2.000,4.981,6.447,6.028,3.000,4.000,5.000,1.000,2.000,4.981,6.447,6.028,3.000,4.000,5.000
MU,2026-04-09,33,L,C,-1.000,1.000,-1.250,-1.250,-1.250,-1.250,-1.250,-1.250,-1.250,1.000,-1.250,-1.250,-1.250,-1.250,-1.250,-1.250,-1.250
MU,2026-04-22,35,S,C,-1.000,-1.250,-1.250,-1.250,-1.250,-1.250,-1.250,-1.250,-1.250,-1.250,-1.250,-1.250,-1.250,-1.250,-1.250,-1.250,-1.250
MU,2026-04-24,81,L,C,-1.000,1.000,2.000,0.626,0.626,0.626,0.626,0.626,0.626,1.000,2.000,-1.122,-1.022,-1.051,-1.122,-1.122,-1.122
MU,2026-05-15,27,S,C,2.095,1.000,2.000,4.166,3.066,3.380,3.000,4.000,5.000,1.000,2.000,4.166,3.066,3.380,3.000,4.000,5.000
MU,2026-05-20,11,S,C,-1.000,1.000,-1.250,-1.250,0.098,-0.287,-1.250,-1.250,-1.250,1.000,-1.250,-1.250,0.098,-0.287,-1.250,-1.250,-1.250
MU,2026-05-21,22,L,C,2.670,1.000,2.000,2.906,2.982,2.960,3.000,4.000,5.000,1.000,2.000,2.906,2.982,2.960,3.000,4.000,5.000
MU,2026-05-22,84,L,C,2.811,1.000,0.487,0.487,0.487,0.487,0.487,0.487,0.487,1.000,2.000,2.075,1.828,1.899,3.000,4.000,5.000
MU,2026-05-28,66,L,C,3.160,1.000,1.227,1.227,1.227,1.227,1.227,1.227,1.227,1.000,2.000,2.884,2.401,2.539,3.000,4.000,-1.250
MU,2026-06-05,34,S,C,-1.000,1.000,2.000,-1.250,-1.250,-1.250,-1.250,-1.250,-1.250,1.000,2.000,-1.250,-1.250,-1.250,-1.250,-1.250,-1.250
MU,2026-06-09,56,S,A,-1.000,-1.061,-1.061,-1.061,-0.280,-0.503,-1.061,-1.061,-1.061,-1.061,-1.061,-1.061,-0.280,-0.503,-1.061,-1.061,-1.061
MU,2026-06-16,11,L,A,1.557,1.000,2.000,-1.401,-1.250,-1.250,3.000,-1.250,-1.250,1.000,2.000,-1.401,-1.250,-1.250,3.000,-1.250,-1.250
MU,2026-06-17,16,S,C,2.660,1.000,2.000,2.318,2.205,2.237,3.000,4.000,5.000,1.000,2.000,2.318,2.205,2.237,3.000,4.000,5.000
MU,2026-06-24,78,S,C,6.883,1.000,2.000,0.621,0.621,0.621,3.000,0.621,0.621,1.000,2.000,6.918,6.085,6.323,3.000,4.000,5.000
MU,2026-07-02,54,S,A,3.417,1.000,2.000,10.144,9.163,9.443,3.000,4.000,5.000,1.000,2.000,10.144,9.163,9.443,3.000,4.000,5.000
MU,2026-07-09,89,S,C,-1.000,-0.307,-0.307,-0.307,-0.307,-0.307,-0.307,-0.307,-0.307,-1.045,-1.045,-1.045,-1.189,-1.148,-1.045,-1.045,-1.045
MU,2026-07-27,12,S,C,0.412,1.000,-1.096,-0.476,-0.405,-0.425,-1.096,-1.096,-1.096,1.000,-1.096,-0.476,-0.405,-0.425,-1.096,-1.096,-1.096
MU,2026-07-29,36,S,S,6.600,1.000,2.000,7.196,7.660,7.528,3.000,4.000,5.000,1.000,2.000,7.196,7.660,7.528,3.000,4.000,5.000
MU,2026-08-06,10,L,S,7.130,1.000,2.000,5.500,12.795,10.711,3.000,4.000,5.000,1.000,2.000,5.500,12.795,10.711,3.000,4.000,5.000
MU,2026-08-11,19,S,A,-1.000,1.000,-1.250,-1.250,0.079,-0.301,-1.250,-1.250,-1.250,1.000,-1.250,-1.250,0.079,-0.301,-1.250,-1.250,-1.250
INTC,2025-02-18,7,L,S,0.602,1.000,2.000,1.409,1.409,1.409,-1.087,-1.087,-1.087,1.000,2.000,1.409,1.409,1.409,-1.087,-1.087,-1.087
INTC,2025-03-18,57,L,C,0.674,1.000,2.000,1.818,1.500,1.591,-0.364,-0.364,-0.364,1.000,2.000,1.818,1.500,1.591,-1.250,-1.250,-1.250
INTC,2025-04-23,61,L,S,-1.000,-0.358,-0.358,-0.358,-0.358,-0.358,-0.358,-0.358,-0.358,-1.045,-1.045,-1.045,-1.109,-1.091,-1.045,-1.045,-1.045
INTC,2025-09-26,23,L,C,-1.000,1.000,2.000,-1.192,-1.233,-1.221,-1.192,-1.192,-1.192,1.000,2.000,-1.192,-1.233,-1.221,-1.192,-1.192,-1.192
INTC,2025-11-03,20,S,C,1.153,1.000,2.000,1.075,1.057,1.062,3.000,4.000,5.000,1.000,2.000,1.075,1.057,1.062,3.000,4.000,5.000
INTC,2025-11-18,16,S,C,0.714,1.000,2.000,0.664,0.774,0.742,3.000,-1.071,-1.071,1.000,2.000,0.664,0.774,0.742,3.000,-1.071,-1.071
INTC,2025-12-02,14,L,C,7.000,1.000,2.000,3.999,4.527,4.376,3.000,4.000,5.000,1.000,2.000,3.999,4.527,4.376,3.000,4.000,5.000
INTC,2026-01-21,53,L,C,4.355,1.000,2.000,4.250,4.314,4.296,3.000,4.000,5.000,1.000,2.000,4.250,4.314,4.296,3.000,4.000,5.000
INTC,2026-01-26,10,S,S,3.115,1.000,2.000,1.192,1.421,1.355,3.000,4.000,5.000,1.000,2.000,1.192,1.421,1.355,3.000,4.000,5.000
INTC,2026-02-25,9,L,S,1.211,1.000,-1.250,0.250,-0.025,0.054,-1.250,-1.250,-1.250,1.000,-1.250,0.250,-0.025,0.054,-1.250,-1.250,-1.250
INTC,2026-03-11,15,L,A,-1.000,-1.038,-1.038,-1.038,-1.119,-1.096,-1.038,-1.038,-1.038,-1.038,-1.038,-1.038,-1.119,-1.096,-1.038,-1.038,-1.038
INTC,2026-04-21,26,S,C,-1.000,-1.250,-1.250,-1.250,-1.250,-1.250,-1.250,-1.250,-1.250,-1.250,-1.250,-1.250,-1.250,-1.250,-1.250,-1.250,-1.250
INTC,2026-04-24,86,L,A,-1.000,1.000,2.000,3.913,3.913,3.913,3.000,4.000,3.913,1.000,2.000,-1.250,-1.212,-1.223,3.000,4.000,-1.250
INTC,2026-05-13,12,S,A,3.375,1.000,2.000,5.138,4.833,4.920,3.000,4.000,5.000,1.000,2.000,5.138,4.833,4.920,3.000,4.000,5.000
INTC,2026-05-18,23,S,A,-1.000,1.000,2.000,-1.250,-0.223,-0.516,3.000,4.000,5.000,1.000,2.000,-1.250,-0.223,-0.516,3.000,4.000,5.000
INTC,2026-05-22,49,L,S,3.235,1.000,2.000,4.809,4.984,4.934,3.000,4.000,5.000,1.000,2.000,4.809,4.984,4.934,3.000,4.000,5.000
INTC,2026-06-03,24,S,C,6.028,1.000,2.000,7.135,7.170,7.160,3.000,4.000,5.000,1.000,2.000,7.135,7.170,7.160,3.000,4.000,5.000
INTC,2026-06-04,57,L,C,-1.000,1.000,2.000,-1.172,-1.100,-1.121,-1.172,-1.172,-1.172,1.000,2.000,-1.172,-1.100,-1.121,-1.172,-1.172,-1.172
INTC,2026-06-08,32,S,C,-1.000,1.000,2.000,-1.250,-1.104,-1.146,-1.250,-1.250,-1.250,1.000,2.000,-1.250,-1.104,-1.146,-1.250,-1.250,-1.250
INTC,2026-06-10,12,L,C,3.405,1.000,2.000,2.259,1.927,2.022,3.000,4.000,5.000,1.000,2.000,2.259,1.927,2.022,3.000,4.000,5.000
INTC,2026-06-12,13,L,C,-1.000,1.000,-1.250,-1.250,-0.614,-0.795,-1.250,-1.250,-1.250,1.000,-1.250,-1.250,-0.614,-0.795,-1.250,-1.250,-1.250
INTC,2026-06-17,35,S,C,-1.000,1.000,2.000,-1.250,-1.250,-1.250,-1.250,-1.250,-1.250,1.000,2.000,-1.250,-1.250,-1.250,-1.250,-1.250,-1.250
INTC,2026-06-24,30,S,C,-1.000,1.000,2.000,-1.038,-0.758,-0.838,3.000,-1.038,-1.038,1.000,2.000,-1.038,-0.758,-0.838,3.000,-1.038,-1.038
INTC,2026-07-09,45,S,C,4.085,1.000,2.000,4.871,4.242,4.422,3.000,4.000,5.000,1.000,2.000,4.871,4.242,4.422,3.000,4.000,5.000
INTC,2026-07-13,15,S,S,-1.000,1.000,-1.250,-1.250,-1.250,-1.250,-1.250,-1.250,-1.250,1.000,-1.250,-1.250,-1.250,-1.250,-1.250,-1.250,-1.250
INTC,2026-07-22,20,L,C,2.000,1.000,2.000,4.228,3.808,3.928,3.000,4.000,5.000,1.000,2.000,4.228,3.808,3.928,3.000,4.000,5.000
INTC,2026-07-23,47,L,C,2.814,1.000,2.000,1.932,0.915,1.206,3.000,4.000,-1.250,1.000,2.000,1.932,0.915,1.206,3.000,4.000,-1.250
INTC,2026-07-28,20,S,A,3.088,1.000,2.000,2.431,2.116,2.206,3.000,4.000,5.000,1.000,2.000,2.431,2.116,2.206,3.000,4.000,5.000
INTC,2026-07-29,63,S,C,2.803,1.000,2.000,6.500,6.578,6.556,3.000,4.000,5.000,1.000,2.000,6.500,6.578,6.556,3.000,4.000,5.000
INTC,2026-08-17,7,S,C,-1.000,1.000,2.000,-1.250,-1.250,-1.250,3.000,-1.250,-1.250,1.000,2.000,-1.250,-1.250,-1.250,3.000,-1.250,-1.250
PLTR,2024-10-09,7,L,A,2.611,1.000,2.000,3.889,4.278,4.167,3.000,4.000,5.000,1.000,2.000,3.889,4.278,4.167,3.000,4.000,5.000
PLTR,2024-10-11,16,L,C,-1.000,-1.250,-1.250,-1.250,-1.250,-1.250,-1.250,-1.250,-1.250,-1.250,-1.250,-1.250,-1.250,-1.250,-1.250,-1.250,-1.250
PLTR,2024-11-21,14,L,A,-1.000,1.000,-1.208,-1.208,-1.238,-1.229,-1.208,-1.208,-1.208,1.000,-1.208,-1.208,-1.238,-1.229,-1.208,-1.208,-1.208
PLTR,2024-11-25,34,L,C,-1.000,1.000,2.000,-1.250,-1.250,-1.250,3.000,4.000,-1.250,1.000,2.000,-1.250,-1.250,-1.250,3.000,4.000,-1.250
PLTR,2024-11-29,14,L,C,-1.000,1.000,-1.250,-1.250,-1.250,-1.250,-1.250,-1.250,-1.250,1.000,-1.250,-1.250,-1.250,-1.250,-1.250,-1.250,-1.250
PLTR,2024-12-03,34,L,C,-1.000,1.000,2.000,-1.250,-0.375,-0.625,3.000,-1.250,-1.250,1.000,2.000,-1.250,-0.375,-0.625,3.000,-1.250,-1.250
PLTR,2024-12-05,84,L,C,-1.000,-1.000,-1.000,-1.000,-0.597,-0.712,-1.000,-1.000,-1.000,-1.000,-1.000,-1.000,-0.597,-0.712,-1.000,-1.000,-1.000
PLTR,2024-12-18,56,L,C,-1.000,-1.211,-1.211,-1.211,-0.550,-0.739,-1.211,-1.211,-1.211,-1.211,-1.211,-1.211,-0.550,-0.739,-1.211,-1.211,-1.211
PLTR,2025-01-02,58,S,C,-1.000,1.000,2.000,3.516,3.516,3.516,3.000,4.000,3.516,1.000,2.000,-1.042,-1.077,-1.067,3.000,4.000,5.000
PLTR,2025-01-06,47,L,S,1.090,1.000,2.000,1.474,2.763,2.395,3.000,4.000,5.000,1.000,2.000,1.474,2.763,2.395,3.000,4.000,5.000
PLTR,2025-01-07,15,S,C,6.500,1.000,2.000,4.143,7.126,6.274,3.000,4.000,5.000,1.000,2.000,4.143,7.126,6.274,3.000,4.000,5.000
PLTR,2025-01-10,85,S,S,3.643,1.000,2.000,5.520,5.520,5.520,3.000,4.000,5.000,1.000,2.000,6.792,7.192,7.078,3.000,4.000,5.000
PLTR,2025-01-14,34,S,C,-1.000,1.000,-1.250,-1.250,-1.250,-1.250,-1.250,-1.250,-1.250,1.000,-1.250,-1.250,-1.250,-1.250,-1.250,-1.250,-1.250
PLTR,2025-01-16,5,L,S,0.566,1.000,-1.250,0.461,0.728,0.651,-1.250,-1.250,-1.250,1.000,-1.250,0.461,0.728,0.651,-1.250,-1.250,-1.250
PLTR,2025-01-23,67,L,C,1.500,1.000,2.000,2.376,1.068,1.441,3.000,-0.124,-0.124,1.000,2.000,2.376,1.068,1.441,3.000,-1.224,-1.224
PLTR,2025-01-31,20,L,C,3.893,1.000,2.000,4.107,3.382,3.589,3.000,4.000,5.000,1.000,2.000,4.107,3.382,3.589,3.000,4.000,5.000
PLTR,2025-03-12,21,S,A,0.929,1.000,2.000,0.564,0.625,0.608,3.000,2.540,2.540,1.000,2.000,0.564,0.625,0.608,3.000,4.000,-1.079
PLTR,2025-03-20,59,L,S,1.910,1.000,2.000,0.968,1.354,1.244,3.000,4.000,1.280,1.000,2.000,0.968,1.354,1.244,3.000,4.000,5.000
PLTR,2025-04-01,34,S,C,5.071,1.000,2.000,4.400,4.307,4.333,3.000,4.000,5.000,1.000,2.000,4.400,4.307,4.333,3.000,4.000,5.000
PLTR,2025-04-03,11,L,A,2.597,1.000,2.000,0.823,1.805,1.524,3.000,4.000,-1.250,1.000,2.000,0.823,1.805,1.524,3.000,4.000,-1.250
PLTR,2025-04-11,12,L,C,1.840,1.000,2.000,1.920,2.186,2.110,3.000,4.000,-1.250,1.000,2.000,1.920,2.186,2.110,3.000,4.000,-1.250
PLTR,2025-04-23,49,L,C,1.404,1.000,2.000,2.049,2.177,2.140,3.000,4.000,5.000,1.000,2.000,2.049,2.177,2.140,3.000,4.000,5.000
PLTR,2025-04-24,21,L,C,1.067,1.000,2.000,2.217,1.384,1.622,3.000,-1.250,-1.250,1.000,2.000,2.217,1.384,1.622,3.000,-1.250,-1.250
PLTR,2025-04-28,22,L,C,-1.000,-1.250,-1.250,-1.250,-1.250,-1.250,-1.250,-1.250,-1.250,-1.250,-1.250,-1.250,-1.250,-1.250,-1.250,-1.250,-1.250
PLTR,2025-04-29,74,L,C,-1.000,1.000,2.000,2.183,2.183,2.183,2.183,2.183,2.183,1.000,2.000,-1.250,-1.021,-1.087,3.000,-1.250,-1.250
PLTR,2025-06-09,69,L,C,2.308,1.000,2.000,2.269,2.094,2.144,3.000,4.000,1.865,1.000,2.000,2.269,2.094,2.144,3.000,4.000,5.000
PLTR,2025-06-11,84,L,C,-1.000,-1.250,-1.250,-1.250,-1.250,-1.250,-1.250,-1.250,-1.250,-1.250,-1.250,-1.250,-1.250,-1.250,-1.250,-1.250,-1.250
PLTR,2025-06-25,21,L,C,-1.000,-1.250,-1.250,-1.250,-1.250,-1.250,-1.250,-1.250,-1.250,-1.250,-1.250,-1.250,-1.250,-1.250,-1.250,-1.250,-1.250
PLTR,2025-07-21,55,L,S,-1.000,1.000,-1.240,-1.240,-0.916,-1.009,-1.240,-1.240,-1.240,1.000,-1.240,-1.240,-0.916,-1.009,-1.240,-1.240,-1.240
PLTR,2025-08-06,30,L,C,3.103,1.000,2.000,3.293,3.233,3.250,3.000,4.000,5.000,1.000,2.000,3.293,3.233,3.250,3.000,4.000,5.000
PLTR,2025-08-15,66,S,A,2.057,1.000,2.000,2.429,2.429,2.429,3.000,2.429,2.429,1.000,2.000,2.057,2.057,2.057,3.000,4.000,5.000
PLTR,2025-08-18,32,S,C,3.068,1.000,2.000,2.838,2.712,2.748,3.000,4.000,-1.245,1.000,2.000,2.838,2.712,2.748,3.000,4.000,-1.245
PLTR,2025-08-22,32,L,A,1.788,1.000,2.000,1.328,1.615,1.533,3.000,4.000,4.314,1.000,2.000,1.328,1.615,1.533,3.000,4.000,5.000
PLTR,2025-08-29,21,S,S,2.096,1.000,2.000,2.420,2.348,2.369,3.000,4.000,5.000,1.000,2.000,2.420,2.348,2.369,3.000,4.000,5.000
PLTR,2025-10-15,11,L,C,-1.000,1.000,-1.235,-1.235,-1.246,-1.243,-1.235,-1.235,-1.235,1.000,-1.235,-1.235,-1.246,-1.243,-1.235,-1.235,-1.235
PLTR,2025-10-27,5,L,A,1.822,1.000,2.000,0.707,0.935,0.870,1.400,1.400,1.400,1.000,2.000,0.707,0.935,0.870,-0.467,-0.467,-0.467
PLTR,2025-10-28,36,L,C,-1.000,-1.200,-1.200,-1.200,-1.235,-1.225,-1.200,-1.200,-1.200,-1.200,-1.200,-1.200,-1.235,-1.225,-1.200,-1.200,-1.200
PLTR,2025-10-29,11,L,C,2.929,1.000,2.000,5.343,5.893,5.736,3.000,4.000,5.000,1.000,2.000,5.343,5.893,5.736,3.000,4.000,5.000
PLTR,2025-11-07,16,S,A,-1.000,1.000,-1.033,-1.033,-0.984,-0.998,-1.033,-1.033,-1.033,1.000,-1.033,-1.033,-0.984,-0.998,-1.033,-1.033,-1.033
PLTR,2025-11-13,40,S,C,-1.000,-1.007,-1.007,-1.007,-1.177,-1.128,-1.007,-1.007,-1.007,-1.007,-1.007,-1.007,-1.177,-1.128,-1.007,-1.007,-1.007
PLTR,2025-11-21,53,S,A,5.848,1.000,2.000,6.030,6.317,6.235,3.000,4.000,5.000,1.000,2.000,6.030,6.317,6.235,3.000,4.000,5.000
PLTR,2025-12-08,19,L,C,-1.000,1.000,-1.128,-1.128,-1.213,-1.189,-1.128,-1.128,-1.128,1.000,-1.128,-1.128,-1.213,-1.189,-1.128,-1.128,-1.128
PLTR,2026-01-02,31,S,C,3.858,1.000,2.000,3.231,3.399,3.351,3.000,4.000,5.000,1.000,2.000,3.231,3.399,3.351,3.000,4.000,5.000
PLTR,2026-01-05,8,S,C,1.842,1.000,2.000,-1.097,-1.204,-1.173,3.000,-1.097,-1.097,1.000,2.000,-1.097,-1.204,-1.173,3.000,-1.097,-1.097
PLTR,2026-01-09,21,S,A,2.198,1.000,2.000,4.188,3.444,3.656,3.000,4.000,5.000,1.000,2.000,4.188,3.444,3.656,3.000,4.000,5.000
PLTR,2026-01-14,8,L,C,-1.000,-1.250,-1.250,-1.250,-1.250,-1.250,-1.250,-1.250,-1.250,-1.250,-1.250,-1.250,-1.250,-1.250,-1.250,-1.250,-1.250
PLTR,2026-01-15,23,L,C,-1.000,1.000,2.000,-1.250,-1.033,-1.095,-1.250,-1.250,-1.250,1.000,2.000,-1.250,-1.033,-1.095,-1.250,-1.250,-1.250
PLTR,2026-01-21,18,S,C,-1.000,-1.250,-1.250,-1.250,-1.250,-1.250,-1.250,-1.250,-1.250,-1.250,-1.250,-1.250,-1.250,-1.250,-1.250,-1.250,-1.250
PLTR,2026-01-26,9,L,C,1.184,1.000,2.000,1.300,1.627,1.533,3.000,-1.250,-1.250,1.000,2.000,1.300,1.627,1.533,3.000,-1.250,-1.250
PLTR,2026-02-09,21,L,A,-1.000,-1.000,-1.000,-1.000,-0.650,-0.750,-1.000,-1.000,-1.000,-1.000,-1.000,-1.000,-0.650,-0.750,-1.000,-1.000,-1.000
PLTR,2026-02-18,33,L,C,0.257,-1.204,-1.204,-0.370,-0.319,-0.333,-1.204,-1.204,-1.204,-1.204,-1.204,-0.370,-0.319,-0.333,-1.204,-1.204,-1.204
PLTR,2026-02-23,63,S,A,-1.000,1.000,-1.250,-1.250,-0.931,-1.022,-1.250,-1.250,-1.250,1.000,-1.250,-1.250,-0.931,-1.022,-1.250,-1.250,-1.250
PLTR,2026-03-02,49,L,C,4.645,1.000,2.000,2.387,2.139,2.210,3.000,4.000,5.000,1.000,2.000,2.387,2.139,2.210,3.000,4.000,5.000
PLTR,2026-03-12,21,S,A,-1.000,1.000,-1.250,-1.250,-1.250,-1.250,-1.250,-1.250,-1.250,1.000,-1.250,-1.250,-1.250,-1.250,-1.250,-1.250,-1.250
PLTR,2026-03-16,77,S,A,-1.000,-1.034,-1.034,-1.034,-1.185,-1.142,-1.034,-1.034,-1.034,-1.034,-1.034,-1.034,-1.185,-1.142,-1.034,-1.034,-1.034
PLTR,2026-03-18,28,L,S,0.160,-1.142,-1.142,-0.075,-0.280,-0.222,-1.142,-1.142,-1.142,-1.142,-1.142,-0.075,-0.280,-0.222,-1.142,-1.142,-1.142
PLTR,2026-04-09,37,S,C,1.885,1.000,2.000,1.672,1.650,1.656,3.000,1.692,1.692,1.000,2.000,1.672,1.650,1.656,3.000,-1.026,-1.026
PLTR,2026-04-24,8,S,C,5.011,1.000,2.000,3.818,3.712,3.742,3.000,4.000,5.000,1.000,2.000,3.818,3.712,3.742,3.000,4.000,5.000
PLTR,2026-04-29,17,S,C,-1.000,1.000,-1.250,-1.250,-1.250,-1.250,-1.250,-1.250,-1.250,1.000,-1.250,-1.250,-1.250,-1.250,-1.250,-1.250,-1.250
PLTR,2026-05-06,15,S,C,-1.000,-1.250,-1.250,-1.250,-1.250,-1.250,-1.250,-1.250,-1.250,-1.250,-1.250,-1.250,-1.250,-1.250,-1.250,-1.250,-1.250
PLTR,2026-05-19,47,L,A,-1.000,-1.250,-1.250,-1.250,-1.250,-1.250,-1.250,-1.250,-1.250,-1.250,-1.250,-1.250,-1.250,-1.250,-1.250,-1.250,-1.250
PLTR,2026-05-21,87,L,S,-1.000,1.000,0.462,0.462,0.462,0.462,0.462,0.462,0.462,1.000,-1.173,-1.173,-1.227,-1.212,-1.173,-1.173,-1.173
PLTR,2026-05-26,37,S,C,-1.000,1.000,-1.089,-1.089,-0.402,-0.598,-1.089,-1.089,-1.089,1.000,-1.089,-1.089,-0.402,-0.598,-1.089,-1.089,-1.089
PLTR,2026-05-27,13,S,C,-1.000,-1.176,-1.176,-1.176,-0.847,-0.941,-1.176,-1.176,-1.176,-1.176,-1.176,-1.176,-0.847,-0.941,-1.176,-1.176,-1.176
PLTR,2026-05-29,84,L,C,2.888,1.000,2.000,1.659,1.659,1.659,1.659,1.659,1.659,1.000,2.000,4.614,3.969,4.153,3.000,4.000,5.000
PLTR,2026-06-01,21,L,A,-1.000,-1.113,-1.113,-1.113,0.226,-0.156,-1.113,-1.113,-1.113,-1.113,-1.113,-1.113,0.226,-0.156,-1.113,-1.113,-1.113
PLTR,2026-06-05,17,S,A,2.700,1.000,2.000,2.486,2.373,2.405,3.000,4.000,1.649,1.000,2.000,2.486,2.373,2.405,3.000,4.000,5.000
PLTR,2026-06-11,8,S,C,-1.000,1.000,2.000,-1.250,-1.250,-1.250,3.000,4.000,5.000,1.000,2.000,-1.250,-1.250,-1.250,3.000,4.000,5.000
PLTR,2026-06-17,50,L,C,-1.000,1.000,-1.250,-1.250,-1.250,-1.250,-1.250,-1.250,-1.250,1.000,-1.250,-1.250,-1.250,-1.250,-1.250,-1.250,-1.250
PLTR,2026-07-06,65,L,C,-1.000,-1.250,-1.250,-1.250,-1.250,-1.250,-1.250,-1.250,-1.250,-1.250,-1.250,-1.250,-1.250,-1.250,-1.250,-1.250,-1.250
PLTR,2026-07-07,72,L,A,-1.000,1.000,-1.250,-1.250,-1.250,-1.250,-1.250,-1.250,-1.250,1.000,-1.250,-1.250,-1.250,-1.250,-1.250,-1.250,-1.250
PLTR,2026-07-15,55,L,C,-1.000,1.000,2.000,-1.250,-1.043,-1.102,-1.250,-1.250,-1.250,1.000,2.000,-1.250,-1.043,-1.102,-1.250,-1.250,-1.250
PLTR,2026-07-22,51,S,C,0.864,1.000,2.000,0.545,0.386,0.432,3.000,4.000,3.000,1.000,2.000,0.545,0.386,0.432,3.000,4.000,5.000
PLTR,2026-07-29,21,S,C,3.460,1.000,2.000,1.840,2.120,2.040,3.000,4.000,5.000,1.000,2.000,1.840,2.120,2.040,3.000,4.000,5.000
PLTR,2026-08-04,9,L,C,0.459,1.000,2.000,0.281,0.267,0.271,1.675,1.675,1.675,1.000,2.000,0.281,0.267,0.271,3.000,2.785,2.785
PLTR,2026-08-05,5,L,A,1.417,1.000,-1.250,1.079,0.752,0.845,-1.250,-1.250,-1.250,1.000,-1.250,1.079,0.752,0.845,-1.250,-1.250,-1.250
PLTR,2026-08-11,21,L,C,8.607,1.000,2.000,7.116,6.285,6.522,3.000,4.000,5.000,1.000,2.000,7.116,6.285,6.522,3.000,4.000,5.000
AMZN,2024-09-27,14,S,C,-1.000,-1.250,-1.250,-1.250,-0.851,-0.965,-1.250,-1.250,-1.250,-1.250,-1.250,-1.250,-0.851,-0.965,-1.250,-1.250,-1.250
AMZN,2024-10-22,54,L,C,-1.000,-1.033,-1.033,-1.033,-1.056,-1.050,-1.033,-1.033,-1.033,-1.033,-1.033,-1.033,-1.056,-1.050,-1.033,-1.033,-1.033
AMZN,2024-11-04,15,L,A,0.858,1.000,0.979,0.809,0.235,0.399,0.979,0.979,0.979,1.000,-1.064,0.809,0.235,0.399,-1.064,-1.064,-1.064
AMZN,2024-11-26,19,L,C,0.700,1.000,2.000,0.025,0.025,0.025,3.000,4.000,5.000,1.000,2.000,0.025,0.025,0.025,3.000,4.000,5.000
AMZN,2024-11-26,40,L,C,2.548,1.000,2.000,3.000,2.147,2.391,3.000,-1.078,-1.078,1.000,2.000,3.000,2.147,2.391,3.000,-1.078,-1.078
AMZN,2024-12-19,10,S,C,-1.000,-1.250,-1.250,-1.250,-0.401,-0.644,-1.250,-1.250,-1.250,-1.250,-1.250,-1.250,-0.401,-0.644,-1.250,-1.250,-1.250
AMZN,2025-01-27,46,L,C,-1.000,1.000,-1.250,-1.250,-1.250,-1.250,-1.250,-1.250,-1.250,1.000,-1.250,-1.250,-1.250,-1.250,-1.250,-1.250,-1.250
AMZN,2025-01-28,48,L,A,2.188,1.000,2.000,2.613,3.356,3.144,3.000,4.000,5.000,1.000,2.000,2.613,3.356,3.144,3.000,4.000,5.000
AMZN,2025-01-30,48,S,S,3.320,1.000,2.000,4.468,4.468,4.468,3.000,4.000,5.000,1.000,2.000,4.398,4.448,4.434,3.000,4.000,5.000
AMZN,2025-03-04,76,S,C,-1.000,1.000,2.000,-0.161,-0.161,-0.161,-0.161,-0.161,-0.161,1.000,2.000,-1.032,-0.942,-0.968,3.000,-1.032,-1.032
AMZN,2025-03-06,57,L,C,-1.000,-1.133,-1.133,-1.133,-1.215,-1.192,-1.133,-1.133,-1.133,-1.133,-1.133,-1.133,-1.215,-1.192,-1.133,-1.133,-1.133
AMZN,2025-03-14,37,S,A,1.583,1.000,2.000,2.317,2.235,2.258,3.000,-1.250,-1.250,1.000,2.000,2.317,2.235,2.258,3.000,-1.250,-1.250
AMZN,2025-04-08,17,S,A,0.982,1.000,-1.211,-0.754,-1.074,-0.982,-1.211,-1.211,-1.211,1.000,-1.211,-0.754,-1.074,-0.982,-1.211,-1.211,-1.211
AMZN,2025-04-15,12,L,C,0.600,1.000,2.000,0.395,1.262,1.014,-1.167,-1.167,-1.167,1.000,2.000,0.395,1.262,1.014,-1.167,-1.167,-1.167
AMZN,2025-04-15,34,S,C,-1.000,-1.065,-1.065,-1.065,-1.153,-1.127,-1.065,-1.065,-1.065,-1.065,-1.065,-1.065,-1.153,-1.127,-1.065,-1.065,-1.065
AMZN,2025-05-05,84,L,C,1.429,-0.029,-0.029,-0.029,-0.029,-0.029,-0.029,-0.029,-0.029,1.000,2.000,1.200,1.100,1.129,-1.043,-1.043,-1.043
AMZN,2025-05-21,32,S,C,-1.000,1.000,-1.114,-1.114,-1.209,-1.182,-1.114,-1.114,-1.114,1.000,-1.114,-1.114,-1.209,-1.182,-1.114,-1.114,-1.114
AMZN,2025-06-18,50,L,C,0.477,0.526,0.526,0.370,0.338,0.347,0.526,0.526,0.526,-1.108,-1.108,0.370,0.338,0.347,-1.108,-1.108,-1.108
AMZN,2025-07-21,18,L,C,0.551,1.000,2.000,0.205,0.071,0.109,1.564,1.564,1.564,1.000,2.000,0.205,0.071,0.109,3.000,4.000,5.000
AMZN,2025-08-07,17,L,C,2.470,1.000,2.000,4.136,4.491,4.389,3.000,4.000,5.000,1.000,2.000,4.136,4.491,4.389,3.000,4.000,5.000
AMZN,2025-08-27,16,L,A,-1.000,-1.250,-1.250,-1.250,-1.250,-1.250,-1.250,-1.250,-1.250,-1.250,-1.250,-1.250,-1.250,-1.250,-1.250,-1.250,-1.250
AMZN,2025-11-17,12,S,A,-1.000,1.000,-1.250,-1.250,-0.819,-0.942,-1.250,-1.250,-1.250,1.000,-1.250,-1.250,-0.819,-0.942,-1.250,-1.250,-1.250
AMZN,2025-11-21,15,S,A,-1.000,-1.250,-1.250,-1.250,-1.250,-1.250,-1.250,-1.250,-1.250,-1.250,-1.250,-1.250,-1.250,-1.250,-1.250,-1.250,-1.250
AMZN,2026-02-06,29,S,C,-1.000,-1.000,-1.000,-1.000,-1.118,-1.085,-1.000,-1.000,-1.000,-1.000,-1.000,-1.000,-1.118,-1.085,-1.000,-1.000,-1.000
AMZN,2026-02-12,20,S,C,3.182,1.000,2.000,1.879,0.967,1.227,3.000,4.000,5.000,1.000,2.000,1.879,0.967,1.227,3.000,4.000,5.000
AMZN,2026-03-12,18,L,C,0.551,1.000,-1.250,-0.525,-1.032,-0.887,-1.250,-1.250,-1.250,1.000,-1.250,-0.525,-1.032,-0.887,-1.250,-1.250,-1.250
AMZN,2026-03-20,16,S,C,-1.000,1.000,2.000,-1.212,-0.942,-1.019,-1.212,-1.212,-1.212,1.000,2.000,-1.212,-0.942,-1.019,-1.212,-1.212,-1.212
AMZN,2026-04-28,18,L,A,0.654,1.000,0.901,0.714,0.522,0.577,0.901,0.901,0.901,1.000,-1.027,0.714,0.522,0.577,-1.027,-1.027,-1.027
AMZN,2026-05-04,52,L,S,4.984,1.000,2.000,8.356,9.413,9.111,3.000,4.000,5.000,1.000,2.000,8.356,9.413,9.111,3.000,4.000,5.000
AMZN,2026-05-12,13,S,A,0.793,1.000,-1.185,0.741,-0.607,-0.222,-1.185,-1.185,-1.185,1.000,-1.185,0.741,-0.607,-0.222,-1.185,-1.185,-1.185
AMZN,2026-05-19,19,S,A,-1.000,1.000,-1.138,-1.138,-1.146,-1.144,-1.138,-1.138,-1.138,1.000,-1.138,-1.138,-1.146,-1.144,-1.138,-1.138,-1.138
AMZN,2026-06-05,20,S,C,0.509,1.000,2.000,0.157,-0.225,-0.116,3.000,0.731,0.731,1.000,2.000,0.157,-0.225,-0.116,3.000,4.000,5.000
AMZN,2026-07-15,20,L,A,2.153,1.000,2.000,3.315,2.965,3.065,3.000,4.000,5.000,1.000,2.000,3.315,2.965,3.065,3.000,4.000,5.000
META,2024-08-22,29,L,S,1.097,1.000,2.000,0.362,-0.228,-0.059,-1.250,-1.250,-1.250,1.000,2.000,0.362,-0.228,-0.059,-1.250,-1.250,-1.250
META,2024-09-25,52,L,A,-1.000,-1.163,-1.163,-1.163,-1.224,-1.206,-1.163,-1.163,-1.163,-1.163,-1.163,-1.163,-1.224,-1.206,-1.163,-1.163,-1.163
META,2024-10-18,68,S,A,-1.000,-1.250,-1.250,-1.250,-1.111,-1.150,-1.250,-1.250,-1.250,-1.250,-1.250,-1.250,-1.111,-1.150,-1.250,-1.250,-1.250
META,2024-11-13,11,S,C,1.665,1.000,2.000,1.922,1.525,1.639,3.000,-1.017,-1.017,1.000,2.000,1.922,1.525,1.639,3.000,-1.017,-1.017
META,2024-12-23,47,S,A,0.835,1.000,-1.250,0.700,0.758,0.741,-1.250,-1.250,-1.250,1.000,-1.250,0.700,0.758,0.741,-1.250,-1.250,-1.250
META,2025-01-14,9,S,A,2.806,1.000,2.000,5.102,4.173,4.439,3.000,4.000,5.000,1.000,2.000,5.102,4.173,4.439,3.000,4.000,5.000
META,2025-01-27,43,L,C,1.056,1.000,2.000,1.079,0.933,0.974,3.000,4.000,5.000,1.000,2.000,1.079,0.933,0.974,3.000,4.000,5.000
META,2025-01-31,7,L,C,1.437,1.000,2.000,2.264,2.251,2.255,3.000,4.000,5.000,1.000,2.000,2.264,2.251,2.255,3.000,4.000,5.000
META,2025-02-03,56,L,S,4.982,1.000,2.000,5.018,5.444,5.322,3.000,4.000,5.000,1.000,2.000,5.018,5.444,5.322,3.000,4.000,5.000
META,2025-02-05,22,L,C,-1.000,-1.250,-1.250,-1.250,-1.075,-1.125,-1.250,-1.250,-1.250,-1.250,-1.250,-1.250,-1.075,-1.125,-1.250,-1.250,-1.250
META,2025-02-07,65,L,C,-1.000,1.000,-1.250,-1.250,-1.250,-1.250,-1.250,-1.250,-1.250,1.000,-1.250,-1.250,-1.250,-1.250,-1.250,-1.250,-1.250
META,2025-02-21,78,S,A,1.416,1.000,-1.075,0.598,-0.210,0.021,-1.075,-1.075,-1.075,1.000,-1.075,0.598,-0.210,0.021,-1.075,-1.075,-1.075
META,2025-03-10,6,S,A,-1.000,1.000,2.000,-1.250,-1.250,-1.250,3.000,-1.250,-1.250,1.000,2.000,-1.250,-1.250,-1.250,3.000,-1.250,-1.250
META,2025-04-21,20,S,C,1.430,1.000,2.000,5.570,5.871,5.785,3.000,4.000,5.000,1.000,2.000,5.570,5.871,5.785,3.000,4.000,5.000
META,2025-05-16,36,S,C,-1.000,-1.250,-1.250,-1.250,-0.831,-0.951,-1.250,-1.250,-1.250,-1.250,-1.250,-1.250,-0.831,-0.951,-1.250,-1.250,-1.250
META,2025-06-04,31,L,A,-1.000,-1.250,-1.250,-1.250,-1.250,-1.250,-1.250,-1.250,-1.250,-1.250,-1.250,-1.250,-1.250,-1.250,-1.250,-1.250,-1.250
META,2025-06-06,5,L,S,1.832,1.000,2.000,2.312,1.863,1.991,-1.000,-1.000,-1.000,1.000,2.000,2.312,1.863,1.991,-1.000,-1.000,-1.000
META,2025-07-15,28,S,S,2.031,1.000,2.000,3.610,3.174,3.299,3.000,4.000,5.000,1.000,2.000,3.610,3.174,3.299,3.000,4.000,5.000
META,2025-08-06,49,S,S,0.428,-1.152,-1.152,0.182,0.039,0.080,-1.152,-1.152,-1.152,-1.152,-1.152,0.182,0.039,0.080,-1.152,-1.152,-1.152
META,2025-08-11,43,L,C,-1.000,1.000,2.000,-1.250,-1.250,-1.250,3.000,4.000,-1.250,1.000,2.000,-1.250,-1.250,-1.250,3.000,4.000,-1.250
META,2025-08-18,16,S,C,-1.000,-1.250,-1.250,-1.250,-1.250,-1.250,-1.250,-1.250,-1.250,-1.250,-1.250,-1.250,-1.250,-1.250,-1.250,-1.250,-1.250
META,2025-10-24,21,S,S,-1.000,1.000,-1.250,-1.250,-1.155,-1.182,-1.250,-1.250,-1.250,1.000,-1.250,-1.250,-1.155,-1.182,-1.250,-1.250,-1.250
META,2025-10-30,22,L,A,0.787,1.000,-1.250,-1.250,-0.305,-0.575,-1.250,-1.250,-1.250,1.000,-1.250,-1.250,-0.305,-0.575,-1.250,-1.250,-1.250
META,2025-10-31,17,S,A,1.029,1.000,2.000,3.120,2.877,2.947,3.000,4.000,1.337,1.000,2.000,3.120,2.877,2.947,3.000,4.000,5.000
META,2025-10-31,28,S,A,-1.000,-1.250,-1.250,-1.250,-1.228,-1.234,-1.250,-1.250,-1.250,-1.250,-1.250,-1.250,-1.228,-1.234,-1.250,-1.250,-1.250
META,2026-01-16,81,S,A,-1.000,-0.295,-0.295,-0.295,-0.295,-0.295,-0.295,-0.295,-0.295,-1.238,-1.238,-1.238,-1.152,-1.177,-1.238,-1.238,-1.238
META,2026-01-26,14,L,S,3.136,1.000,2.000,2.992,2.975,2.980,3.000,4.000,4.640,1.000,2.000,2.992,2.975,2.980,3.000,4.000,5.000
META,2026-02-17,32,S,C,-1.000,-1.188,-1.188,-1.188,-1.127,-1.144,-1.188,-1.188,-1.188,-1.188,-1.188,-1.188,-1.127,-1.144,-1.188,-1.188,-1.188
META,2026-04-14,11,L,C,1.442,1.000,2.000,3.304,3.928,3.750,3.000,4.000,5.000,1.000,2.000,3.304,3.928,3.750,3.000,4.000,5.000
META,2026-04-21,9,S,C,-1.000,-1.250,-1.250,-1.250,-1.250,-1.250,-1.250,-1.250,-1.250,-1.250,-1.250,-1.250,-1.250,-1.250,-1.250,-1.250,-1.250
META,2026-05-22,51,L,C,4.448,1.000,2.000,3.964,3.964,3.964,3.000,4.000,3.964,1.000,2.000,4.446,4.446,4.446,3.000,4.000,5.000
META,2026-06-04,30,L,S,4.516,1.000,2.000,3.660,3.041,3.218,3.000,4.000,3.926,1.000,2.000,3.660,3.041,3.218,3.000,4.000,5.000
META,2026-06-18,17,S,A,1.430,1.000,2.000,2.301,2.045,2.118,3.000,-1.250,-1.250,1.000,2.000,2.301,2.045,2.118,3.000,-1.250,-1.250
META,2026-06-22,10,S,C,-1.000,-1.101,-1.101,-1.101,-1.205,-1.175,-1.101,-1.101,-1.101,-1.101,-1.101,-1.101,-1.205,-1.175,-1.101,-1.101,-1.101
META,2026-07-01,89,L,A,2.556,1.000,-0.009,-0.009,-0.009,-0.009,-0.009,-0.009,-0.009,1.000,2.000,3.986,3.698,3.780,3.000,4.000,5.000
META,2026-07-09,62,L,C,5.336,1.000,2.000,5.788,5.788,5.788,3.000,4.000,5.000,1.000,2.000,5.577,5.561,5.565,3.000,4.000,5.000
META,2026-07-10,63,L,C,2.049,1.000,2.000,2.446,2.446,2.446,3.000,4.000,2.446,1.000,2.000,2.049,2.049,2.049,3.000,4.000,2.049
META,2026-07-13,12,L,S,1.924,1.000,2.000,1.363,-0.466,0.056,3.000,-1.250,-1.250,1.000,2.000,1.363,-0.466,0.056,3.000,-1.250,-1.250
META,2026-07-14,14,L,C,1.831,1.000,2.000,2.089,1.279,1.510,-1.036,-1.036,-1.036,1.000,2.000,2.089,1.279,1.510,-1.036,-1.036,-1.036
META,2026-07-24,29,S,C,0.311,-1.056,-1.056,-1.056,-1.192,-1.153,-1.056,-1.056,-1.056,-1.056,-1.056,-1.056,-1.192,-1.153,-1.056,-1.056,-1.056
META,2026-08-03,87,L,C,7.031,1.000,1.403,1.403,1.403,1.403,1.403,1.403,1.403,1.000,2.000,6.449,6.035,6.153,3.000,4.000,5.000
META,2026-08-10,10,L,A,-1.000,-1.250,-1.250,-1.250,-1.250,-1.250,-1.250,-1.250,-1.250,-1.250,-1.250,-1.250,-1.250,-1.250,-1.250,-1.250,-1.250
AMD,2024-08-21,14,L,C,-1.000,1.000,2.000,-1.250,-1.205,-1.218,-1.250,-1.250,-1.250,1.000,2.000,-1.250,-1.205,-1.218,-1.250,-1.250,-1.250
AMD,2024-08-22,28,S,C,0.637,1.000,2.000,-0.368,0.442,0.211,3.000,4.000,5.000,1.000,2.000,-0.368,0.442,0.211,3.000,4.000,5.000
AMD,2024-08-23,13,L,C,2.161,1.000,2.000,1.161,1.116,1.129,3.000,4.000,5.000,1.000,2.000,1.161,1.116,1.129,3.000,4.000,5.000
AMD,2024-09-06,20,S,C,0.648,1.000,2.000,0.674,0.187,0.326,3.000,4.000,5.000,1.000,2.000,0.674,0.187,0.326,3.000,4.000,5.000
AMD,2024-09-27,33,L,C,-1.000,-1.250,-1.250,-1.250,-1.250,-1.250,-1.250,-1.250,-1.250,-1.250,-1.250,-1.250,-1.250,-1.250,-1.250,-1.250,-1.250
AMD,2024-10-14,57,S,A,-1.000,-1.145,-1.145,-1.145,-0.885,-0.960,-1.145,-1.145,-1.145,-1.145,-1.145,-1.145,-0.885,-0.960,-1.145,-1.145,-1.145
AMD,2024-10-15,63,S,C,5.077,1.000,2.000,8.230,7.719,7.865,3.000,4.000,5.000,1.000,2.000,8.230,7.719,7.865,3.000,4.000,5.000
AMD,2024-11-27,6,S,C,0.960,1.000,2.000,0.998,0.747,0.819,3.000,4.000,5.000,1.000,2.000,0.998,0.747,0.819,3.000,4.000,5.000
AMD,2024-12-10,56,S,C,3.433,1.000,1.447,1.447,1.447,1.447,1.447,1.447,1.447,1.000,2.000,2.268,3.260,2.976,3.000,4.000,5.000
AMD,2024-12-16,12,S,A,-1.000,-1.250,-1.250,-1.250,-1.173,-1.195,-1.250,-1.250,-1.250,-1.250,-1.250,-1.250,-1.173,-1.195,-1.250,-1.250,-1.250
AMD,2024-12-17,29,S,A,-1.000,1.000,-1.087,-1.087,-0.798,-0.880,-1.087,-1.087,-1.087,1.000,-1.087,-1.087,-0.798,-0.880,-1.087,-1.087,-1.087
AMD,2024-12-19,64,S,C,0.750,1.000,-1.250,0.111,-0.842,-0.569,-1.250,-1.250,-1.250,1.000,-1.250,0.111,-0.842,-0.569,-1.250,-1.250,-1.250
AMD,2024-12-30,11,S,A,-1.000,1.000,2.000,-1.207,-1.166,-1.178,-1.207,-1.207,-1.207,1.000,2.000,-1.207,-1.166,-1.178,-1.207,-1.207,-1.207
AMD,2025-01-14,62,S,C,0.750,1.000,-1.044,0.909,0.177,0.386,-1.044,-1.044,-1.044,1.000,-1.044,0.909,0.177,0.386,-1.044,-1.044,-1.044
AMD,2025-01-30,24,L,C,-1.000,-1.250,-1.250,-1.250,-1.250,-1.250,-1.250,-1.250,-1.250,-1.250,-1.250,-1.250,-1.250,-1.250,-1.250,-1.250,-1.250
AMD,2025-02-06,21,S,A,0.601,1.000,2.000,0.444,0.250,0.306,1.426,1.426,1.426,1.000,2.000,0.444,0.250,0.306,-1.046,-1.046,-1.046
AMD,2025-02-14,14,L,C,1.204,1.000,2.000,1.185,0.822,0.926,-1.000,-1.000,-1.000,1.000,2.000,1.185,0.822,0.926,-1.000,-1.000,-1.000
AMD,2025-02-21,5,L,A,-1.000,-1.250,-1.250,-1.250,-1.158,-1.184,-1.250,-1.250,-1.250,-1.250,-1.250,-1.250,-1.158,-1.184,-1.250,-1.250,-1.250
AMD,2025-02-28,10,S,C,-1.000,1.000,2.000,-1.130,-1.214,-1.190,-1.130,-1.130,-1.130,1.000,2.000,-1.130,-1.214,-1.190,-1.130,-1.130,-1.130
AMD,2025-03-12,30,S,C,-1.000,-1.250,-1.250,-1.250,-1.250,-1.250,-1.250,-1.250,-1.250,-1.250,-1.250,-1.250,-1.250,-1.250,-1.250,-1.250,-1.250
AMD,2025-03-17,43,L,C,2.478,1.000,2.000,2.261,2.139,2.174,3.000,-1.087,-1.087,1.000,2.000,2.261,2.139,2.174,3.000,-1.087,-1.087
AMD,2025-03-27,50,S,C,-1.000,-1.089,-1.089,-1.089,-0.884,-0.942,-1.089,-1.089,-1.089,-1.089,-1.089,-1.089,-0.884,-0.942,-1.089,-1.089,-1.089
AMD,2025-04-11,12,L,A,1.119,1.000,2.000,0.427,0.993,0.831,-1.191,-1.191,-1.191,1.000,2.000,0.427,0.993,0.831,-1.191,-1.191,-1.191
AMD,2025-04-21,21,S,C,1.519,1.000,2.000,3.644,3.592,3.606,3.000,4.000,5.000,1.000,2.000,3.644,3.592,3.606,3.000,4.000,5.000
AMD,2025-05-05,13,L,C,1.938,1.000,2.000,3.820,3.135,3.331,3.000,4.000,-1.045,1.000,2.000,3.820,3.135,3.331,3.000,4.000,-1.045
AMD,2025-05-07,55,S,C,-1.000,-1.250,-1.250,-1.250,-1.250,-1.250,-1.250,-1.250,-1.250,-1.250,-1.250,-1.250,-1.250,-1.250,-1.250,-1.250,-1.250
AMD,2025-05-08,6,L,A,7.375,1.000,2.000,9.219,8.059,8.391,3.000,4.000,5.000,1.000,2.000,9.219,8.059,8.391,3.000,4.000,5.000
AMD,2025-05-22,12,S,C,-1.000,1.000,-1.250,-1.250,-1.250,-1.250,-1.250,-1.250,-1.250,1.000,-1.250,-1.250,-1.250,-1.250,-1.250,-1.250,-1.250
AMD,2025-05-29,63,S,C,-1.000,-1.250,-1.250,-1.250,-1.250,-1.250,-1.250,-1.250,-1.250,-1.250,-1.250,-1.250,-1.250,-1.250,-1.250,-1.250,-1.250
AMD,2025-06-17,16,L,A,0.740,1.000,2.000,0.623,0.160,0.292,0.013,0.013,0.013,1.000,2.000,0.623,0.160,0.292,-1.052,-1.052,-1.052
AMD,2025-06-23,42,L,A,-1.000,-1.250,-1.250,-1.250,-1.250,-1.250,-1.250,-1.250,-1.250,-1.250,-1.250,-1.250,-1.250,-1.250,-1.250,-1.250,-1.250
AMD,2025-07-28,23,L,S,0.989,1.000,2.000,0.226,0.264,0.253,-1.185,-1.185,-1.185,1.000,2.000,0.226,0.264,0.253,-1.185,-1.185,-1.185
AMD,2025-08-08,40,L,C,-1.000,-1.250,-1.250,-1.250,-1.250,-1.250,-1.250,-1.250,-1.250,-1.250,-1.250,-1.250,-1.250,-1.250,-1.250,-1.250,-1.250
AMD,2025-08-14,82,L,C,-1.000,-1.250,-1.250,-1.250,-1.250,-1.250,-1.250,-1.250,-1.250,-1.250,-1.250,-1.250,-1.250,-1.250,-1.250,-1.250,-1.250
AMD,2025-08-21,21,S,C,1.827,1.000,2.000,1.993,1.258,1.468,3.000,-1.173,-1.173,1.000,2.000,1.993,1.258,1.468,3.000,-1.173,-1.173
AMD,2025-08-26,86,S,C,0.767,1.000,0.435,0.435,0.435,0.435,0.435,0.435,0.435,1.000,2.000,0.767,0.767,0.767,3.000,4.000,5.000
AMD,2025-09-08,28,S,C,-1.000,1.000,-1.250,-1.250,-1.250,-1.250,-1.250,-1.250,-1.250,1.000,-1.250,-1.250,-1.250,-1.250,-1.250,-1.250,-1.250
AMD,2025-10-06,19,S,A,4.358,1.000,2.000,13.816,11.728,12.324,3.000,4.000,5.000,1.000,2.000,13.816,11.728,12.324,3.000,4.000,5.000
AMD,2025-10-08,20,L,S,2.312,1.000,2.000,4.866,4.216,4.402,3.000,4.000,5.000,1.000,2.000,4.866,4.216,4.402,3.000,4.000,5.000
AMD,2025-11-07,34,S,A,-1.000,1.000,2.000,-1.033,-1.033,-1.033,-1.033,-1.033,-1.033,1.000,2.000,-1.033,-1.033,-1.033,-1.033,-1.033,-1.033
AMD,2025-11-18,72,S,C,-1.000,1.000,-0.135,-0.135,-0.135,-0.135,-0.135,-0.135,-0.135,1.000,-1.250,-1.250,-1.250,-1.250,-1.250,-1.250,-1.250
AMD,2025-11-21,12,S,S,7.601,1.000,2.000,10.935,7.469,8.460,3.000,4.000,5.000,1.000,2.000,10.935,7.469,8.460,3.000,4.000,5.000
AMD,2025-11-26,25,S,C,3.422,1.000,2.000,3.014,0.691,1.355,3.000,4.000,-1.233,1.000,2.000,3.014,0.691,1.355,3.000,4.000,-1.233
AMD,2025-12-01,14,L,C,1.522,1.000,2.000,4.164,3.887,3.966,3.000,4.000,5.000,1.000,2.000,4.164,3.887,3.966,3.000,4.000,5.000
AMD,2025-12-17,9,S,C,1.651,1.000,2.000,3.019,3.140,3.106,3.000,4.000,5.000,1.000,2.000,3.019,3.140,3.106,3.000,4.000,5.000
AMD,2026-01-08,18,S,S,3.132,1.000,2.000,1.605,1.992,1.882,3.000,4.000,5.000,1.000,2.000,1.605,1.992,1.882,3.000,4.000,5.000
AMD,2026-01-13,23,L,C,-1.000,1.000,2.000,-1.250,-1.034,-1.095,-1.250,-1.250,-1.250,1.000,2.000,-1.250,-1.034,-1.095,-1.250,-1.250,-1.250
AMD,2026-01-28,61,S,S,0.643,1.000,0.720,0.365,0.365,0.365,0.720,0.720,0.720,1.000,2.000,0.365,0.365,0.365,3.000,4.000,0.762
AMD,2026-01-30,69,L,S,-1.000,1.000,2.000,-1.250,-1.242,-1.245,-1.250,-1.250,-1.250,1.000,2.000,-1.250,-1.242,-1.245,-1.250,-1.250,-1.250
AMD,2026-02-20,47,L,C,2.333,1.000,2.000,2.065,2.463,2.349,3.000,2.688,2.688,1.000,2.000,2.065,2.463,2.349,3.000,-1.091,-1.091
AMD,2026-03-06,51,L,C,-1.000,1.000,-1.250,-1.250,-0.904,-1.003,-1.250,-1.250,-1.250,1.000,-1.250,-1.250,-0.904,-1.003,-1.250,-1.250,-1.250
AMD,2026-03-19,46,L,C,0.950,1.000,2.000,-0.533,-1.035,-0.892,-1.250,-1.250,-1.250,1.000,2.000,-0.533,-1.035,-0.892,-1.250,-1.250,-1.250
AMD,2026-03-24,81,L,C,2.455,0.362,0.362,0.362,0.362,0.362,0.362,0.362,0.362,1.000,2.000,2.375,2.306,2.326,-1.192,-1.192,-1.192
AMD,2026-04-02,35,L,A,1.457,1.000,2.000,3.414,3.221,3.276,3.000,4.000,5.000,1.000,2.000,3.414,3.221,3.276,3.000,4.000,5.000
AMD,2026-04-09,88,L,C,-1.000,0.473,0.473,0.473,0.473,0.473,0.473,0.473,0.473,-1.189,-1.189,-1.189,-1.232,-1.220,-1.189,-1.189,-1.189
AMD,2026-04-16,10,L,C,-1.000,1.000,2.000,-1.250,-1.250,-1.250,-1.250,-1.250,-1.250,1.000,2.000,-1.250,-1.250,-1.250,-1.250,-1.250,-1.250
AMD,2026-04-20,16,L,C,-1.000,-1.250,-1.250,-1.250,-1.250,-1.250,-1.250,-1.250,-1.250,-1.250,-1.250,-1.250,-1.250,-1.250,-1.250,-1.250,-1.250
AMD,2026-05-12,7,L,S,3.323,1.000,2.000,3.773,2.243,2.680,3.000,-1.250,-1.250,1.000,2.000,3.773,2.243,2.680,3.000,-1.250,-1.250
AMD,2026-05-13,11,S,C,4.783,1.000,2.000,12.377,9.486,10.312,3.000,4.000,5.000,1.000,2.000,12.377,9.486,10.312,3.000,4.000,5.000
AMD,2026-05-26,21,L,C,4.400,1.000,2.000,4.309,5.616,5.243,3.000,4.000,5.000,1.000,2.000,4.309,5.616,5.243,3.000,4.000,5.000
AMD,2026-06-05,36,S,S,-1.000,-1.095,-1.095,-1.095,-1.203,-1.172,-1.095,-1.095,-1.095,-1.095,-1.095,-1.095,-1.203,-1.172,-1.095,-1.095,-1.095
AMD,2026-06-09,43,S,A,3.611,1.000,2.000,2.664,3.435,3.215,3.000,4.000,5.000,1.000,2.000,2.664,3.435,3.215,3.000,4.000,5.000
AMD,2026-06-24,17,S,C,-1.000,1.000,2.000,-1.250,-1.250,-1.250,3.000,-1.250,-1.250,1.000,2.000,-1.250,-1.250,-1.250,3.000,-1.250,-1.250
AMD,2026-06-30,54,L,S,-1.000,-1.250,-1.250,-1.250,-1.250,-1.250,-1.250,-1.250,-1.250,-1.250,-1.250,-1.250,-1.250,-1.250,-1.250,-1.250,-1.250
AMD,2026-07-10,42,L,C,-1.000,1.000,-1.250,-1.250,-0.336,-0.597,-1.250,-1.250,-1.250,1.000,-1.250,-1.250,-0.336,-0.597,-1.250,-1.250,-1.250
AMD,2026-07-22,47,L,C,3.503,1.000,2.000,3.394,3.394,3.394,3.000,3.394,3.394,1.000,2.000,3.180,5.034,4.505,3.000,4.000,5.000
AMD,2026-07-23,41,L,C,-1.000,-1.250,-1.250,-1.250,-1.250,-1.250,-1.250,-1.250,-1.250,-1.250,-1.250,-1.250,-1.250,-1.250,-1.250,-1.250,-1.250
AMD,2026-08-07,15,S,C,6.873,1.000,2.000,5.446,6.150,5.949,3.000,4.000,5.000,1.000,2.000,5.446,6.150,5.949,3.000,4.000,5.000
AMD,2026-08-10,32,S,S,-1.000,-1.250,-1.250,-1.250,-1.250,-1.250,-1.250,-1.250,-1.250,-1.250,-1.250,-1.250,-1.250,-1.250,-1.250,-1.250,-1.250
GOOGL,2025-01-13,11,S,C,-1.000,-1.250,-1.250,-1.250,-1.005,-1.075,-1.250,-1.250,-1.250,-1.250,-1.250,-1.250,-1.005,-1.075,-1.250,-1.250,-1.250
GOOGL,2025-01-22,11,L,S,1.158,1.000,2.000,0.780,0.695,0.720,-1.098,-1.098,-1.098,1.000,2.000,0.780,0.695,0.720,-1.098,-1.098,-1.098
GOOGL,2025-02-28,32,S,C,-1.000,1.000,2.000,-1.250,-1.250,-1.250,-1.250,-1.250,-1.250,1.000,2.000,-1.250,-1.250,-1.250,-1.250,-1.250,-1.250
GOOGL,2025-03-06,43,L,S,0.719,1.000,2.000,1.190,1.634,1.507,1.807,1.807,1.807,1.000,2.000,1.190,1.634,1.507,-1.193,-1.193,-1.193
GOOGL,2025-03-17,13,L,C,-1.000,-1.250,-1.250,-1.250,-1.250,-1.250,-1.250,-1.250,-1.250,-1.250,-1.250,-1.250,-1.250,-1.250,-1.250,-1.250,-1.250
GOOGL,2025-03-25,34,L,C,3.317,1.000,2.000,1.385,2.112,1.904,3.000,4.000,5.000,1.000,2.000,1.385,2.112,1.904,3.000,4.000,5.000
GOOGL,2025-04-08,18,S,C,-1.000,-1.250,-1.250,-1.250,-1.250,-1.250,-1.250,-1.250,-1.250,-1.250,-1.250,-1.250,-1.250,-1.250,-1.250,-1.250,-1.250
GOOGL,2025-05-01,33,S,S,1.966,1.000,2.000,1.241,0.662,0.828,-1.121,-1.121,-1.121,1.000,2.000,1.241,0.662,0.828,-1.121,-1.121,-1.121
GOOGL,2025-05-05,13,L,C,2.782,1.000,2.000,3.429,2.766,2.955,3.000,4.000,3.196,1.000,2.000,3.429,2.766,2.955,3.000,4.000,0.786
GOOGL,2025-06-24,38,S,C,-1.000,-1.250,-1.250,-1.250,-1.250,-1.250,-1.250,-1.250,-1.250,-1.250,-1.250,-1.250,-1.250,-1.250,-1.250,-1.250,-1.250
GOOGL,2025-08-22,55,L,C,-1.000,-1.111,-1.111,-1.111,-0.654,-0.785,-1.111,-1.111,-1.111,-1.111,-1.111,-1.111,-0.654,-0.785,-1.111,-1.111,-1.111
GOOGL,2025-08-25,16,L,S,1.056,1.000,2.000,0.097,0.097,0.097,3.000,2.611,2.611,1.000,2.000,0.097,0.097,0.097,3.000,4.000,1.958
GOOGL,2025-09-25,9,S,C,2.297,1.000,2.000,2.041,2.372,2.277,3.000,-1.250,-1.250,1.000,2.000,2.041,2.372,2.277,3.000,-1.250,-1.250
GOOGL,2025-10-17,78,L,C,-1.000,0.370,0.370,0.370,0.370,0.370,0.370,0.370,0.370,1.000,-1.250,-1.250,-1.250,-1.250,-1.250,-1.250,-1.250
GOOGL,2025-12-15,8,S,C,1.571,1.000,2.000,0.704,0.847,0.806,1.230,1.230,1.230,1.000,2.000,0.704,0.847,0.806,3.000,4.000,0.633
GOOGL,2026-01-13,16,L,C,-1.000,1.000,2.000,-1.250,-1.250,-1.250,3.000,-1.250,-1.250,1.000,2.000,-1.250,-1.250,-1.250,3.000,-1.250,-1.250
GOOGL,2026-03-20,12,S,C,1.763,1.000,2.000,2.000,1.988,1.992,3.000,2.593,2.593,1.000,2.000,2.000,1.988,1.992,3.000,4.000,5.000
GOOGL,2026-04-30,15,S,A,-1.000,-1.250,-1.250,-1.250,-1.133,-1.166,-1.250,-1.250,-1.250,-1.250,-1.250,-1.250,-1.133,-1.166,-1.250,-1.250,-1.250
GOOGL,2026-05-22,37,S,C,-1.000,-1.250,-1.250,-1.250,-1.250,-1.250,-1.250,-1.250,-1.250,-1.250,-1.250,-1.250,-1.250,-1.250,-1.250,-1.250,-1.250
GOOGL,2026-05-26,9,S,A,-1.000,-1.250,-1.250,-1.250,-0.857,-0.970,-1.250,-1.250,-1.250,-1.250,-1.250,-1.250,-0.857,-0.970,-1.250,-1.250,-1.250
GOOGL,2026-05-27,11,L,C,2.027,1.000,2.000,2.989,3.012,3.005,3.000,4.000,2.769,1.000,2.000,2.989,3.012,3.005,3.000,4.000,5.000
ACHR,2025-05-15,10,L,A,0.844,1.000,2.000,1.312,0.962,1.062,1.344,1.344,1.344,1.000,2.000,1.312,0.962,1.062,1.812,1.812,1.812
ACHR,2025-10-07,46,L,C,1.714,1.000,2.000,2.600,4.105,3.675,3.000,4.000,4.750,1.000,2.000,2.600,3.300,3.100,3.000,4.000,-1.250
NFLX,2024-08-29,32,S,C,-1.000,-1.250,-1.250,-1.250,-1.250,-1.250,-1.250,-1.250,-1.250,-1.250,-1.250,-1.250,-1.250,-1.250,-1.250,-1.250,-1.250
NFLX,2024-09-24,11,L,S,0.512,1.000,-1.183,1.061,1.033,1.041,-1.183,-1.183,-1.183,1.000,-1.183,1.061,1.033,1.041,-1.183,-1.183,-1.183
NFLX,2024-11-04,20,S,A,-1.000,-1.043,-1.043,-1.043,-0.368,-0.561,-1.043,-1.043,-1.043,-1.043,-1.043,-1.043,-0.368,-0.561,-1.043,-1.043,-1.043
NFLX,2025-01-03,31,S,S,-1.000,-1.117,-1.117,-1.117,-1.093,-1.100,-1.117,-1.117,-1.117,-1.117,-1.117,-1.117,-1.093,-1.100,-1.117,-1.117,-1.117
NFLX,2025-01-21,6,L,S,-1.000,1.000,2.000,-1.000,-1.175,-1.125,-1.000,-1.000,-1.000,1.000,2.000,-1.000,-1.175,-1.125,-1.000,-1.000,-1.000
NFLX,2025-02-20,65,S,S,-1.000,1.000,2.000,2.937,2.937,2.937,3.000,4.000,5.000,1.000,2.000,-1.033,-0.989,-1.002,3.000,4.000,5.000
NFLX,2025-03-25,19,L,C,3.886,1.000,2.000,3.257,3.555,3.470,3.000,4.000,5.000,1.000,2.000,3.257,3.555,3.470,3.000,4.000,5.000
NFLX,2025-04-01,29,S,S,1.496,1.000,2.000,2.494,2.663,2.615,3.000,4.000,5.000,1.000,2.000,2.494,2.663,2.615,3.000,4.000,5.000
NFLX,2025-04-22,44,L,C,5.719,1.000,2.000,5.419,5.247,5.296,3.000,4.000,5.000,1.000,2.000,5.419,5.247,5.296,3.000,4.000,5.000
NFLX,2025-04-29,52,L,C,-1.000,-1.250,-1.250,-1.250,-1.124,-1.160,-1.250,-1.250,-1.250,-1.250,-1.250,-1.250,-1.124,-1.160,-1.250,-1.250,-1.250
NFLX,2025-05-22,27,L,S,-1.000,-1.000,-1.000,-1.000,-0.937,-0.955,-1.000,-1.000,-1.000,-1.000,-1.000,-1.000,-0.937,-0.955,-1.000,-1.000,-1.000
NFLX,2025-06-25,9,L,C,1.555,1.000,2.000,2.436,2.396,2.408,3.000,-0.803,-0.803,1.000,2.000,2.436,2.396,2.408,3.000,-1.000,-1.000
NFLX,2025-08-20,30,S,S,3.408,1.000,2.000,3.925,4.291,4.186,3.000,4.000,5.000,1.000,2.000,3.925,4.291,4.186,3.000,4.000,5.000
NFLX,2025-08-26,11,L,C,-1.000,-1.250,-1.250,-1.250,-1.250,-1.250,-1.250,-1.250,-1.250,-1.250,-1.250,-1.250,-1.250,-1.250,-1.250,-1.250,-1.250
NFLX,2025-09-04,13,L,C,-1.000,1.000,-1.250,-1.250,-1.250,-1.250,-1.250,-1.250,-1.250,1.000,-1.250,-1.250,-1.250,-1.250,-1.250,-1.250,-1.250
NFLX,2025-09-19,32,S,C,1.681,1.000,2.000,2.390,2.057,2.152,-1.085,-1.085,-1.085,1.000,2.000,2.390,2.057,2.152,-1.085,-1.085,-1.085
NFLX,2025-12-22,19,S,C,0.667,1.000,-1.250,0.139,-0.153,-0.069,-1.250,-1.250,-1.250,1.000,-1.250,0.139,-0.153,-0.069,-1.250,-1.250,-1.250
NFLX,2026-01-06,11,S,A,-1.000,-1.029,-1.029,-1.029,-1.184,-1.140,-1.029,-1.029,-1.029,-1.029,-1.029,-1.029,-1.184,-1.140,-1.029,-1.029,-1.029
NFLX,2026-02-04,36,S,C,-1.000,-1.250,-1.250,-1.250,-1.250,-1.250,-1.250,-1.250,-1.250,-1.250,-1.250,-1.250,-1.250,-1.250,-1.250,-1.250,-1.250
NFLX,2026-02-26,8,L,C,3.746,1.000,2.000,3.947,4.522,4.358,3.000,4.000,5.000,1.000,2.000,3.947,4.522,4.358,3.000,4.000,5.000
NFLX,2026-03-02,15,L,C,5.109,1.000,2.000,4.859,4.694,4.741,3.000,4.000,5.000,1.000,2.000,4.859,4.694,4.741,3.000,4.000,5.000
NFLX,2026-03-10,13,S,A,-1.000,-1.063,-1.063,-1.063,-1.194,-1.156,-1.063,-1.063,-1.063,-1.063,-1.063,-1.063,-1.194,-1.156,-1.063,-1.063,-1.063
NFLX,2026-03-30,17,L,A,-1.000,-1.103,-1.103,-1.103,-1.134,-1.125,-1.103,-1.103,-1.103,-1.103,-1.103,-1.103,-1.134,-1.125,-1.103,-1.103,-1.103
NFLX,2026-04-17,38,L,C,-1.000,1.000,2.000,-1.250,-0.651,-0.822,-1.250,-1.250,-1.250,1.000,2.000,-1.250,-0.651,-0.822,-1.250,-1.250,-1.250
NFLX,2026-06-02,15,S,A,1.115,1.000,2.000,3.300,3.335,3.325,3.000,4.000,0.650,1.000,2.000,3.300,3.335,3.325,3.000,4.000,5.000
NFLX,2026-06-03,28,S,C,0.526,1.000,2.000,0.000,0.258,0.184,3.000,3.000,3.000,1.000,2.000,0.000,0.258,0.184,3.000,4.000,5.000
NFLX,2026-06-04,52,S,C,4.960,1.000,2.000,2.417,2.504,2.479,3.000,4.000,5.000,1.000,2.000,2.417,2.504,2.479,3.000,4.000,5.000
NFLX,2026-06-18,8,S,C,1.083,1.000,2.000,1.278,2.094,1.861,3.000,-1.167,-1.167,1.000,2.000,1.278,2.094,1.861,3.000,-1.167,-1.167
NFLX,2026-07-17,30,L,C,6.329,1.000,2.000,3.909,6.182,5.533,3.000,4.000,5.000,1.000,2.000,3.909,6.182,5.533,3.000,4.000,5.000
NFLX,2026-07-23,71,L,C,-1.000,1.000,2.000,0.850,0.850,0.850,3.000,0.850,0.850,1.000,2.000,-1.250,-1.250,-1.250,3.000,-1.250,-1.250
ORCL,2024-09-03,11,L,C,1.020,1.000,2.000,1.557,2.007,1.878,3.000,0.120,0.120,1.000,2.000,1.557,2.007,1.878,3.000,-1.160,-1.160
ORCL,2024-11-06,21,L,C,1.767,1.000,2.000,1.278,2.094,1.861,3.000,4.000,5.000,1.000,2.000,1.278,2.094,1.861,3.000,4.000,5.000
ORCL,2024-11-08,11,L,C,2.566,1.000,2.000,1.026,1.339,1.250,3.000,2.763,2.763,1.000,2.000,1.026,1.339,1.250,3.000,4.000,5.000
ORCL,2024-11-13,40,L,A,-1.000,-1.086,-1.086,-1.086,-0.866,-0.929,-1.086,-1.086,-1.086,-1.086,-1.086,-1.086,-0.866,-0.929,-1.086,-1.086,-1.086
ORCL,2025-01-28,72,S,A,-1.000,-1.250,-1.250,-1.250,-1.250,-1.250,-1.250,-1.250,-1.250,-1.250,-1.250,-1.250,-1.250,-1.250,-1.250,-1.250,-1.250
ORCL,2025-01-29,61,S,S,-1.000,1.000,-1.083,-1.083,-0.843,-0.911,-1.083,-1.083,-1.083,1.000,-1.083,-1.083,-0.843,-0.911,-1.083,-1.083,-1.083
ORCL,2025-02-24,20,S,A,3.946,1.000,2.000,5.982,5.795,5.848,3.000,4.000,5.000,1.000,2.000,5.982,5.795,5.848,3.000,4.000,5.000
ORCL,2025-03-12,18,S,C,-1.000,1.000,-1.250,-1.250,-0.458,-0.684,-1.250,-1.250,-1.250,1.000,-1.250,-1.250,-0.458,-0.684,-1.250,-1.250,-1.250
ORCL,2025-03-17,21,L,A,0.940,1.000,2.000,1.529,2.260,2.051,3.000,-1.026,-1.026,1.000,2.000,1.529,2.260,2.051,3.000,-1.026,-1.026
ORCL,2025-03-24,36,S,A,0.899,1.000,2.000,1.233,0.463,0.683,-1.200,-1.200,-1.200,1.000,2.000,1.233,0.463,0.683,-1.200,-1.200,-1.200
ORCL,2025-03-31,22,S,C,0.776,1.000,-1.042,-1.042,-1.187,-1.146,-1.042,-1.042,-1.042,1.000,-1.042,-1.042,-1.187,-1.146,-1.042,-1.042,-1.042
ORCL,2025-04-04,84,S,C,-1.000,1.000,-1.250,-1.250,-1.250,-1.250,-1.250,-1.250,-1.250,1.000,-1.250,-1.250,-1.250,-1.250,-1.250,-1.250,-1.250
ORCL,2025-04-08,14,S,C,-1.000,-1.250,-1.250,-1.250,-1.054,-1.110,-1.250,-1.250,-1.250,-1.250,-1.250,-1.250,-1.054,-1.110,-1.250,-1.250,-1.250
ORCL,2025-07-02,24,L,C,1.218,1.000,2.000,0.196,0.257,0.239,3.000,4.000,5.000,1.000,2.000,0.196,0.257,0.239,3.000,4.000,5.000
ORCL,2025-07-14,20,S,C,0.916,1.000,2.000,1.732,1.277,1.407,3.000,-1.098,-1.098,1.000,2.000,1.732,1.277,1.407,3.000,-1.098,-1.098
ORCL,2025-07-22,10,S,A,2.132,1.000,2.000,2.653,2.147,2.292,3.000,4.000,5.000,1.000,2.000,2.653,2.147,2.292,3.000,4.000,5.000
ORCL,2025-09-04,18,S,C,-1.000,-1.000,-1.000,-1.000,-1.175,-1.125,-1.000,-1.000,-1.000,-1.000,-1.000,-1.000,-1.175,-1.125,-1.000,-1.000,-1.000
ORCL,2025-09-05,22,S,C,1.159,1.000,2.000,1.071,1.090,1.085,1.511,1.511,1.511,1.000,2.000,1.071,1.090,1.085,-1.023,-1.023,-1.023
ORCL,2025-09-08,85,L,A,-1.000,-1.250,-1.250,-1.250,-1.250,-1.250,-1.250,-1.250,-1.250,-1.250,-1.250,-1.250,-1.250,-1.250,-1.250,-1.250,-1.250
ORCL,2025-09-30,18,S,C,1.600,1.000,2.000,1.258,1.143,1.176,3.000,-1.144,-1.144,1.000,2.000,1.258,1.143,1.176,3.000,-1.144,-1.144
ORCL,2025-10-10,60,L,A,2.163,1.000,2.000,3.103,2.547,2.706,3.000,4.000,5.000,1.000,2.000,3.103,2.547,2.706,3.000,4.000,5.000
ORCL,2025-10-22,61,S,A,1.025,1.000,-0.394,0.342,0.676,0.581,-0.394,-0.394,-0.394,1.000,-1.017,0.342,0.676,0.581,-1.017,-1.017,-1.017
ORCL,2025-10-29,11,S,A,0.661,1.000,2.000,0.552,0.501,0.516,3.000,1.167,1.167,1.000,2.000,0.552,0.501,0.516,3.000,-1.094,-1.094
ORCL,2025-11-03,30,S,C,-1.000,1.000,-1.250,-1.250,-1.250,-1.250,-1.250,-1.250,-1.250,1.000,-1.250,-1.250,-1.250,-1.250,-1.250,-1.250,-1.250
ORCL,2025-11-10,29,S,A,-1.000,1.000,2.000,-1.050,-1.190,-1.150,-1.050,-1.050,-1.050,1.000,2.000,-1.050,-1.190,-1.150,-1.050,-1.050,-1.050
ORCL,2025-11-13,54,S,C,-1.000,1.000,-1.250,-1.250,-1.250,-1.250,-1.250,-1.250,-1.250,1.000,-1.250,-1.250,-1.250,-1.250,-1.250,-1.250,-1.250
ORCL,2025-12-08,8,L,C,4.403,1.000,2.000,2.435,1.372,1.676,3.000,4.000,5.000,1.000,2.000,2.435,1.372,1.676,3.000,4.000,5.000
ORCL,2025-12-24,30,L,C,-1.000,1.000,-0.480,-0.480,-0.480,-0.480,-0.480,-0.480,-0.480,1.000,-1.000,-1.000,-0.748,-0.820,-1.000,-1.000,-1.000
ORCL,2026-01-06,18,S,C,-1.000,-1.067,-1.067,-1.067,-1.195,-1.159,-1.067,-1.067,-1.067,-1.067,-1.067,-1.067,-1.195,-1.159,-1.067,-1.067,-1.067
ORCL,2026-01-23,50,L,A,1.713,1.000,2.000,1.650,1.440,1.500,3.000,4.000,5.000,1.000,2.000,1.650,1.440,1.500,3.000,4.000,5.000
ORCL,2026-01-29,19,S,C,2.803,1.000,2.000,8.513,9.198,9.003,3.000,4.000,5.000,1.000,2.000,8.513,9.198,9.003,3.000,4.000,5.000
ORCL,2026-02-10,44,L,C,3.661,1.000,2.000,1.302,2.051,1.837,3.000,4.000,5.000,1.000,2.000,1.302,2.051,1.837,3.000,4.000,5.000
ORCL,2026-02-12,11,S,C,-1.000,-1.111,-1.111,-1.111,-1.208,-1.181,-1.111,-1.111,-1.111,-1.111,-1.111,-1.111,-1.208,-1.181,-1.111,-1.111,-1.111
ORCL,2026-03-05,12,L,S,-1.000,-1.147,-1.147,-1.147,-0.581,-0.743,-1.147,-1.147,-1.147,-1.147,-1.147,-1.147,-0.581,-0.743,-1.147,-1.147,-1.147
ORCL,2026-03-09,14,S,C,-1.000,-1.250,-1.250,-1.250,-1.250,-1.250,-1.250,-1.250,-1.250,-1.250,-1.250,-1.250,-1.250,-1.250,-1.250,-1.250,-1.250
ORCL,2026-03-11,66,S,A,4.186,1.000,2.000,4.440,3.622,3.856,3.000,4.000,5.000,1.000,2.000,4.440,3.622,3.856,3.000,4.000,5.000
ORCL,2026-03-13,37,S,C,3.782,1.000,2.000,3.760,3.676,3.700,3.000,4.000,5.000,1.000,2.000,3.760,3.676,3.700,3.000,4.000,5.000
ORCL,2026-04-08,73,S,C,3.476,1.000,2.000,1.217,1.552,1.457,3.000,4.000,5.000,1.000,2.000,1.217,1.552,1.457,3.000,4.000,5.000
ORCL,2026-04-15,10,L,C,4.471,1.000,2.000,2.667,3.536,3.288,3.000,4.000,5.000,1.000,2.000,2.667,3.536,3.288,3.000,4.000,5.000
ORCL,2026-04-27,25,S,A,2.518,1.000,2.000,2.446,2.159,2.241,3.000,-1.125,-1.125,1.000,2.000,2.446,2.159,2.241,3.000,-1.125,-1.125
ORCL,2026-04-29,5,S,A,-1.000,1.000,-1.189,-1.189,-0.660,-0.811,-1.189,-1.189,-1.189,1.000,-1.189,-1.189,-0.660,-0.811,-1.189,-1.189,-1.189
ORCL,2026-05-04,15,L,A,1.816,1.000,2.000,1.625,1.814,1.760,3.000,4.000,5.000,1.000,2.000,1.625,1.814,1.760,3.000,4.000,5.000
ORCL,2026-05-15,23,L,C,2.300,1.000,2.000,2.680,1.224,1.640,3.000,-1.250,-1.250,1.000,2.000,2.680,1.224,1.640,3.000,-1.250,-1.250
ORCL,2026-05-20,8,S,A,-1.000,1.000,2.000,-1.000,-1.175,-1.125,-1.000,-1.000,-1.000,1.000,2.000,-1.000,-1.175,-1.125,-1.000,-1.000,-1.000
ORCL,2026-05-29,71,L,C,-1.000,1.000,-1.250,-1.250,-1.250,-1.250,-1.250,-1.250,-1.250,1.000,-1.250,-1.250,-1.250,-1.250,-1.250,-1.250,-1.250
ORCL,2026-06-01,56,L,A,3.902,1.000,2.000,4.978,4.088,4.342,3.000,4.000,5.000,1.000,2.000,4.978,4.088,4.342,3.000,4.000,5.000
ORCL,2026-06-08,31,S,C,3.618,1.000,2.000,1.579,1.404,1.454,3.000,4.000,-1.250,1.000,2.000,1.579,1.404,1.454,3.000,4.000,-1.250
ORCL,2026-06-09,63,S,C,4.168,1.000,2.000,9.708,8.534,8.870,3.000,4.000,5.000,1.000,2.000,9.708,8.534,8.870,3.000,4.000,5.000
ORCL,2026-06-16,31,L,C,-1.000,-1.250,-1.250,-1.250,-1.250,-1.250,-1.250,-1.250,-1.250,-1.250,-1.250,-1.250,-1.250,-1.250,-1.250,-1.250,-1.250
ORCL,2026-07-06,11,S,A,-1.000,1.000,2.000,-1.250,-0.299,-0.571,-1.250,-1.250,-1.250,1.000,2.000,-1.250,-0.299,-0.571,-1.250,-1.250,-1.250
ORCL,2026-08-04,12,L,C,-1.000,1.000,2.000,-1.250,-0.488,-0.706,3.000,-1.250,-1.250,1.000,2.000,-1.250,-0.488,-0.706,3.000,-1.250,-1.250
ORCL,2026-08-06,27,L,C,-1.000,-1.250,-1.250,-1.250,-1.104,-1.145,-1.250,-1.250,-1.250,-1.250,-1.250,-1.250,-1.104,-1.145,-1.250,-1.250,-1.250
QQQ,2025-03-20,36,L,S,1.800,1.000,2.000,1.073,0.462,0.636,3.000,4.000,5.000,1.000,2.000,1.073,0.462,0.636,3.000,4.000,5.000
QQQ,2025-03-28,76,S,C,0.457,1.000,0.647,0.733,0.696,0.707,0.647,0.647,0.647,1.000,2.000,0.733,0.696,0.707,3.000,4.000,5.000
QQQ,2025-04-07,11,S,A,1.257,1.000,2.000,1.354,-0.015,0.376,-1.250,-1.250,-1.250,1.000,2.000,1.354,-0.015,0.376,-1.250,-1.250,-1.250
QQQ,2025-04-23,7,L,A,2.262,1.000,2.000,0.374,0.548,0.498,3.000,1.435,1.435,1.000,2.000,0.374,0.548,0.498,3.000,-1.210,-1.210
QQQ,2025-10-29,84,L,C,-1.000,-0.075,-0.075,-0.075,-0.075,-0.075,-0.075,-0.075,-0.075,-1.045,-1.045,-1.045,-1.003,-1.015,-1.045,-1.045,-1.045
QQQ,2025-11-06,19,S,C,1.516,1.000,2.000,1.447,3.651,3.021,3.000,4.000,5.000,1.000,2.000,1.447,3.651,3.021,3.000,4.000,5.000
QQQ,2026-01-14,6,S,C,0.842,1.000,2.000,0.862,0.867,0.865,3.000,4.000,3.731,1.000,2.000,0.862,0.867,0.865,3.000,4.000,5.000
QQQ,2026-06-24,17,S,A,0.538,1.000,-1.250,-0.076,-0.898,-0.663,-1.250,-1.250,-1.250,1.000,-1.250,-0.076,-0.898,-0.663,-1.250,-1.250,-1.250
QQQ,2026-06-29,52,S,C,-1.000,1.000,2.000,-1.155,-1.221,-1.202,-1.155,-1.155,-1.155,1.000,2.000,-1.155,-1.221,-1.202,-1.155,-1.155,-1.155
SPY,2025-04-04,64,S,S,0.870,1.000,2.000,0.437,0.241,0.297,3.000,4.000,5.000,1.000,2.000,0.437,0.241,0.297,3.000,4.000,5.000
SPY,2025-04-07,11,S,A,1.825,1.000,2.000,1.710,0.100,0.560,3.000,-1.250,-1.250,1.000,2.000,1.710,0.100,0.560,3.000,-1.250,-1.250
SPY,2025-07-09,72,S,A,1.282,1.000,1.145,0.468,0.694,0.629,1.145,1.145,1.145,1.000,2.000,0.468,0.694,0.629,-1.097,-1.097,-1.097
SPY,2026-02-13,52,S,A,-1.000,-1.000,-1.000,-1.000,-1.175,-1.125,-1.000,-1.000,-1.000,-1.000,-1.000,-1.000,-1.175,-1.125,-1.000,-1.000,-1.000
IWM,2024-09-18,9,L,C,0.274,-1.056,-1.056,0.099,0.335,0.268,-1.056,-1.056,-1.056,-1.056,-1.056,0.099,0.335,0.268,-1.056,-1.056,-1.056
IWM,2025-04-02,30,L,C,1.412,1.000,2.000,0.719,0.658,0.675,3.000,2.772,2.772,1.000,2.000,0.719,0.658,0.675,3.000,4.000,5.000
IWM,2025-08-01,78,S,C,-1.000,1.000,1.077,1.077,1.077,1.077,1.077,1.077,1.077,1.000,2.000,-1.250,-1.250,-1.250,-1.250,-1.250,-1.250
IWM,2026-02-05,52,S,C,1.713,1.000,2.000,1.667,1.680,1.676,3.000,0.648,0.648,1.000,2.000,1.667,1.680,1.676,3.000,-1.111,-1.111
IWM,2026-02-11,25,S,S,1.259,1.000,2.000,0.759,0.954,0.898,3.000,4.000,5.000,1.000,2.000,0.759,0.954,0.898,3.000,4.000,5.000
SOFI,2025-10-24,10,L,A,-1.000,1.000,-1.250,-1.250,-1.250,-1.250,-1.250,-1.250,-1.250,1.000,-1.250,-1.250,-1.250,-1.250,-1.250,-1.250,-1.250
SOFI,2026-02-20,41,S,C,1.667,1.000,2.000,0.273,0.273,0.273,0.273,0.273,0.273,1.000,2.000,3.409,3.279,3.316,3.000,4.000,-0.091
COIN,2024-08-21,19,S,C,-1.000,-1.152,-1.152,-1.152,-1.152,-1.152,-1.152,-1.152,-1.152,-1.152,-1.152,-1.152,-1.152,-1.152,-1.152,-1.152,-1.152
COIN,2024-08-23,37,L,S,5.379,1.000,2.000,5.422,4.984,5.109,3.000,4.000,5.000,1.000,2.000,5.422,4.984,5.109,3.000,4.000,5.000
COIN,2024-09-12,10,L,C,-1.000,1.000,2.000,-1.250,-1.250,-1.250,3.000,-1.250,-1.250,1.000,2.000,-1.250,-1.250,-1.250,3.000,-1.250,-1.250
COIN,2024-09-13,33,L,S,2.667,1.000,2.000,2.537,2.194,2.292,3.000,4.000,-1.250,1.000,2.000,2.537,2.194,2.292,3.000,4.000,-1.250
COIN,2024-09-16,34,L,C,0.938,1.000,2.000,1.525,1.035,1.175,3.000,-1.250,-1.250,1.000,2.000,1.525,1.035,1.175,3.000,-1.250,-1.250
COIN,2024-09-17,23,S,C,-1.000,1.000,-1.250,-1.250,-1.250,-1.250,-1.250,-1.250,-1.250,1.000,-1.250,-1.250,-1.250,-1.250,-1.250,-1.250,-1.250
COIN,2024-09-20,58,L,A,-1.000,-1.250,-1.250,-1.250,-1.250,-1.250,-1.250,-1.250,-1.250,-1.250,-1.250,-1.250,-1.250,-1.250,-1.250,-1.250,-1.250
COIN,2024-10-01,74,S,C,3.157,1.000,2.000,2.486,1.877,2.051,3.000,1.315,1.315,1.000,2.000,2.486,1.877,2.051,3.000,4.000,5.000
COIN,2024-10-07,39,L,C,2.097,1.000,2.000,2.119,1.336,1.559,3.000,-1.250,-1.250,1.000,2.000,2.119,1.336,1.559,3.000,-1.250,-1.250
COIN,2024-10-08,38,L,C,-1.000,-1.250,-1.250,-1.250,-1.250,-1.250,-1.250,-1.250,-1.250,-1.250,-1.250,-1.250,-1.250,-1.250,-1.250,-1.250,-1.250
COIN,2024-10-18,12,L,C,2.627,1.000,2.000,2.024,1.652,1.758,3.000,4.000,5.000,1.000,2.000,2.024,1.652,1.758,3.000,4.000,5.000
COIN,2024-10-25,43,L,C,-1.000,1.000,2.000,-1.000,-0.894,-0.924,3.000,4.000,-1.000,1.000,2.000,-1.000,-0.894,-0.924,3.000,4.000,-1.000
COIN,2024-10-28,12,L,C,-1.000,1.000,2.000,-1.093,-0.308,-0.532,3.000,4.000,5.000,1.000,2.000,-1.093,-0.308,-0.532,3.000,4.000,5.000
COIN,2024-11-04,46,S,C,3.500,1.000,2.000,2.886,2.321,2.483,3.000,4.000,5.000,1.000,2.000,2.886,2.321,2.483,3.000,4.000,5.000
COIN,2024-11-05,42,L,A,-1.000,1.000,-1.036,-1.036,-0.452,-0.619,-1.036,-1.036,-1.036,1.000,-1.036,-1.036,-0.452,-0.619,-1.036,-1.036,-1.036
COIN,2024-11-08,67,L,C,-1.000,-1.250,-1.250,-1.250,-1.250,-1.250,-1.250,-1.250,-1.250,-1.250,-1.250,-1.250,-1.250,-1.250,-1.250,-1.250,-1.250
COIN,2024-11-11,58,L,A,-1.000,1.000,2.000,-1.150,-1.220,-1.200,3.000,-1.150,-1.150,1.000,2.000,-1.150,-1.220,-1.200,3.000,-1.150,-1.150
COIN,2024-11-12,29,L,C,1.131,1.000,2.000,0.310,0.882,0.718,-1.017,-1.017,-1.017,1.000,2.000,0.310,0.882,0.718,-1.017,-1.017,-1.017
COIN,2024-11-26,21,L,A,0.826,1.000,2.000,-0.867,-1.135,-1.059,-1.250,-1.250,-1.250,1.000,2.000,-0.867,-1.135,-1.059,-1.250,-1.250,-1.250
COIN,2024-12-18,60,S,S,-1.000,1.000,-1.250,-1.250,-0.886,-0.990,-1.250,-1.250,-1.250,1.000,-1.250,-1.250,-0.886,-0.990,-1.250,-1.250,-1.250
COIN,2024-12-19,56,S,S,2.447,1.000,2.000,1.964,2.202,2.134,-1.049,-1.049,-1.049,1.000,2.000,1.964,2.202,2.134,-1.049,-1.049,-1.049
COIN,2024-12-23,12,S,C,2.432,1.000,2.000,3.485,4.111,3.932,3.000,4.000,5.000,1.000,2.000,3.485,4.111,3.932,3.000,4.000,5.000
COIN,2024-12-30,32,S,A,4.609,1.000,2.000,3.316,4.415,4.101,3.000,4.000,5.000,1.000,2.000,3.316,4.415,4.101,3.000,4.000,5.000
COIN,2025-01-03,8,L,C,0.943,1.000,2.000,0.321,0.580,0.506,-1.250,-1.250,-1.250,1.000,2.000,0.321,0.580,0.506,-1.250,-1.250,-1.250
COIN,2025-01-08,27,S,A,-1.000,1.000,-1.250,-1.250,-1.250,-1.250,-1.250,-1.250,-1.250,1.000,-1.250,-1.250,-1.250,-1.250,-1.250,-1.250,-1.250
COIN,2025-01-13,82,S,A,-1.000,1.000,2.000,4.465,4.465,4.465,3.000,4.000,4.465,1.000,2.000,-1.023,-1.182,-1.137,3.000,4.000,5.000
COIN,2025-01-23,12,L,C,5.528,1.000,2.000,5.333,4.466,4.714,3.000,4.000,5.000,1.000,2.000,5.333,4.466,4.714,3.000,4.000,5.000
COIN,2025-01-24,15,L,A,-1.000,-1.250,-1.250,-1.250,-1.250,-1.250,-1.250,-1.250,-1.250,-1.250,-1.250,-1.250,-1.250,-1.250,-1.250,-1.250,-1.250
COIN,2025-01-28,9,S,A,1.177,1.000,-1.250,1.043,1.117,1.096,-1.250,-1.250,-1.250,1.000,-1.250,1.043,1.117,1.096,-1.250,-1.250,-1.250
COIN,2025-01-31,41,L,A,-1.000,-1.250,-1.250,-1.250,-1.250,-1.250,-1.250,-1.250,-1.250,-1.250,-1.250,-1.250,-1.250,-1.250,-1.250,-1.250,-1.250
COIN,2025-02-05,80,S,C,-1.000,-1.122,-1.122,-1.122,-1.212,-1.186,-1.122,-1.122,-1.122,-1.122,-1.122,-1.122,-1.212,-1.186,-1.122,-1.122,-1.122
COIN,2025-02-10,17,S,C,-1.000,-1.073,-1.073,-1.073,-0.574,-0.716,-1.073,-1.073,-1.073,-1.073,-1.073,-1.073,-0.574,-0.716,-1.073,-1.073,-1.073
COIN,2025-02-19,10,S,C,3.072,1.000,2.000,3.000,2.497,2.641,3.000,4.000,5.000,1.000,2.000,3.000,2.497,2.641,3.000,4.000,5.000
COIN,2025-02-20,82,S,C,-1.000,1.000,2.000,0.315,0.315,0.315,0.315,0.315,0.315,1.000,2.000,-1.250,-1.250,-1.250,-1.250,-1.250,-1.250
COIN,2025-03-04,41,S,C,-1.000,-1.050,-1.050,-1.050,-1.190,-1.150,-1.050,-1.050,-1.050,-1.050,-1.050,-1.050,-1.190,-1.150,-1.050,-1.050,-1.050
COIN,2025-03-06,29,L,A,2.856,1.000,2.000,1.754,3.160,2.758,3.000,4.000,5.000,1.000,2.000,1.754,3.160,2.758,3.000,4.000,5.000
COIN,2025-03-14,26,S,A,2.658,1.000,2.000,2.526,1.336,1.676,3.000,4.000,5.000,1.000,2.000,2.526,1.336,1.676,3.000,4.000,5.000
COIN,2025-03-31,9,S,A,2.141,1.000,2.000,2.679,2.037,2.220,3.000,4.000,-1.250,1.000,2.000,2.679,2.037,2.220,3.000,4.000,-1.250
COIN,2025-04-01,29,S,C,-1.000,1.000,2.000,-1.250,-1.250,-1.250,3.000,4.000,5.000,1.000,2.000,-1.250,-1.250,-1.250,3.000,4.000,5.000
COIN,2025-04-02,57,L,C,5.990,1.000,2.000,0.818,0.818,0.818,0.818,0.818,0.818,1.000,2.000,7.830,7.869,7.858,3.000,4.000,5.000
COIN,2025-04-08,67,S,C,-1.000,-1.250,-1.250,-1.250,-1.250,-1.250,-1.250,-1.250,-1.250,-1.250,-1.250,-1.250,-1.250,-1.250,-1.250,-1.250,-1.250
COIN,2025-04-10,20,L,S,-1.000,1.000,2.000,-1.250,-1.250,-1.250,3.000,4.000,5.000,1.000,2.000,-1.250,-1.250,-1.250,3.000,4.000,5.000
COIN,2025-04-15,25,L,C,-1.000,-1.250,-1.250,-1.250,-1.168,-1.192,-1.250,-1.250,-1.250,-1.250,-1.250,-1.250,-1.168,-1.192,-1.250,-1.250,-1.250
COIN,2025-04-16,16,L,A,-1.000,1.000,-1.067,-1.067,-1.195,-1.158,-1.067,-1.067,-1.067,1.000,-1.067,-1.067,-1.195,-1.158,-1.067,-1.067,-1.067
COIN,2025-05-09,16,L,C,2.000,1.000,2.000,1.515,0.660,0.904,3.000,4.000,5.000,1.000,2.000,1.515,0.660,0.904,3.000,4.000,5.000
COIN,2025-05-12,65,S,S,-1.000,-1.250,-1.250,-1.250,-1.250,-1.250,-1.250,-1.250,-1.250,-1.250,-1.250,-1.250,-1.250,-1.250,-1.250,-1.250,-1.250
COIN,2025-05-13,26,L,S,1.000,1.000,2.000,1.530,0.900,1.080,-1.245,-1.245,-1.245,1.000,2.000,1.530,0.900,1.080,-1.245,-1.245,-1.245
COIN,2025-05-29,45,S,S,1.826,1.000,2.000,5.977,5.285,5.483,3.000,4.000,5.000,1.000,2.000,5.977,5.285,5.483,3.000,4.000,5.000
COIN,2025-06-12,8,S,C,-1.000,1.000,2.000,-1.250,-1.250,-1.250,-1.250,-1.250,-1.250,1.000,2.000,-1.250,-1.250,-1.250,-1.250,-1.250,-1.250
COIN,2025-06-23,31,L,A,-1.000,-1.250,-1.250,-1.250,0.744,0.174,-1.250,-1.250,-1.250,-1.250,-1.250,-1.250,0.744,0.174,-1.250,-1.250,-1.250
COIN,2025-06-26,18,L,A,-1.000,1.000,-1.014,-1.014,-0.491,-0.640,-1.014,-1.014,-1.014,1.000,-1.014,-1.014,-0.491,-0.640,-1.014,-1.014,-1.014
COIN,2025-07-10,52,L,C,-1.000,1.000,-1.250,-1.250,-1.250,-1.250,-1.250,-1.250,-1.250,1.000,-1.250,-1.250,-1.250,-1.250,-1.250,-1.250,-1.250
COIN,2025-07-18,13,L,S,3.753,1.000,2.000,6.220,6.928,6.726,3.000,4.000,5.000,1.000,2.000,6.220,6.928,6.726,3.000,4.000,5.000
COIN,2025-07-21,27,L,C,-1.000,1.000,2.000,-1.250,-1.250,-1.250,-1.250,-1.250,-1.250,1.000,2.000,-1.250,-1.250,-1.250,-1.250,-1.250,-1.250
COIN,2025-07-25,38,S,A,1.232,1.000,2.000,1.921,0.474,0.887,-1.195,-1.195,-1.195,1.000,2.000,1.921,0.474,0.887,-1.195,-1.195,-1.195
COIN,2025-07-29,17,S,C,2.799,1.000,2.000,3.542,3.010,3.162,3.000,4.000,5.000,1.000,2.000,3.542,3.010,3.162,3.000,4.000,5.000
COIN,2025-08-11,40,L,C,3.728,1.000,2.000,3.338,5.569,4.932,3.000,4.000,5.000,1.000,2.000,3.338,5.569,4.932,3.000,4.000,5.000
COIN,2025-09-11,37,L,C,-1.000,1.000,-1.059,-1.059,-1.193,-1.155,-1.059,-1.059,-1.059,1.000,-1.059,-1.059,-1.193,-1.155,-1.059,-1.059,-1.059
COIN,2025-10-01,88,L,C,-1.000,1.000,0.764,0.764,0.764,0.764,0.764,0.764,0.764,1.000,-1.018,-1.018,-1.180,-1.134,-1.018,-1.018,-1.018
COIN,2025-10-09,39,L,S,0.513,1.000,-1.040,0.168,0.167,0.167,-1.040,-1.040,-1.040,1.000,-1.040,0.168,0.167,0.167,-1.040,-1.040,-1.040
COIN,2025-10-14,13,S,A,-1.000,1.000,-1.250,-1.250,-1.250,-1.250,-1.250,-1.250,-1.250,1.000,-1.250,-1.250,-1.250,-1.250,-1.250,-1.250,-1.250
COIN,2025-10-16,36,S,C,-1.000,1.000,2.000,-1.250,-0.400,-0.643,-1.250,-1.250,-1.250,1.000,2.000,-1.250,-0.400,-0.643,-1.250,-1.250,-1.250
COIN,2025-10-22,18,S,C,0.967,1.000,2.000,-0.717,-0.676,-0.688,-1.250,-1.250,-1.250,1.000,2.000,-0.717,-0.676,-0.688,-1.250,-1.250,-1.250
COIN,2025-10-23,9,S,C,1.083,1.000,2.000,1.415,0.953,1.085,-1.000,-1.000,-1.000,1.000,2.000,1.415,0.953,1.085,-1.000,-1.000,-1.000
COIN,2025-11-07,16,S,A,-1.000,1.000,-1.250,-1.250,-1.250,-1.250,-1.250,-1.250,-1.250,1.000,-1.250,-1.250,-1.250,-1.250,-1.250,-1.250,-1.250
COIN,2025-11-26,14,L,C,1.593,1.000,2.000,2.206,2.607,2.493,3.000,-1.250,-1.250,1.000,2.000,2.206,2.607,2.493,3.000,-1.250,-1.250
COIN,2025-11-28,17,L,A,1.743,1.000,2.000,1.009,0.810,0.867,3.000,4.000,5.000,1.000,2.000,1.009,0.810,0.867,3.000,4.000,5.000
COIN,2025-12-02,14,S,A,1.170,1.000,2.000,-1.980,-1.250,-1.250,-1.250,-1.250,-1.250,1.000,2.000,-1.980,-1.250,-1.250,-1.250,-1.250,-1.250
COIN,2025-12-05,58,L,C,-1.000,1.000,2.000,-1.102,-0.810,-0.894,-1.102,-1.102,-1.102,1.000,2.000,-1.102,-0.810,-0.894,-1.102,-1.102,-1.102
COIN,2025-12-08,58,S,S,-1.000,1.000,-1.020,-1.020,-1.181,-1.135,-1.020,-1.020,-1.020,1.000,-1.020,-1.020,-1.181,-1.135,-1.020,-1.020,-1.020
COIN,2025-12-10,40,L,C,-1.000,1.000,-1.161,-1.161,-0.998,-1.045,-1.161,-1.161,-1.161,1.000,-1.161,-1.161,-0.998,-1.045,-1.161,-1.161,-1.161
COIN,2025-12-11,22,S,A,3.084,1.000,2.000,3.372,3.217,3.262,3.000,4.000,5.000,1.000,2.000,3.372,3.217,3.262,3.000,4.000,5.000
COIN,2025-12-24,11,S,C,-1.000,-1.250,-1.250,-1.250,-0.612,-0.795,-1.250,-1.250,-1.250,-1.250,-1.250,-1.250,-0.612,-0.795,-1.250,-1.250,-1.250
COIN,2026-01-21,20,S,C,0.613,1.000,-1.184,0.480,0.015,0.148,-1.184,-1.184,-1.184,1.000,-1.184,0.480,0.015,0.148,-1.184,-1.184,-1.184
COIN,2026-01-30,64,S,A,-1.000,-1.250,-1.250,-1.250,-0.708,-0.863,-1.250,-1.250,-1.250,-1.250,-1.250,-1.250,-0.708,-0.863,-1.250,-1.250,-1.250
COIN,2026-02-02,37,S,A,-1.000,1.000,-1.250,-1.250,-1.250,-1.250,-1.250,-1.250,-1.250,1.000,-1.250,-1.250,-1.250,-1.250,-1.250,-1.250,-1.250
COIN,2026-02-05,61,S,A,4.107,1.000,2.000,2.536,3.161,2.982,3.000,4.000,5.000,1.000,2.000,2.536,3.161,2.982,3.000,4.000,5.000
COIN,2026-02-10,14,L,A,-1.000,-1.250,-1.250,-1.250,-1.250,-1.250,-1.250,-1.250,-1.250,-1.250,-1.250,-1.250,-1.250,-1.250,-1.250,-1.250,-1.250
COIN,2026-02-11,13,S,S,3.842,1.000,2.000,3.146,5.375,4.738,3.000,4.000,5.000,1.000,2.000,3.146,5.375,4.738,3.000,4.000,5.000
COIN,2026-02-24,15,S,C,-1.000,1.000,-1.250,-1.250,-1.250,-1.250,-1.250,-1.250,-1.250,1.000,-1.250,-1.250,-1.250,-1.250,-1.250,-1.250,-1.250
COIN,2026-02-26,31,L,C,-1.000,1.000,2.000,-1.250,-1.054,-1.110,-1.250,-1.250,-1.250,1.000,2.000,-1.250,-1.054,-1.110,-1.250,-1.250,-1.250
COIN,2026-03-04,35,L,A,3.189,1.000,2.000,4.082,4.048,4.057,3.000,4.000,5.000,1.000,2.000,4.082,4.048,4.057,3.000,4.000,5.000
COIN,2026-03-05,27,L,C,1.789,1.000,2.000,1.119,0.503,0.679,-1.070,-1.070,-1.070,1.000,2.000,1.119,0.503,0.679,-1.070,-1.070,-1.070
COIN,2026-03-12,10,L,C,-1.000,1.000,-1.250,-1.250,-1.250,-1.250,-1.250,-1.250,-1.250,1.000,-1.250,-1.250,-1.250,-1.250,-1.250,-1.250,-1.250
COIN,2026-03-20,36,S,C,4.420,1.000,2.000,1.511,0.676,0.915,3.000,4.000,5.000,1.000,2.000,1.511,0.676,0.915,3.000,4.000,5.000
COIN,2026-04-06,31,S,C,-1.000,-1.173,-1.173,-1.173,-0.960,-1.021,-1.173,-1.173,-1.173,-1.173,-1.173,-1.173,-0.960,-1.021,-1.173,-1.173,-1.173
COIN,2026-04-14,36,L,C,3.306,1.000,2.000,2.129,2.944,2.711,3.000,4.000,1.000,1.000,2.000,2.129,2.944,2.711,3.000,4.000,-1.043
COIN,2026-04-17,29,L,C,2.675,1.000,2.000,2.562,1.906,2.094,3.000,4.000,5.000,1.000,2.000,2.562,1.906,2.094,3.000,4.000,5.000
COIN,2026-04-20,32,L,C,2.990,1.000,2.000,2.915,2.337,2.502,3.000,4.000,5.000,1.000,2.000,2.915,2.337,2.502,3.000,4.000,5.000
COIN,2026-04-20,59,L,C,-1.000,1.000,-1.250,-1.250,-1.250,-1.250,-1.250,-1.250,-1.250,1.000,-1.250,-1.250,-1.250,-1.250,-1.250,-1.250,-1.250
COIN,2026-04-27,38,S,C,-1.000,1.000,2.000,-1.250,-1.250,-1.250,3.000,-1.250,-1.250,1.000,2.000,-1.250,-1.250,-1.250,3.000,-1.250,-1.250
COIN,2026-04-29,44,S,C,-1.000,1.000,2.000,-1.250,0.325,-0.125,-1.250,-1.250,-1.250,1.000,2.000,-1.250,0.325,-0.125,-1.250,-1.250,-1.250
COIN,2026-05-06,32,S,S,1.280,1.000,2.000,-1.091,-1.202,-1.170,-1.091,-1.091,-1.091,1.000,2.000,-1.091,-1.202,-1.170,-1.091,-1.091,-1.091
COIN,2026-05-12,10,L,C,-1.000,-1.250,-1.250,-1.250,-1.250,-1.250,-1.250,-1.250,-1.250,-1.250,-1.250,-1.250,-1.250,-1.250,-1.250,-1.250,-1.250
COIN,2026-05-20,55,L,C,-1.000,1.000,-0.944,-0.944,-0.944,-0.944,-0.944,-0.944,-0.944,1.000,-1.250,-1.250,-1.250,-1.250,-1.250,-1.250,-1.250
COIN,2026-05-26,66,S,S,-1.000,1.000,2.000,-1.161,-1.223,-1.206,-1.161,-1.161,-1.161,1.000,2.000,-1.161,-1.223,-1.206,-1.161,-1.161,-1.161
COIN,2026-06-16,13,L,C,0.724,1.000,2.000,-0.612,-1.059,-0.931,-1.250,-1.250,-1.250,1.000,2.000,-0.612,-1.059,-0.931,-1.250,-1.250,-1.250
COIN,2026-06-18,17,S,A,1.654,1.000,2.000,-0.269,-0.027,-0.096,3.000,-1.250,-1.250,1.000,2.000,-0.269,-0.027,-0.096,3.000,-1.250,-1.250
COIN,2026-07-02,17,L,C,-1.000,-1.250,-1.250,-1.250,-0.875,-0.982,-1.250,-1.250,-1.250,-1.250,-1.250,-1.250,-0.875,-0.982,-1.250,-1.250,-1.250
COIN,2026-07-08,65,S,A,7.171,1.000,2.000,7.125,5.662,6.080,3.000,4.000,5.000,1.000,2.000,7.125,5.662,6.080,3.000,4.000,5.000
COIN,2026-07-20,24,S,S,2.613,1.000,2.000,2.038,1.589,1.717,3.000,4.000,-1.250,1.000,2.000,2.038,1.589,1.717,3.000,4.000,-1.250
COIN,2026-07-24,5,S,A,2.264,1.000,2.000,1.708,2.810,2.495,3.000,4.000,5.000,1.000,2.000,1.708,2.810,2.495,3.000,4.000,5.000
COIN,2026-07-31,14,S,A,1.769,1.000,2.000,1.429,2.168,1.957,3.000,4.000,5.000,1.000,2.000,1.429,2.168,1.957,3.000,4.000,5.000
COIN,2026-08-10,17,S,C,3.590,1.000,2.000,4.065,4.223,4.177,3.000,4.000,5.000,1.000,2.000,4.065,4.223,4.177,3.000,4.000,5.000
HOOD,2024-11-11,26,L,S,0.875,1.000,-1.250,-1.292,-1.192,-1.208,-1.250,-1.250,-1.250,1.000,-1.250,-1.292,-1.192,-1.208,-1.250,-1.250,-1.250
HOOD,2024-11-18,8,L,C,9.500,1.000,2.000,5.091,4.957,4.995,3.000,4.000,5.000,1.000,2.000,5.091,4.957,4.995,3.000,4.000,5.000
HOOD,2024-11-22,14,S,C,0.972,1.000,2.000,1.389,0.844,1.000,-1.250,-1.250,-1.250,1.000,2.000,1.389,0.844,1.000,-1.250,-1.250,-1.250
HOOD,2024-12-09,16,L,A,1.226,1.000,-1.048,1.194,0.858,0.954,-1.048,-1.048,-1.048,1.000,-1.048,1.194,0.858,0.954,-1.048,-1.048,-1.048
HOOD,2025-01-10,16,S,A,4.254,1.000,2.000,4.792,4.860,4.840,3.000,4.000,5.000,1.000,2.000,4.792,4.860,4.840,3.000,4.000,5.000
HOOD,2025-01-22,28,L,C,-1.000,-1.250,-1.250,-1.250,-1.250,-1.250,-1.250,-1.250,-1.250,-1.250,-1.250,-1.250,-1.250,-1.250,-1.250,-1.250,-1.250
HOOD,2025-01-24,36,L,C,-1.000,1.000,-1.250,-1.250,-1.250,-1.250,-1.250,-1.250,-1.250,1.000,-1.250,-1.250,-1.250,-1.250,-1.250,-1.250,-1.250
HOOD,2025-02-03,30,L,A,1.267,1.000,2.000,0.467,0.373,0.400,-1.067,-1.067,-1.067,1.000,2.000,0.467,0.373,0.400,-1.067,-1.067,-1.067
HOOD,2025-02-05,11,L,C,1.000,1.000,-1.250,-1.250,-0.608,-0.792,-1.250,-1.250,-1.250,1.000,-1.250,-1.250,-0.608,-0.792,-1.250,-1.250,-1.250
HOOD,2025-02-13,14,L,C,-1.000,-1.250,-1.250,-1.250,-1.250,-1.250,-1.250,-1.250,-1.250,-1.250,-1.250,-1.250,-1.250,-1.250,-1.250,-1.250,-1.250
HOOD,2025-02-14,46,L,C,3.250,1.000,2.000,2.500,2.023,2.159,3.000,4.000,5.000,1.000,2.000,2.500,2.023,2.159,3.000,4.000,5.000
HOOD,2025-02-24,17,S,C,1.750,1.000,2.000,6.531,16.047,13.328,3.000,4.000,5.000,1.000,2.000,6.531,16.047,13.328,3.000,4.000,5.000
HOOD,2025-02-25,30,S,A,1.108,1.000,2.000,2.270,1.527,1.739,3.000,4.000,5.000,1.000,2.000,2.270,1.527,1.739,3.000,4.000,5.000
HOOD,2025-03-04,44,S,C,1.529,1.000,2.000,3.865,3.448,3.567,3.000,4.000,5.000,1.000,2.000,3.865,3.448,3.567,3.000,4.000,5.000
HOOD,2025-03-05,16,S,C,-1.000,1.000,2.000,-1.231,-0.616,-0.792,-1.231,-1.231,-1.231,1.000,2.000,-1.231,-0.616,-0.792,-1.231,-1.231,-1.231
HOOD,2025-03-17,67,L,A,7.557,1.000,2.000,5.235,5.235,5.235,3.000,4.000,5.000,1.000,2.000,5.294,4.944,5.044,3.000,4.000,5.000
HOOD,2025-04-02,14,L,C,5.167,1.000,2.000,6.800,5.960,6.200,3.000,4.000,5.000,1.000,2.000,6.800,5.960,6.200,3.000,4.000,5.000
HOOD,2025-04-10,60,L,C,3.022,1.000,2.000,1.665,2.432,2.213,3.000,4.000,-0.404,1.000,2.000,1.665,2.432,2.213,3.000,4.000,-1.000
HOOD,2025-04-15,12,L,C,1.371,1.000,2.000,2.935,2.484,2.613,3.000,-1.250,-1.250,1.000,2.000,2.935,2.484,2.613,3.000,-1.250,-1.250
HOOD,2025-04-24,34,L,C,0.809,1.000,2.000,1.667,-0.026,0.458,3.000,4.000,5.000,1.000,2.000,1.667,-0.026,0.458,3.000,4.000,5.000
HOOD,2025-05-05,55,L,C,3.567,1.000,2.000,2.337,2.288,2.302,3.000,4.000,1.567,1.000,2.000,2.337,2.288,2.302,3.000,4.000,5.000
HOOD,2025-05-07,43,L,C,3.563,1.000,2.000,3.900,5.230,4.850,3.000,4.000,5.000,1.000,2.000,3.900,5.230,4.850,3.000,4.000,5.000
HOOD,2025-06-03,62,L,A,-1.000,-1.250,-1.250,-1.250,-1.250,-1.250,-1.250,-1.250,-1.250,-1.250,-1.250,-1.250,-1.250,-1.250,-1.250,-1.250,-1.250
HOOD,2025-06-05,10,L,C,-1.000,1.000,-1.250,-1.250,-1.250,-1.250,-1.250,-1.250,-1.250,1.000,-1.250,-1.250,-1.250,-1.250,-1.250,-1.250,-1.250
HOOD,2025-06-10,12,L,C,-1.000,-1.105,-1.105,-1.105,-0.442,-0.632,-1.105,-1.105,-1.105,-1.105,-1.105,-1.105,-0.442,-0.632,-1.105,-1.105,-1.105
HOOD,2025-07-01,35,L,A,2.450,1.000,2.000,4.200,3.194,3.482,3.000,4.000,5.000,1.000,2.000,4.200,3.194,3.482,3.000,4.000,5.000
HOOD,2025-07-02,9,L,C,10.074,1.000,2.000,7.376,8.756,8.362,3.000,4.000,5.000,1.000,2.000,7.376,8.756,8.362,3.000,4.000,5.000
HOOD,2025-07-08,29,S,C,-1.000,-1.194,-1.194,-1.194,-1.233,-1.222,-1.194,-1.194,-1.194,-1.194,-1.194,-1.194,-1.233,-1.222,-1.194,-1.194,-1.194
HOOD,2025-07-17,15,L,A,3.524,1.000,2.000,1.690,2.105,1.987,3.000,4.000,5.000,1.000,2.000,1.690,2.105,1.987,3.000,4.000,5.000
HOOD,2025-07-18,51,L,S,-1.000,1.000,2.000,-1.176,-1.228,-1.213,3.000,4.000,-1.176,1.000,2.000,-1.176,-1.228,-1.213,3.000,4.000,-1.176
HOOD,2025-07-23,47,S,C,-1.000,1.000,2.000,-1.250,-0.076,-0.411,-1.250,-1.250,-1.250,1.000,2.000,-1.250,-0.076,-0.411,-1.250,-1.250,-1.250
HOOD,2025-07-24,24,S,C,0.472,1.000,2.000,-0.200,0.388,0.220,3.000,4.000,5.000,1.000,2.000,-0.200,0.388,0.220,3.000,4.000,5.000
HOOD,2025-07-31,22,L,A,4.151,1.000,2.000,2.400,3.611,3.265,3.000,4.000,5.000,1.000,2.000,2.400,3.611,3.265,3.000,4.000,5.000
HOOD,2025-08-01,9,S,C,7.133,1.000,2.000,10.933,11.120,11.067,3.000,4.000,5.000,1.000,2.000,10.933,11.120,11.067,3.000,4.000,5.000
HOOD,2025-08-07,38,L,C,-1.000,-1.250,-1.250,-1.250,-1.250,-1.250,-1.250,-1.250,-1.250,-1.250,-1.250,-1.250,-1.250,-1.250,-1.250,-1.250,-1.250
HOOD,2025-08-08,12,L,C,4.969,1.000,2.000,5.675,4.835,5.075,3.000,4.000,5.000,1.000,2.000,5.675,4.835,5.075,3.000,4.000,5.000
HOOD,2025-08-12,33,S,A,2.114,1.000,2.000,1.023,1.166,1.125,3.000,4.000,5.000,1.000,2.000,1.023,1.166,1.125,3.000,4.000,5.000
HOOD,2025-08-14,19,S,C,-1.000,-1.250,-1.250,-1.250,-1.250,-1.250,-1.250,-1.250,-1.250,-1.250,-1.250,-1.250,-1.250,-1.250,-1.250,-1.250,-1.250
HOOD,2025-08-22,32,L,C,4.046,1.000,2.000,2.619,2.722,2.692,3.000,4.000,5.000,1.000,2.000,2.619,2.722,2.692,3.000,4.000,5.000
HOOD,2025-08-26,77,L,C,1.291,1.000,2.000,2.832,2.360,2.495,3.000,-1.250,-1.250,1.000,2.000,2.832,2.360,2.495,3.000,-1.250,-1.250
HOOD,2025-08-29,45,S,C,-1.000,1.000,-1.250,-1.250,-1.250,-1.250,-1.250,-1.250,-1.250,1.000,-1.250,-1.250,-1.250,-1.250,-1.250,-1.250,-1.250
HOOD,2025-09-22,80,L,C,-1.000,-0.500,-0.500,-0.500,-0.500,-0.500,-0.500,-0.500,-0.500,-1.033,-1.033,-1.033,-1.185,-1.142,-1.033,-1.033,-1.033
HOOD,2025-09-26,40,S,C,-1.000,1.000,-1.179,-1.179,-0.254,-0.518,-1.179,-1.179,-1.179,1.000,-1.179,-1.179,-0.254,-0.518,-1.179,-1.179,-1.179
HOOD,2025-10-01,21,L,C,-1.000,-1.250,-1.250,-1.250,-1.250,-1.250,-1.250,-1.250,-1.250,-1.250,-1.250,-1.250,-1.250,-1.250,-1.250,-1.250,-1.250
HOOD,2025-10-08,29,S,C,-1.000,-1.250,-1.250,-1.250,-1.250,-1.250,-1.250,-1.250,-1.250,-1.250,-1.250,-1.250,-1.250,-1.250,-1.250,-1.250,-1.250
HOOD,2025-10-13,15,S,A,5.733,1.000,2.000,3.183,2.402,2.625,3.000,4.000,5.000,1.000,2.000,3.183,2.402,2.625,3.000,4.000,5.000
HOOD,2025-10-22,12,S,C,-1.000,1.000,-1.250,-1.250,-1.250,-1.250,-1.250,-1.250,-1.250,1.000,-1.250,-1.250,-1.250,-1.250,-1.250,-1.250,-1.250
HOOD,2025-11-17,30,S,C,10.534,1.000,2.000,9.125,7.287,7.812,3.000,4.000,5.000,1.000,2.000,9.125,7.287,7.812,3.000,4.000,5.000
HOOD,2025-11-18,41,S,C,-1.000,-1.250,-1.250,-1.250,-0.643,-0.817,-1.250,-1.250,-1.250,-1.250,-1.250,-1.250,-0.643,-0.817,-1.250,-1.250,-1.250
HOOD,2025-11-21,39,S,C,6.901,1.000,2.000,5.158,4.236,4.500,3.000,4.000,5.000,1.000,2.000,5.158,4.236,4.500,3.000,4.000,5.000
HOOD,2025-11-28,38,L,C,-1.000,-1.250,-1.250,-1.250,-1.250,-1.250,-1.250,-1.250,-1.250,-1.250,-1.250,-1.250,-1.250,-1.250,-1.250,-1.250,-1.250
HOOD,2025-12-01,20,L,C,5.233,1.000,2.000,5.182,3.787,4.185,3.000,4.000,5.000,1.000,2.000,5.182,3.787,4.185,3.000,4.000,5.000
HOOD,2026-01-28,54,S,C,5.899,1.000,2.000,2.765,2.765,2.765,3.000,2.765,2.765,1.000,2.000,4.029,3.803,3.868,3.000,4.000,5.000
HOOD,2026-02-02,35,S,C,-1.000,-1.030,-1.030,-1.030,-1.184,-1.140,-1.030,-1.030,-1.030,-1.030,-1.030,-1.030,-1.184,-1.140,-1.030,-1.030,-1.030
HOOD,2026-02-17,9,L,A,-1.000,-1.019,-1.019,-1.019,-1.181,-1.135,-1.019,-1.019,-1.019,-1.019,-1.019,-1.019,-1.181,-1.135,-1.019,-1.019,-1.019
HOOD,2026-02-26,34,L,C,-1.000,1.000,2.000,-1.250,-1.250,-1.250,-1.250,-1.250,-1.250,1.000,2.000,-1.250,-1.250,-1.250,-1.250,-1.250,-1.250
HOOD,2026-03-12,41,L,C,-1.000,1.000,-1.033,-1.033,-1.103,-1.083,-1.033,-1.033,-1.033,1.000,-1.033,-1.033,-1.103,-1.083,-1.033,-1.033,-1.033
HOOD,2026-03-13,38,S,C,1.000,1.000,2.000,0.245,-0.030,0.048,-1.250,-1.250,-1.250,1.000,2.000,0.245,-0.030,0.048,-1.250,-1.250,-1.250
HOOD,2026-03-17,56,L,C,-1.000,1.000,2.000,5.333,5.333,5.333,3.000,4.000,5.000,1.000,2.000,-1.250,-1.250,-1.250,3.000,4.000,5.000
HOOD,2026-03-20,38,S,C,0.417,-1.083,-1.083,0.278,0.006,0.083,-1.083,-1.083,-1.083,-1.083,-1.083,0.278,0.006,0.083,-1.083,-1.083,-1.083
HOOD,2026-03-30,35,S,C,-1.000,1.000,-1.250,-1.250,-1.250,-1.250,-1.250,-1.250,-1.250,1.000,-1.250,-1.250,-1.250,-1.250,-1.250,-1.250,-1.250
HOOD,2026-04-06,44,L,C,1.097,1.000,2.000,1.731,1.617,1.650,-1.077,-1.077,-1.077,1.000,2.000,1.731,1.617,1.650,-1.077,-1.077,-1.077
HOOD,2026-04-14,41,L,C,4.789,1.000,2.000,6.769,5.931,6.171,3.000,4.000,5.000,1.000,2.000,6.769,5.931,6.171,3.000,4.000,5.000
HOOD,2026-04-15,44,L,A,-1.000,-1.130,-1.130,-1.130,-1.214,-1.190,-1.130,-1.130,-1.130,-1.130,-1.130,-1.130,-1.214,-1.190,-1.130,-1.130,-1.130
HOOD,2026-04-20,12,L,C,4.112,1.000,2.000,4.086,4.436,4.336,3.000,4.000,5.000,1.000,2.000,4.086,4.436,4.336,3.000,4.000,5.000
HOOD,2026-05-26,22,S,S,1.374,1.000,2.000,0.150,-0.328,-0.192,-1.002,-1.002,-1.002,1.000,2.000,0.150,-0.328,-0.192,-1.002,-1.002,-1.002
HOOD,2026-06-09,13,L,C,5.464,1.000,2.000,3.964,7.639,6.589,3.000,4.000,5.000,1.000,2.000,3.964,7.639,6.589,3.000,4.000,5.000
HOOD,2026-06-10,28,L,C,-1.000,1.000,2.000,-1.250,-1.250,-1.250,-1.250,-1.250,-1.250,1.000,2.000,-1.250,-1.250,-1.250,-1.250,-1.250,-1.250
HOOD,2026-06-22,11,L,C,2.819,1.000,2.000,4.725,4.025,4.225,3.000,4.000,5.000,1.000,2.000,4.725,4.025,4.225,3.000,4.000,5.000
HOOD,2026-06-25,23,S,C,3.955,1.000,2.000,4.250,4.091,4.136,3.000,4.000,5.000,1.000,2.000,4.250,4.091,4.136,3.000,4.000,5.000
HOOD,2026-07-01,19,L,C,4.983,1.000,2.000,4.967,3.847,4.167,3.000,4.000,5.000,1.000,2.000,4.967,3.847,4.167,3.000,4.000,5.000
HOOD,2026-07-14,47,S,C,-1.000,1.000,-1.250,-1.250,-0.280,-0.557,-1.250,-1.250,-1.250,1.000,-1.250,-1.250,-0.280,-0.557,-1.250,-1.250,-1.250
HOOD,2026-07-28,20,S,A,1.318,1.000,2.000,3.606,3.892,3.811,3.000,4.000,-1.077,1.000,2.000,3.606,3.892,3.811,3.000,4.000,-1.077
HOOD,2026-07-29,20,S,A,5.357,1.000,2.000,2.107,3.232,2.911,3.000,4.000,5.000,1.000,2.000,2.107,3.232,2.911,3.000,4.000,5.000
HOOD,2026-08-07,45,L,C,4.163,1.000,2.000,3.114,3.636,3.487,3.000,4.000,5.000,1.000,2.000,3.114,3.636,3.487,3.000,4.000,5.000
IREN,2025-09-10,13,L,C,-1.000,-1.083,-1.083,-1.083,0.550,0.083,-1.083,-1.083,-1.083,-1.083,-1.083,-1.083,0.550,0.083,-1.083,-1.083,-1.083
IREN,2025-09-25,77,L,C,1.196,1.000,2.000,0.793,0.755,0.766,-0.130,-0.130,-0.130,1.000,2.000,0.793,0.755,0.766,-1.250,-1.250,-1.250
IREN,2025-10-01,46,L,C,-1.000,1.000,2.000,3.281,3.281,3.281,3.000,4.000,3.281,1.000,2.000,-1.122,-0.500,-0.678,3.000,4.000,-1.122
IREN,2025-10-14,11,S,C,-1.000,1.000,-1.028,-1.028,-1.183,-1.139,-1.028,-1.028,-1.028,1.000,-1.028,-1.028,-1.183,-1.139,-1.028,-1.028,-1.028
IREN,2025-10-24,33,L,A,6.500,1.000,2.000,5.500,7.367,6.833,3.000,4.000,5.000,1.000,2.000,5.500,7.367,6.833,3.000,4.000,5.000
IREN,2025-10-27,43,L,A,-1.000,1.000,-1.250,-1.250,-1.250,-1.250,-1.250,-1.250,-1.250,1.000,-1.250,-1.250,-1.250,-1.250,-1.250,-1.250,-1.250
IREN,2025-10-28,48,L,C,-1.000,1.000,2.000,-1.250,-1.250,-1.250,3.000,4.000,-1.250,1.000,2.000,-1.250,-1.250,-1.250,3.000,4.000,-1.250
IREN,2025-10-30,11,S,C,-1.000,-1.250,-1.250,-1.250,-0.944,-1.031,-1.250,-1.250,-1.250,-1.250,-1.250,-1.250,-0.944,-1.031,-1.250,-1.250,-1.250
IREN,2025-10-31,64,S,S,-1.000,-1.250,-1.250,-1.250,-1.250,-1.250,-1.250,-1.250,-1.250,-1.250,-1.250,-1.250,-1.250,-1.250,-1.250,-1.250,-1.250
IREN,2025-11-07,15,S,C,-1.000,1.000,2.000,-1.250,-1.250,-1.250,-1.250,-1.250,-1.250,1.000,2.000,-1.250,-1.250,-1.250,-1.250,-1.250,-1.250
IREN,2025-11-10,31,S,C,-1.000,-1.250,-1.250,-1.250,-1.250,-1.250,-1.250,-1.250,-1.250,-1.250,-1.250,-1.250,-1.250,-1.250,-1.250,-1.250,-1.250
IREN,2025-11-12,6,S,C,2.001,1.000,2.000,1.959,2.119,2.073,3.000,4.000,5.000,1.000,2.000,1.959,2.119,2.073,3.000,4.000,5.000
IREN,2025-11-13,12,S,C,1.928,1.000,2.000,-0.531,-1.034,-0.891,3.000,4.000,5.000,1.000,2.000,-0.531,-1.034,-0.891,3.000,4.000,5.000
IREN,2025-11-28,12,L,C,-1.000,-1.250,-1.250,-1.250,-1.250,-1.250,-1.250,-1.250,-1.250,-1.250,-1.250,-1.250,-1.250,-1.250,-1.250,-1.250,-1.250
IREN,2025-12-01,10,L,A,2.860,1.000,2.000,5.167,4.408,4.625,3.000,4.000,5.000,1.000,2.000,5.167,4.408,4.625,3.000,4.000,5.000
IREN,2025-12-15,39,S,C,2.681,1.000,2.000,2.714,1.289,1.696,3.000,4.000,5.000,1.000,2.000,2.714,1.289,1.696,3.000,4.000,5.000
IREN,2025-12-16,19,S,A,-1.000,1.000,-1.250,-1.250,-0.375,-0.625,-1.250,-1.250,-1.250,1.000,-1.250,-1.250,-0.375,-0.625,-1.250,-1.250,-1.250
IREN,2025-12-30,78,S,C,-1.000,-1.250,-1.250,-1.250,-1.250,-1.250,-1.250,-1.250,-1.250,-1.250,-1.250,-1.250,-1.250,-1.250,-1.250,-1.250,-1.250
IREN,2026-01-05,19,L,A,2.287,1.000,2.000,0.269,-0.174,-0.047,3.000,4.000,-1.250,1.000,2.000,0.269,-0.174,-0.047,3.000,4.000,-1.250
IREN,2026-01-07,20,L,C,-1.000,1.000,2.000,-1.250,-1.250,-1.250,-1.250,-1.250,-1.250,1.000,2.000,-1.250,-1.250,-1.250,-1.250,-1.250,-1.250
IREN,2026-01-09,35,L,C,6.226,1.000,2.000,6.031,6.141,6.109,3.000,4.000,5.000,1.000,2.000,6.031,6.141,6.109,3.000,4.000,5.000
IREN,2026-01-23,7,S,C,0.646,1.000,2.000,2.083,2.134,2.120,-1.250,-1.250,-1.250,1.000,2.000,2.083,2.134,2.120,-1.250,-1.250,-1.250
IREN,2026-01-26,12,L,C,-1.000,1.000,-1.250,-1.250,-1.250,-1.250,-1.250,-1.250,-1.250,1.000,-1.250,-1.250,-1.250,-1.250,-1.250,-1.250,-1.250
IREN,2026-01-28,33,L,C,-1.000,-1.250,-1.250,-1.250,-0.795,-0.925,-1.250,-1.250,-1.250,-1.250,-1.250,-1.250,-0.795,-0.925,-1.250,-1.250,-1.250
IREN,2026-02-02,18,S,C,-1.000,-1.067,-1.067,-1.067,-1.195,-1.158,-1.067,-1.067,-1.067,-1.067,-1.067,-1.067,-1.195,-1.158,-1.067,-1.067,-1.067
IREN,2026-02-03,73,S,C,-1.000,-1.250,-1.250,-1.250,-1.125,-1.161,-1.250,-1.250,-1.250,-1.250,-1.250,-1.250,-1.125,-1.161,-1.250,-1.250,-1.250
IREN,2026-02-10,9,L,S,-1.000,1.000,2.000,-1.250,-1.250,-1.250,3.000,-1.250,-1.250,1.000,2.000,-1.250,-1.250,-1.250,3.000,-1.250,-1.250
IREN,2026-02-12,13,S,C,-1.000,1.000,2.000,-1.250,-1.250,-1.250,-1.250,-1.250,-1.250,1.000,2.000,-1.250,-1.250,-1.250,-1.250,-1.250,-1.250
IREN,2026-02-20,38,L,C,-1.000,-1.250,-1.250,-1.250,-1.250,-1.250,-1.250,-1.250,-1.250,-1.250,-1.250,-1.250,-1.250,-1.250,-1.250,-1.250,-1.250
IREN,2026-02-24,13,L,S,3.316,1.000,2.000,4.282,5.853,5.404,3.000,4.000,5.000,1.000,2.000,4.282,5.853,5.404,3.000,4.000,5.000
IREN,2026-03-10,10,L,C,2.180,1.000,2.000,2.260,2.218,2.230,3.000,4.000,-1.080,1.000,2.000,2.260,2.218,2.230,3.000,4.000,-1.080
IREN,2026-03-16,77,S,C,-1.000,1.000,2.000,-1.091,-1.202,-1.170,3.000,-1.091,-1.091,1.000,2.000,-1.091,-1.202,-1.170,3.000,-1.091,-1.091
IREN,2026-03-25,75,S,C,-1.000,1.000,2.000,-1.250,-1.250,-1.250,-1.250,-1.250,-1.250,1.000,2.000,-1.250,-1.250,-1.250,-1.250,-1.250,-1.250
IREN,2026-03-26,38,S,C,1.458,1.000,2.000,3.083,2.267,2.500,3.000,4.000,-1.250,1.000,2.000,3.083,2.267,2.500,3.000,4.000,-1.250
IREN,2026-03-27,10,S,C,5.348,1.000,2.000,10.000,9.491,9.636,3.000,4.000,5.000,1.000,2.000,10.000,9.491,9.636,3.000,4.000,5.000
IREN,2026-03-30,35,S,C,-1.000,1.000,-1.250,-1.250,-1.250,-1.250,-1.250,-1.250,-1.250,1.000,-1.250,-1.250,-1.250,-1.250,-1.250,-1.250,-1.250
IREN,2026-04-28,28,S,A,3.692,1.000,2.000,4.000,5.292,4.923,3.000,4.000,5.000,1.000,2.000,4.000,5.292,4.923,3.000,4.000,5.000
IREN,2026-05-08,27,S,C,-1.000,1.000,2.000,-1.250,-1.250,-1.250,3.000,4.000,-1.250,1.000,2.000,-1.250,-1.250,-1.250,3.000,4.000,-1.250
IREN,2026-05-11,13,L,A,3.393,1.000,2.000,5.893,5.097,5.324,3.000,4.000,5.000,1.000,2.000,5.893,5.097,5.324,3.000,4.000,5.000
IREN,2026-05-21,9,L,A,3.300,1.000,2.000,1.855,1.732,1.767,3.000,4.000,5.000,1.000,2.000,1.855,1.732,1.767,3.000,4.000,5.000
IREN,2026-05-27,26,L,A,13.917,1.000,2.000,16.500,14.342,14.958,3.000,4.000,5.000,1.000,2.000,16.500,14.342,14.958,3.000,4.000,5.000
IREN,2026-06-02,11,L,C,3.750,1.000,2.000,5.107,3.290,3.809,3.000,4.000,5.000,1.000,2.000,5.107,3.290,3.809,3.000,4.000,5.000
IREN,2026-06-03,9,L,C,-1.000,1.000,-1.250,-1.250,-1.250,-1.250,-1.250,-1.250,-1.250,1.000,-1.250,-1.250,-1.250,-1.250,-1.250,-1.250,-1.250
IREN,2026-06-11,8,S,C,-1.000,-1.250,-1.250,-1.250,-0.638,-0.813,-1.250,-1.250,-1.250,-1.250,-1.250,-1.250,-0.638,-0.813,-1.250,-1.250,-1.250
IREN,2026-06-24,50,S,S,-1.000,-1.172,-1.172,-1.172,-1.227,-1.211,-1.172,-1.172,-1.172,-1.172,-1.172,-1.172,-1.227,-1.211,-1.172,-1.172,-1.172
IREN,2026-06-26,6,S,C,0.407,-1.250,-1.250,0.525,0.448,0.470,-1.250,-1.250,-1.250,-1.250,-1.250,0.525,0.448,0.470,-1.250,-1.250,-1.250
IREN,2026-07-02,18,S,A,-1.000,1.000,-1.250,-1.250,-1.114,-1.153,-1.250,-1.250,-1.250,1.000,-1.250,-1.250,-1.114,-1.153,-1.250,-1.250,-1.250
IREN,2026-07-14,48,S,C,-1.000,-1.250,-1.250,-1.250,-0.946,-1.033,-1.250,-1.250,-1.250,-1.250,-1.250,-1.250,-0.946,-1.033,-1.250,-1.250,-1.250
IREN,2026-07-15,75,S,C,-1.000,1.000,-1.088,-1.088,-0.821,-0.897,-1.088,-1.088,-1.088,1.000,-1.088,-1.088,-0.821,-0.897,-1.088,-1.088,-1.088
IREN,2026-07-16,23,S,A,1.708,1.000,2.000,2.168,2.167,2.168,3.000,4.000,5.000,1.000,2.000,2.168,2.167,2.168,3.000,4.000,5.000
IREN,2026-07-28,20,S,C,1.798,1.000,2.000,1.417,1.942,1.792,3.000,4.000,-1.250,1.000,2.000,1.417,1.942,1.792,3.000,4.000,-1.250
IREN,2026-08-03,10,L,A,4.364,1.000,2.000,3.269,3.713,3.587,3.000,4.000,5.000,1.000,2.000,3.269,3.713,3.587,3.000,4.000,5.000
AVGO,2024-09-06,51,S,C,7.156,1.000,2.000,7.594,6.544,6.844,3.000,4.000,5.000,1.000,2.000,7.594,6.544,6.844,3.000,4.000,5.000
AVGO,2024-09-09,23,S,C,-1.000,1.000,-1.250,-1.250,-1.250,-1.250,-1.250,-1.250,-1.250,1.000,-1.250,-1.250,-1.250,-1.250,-1.250,-1.250,-1.250
AVGO,2024-09-26,13,L,C,-1.000,1.000,-1.111,-1.111,-1.105,-1.106,-1.111,-1.111,-1.111,1.000,-1.111,-1.111,-1.105,-1.106,-1.111,-1.111,-1.111
AVGO,2024-09-30,52,S,C,-1.000,1.000,-1.175,-1.175,-1.227,-1.212,-1.175,-1.175,-1.175,1.000,-1.175,-1.175,-1.227,-1.212,-1.175,-1.175,-1.175
AVGO,2024-10-15,8,S,S,2.892,1.000,2.000,4.743,4.668,4.689,3.000,4.000,5.000,1.000,2.000,4.743,4.668,4.689,3.000,4.000,5.000
AVGO,2024-11-07,18,L,C,1.837,1.000,2.000,2.325,2.395,2.375,3.000,4.000,3.012,1.000,2.000,2.325,2.395,2.375,3.000,4.000,1.725
AVGO,2024-11-13,5,S,S,-1.000,-1.250,-1.250,-1.250,-0.675,-0.839,-1.250,-1.250,-1.250,-1.250,-1.250,-1.250,-0.675,-0.839,-1.250,-1.250,-1.250
AVGO,2024-11-21,67,S,C,-1.000,1.000,2.000,-1.148,-1.219,-1.199,-1.148,-1.148,-1.148,1.000,2.000,-1.148,-1.219,-1.199,-1.148,-1.148,-1.148
AVGO,2024-12-06,31,L,C,2.377,1.000,2.000,4.308,5.371,5.067,3.000,4.000,5.000,1.000,2.000,4.308,5.371,5.067,3.000,4.000,5.000
AVGO,2024-12-09,69,L,C,-1.000,1.000,2.000,-1.250,-1.250,-1.250,-1.250,-1.250,-1.250,1.000,2.000,-1.250,-1.250,-1.250,-1.250,-1.250,-1.250
AVGO,2024-12-16,15,L,C,1.795,1.000,2.000,2.606,3.223,3.047,3.000,4.000,5.000,1.000,2.000,2.606,3.223,3.047,3.000,4.000,5.000
AVGO,2024-12-31,79,S,C,-1.000,0.537,0.537,0.537,0.537,0.537,0.537,0.537,0.537,1.000,2.000,-1.028,-1.044,-1.040,3.000,-1.028,-1.028
AVGO,2025-01-02,56,S,C,-1.000,1.000,2.000,-1.250,-0.784,-0.917,-1.250,-1.250,-1.250,1.000,2.000,-1.250,-0.784,-0.917,-1.250,-1.250,-1.250
AVGO,2025-01-10,85,S,C,-1.000,1.000,2.000,3.250,3.250,3.250,3.000,4.000,3.250,1.000,2.000,-1.100,-0.033,-0.338,3.000,4.000,-1.100
AVGO,2025-01-31,44,L,S,3.000,1.000,2.000,1.340,5.092,4.020,3.000,4.000,5.000,1.000,2.000,1.340,5.092,4.020,3.000,4.000,5.000
AVGO,2025-02-03,33,L,A,0.537,1.000,-1.176,-0.028,-0.501,-0.366,-1.176,-1.176,-1.176,1.000,-1.176,-0.028,-0.501,-0.366,-1.176,-1.176,-1.176
AVGO,2025-02-12,21,L,C,0.583,1.000,-1.135,-0.333,-0.357,-0.350,-1.135,-1.135,-1.135,1.000,-1.135,-0.333,-0.357,-0.350,-1.135,-1.135,-1.135
AVGO,2025-03-03,12,S,A,1.027,1.000,0.983,0.891,0.839,0.854,0.983,0.983,0.983,1.000,2.000,0.891,0.839,0.854,2.170,2.170,2.170
AVGO,2025-03-04,76,S,C,-1.000,-1.004,-1.004,-1.004,-1.176,-1.127,-1.004,-1.004,-1.004,-1.004,-1.004,-1.004,-1.176,-1.127,-1.004,-1.004,-1.004
AVGO,2025-04-02,58,L,A,-1.000,1.000,-1.250,-1.250,-1.250,-1.250,-1.250,-1.250,-1.250,1.000,-1.250,-1.250,-1.250,-1.250,-1.250,-1.250,-1.250
AVGO,2025-04-04,70,S,C,3.263,1.000,2.000,4.441,3.700,3.912,3.000,4.000,5.000,1.000,2.000,4.441,3.700,3.912,3.000,4.000,5.000
AVGO,2025-04-16,47,L,A,2.122,1.000,2.000,2.085,2.059,2.067,0.898,0.898,0.898,1.000,2.000,2.085,2.059,2.067,-1.034,-1.034,-1.034
AVGO,2025-04-21,21,S,C,2.670,1.000,2.000,6.033,6.932,6.675,3.000,4.000,5.000,1.000,2.000,6.033,6.932,6.675,3.000,4.000,5.000
AVGO,2025-04-25,18,L,C,-1.000,1.000,-1.250,-1.250,-1.250,-1.250,-1.250,-1.250,-1.250,1.000,-1.250,-1.250,-1.250,-1.250,-1.250,-1.250,-1.250
AVGO,2025-04-28,72,L,A,-1.000,1.000,2.000,-1.250,-1.250,-1.250,-1.250,-1.250,-1.250,1.000,2.000,-1.250,-1.250,-1.250,-1.250,-1.250,-1.250
AVGO,2025-05-20,21,L,A,1.833,1.000,2.000,2.345,1.787,1.946,3.000,1.429,1.429,1.000,2.000,2.345,1.787,1.946,3.000,4.000,5.000
AVGO,2025-06-12,8,L,C,2.232,1.000,2.000,2.440,2.073,2.178,3.000,4.000,5.000,1.000,2.000,2.440,2.073,2.178,3.000,4.000,5.000
AVGO,2025-06-20,6,S,C,-1.000,1.000,2.000,-1.060,-0.990,-1.010,-1.060,-1.060,-1.060,1.000,2.000,-1.060,-0.990,-1.010,-1.060,-1.060,-1.060
AVGO,2025-06-24,69,L,C,-1.000,-1.186,-1.186,-1.186,-1.231,-1.218,-1.186,-1.186,-1.186,-1.186,-1.186,-1.186,-1.231,-1.218,-1.186,-1.186,-1.186
AVGO,2025-08-08,23,L,C,-1.000,-1.018,-1.018,-1.018,-1.180,-1.134,-1.018,-1.018,-1.018,-1.018,-1.018,-1.018,-1.180,-1.134,-1.018,-1.018,-1.018
AVGO,2025-08-20,76,S,C,-1.000,1.000,2.000,-2.585,-1.250,-1.250,-1.250,-1.250,-1.250,1.000,2.000,-1.250,-1.250,-1.250,-1.250,-1.250,-1.250
AVGO,2025-08-25,8,L,S,-1.000,1.000,-1.011,-1.011,-0.691,-0.783,-1.011,-1.011,-1.011,1.000,-1.011,-1.011,-0.691,-0.783,-1.011,-1.011,-1.011
AVGO,2025-09-08,76,L,C,-1.000,-1.250,-1.250,-1.250,-1.250,-1.250,-1.250,-1.250,-1.250,-1.250,-1.250,-1.250,-1.250,-1.250,-1.250,-1.250,-1.250
AVGO,2025-09-25,47,S,C,-1.000,1.000,-1.250,-1.250,-1.250,-1.250,-1.250,-1.250,-1.250,1.000,-1.250,-1.250,-1.250,-1.250,-1.250,-1.250,-1.250
AVGO,2025-11-20,53,L,C,3.433,1.000,2.000,3.020,3.127,3.097,3.000,1.738,1.738,1.000,2.000,3.020,3.127,3.097,3.000,-1.250,-1.250
AVGO,2025-11-21,16,S,C,-1.000,1.000,2.000,-1.250,-1.250,-1.250,-1.250,-1.250,-1.250,1.000,2.000,-1.250,-1.250,-1.250,-1.250,-1.250,-1.250
AVGO,2026-01-06,8,S,S,-1.000,1.000,2.000,-1.250,-1.250,-1.250,3.000,-1.250,-1.250,1.000,2.000,-1.250,-1.250,-1.250,3.000,-1.250,-1.250
AVGO,2026-01-07,28,S,C,-1.000,1.000,-1.250,-1.250,-1.250,-1.250,-1.250,-1.250,-1.250,1.000,-1.250,-1.250,-1.250,-1.250,-1.250,-1.250,-1.250
AVGO,2026-02-04,69,S,A,-1.000,-1.250,-1.250,-1.250,-1.250,-1.250,-1.250,-1.250,-1.250,-1.250,-1.250,-1.250,-1.250,-1.250,-1.250,-1.250,-1.250
AVGO,2026-02-12,34,S,A,1.792,1.000,2.000,1.514,1.601,1.576,3.000,4.000,3.326,1.000,2.000,1.514,1.601,1.576,3.000,4.000,5.000
AVGO,2026-02-24,37,S,C,-1.000,-1.250,-1.250,-1.250,-1.165,-1.189,-1.250,-1.250,-1.250,-1.250,-1.250,-1.250,-1.165,-1.189,-1.250,-1.250,-1.250
AVGO,2026-03-05,85,L,C,-1.000,1.000,0.546,0.546,0.546,0.546,0.546,0.546,0.546,1.000,-1.000,-1.000,-0.812,-0.866,-1.000,-1.000,-1.000
AVGO,2026-03-10,12,L,C,6.008,1.000,2.000,5.076,5.705,5.525,3.000,4.000,5.000,1.000,2.000,5.076,5.705,5.525,3.000,4.000,5.000
AVGO,2026-03-13,9,S,S,-1.000,1.000,-1.250,-1.250,-1.250,-1.250,-1.250,-1.250,-1.250,1.000,-1.250,-1.250,-1.250,-1.250,-1.250,-1.250,-1.250
AVGO,2026-03-25,60,S,A,6.100,1.000,2.000,2.839,2.839,2.839,3.000,2.839,2.839,1.000,2.000,6.966,6.651,6.741,3.000,4.000,5.000
AVGO,2026-04-10,42,L,C,7.993,1.000,2.000,7.150,6.613,6.767,3.000,4.000,5.000,1.000,2.000,7.150,6.613,6.767,3.000,4.000,5.000
AVGO,2026-04-13,78,L,C,0.886,1.000,2.000,1.930,1.660,1.737,-0.386,-0.386,-0.386,1.000,2.000,1.930,1.660,1.737,-1.053,-1.053,-1.053
AVGO,2026-05-01,81,L,A,5.082,1.000,2.000,1.452,1.452,1.452,1.452,1.452,1.452,1.000,2.000,5.534,5.333,5.390,3.000,4.000,5.000
AVGO,2026-05-04,20,L,C,-1.000,1.000,-1.000,-1.000,-1.175,-1.125,-1.000,-1.000,-1.000,1.000,-1.000,-1.000,-1.175,-1.125,-1.000,-1.000,-1.000
AVGO,2026-05-12,23,L,S,-1.000,1.000,-1.000,-1.000,-1.175,-1.125,-1.000,-1.000,-1.000,1.000,-1.000,-1.000,-1.175,-1.125,-1.000,-1.000,-1.000
AVGO,2026-05-13,25,S,C,-1.000,1.000,-1.085,-1.085,-0.966,-1.000,-1.085,-1.085,-1.085,1.000,-1.085,-1.085,-0.966,-1.000,-1.085,-1.085,-1.085
AVGO,2026-05-18,7,S,C,3.542,1.000,2.000,2.500,3.336,3.097,3.000,4.000,5.000,1.000,2.000,2.500,3.336,3.097,3.000,4.000,5.000
AVGO,2026-07-08,21,L,S,4.647,1.000,2.000,5.652,5.174,5.311,3.000,4.000,5.000,1.000,2.000,5.652,5.174,5.311,3.000,4.000,5.000
AVGO,2026-08-05,7,L,C,2.184,1.000,2.000,1.385,1.024,1.127,-1.250,-1.250,-1.250,1.000,2.000,1.385,1.024,1.127,-1.250,-1.250,-1.250
AVGO,2026-08-10,44,L,S,-1.000,-1.222,-1.222,-1.222,-1.222,-1.222,-1.222,-1.222,-1.222,-1.222,-1.222,-1.222,-1.222,-1.222,-1.222,-1.222,-1.222
UBER,2025-07-17,52,S,C,-1.000,1.000,-1.250,-1.263,-1.250,-1.250,-1.250,-1.250,-1.250,1.000,-1.250,-1.250,-0.817,-0.941,-1.250,-1.250,-1.250
UBER,2025-07-18,5,S,C,4.406,1.000,2.000,4.267,4.873,4.700,3.000,4.000,5.000,1.000,2.000,4.267,4.873,4.700,3.000,4.000,5.000
UBER,2025-08-15,30,L,C,1.612,1.000,2.000,1.333,1.256,1.278,3.000,4.000,2.306,1.000,2.000,1.333,1.256,1.278,3.000,4.000,0.833
UBER,2025-08-19,32,L,A,3.955,1.000,2.000,5.190,4.452,4.663,3.000,4.000,5.000,1.000,2.000,5.190,4.452,4.663,3.000,4.000,5.000
UBER,2025-10-10,23,S,A,-1.000,-1.053,-1.053,-1.053,-1.071,-1.066,-1.053,-1.053,-1.053,-1.053,-1.053,-1.053,-1.071,-1.066,-1.053,-1.053,-1.053
UBER,2025-10-13,40,S,C,-1.000,1.000,2.000,-1.250,-1.232,-1.237,-1.250,-1.250,-1.250,1.000,2.000,-1.250,-1.232,-1.237,-1.250,-1.250,-1.250
UBER,2025-10-15,24,S,C,4.252,1.000,2.000,-1.000,-0.883,-0.917,-1.000,-1.000,-1.000,1.000,2.000,-1.000,-0.883,-0.917,-1.000,-1.000,-1.000
UBER,2025-11-12,14,L,C,-1.000,1.000,2.000,-1.000,-1.175,-1.125,-1.000,-1.000,-1.000,1.000,2.000,-1.000,-1.175,-1.125,-1.000,-1.000,-1.000
UBER,2025-12-10,11,S,C,5.278,1.000,2.000,3.111,3.344,3.278,3.000,4.000,5.000,1.000,2.000,3.111,3.344,3.278,3.000,4.000,5.000
UBER,2026-01-08,70,L,C,6.846,1.000,2.000,4.232,4.232,4.232,3.000,4.000,5.000,1.000,2.000,6.462,6.488,6.481,3.000,4.000,5.000
UBER,2026-01-12,45,S,C,-1.000,-1.250,-1.250,-1.250,-1.250,-1.250,-1.250,-1.250,-1.250,-1.250,-1.250,-1.250,-1.250,-1.250,-1.250,-1.250,-1.250
UBER,2026-02-04,16,S,A,3.688,1.000,2.000,2.000,4.625,3.875,3.000,4.000,5.000,1.000,2.000,2.000,4.625,3.875,3.000,4.000,5.000
UBER,2026-02-11,16,S,C,-1.000,1.000,-1.044,-1.044,-0.741,-0.828,-1.044,-1.044,-1.044,1.000,-1.044,-1.044,-0.741,-0.828,-1.044,-1.044,-1.044
UBER,2026-02-13,20,S,A,5.141,1.000,2.000,2.273,2.019,2.091,3.000,4.000,5.000,1.000,2.000,2.273,2.019,2.091,3.000,4.000,5.000
UBER,2026-02-26,8,L,A,3.316,1.000,2.000,2.276,4.907,4.155,3.000,4.000,5.000,1.000,2.000,2.276,4.907,4.155,3.000,4.000,5.000
UBER,2026-03-06,24,S,C,-1.000,-1.167,-1.167,-1.167,-0.642,-0.792,-1.167,-1.167,-1.167,-1.167,-1.167,-1.167,-0.642,-0.792,-1.167,-1.167,-1.167
UBER,2026-03-10,45,S,C,-1.000,-1.250,-1.250,-1.250,-1.250,-1.250,-1.250,-1.250,-1.250,-1.250,-1.250,-1.250,-1.250,-1.250,-1.250,-1.250,-1.250
UBER,2026-03-17,12,L,A,5.108,1.000,2.000,4.625,5.704,5.396,3.000,4.000,5.000,1.000,2.000,4.625,5.704,5.396,3.000,4.000,5.000
UBER,2026-03-20,16,S,C,0.554,1.000,-1.027,0.662,0.766,0.736,-1.027,-1.027,-1.027,1.000,-1.027,0.662,0.766,0.736,-1.027,-1.027,-1.027
UBER,2026-03-30,40,S,A,-1.000,1.000,-1.000,-1.000,-0.883,-0.917,-1.000,-1.000,-1.000,1.000,-1.000,-1.000,-0.883,-0.917,-1.000,-1.000,-1.000
UBER,2026-04-17,19,L,C,2.468,1.000,2.000,2.437,2.087,2.187,3.000,4.000,5.000,1.000,2.000,2.437,2.087,2.187,3.000,4.000,5.000
UBER,2026-04-30,53,S,A,-1.000,-1.250,-1.250,-1.250,-1.250,-1.250,-1.250,-1.250,-1.250,-1.250,-1.250,-1.250,-1.250,-1.250,-1.250,-1.250,-1.250
UBER,2026-06-08,6,S,C,-1.000,1.000,-1.250,-1.250,-1.250,-1.250,-1.250,-1.250,-1.250,1.000,-1.250,-1.250,-1.250,-1.250,-1.250,-1.250,-1.250
UBER,2026-06-15,27,L,A,-1.000,1.000,-1.250,-1.250,-1.250,-1.250,-1.250,-1.250,-1.250,1.000,-1.250,-1.250,-1.250,-1.250,-1.250,-1.250,-1.250
UBER,2026-06-26,11,L,C,-1.000,1.000,-1.250,-1.250,-1.149,-1.178,-1.250,-1.250,-1.250,1.000,-1.250,-1.250,-1.149,-1.178,-1.250,-1.250,-1.250
UBER,2026-07-27,9,S,C,-1.000,-1.035,-1.035,-1.035,-0.660,-0.767,-1.035,-1.035,-1.035,-1.035,-1.035,-1.035,-0.660,-0.767,-1.035,-1.035,-1.035
BABA,2024-10-14,16,L,S,2.891,1.000,2.000,2.281,2.304,2.298,3.000,4.000,-1.250,1.000,2.000,2.281,2.304,2.298,3.000,4.000,-1.250
BABA,2025-02-10,6,L,S,1.100,1.000,2.000,1.520,0.848,1.040,-1.250,-1.250,-1.250,1.000,2.000,1.520,0.848,1.040,-1.250,-1.250,-1.250
BABA,2025-02-19,17,L,C,-1.000,1.000,2.000,-1.138,-1.216,-1.194,-1.138,-1.138,-1.138,1.000,2.000,-1.138,-1.216,-1.194,-1.138,-1.138,-1.138
BABA,2025-02-20,50,L,A,-1.000,-1.250,-1.250,-1.250,-1.250,-1.250,-1.250,-1.250,-1.250,-1.250,-1.250,-1.250,-1.250,-1.250,-1.250,-1.250,-1.250
BABA,2025-02-21,18,L,C,-1.000,1.000,-1.250,-1.250,-1.250,-1.250,-1.250,-1.250,-1.250,1.000,-1.250,-1.250,-1.250,-1.250,-1.250,-1.250,-1.250
BABA,2025-02-25,38,S,C,-1.000,1.000,-1.250,-1.250,-1.250,-1.250,-1.250,-1.250,-1.250,1.000,-1.250,-1.250,-1.250,-1.250,-1.250,-1.250,-1.250
BABA,2025-03-03,22,S,A,3.759,1.000,2.000,1.690,1.979,1.897,3.000,4.000,-1.155,1.000,2.000,1.690,1.979,1.897,3.000,4.000,-1.155
BABA,2025-04-01,12,S,C,0.769,1.000,-1.000,0.461,0.667,0.608,-1.000,-1.000,-1.000,1.000,-1.000,0.461,0.667,0.608,-1.000,-1.000,-1.000
BABA,2025-04-10,8,L,S,-1.000,1.000,-1.250,-1.250,-1.250,-1.250,-1.250,-1.250,-1.250,1.000,-1.250,-1.250,-1.250,-1.250,-1.250,-1.250,-1.250
BABA,2025-12-10,11,S,C,-1.000,-1.250,-1.250,-1.250,-1.084,-1.132,-1.250,-1.250,-1.250,-1.250,-1.250,-1.250,-1.084,-1.132,-1.250,-1.250,-1.250
BABA,2026-01-15,60,L,C,5.318,1.000,2.000,2.633,2.633,2.633,2.633,2.633,2.633,1.000,2.000,5.267,5.173,5.200,3.000,4.000,5.000
BABA,2026-02-05,39,S,C,2.021,1.000,2.000,2.714,2.131,2.298,3.000,4.000,5.000,1.000,2.000,2.714,2.131,2.298,3.000,4.000,5.000
BABA,2026-04-07,75,S,C,1.548,1.000,2.000,0.810,1.510,1.310,3.000,4.000,5.000,1.000,2.000,0.810,1.510,1.310,3.000,4.000,5.000
BABA,2026-05-14,69,L,A,-1.000,-1.196,-1.196,-1.196,-1.159,-1.170,-1.196,-1.196,-1.196,-1.196,-1.196,-1.196,-1.159,-1.170,-1.196,-1.196,-1.196
BABA,2026-06-09,56,S,S,3.432,1.000,2.000,1.960,1.959,1.959,3.000,1.479,1.479,1.000,2.000,1.960,1.959,1.959,3.000,4.000,5.000
BABA,2026-07-02,17,L,A,0.274,1.000,-1.111,1.740,1.274,1.407,-1.111,-1.111,-1.111,1.000,-1.111,1.740,1.274,1.407,-1.111,-1.111,-1.111
CRM,2025-06-02,32,S,A,0.549,1.000,-1.023,1.117,0.882,0.949,-1.023,-1.023,-1.023,1.000,-1.023,1.117,0.882,0.949,-1.023,-1.023,-1.023
CRM,2025-08-20,29,L,A,-1.000,-1.038,-1.038,-1.038,-1.074,-1.064,-1.038,-1.038,-1.038,-1.038,-1.038,-1.038,-1.074,-1.064,-1.038,-1.038,-1.038
CRM,2025-12-05,18,L,C,2.687,1.000,2.000,4.240,4.225,4.229,3.000,4.000,5.000,1.000,2.000,4.240,4.225,4.229,3.000,4.000,5.000
CRM,2025-12-11,9,L,C,1.149,1.000,-1.250,0.981,0.112,0.360,-1.250,-1.250,-1.250,1.000,-1.250,0.981,0.112,0.360,-1.250,-1.250,-1.250
CRM,2026-01-15,15,S,S,1.786,1.000,2.000,1.642,1.845,1.787,1.272,1.272,1.272,1.000,2.000,1.642,1.845,1.787,3.000,4.000,5.000
CRM,2026-01-23,44,L,C,-1.000,1.000,-1.250,-1.250,-1.250,-1.250,-1.250,-1.250,-1.250,1.000,-1.250,-1.250,-1.250,-1.250,-1.250,-1.250,-1.250
CRM,2026-02-27,63,L,C,2.103,1.000,2.000,0.744,0.950,0.891,-1.250,-1.250,-1.250,1.000,2.000,0.744,0.950,0.891,-1.250,-1.250,-1.250
CRM,2026-03-19,53,S,S,-1.000,-1.250,-1.250,-1.250,-0.556,-0.754,-1.250,-1.250,-1.250,-1.250,-1.250,-1.250,-0.556,-0.754,-1.250,-1.250,-1.250
CRM,2026-04-09,45,S,C,0.143,1.000,2.000,6.643,6.643,6.643,3.000,4.000,5.000,1.000,2.000,0.143,0.143,0.143,3.000,4.000,5.000
CRM,2026-04-20,11,L,C,3.105,1.000,2.000,4.837,6.253,5.849,3.000,4.000,5.000,1.000,2.000,4.837,6.253,5.849,3.000,4.000,5.000
CRM,2026-04-30,44,S,C,-1.000,-1.250,-1.250,-1.250,-1.196,-1.211,-1.250,-1.250,-1.250,-1.250,-1.250,-1.250,-1.196,-1.211,-1.250,-1.250,-1.250
CRM,2026-05-27,67,L,C,0.662,1.000,-1.250,-1.250,-1.250,-1.250,-1.250,-1.250,-1.250,1.000,-1.250,-1.250,-1.250,-1.250,-1.250,-1.250,-1.250
CRM,2026-06-01,35,L,C,2.562,1.000,2.000,1.875,1.613,1.688,3.000,4.000,5.000,1.000,2.000,1.875,1.613,1.688,3.000,4.000,5.000
CRM,2026-06-23,25,S,C,-1.000,-1.250,-1.250,-1.250,-1.250,-1.250,-1.250,-1.250,-1.250,-1.250,-1.250,-1.250,-1.250,-1.250,-1.250,-1.250,-1.250
CRM,2026-07-10,30,S,A,-1.000,1.000,-1.250,-1.250,-1.250,-1.250,-1.250,-1.250,-1.250,1.000,-1.250,-1.250,-1.250,-1.250,-1.250,-1.250,-1.250
CRM,2026-07-14,15,L,A,4.838,1.000,2.000,2.765,2.796,2.787,3.000,4.000,5.000,1.000,2.000,2.765,2.796,2.787,3.000,4.000,5.000
CRM,2026-07-28,15,L,C,4.196,1.000,2.000,3.381,3.281,3.310,3.000,4.000,5.000,1.000,2.000,3.381,3.281,3.310,3.000,4.000,5.000
CRM,2026-08-07,24,L,C,6.368,1.000,2.000,4.974,5.029,5.013,3.000,4.000,5.000,1.000,2.000,4.974,5.029,5.013,3.000,4.000,5.000
TSM,2025-07-29,16,L,C,0.549,1.000,-1.024,0.049,0.049,0.049,-1.024,-1.024,-1.024,1.000,-1.024,0.049,0.049,0.049,-1.024,-1.024,-1.024
TSM,2025-09-09,26,L,S,0.680,1.000,-1.250,-0.056,-0.025,-0.034,-1.250,-1.250,-1.250,1.000,-1.250,-0.056,-0.025,-0.034,-1.250,-1.250,-1.250
TSM,2025-09-22,10,L,A,-1.000,1.000,-1.250,-1.250,-1.148,-1.177,-1.250,-1.250,-1.250,1.000,-1.250,-1.250,-1.148,-1.177,-1.250,-1.250,-1.250
TSM,2025-10-03,13,L,A,0.597,1.000,2.000,1.789,1.548,1.617,-1.033,-1.033,-1.033,1.000,2.000,1.789,1.548,1.617,-1.033,-1.033,-1.033
TSM,2025-10-21,25,S,A,-1.000,-1.132,-1.132,-1.132,-0.960,-1.009,-1.132,-1.132,-1.132,-1.132,-1.132,-1.132,-0.960,-1.009,-1.132,-1.132,-1.132
TSM,2025-11-07,16,S,C,4.545,1.000,2.000,3.755,3.049,3.250,3.000,4.000,5.000,1.000,2.000,3.755,3.049,3.250,3.000,4.000,5.000
TSM,2025-11-13,71,S,C,2.837,1.000,2.000,4.047,4.112,4.093,3.000,4.000,5.000,1.000,2.000,4.047,4.112,4.093,3.000,4.000,5.000
TSM,2025-11-21,75,S,C,-1.000,-1.250,-1.250,-1.250,-0.882,-0.987,-1.250,-1.250,-1.250,-1.250,-1.250,-1.250,-0.882,-0.987,-1.250,-1.250,-1.250
TSM,2025-12-16,12,S,C,0.717,1.000,-1.250,-0.833,-0.853,-0.847,-1.250,-1.250,-1.250,1.000,-1.250,-0.833,-0.853,-0.847,-1.250,-1.250,-1.250
TSM,2026-01-30,15,L,C,-1.000,1.000,-1.250,-1.250,-1.174,-1.196,-1.250,-1.250,-1.250,1.000,-1.250,-1.250,-1.174,-1.196,-1.250,-1.250,-1.250
TSM,2026-02-04,42,S,C,0.811,1.000,2.000,1.146,0.628,0.776,2.520,2.520,2.520,1.000,2.000,1.146,0.628,0.776,3.000,4.000,5.000
TSM,2026-02-17,29,S,C,0.588,1.000,-1.250,-0.365,-0.249,-0.282,-1.250,-1.250,-1.250,1.000,-1.250,-0.365,-0.249,-0.282,-1.250,-1.250,-1.250
TSM,2026-02-23,78,L,C,-1.000,-1.250,-1.250,-1.250,-1.180,-1.200,-1.250,-1.250,-1.250,-1.250,-1.250,-1.250,-1.180,-1.200,-1.250,-1.250,-1.250
TSM,2026-03-24,57,L,C,-1.000,-1.141,-1.141,-1.141,-1.217,-1.196,-1.141,-1.141,-1.141,-1.141,-1.141,-1.141,-1.217,-1.196,-1.141,-1.141,-1.141
TSM,2026-03-27,36,S,A,-1.000,-1.250,-1.250,-1.250,-0.855,-0.968,-1.250,-1.250,-1.250,-1.250,-1.250,-1.250,-0.855,-0.968,-1.250,-1.250,-1.250
TSM,2026-03-30,20,S,A,1.697,1.000,2.000,3.991,3.503,3.642,3.000,4.000,5.000,1.000,2.000,3.991,3.503,3.642,3.000,4.000,5.000
TSM,2026-04-01,14,L,C,-1.000,1.000,2.000,-1.250,-0.623,-0.802,-1.250,-1.250,-1.250,1.000,2.000,-1.250,-0.623,-0.802,-1.250,-1.250,-1.250
TSM,2026-04-02,11,L,C,2.434,1.000,2.000,2.040,2.638,2.467,3.000,4.000,5.000,1.000,2.000,2.040,2.638,2.467,3.000,4.000,5.000
TSM,2026-05-11,20,S,C,0.877,1.000,2.000,1.350,1.121,1.187,-1.050,-1.050,-1.050,1.000,2.000,1.350,1.121,1.187,-1.050,-1.050,-1.050
TSM,2026-05-13,12,S,C,3.042,1.000,2.000,5.400,4.175,4.525,3.000,4.000,5.000,1.000,2.000,5.400,4.175,4.525,3.000,4.000,5.000
TSM,2026-05-15,45,L,A,0.160,-0.202,-0.202,0.098,0.069,0.077,-0.202,-0.202,-0.202,-0.261,-0.261,0.098,0.069,0.077,-0.261,-0.261,-0.261
TSM,2026-05-18,37,S,S,-1.000,1.000,-1.117,-1.117,-0.730,-0.841,-1.117,-1.117,-1.117,1.000,-1.117,-1.117,-0.730,-0.841,-1.117,-1.117,-1.117
TSM,2026-05-21,10,L,S,1.848,1.000,2.000,1.273,1.160,1.192,-1.162,-1.162,-1.162,1.000,2.000,1.273,1.160,1.192,-1.162,-1.162,-1.162
TSM,2026-06-10,46,L,C,2.734,1.000,2.000,2.422,2.439,2.434,3.000,4.000,5.000,1.000,2.000,2.422,2.439,2.434,3.000,4.000,5.000
TSM,2026-07-20,46,S,C,1.889,1.000,2.000,1.236,0.259,0.538,3.000,-1.250,-1.250,1.000,2.000,1.236,0.259,0.538,3.000,-1.250,-1.250
TSM,2026-07-22,21,L,C,0.451,1.000,2.000,-0.211,0.691,0.433,3.000,3.678,3.678,1.000,2.000,-0.211,0.691,0.433,3.000,4.000,5.000
TSM,2026-07-28,12,S,C,2.681,1.000,2.000,0.484,0.867,0.758,3.000,-1.250,-1.250,1.000,2.000,0.484,0.867,0.758,3.000,-1.250,-1.250
