sym,day,entry_i,side,sgrade,book_r,clock_st_100_trail,clock_st_30_70,clock_st_30_70_be,clock_st_50_50,clock_st_50_50_be,clock_st_70_30,clock_st_70_30_be,clock_st_50_25x4r_25,clock_st_50_25x4r_25_be,clock_st_50_20x4r_20x5r,clock_st_50_20x4r_20x5r_be,clock_st_30_30x4r_30x5r,clock_st_30_30x4r_30x5r_be,clock_st_100_trail_be,clock_oracle_stopped,clock_oracle_best_close,clock_oracle_MFE,noclock_st_100_trail,noclock_st_30_70,noclock_st_30_70_be,noclock_st_50_50,noclock_st_50_50_be,noclock_st_70_30,noclock_st_70_30_be,noclock_st_50_25x4r_25,noclock_st_50_25x4r_25_be,noclock_st_50_20x4r_20x5r,noclock_st_50_20x4r_20x5r_be,noclock_st_30_30x4r_30x5r,noclock_st_30_30x4r_30x5r_be,noclock_st_100_trail_be,noclock_oracle_stopped,noclock_oracle_best_close,noclock_oracle_MFE
NVDA,2024-08-23,29,L,C,2.115,4.500,4.512,4.512,4.519,4.519,4.527,4.527,4.394,4.394,4.519,4.519,4.512,4.512,4.500,8.712,8.712,9.154,4.500,4.512,4.512,4.519,4.519,4.527,4.527,4.394,4.394,4.519,4.519,4.512,4.512,4.500,8.712,8.712,9.154
NVDA,2024-08-23,36,L,C,4.344,2.656,3.191,3.191,3.547,3.547,3.903,3.903,3.547,3.547,3.547,3.547,3.191,3.191,2.656,6.078,6.078,6.437,2.656,3.191,3.191,3.547,3.547,3.903,3.903,3.547,3.547,3.547,3.547,3.191,3.191,2.656,6.078,6.078,6.437
NVDA,2024-08-29,48,S,A,-1.000,1.655,-1.236,-1.236,-1.236,-1.236,-1.236,-1.236,-1.236,-1.236,-1.236,-1.236,-1.236,-1.236,1.655,2.836,2.836,3.200,1.655,-1.236,-1.236,-1.236,-1.236,-1.236,-1.236,-1.236,-1.236,-1.236,-1.236,-1.236,-1.236,1.655,2.836,7.791,8.073
NVDA,2024-09-03,16,S,C,-1.000,-1.250,-1.250,-1.250,-1.250,-1.250,-1.250,-1.250,-1.250,-1.250,-1.250,-1.250,-1.250,-1.250,-1.250,-1.250,16.995,18.125,-1.250,-1.250,-1.250,-1.250,-1.250,-1.250,-1.250,-1.250,-1.250,-1.250,-1.250,-1.250,-1.250,-1.250,-1.250,27.575,28.650
NVDA,2024-09-18,18,S,C,-1.000,-1.017,-1.017,-1.017,-1.017,-1.017,-1.017,-1.017,-1.017,-1.017,-1.017,-1.017,-1.017,-1.017,-0.867,-0.867,1.133,1.267,-1.017,-1.017,-1.017,-1.017,-1.017,-1.017,-1.017,-1.017,-1.017,-1.017,-1.017,-1.017,-1.017,-0.867,-0.867,6.100,6.200
NVDA,2024-09-25,13,L,C,2.531,5.547,4.403,4.403,3.641,3.641,2.878,2.878,3.254,3.254,3.222,3.222,3.775,3.775,5.547,6.497,6.497,6.719,5.547,4.403,4.403,3.641,3.641,2.878,2.878,3.254,3.254,3.222,3.222,3.775,3.775,5.547,6.497,6.497,6.719
NVDA,2024-09-26,15,L,A,-1.000,-1.250,-1.250,-1.250,-1.250,-1.250,-1.250,-1.250,-1.250,-1.250,-1.250,-1.250,-1.250,-1.250,-0.358,-0.358,-0.033,0.150,-1.250,-1.250,-1.250,-1.250,-1.250,-1.250,-1.250,-1.250,-1.250,-1.250,-1.250,-1.250,-1.250,-0.358,-0.358,-0.033,0.150
NVDA,2024-10-10,12,L,A,-1.000,-1.250,-1.250,-1.250,-1.250,-1.250,-1.250,-1.250,-1.250,-1.250,-1.250,-1.250,-1.250,-1.250,-0.167,1.400,6.410,6.633,-1.250,-1.250,-1.250,-1.250,-1.250,-1.250,-1.250,-1.250,-1.250,-1.250,-1.250,-1.250,-1.250,-0.167,1.400,7.350,7.400
NVDA,2024-11-06,39,L,A,5.391,2.019,1.557,1.557,1.557,1.557,1.557,1.557,1.557,1.557,1.557,1.557,1.557,1.557,2.019,3.444,3.444,3.519,2.019,5.593,5.593,5.667,5.667,5.741,5.741,5.296,5.296,5.274,5.274,5.004,5.004,2.019,11.463,11.463,11.593
NVDA,2024-11-14,22,S,A,-1.000,-1.250,-1.250,-1.250,-1.250,-1.250,-1.250,-1.250,-1.250,-1.250,-1.250,-1.250,-1.250,-1.250,-0.171,-0.171,-0.171,0.514,-1.250,-1.250,-1.250,-1.250,-1.250,-1.250,-1.250,-1.250,-1.250,-1.250,-1.250,-1.250,-1.250,-0.171,-0.171,0.914,1.057
NVDA,2024-11-26,22,S,C,0.797,0.084,0.675,0.675,1.069,1.069,1.463,1.463,1.069,1.069,1.069,1.069,0.675,0.675,0.084,3.446,3.446,3.514,0.084,0.675,0.675,1.069,1.069,1.463,1.463,1.069,1.069,1.069,1.069,0.675,0.675,0.084,4.730,4.730,4.865
NVDA,2024-12-16,12,S,A,-1.000,-0.105,-1.047,-1.047,-1.047,-1.047,-1.047,-1.047,-1.047,-1.047,-1.047,-1.047,-1.047,-1.047,-0.209,1.473,3.117,3.302,-0.105,-1.047,-1.047,-1.047,-1.047,-1.047,-1.047,-1.047,-1.047,-1.047,-1.047,-1.047,-1.047,-0.209,1.473,3.117,3.302
NVDA,2025-01-06,21,L,C,-1.000,-1.250,-1.250,-1.250,-1.250,-1.250,-1.250,-1.250,-1.250,-1.250,-1.250,-1.250,-1.250,-1.250,-0.221,-0.059,6.529,6.588,-1.250,-1.250,-1.250,-1.250,-1.250,-1.250,-1.250,-1.250,-1.250,-1.250,-1.250,-1.250,-1.250,-0.221,-0.059,6.853,7.076
NVDA,2025-01-10,16,S,C,0.320,0.170,0.293,0.293,0.375,0.375,0.457,0.457,0.375,0.375,0.375,0.375,0.293,0.293,0.170,1.148,1.148,1.261,0.170,0.293,0.293,0.375,0.375,0.457,0.457,0.375,0.375,0.375,0.375,0.293,0.293,0.170,1.148,1.148,1.261
NVDA,2025-01-23,17,L,C,0.860,-0.443,-0.022,-0.022,0.258,0.258,0.539,0.539,0.258,0.258,0.258,0.258,-0.022,-0.022,-0.443,4.540,4.540,4.800,-0.443,-0.022,-0.022,0.258,0.258,0.539,0.539,0.258,0.258,0.258,0.258,-0.022,-0.022,-0.443,8.480,8.480,8.560
NVDA,2025-01-31,54,L,C,3.893,3.240,3.468,3.468,3.620,3.620,3.771,3.771,3.810,3.810,3.772,3.772,3.696,3.696,-0.008,5.160,5.160,5.200,3.240,3.468,3.468,3.620,3.620,3.771,3.771,3.810,3.810,3.772,3.772,3.696,3.696,-0.008,8.040,8.040,8.040
NVDA,2025-03-05,16,S,A,3.237,0.176,-0.218,-0.218,0.471,0.471,1.159,1.159,0.471,0.471,0.471,0.471,-0.218,-0.218,0.176,3.414,3.414,4.353,0.176,-0.218,-0.218,0.471,0.471,1.159,1.159,0.471,0.471,0.471,0.471,-0.218,-0.218,0.176,3.414,4.309,4.735
NVDA,2025-03-06,24,L,A,-1.000,-1.056,-1.056,-1.056,-1.056,-1.056,-1.056,-1.056,-1.056,-1.056,-1.056,-1.056,-1.056,-1.056,-1.056,1.333,8.444,8.611,-1.056,-1.056,-1.056,-1.056,-1.056,-1.056,-1.056,-1.056,-1.056,-1.056,-1.056,-1.056,-1.056,-1.056,1.333,8.444,8.611
NVDA,2025-04-01,30,S,A,2.441,3.647,3.998,3.998,4.231,4.231,4.465,4.465,4.319,4.319,4.572,4.572,4.509,4.509,3.647,5.954,5.954,6.824,3.647,3.998,3.998,4.231,4.231,4.465,4.465,4.319,4.319,4.572,4.572,4.509,4.509,3.647,5.954,5.954,6.824
NVDA,2025-04-03,24,L,A,1.770,-0.389,0.703,0.703,1.431,1.431,2.158,2.158,2.528,2.528,2.308,2.308,2.019,2.019,-0.389,3.472,4.333,5.000,-0.389,0.703,0.703,1.431,1.431,2.158,2.158,2.528,2.528,2.308,2.308,2.019,2.019,-0.389,3.472,4.333,5.000
NVDA,2025-04-11,21,L,C,1.555,0.500,0.801,0.801,1.002,1.002,1.203,1.203,1.002,1.002,1.002,1.002,0.801,0.801,0.500,2.679,2.679,3.571,0.500,0.801,0.801,1.002,1.002,1.203,1.203,1.002,1.002,1.002,1.002,0.801,0.801,0.500,2.679,5.750,6.642
NVDA,2025-04-24,35,L,C,-1.000,-0.660,-1.250,-1.250,-1.250,-1.250,-1.250,-1.250,-1.250,-1.250,-1.250,-1.250,-1.250,-1.250,-0.143,0.619,3.428,3.762,-0.660,-1.250,-1.250,-1.250,-1.250,-1.250,-1.250,-1.250,-1.250,-1.250,-1.250,-1.250,-1.250,-0.143,0.619,8.024,8.286
NVDA,2025-07-03,21,L,A,1.203,4.149,3.299,3.299,2.733,2.733,2.167,2.167,2.696,2.696,2.874,2.874,3.510,3.510,-0.622,6.459,6.459,6.568,4.149,3.299,3.299,2.733,2.733,2.167,2.167,2.696,2.696,2.874,2.874,3.510,3.510,-0.622,6.459,6.459,6.568
NVDA,2025-08-22,33,L,C,0.335,-0.133,-0.005,-0.005,0.080,0.080,0.165,0.165,0.080,0.080,0.080,0.080,-0.005,-0.005,-0.133,0.961,0.961,1.006,-0.133,-0.005,-0.005,0.080,0.080,0.165,0.165,0.080,0.080,0.080,0.080,-0.005,-0.005,-0.133,1.395,1.395,1.446
NVDA,2025-09-05,18,L,C,-1.000,-1.109,-1.109,-1.109,-1.109,-1.109,-1.109,-1.109,-1.109,-1.109,-1.109,-1.109,-1.109,-1.109,-0.235,0.373,0.373,0.412,-1.109,-1.109,-1.109,-1.109,-1.109,-1.109,-1.109,-1.109,-1.109,-1.109,-1.109,-1.109,-1.109,-0.235,0.373,0.373,0.412
NVDA,2025-09-09,30,S,C,0.723,-1.250,-0.745,-0.254,-0.408,-0.058,-0.072,0.139,-0.408,-0.058,-0.408,-0.058,-0.745,-0.254,-0.549,2.963,5.519,5.889,-1.250,-0.745,-0.254,-0.408,-0.058,-0.072,0.139,-0.408,-0.058,-0.408,-0.058,-0.745,-0.254,-0.549,2.963,5.519,5.889
NVDA,2025-09-29,12,L,C,2.309,1.027,1.311,1.311,1.500,1.500,1.690,1.690,1.500,1.500,1.500,1.500,1.311,1.311,1.027,2.421,2.421,3.053,1.027,1.311,1.311,1.500,1.500,1.690,1.690,1.500,1.500,1.500,1.500,1.311,1.311,1.027,2.421,2.421,3.053
NVDA,2025-09-30,17,L,S,0.262,-1.250,-0.882,-0.307,-0.637,-0.226,-0.392,-0.145,-0.637,-0.226,-0.637,-0.226,-0.882,-0.307,-0.024,0.476,9.440,9.702,-1.250,-0.882,-0.307,-0.637,-0.226,-0.392,-0.145,-0.637,-0.226,-0.637,-0.226,-0.882,-0.307,-0.024,0.476,9.676,10.000
NVDA,2025-10-17,25,L,S,0.775,3.504,2.550,-0.508,1.914,-0.271,1.278,-0.033,2.038,-0.271,2.312,-0.271,3.147,-0.508,-0.865,5.088,5.088,5.471,3.504,2.550,-0.508,1.914,-0.271,1.278,-0.033,2.038,-0.271,2.312,-0.271,3.147,-0.508,-0.865,5.088,6.894,7.147
NVDA,2025-11-06,19,S,C,2.389,5.729,4.923,4.923,4.385,4.385,3.848,3.848,3.953,3.953,3.894,3.894,4.185,4.185,5.729,13.439,13.439,14.479,5.729,4.923,4.923,4.385,4.385,3.848,3.848,3.953,3.953,3.894,3.894,4.185,4.185,5.729,19.375,19.375,19.937
NVDA,2025-11-18,16,S,S,4.082,4.100,3.270,3.270,2.717,2.717,2.163,2.163,2.692,2.692,2.877,2.877,3.510,3.510,4.100,8.633,8.633,9.333,4.100,3.270,3.270,2.717,2.717,2.163,2.163,2.692,2.692,2.877,2.877,3.510,3.510,4.100,8.633,8.633,9.333
NVDA,2025-12-08,5,L,A,-1.000,-0.209,-1.128,-1.128,-1.128,-1.128,-1.128,-1.128,-1.128,-1.128,-1.128,-1.128,-1.128,-1.128,-0.209,1.400,1.400,2.395,-0.209,-1.128,-1.128,-1.128,-1.128,-1.128,-1.128,-1.128,-1.128,-1.128,-1.128,-1.128,-1.128,-0.209,1.400,7.326,7.767
NVDA,2026-01-26,9,L,C,0.872,-0.419,-0.161,-0.161,0.012,0.012,0.184,0.184,0.012,0.012,0.012,0.012,-0.161,-0.161,-0.419,1.442,1.442,1.884,-0.419,-0.161,-0.161,0.012,0.012,0.184,0.184,0.012,0.012,0.012,0.012,-0.161,-0.161,-0.419,1.442,1.442,1.884
NVDA,2026-02-05,47,S,S,-1.000,-1.129,-1.129,-1.129,-1.129,-1.129,-1.129,-1.129,-1.129,-1.129,-1.129,-1.129,-1.129,-1.129,-0.000,2.629,2.629,3.097,-1.129,-1.129,-1.129,-1.129,-1.129,-1.129,-1.129,-1.129,-1.129,-1.129,-1.129,-1.129,-1.129,-0.000,2.629,3.726,4.419
NVDA,2026-02-19,47,L,C,-1.000,-1.250,-1.250,-1.250,-1.250,-1.250,-1.250,-1.250,-1.250,-1.250,-1.250,-1.250,-1.250,-1.250,-0.682,-0.340,0.660,0.818,-1.250,-1.250,-1.250,-1.250,-1.250,-1.250,-1.250,-1.250,-1.250,-1.250,-1.250,-1.250,-1.250,-0.682,-0.340,0.660,0.818
NVDA,2026-03-18,21,S,C,-1.000,-1.217,-1.217,-1.217,-1.217,-1.217,-1.217,-1.217,-1.217,-1.217,-1.217,-1.217,-1.217,-1.217,-0.850,-0.850,-0.650,0.150,-1.217,-1.217,-1.217,-1.217,-1.217,-1.217,-1.217,-1.217,-1.217,-1.217,-1.217,-1.217,-1.217,-0.850,-0.850,4.433,4.500
NVDA,2026-03-19,10,S,C,-1.000,-1.250,-1.250,-1.250,-1.250,-1.250,-1.250,-1.250,-1.250,-1.250,-1.250,-1.250,-1.250,-1.250,-1.250,-1.250,0.527,0.649,-1.250,-1.250,-1.250,-1.250,-1.250,-1.250,-1.250,-1.250,-1.250,-1.250,-1.250,-1.250,-1.250,-1.250,-1.250,0.527,0.649
NVDA,2026-03-25,31,L,C,5.000,7.516,6.703,6.703,6.161,6.161,5.619,5.619,5.282,5.282,4.955,4.955,4.894,4.894,7.516,8.581,8.581,9.194,7.516,6.703,6.703,6.161,6.161,5.619,5.619,5.282,5.282,4.955,4.955,4.894,4.894,7.516,8.581,8.581,9.194
NVDA,2026-05-27,9,S,C,4.716,0.309,1.063,1.063,1.566,1.566,2.069,2.069,1.566,1.566,1.566,1.566,1.063,1.063,0.309,9.324,9.324,9.471,0.309,1.063,1.063,1.566,1.566,2.069,2.069,1.566,1.566,1.566,1.566,1.063,1.063,0.309,9.324,9.324,9.471
NVDA,2026-06-25,65,S,C,-1.000,-0.290,-1.250,-1.250,-1.250,-1.250,-1.250,-1.250,-1.250,-1.250,-1.250,-1.250,-1.250,-1.250,-0.145,0.725,0.725,0.913,-0.290,-1.250,-1.250,-1.250,-1.250,-1.250,-1.250,-1.250,-1.250,-1.250,-1.250,-1.250,-1.250,-0.145,0.725,1.681,1.734
NVDA,2026-06-26,7,S,C,-1.000,-1.250,-1.250,-1.250,-1.250,-1.250,-1.250,-1.250,-1.250,-1.250,-1.250,-1.250,-1.250,-1.250,-0.914,-0.914,-0.371,1.400,-1.250,-1.250,-1.250,-1.250,-1.250,-1.250,-1.250,-1.250,-1.250,-1.250,-1.250,-1.250,-1.250,-0.914,-0.914,1.171,1.400
NVDA,2026-06-29,52,S,S,-1.000,-1.250,-1.250,-1.250,-1.250,-1.250,-1.250,-1.250,-1.250,-1.250,-1.250,-1.250,-1.250,-1.250,-0.568,0.622,0.622,1.270,-1.250,-1.250,-1.250,-1.250,-1.250,-1.250,-1.250,-1.250,-1.250,-1.250,-1.250,-1.250,-1.250,-0.568,0.622,0.622,1.270
NVDA,2026-07-02,24,L,C,0.709,0.837,0.996,0.996,1.102,1.102,1.208,1.208,1.102,1.102,1.102,1.102,0.996,0.996,0.837,1.872,1.872,1.971,0.837,0.996,0.996,1.102,1.102,1.208,1.208,1.102,1.102,1.102,1.102,0.996,0.996,0.837,1.872,1.872,1.971
NVDA,2026-07-08,47,L,C,-1.000,0.277,-1.071,-1.071,-1.071,-1.071,-1.071,-1.071,-1.071,-1.071,-1.071,-1.071,-1.071,-1.071,0.277,1.027,3.795,4.482,0.277,-1.071,-1.071,-1.071,-1.071,-1.071,-1.071,-1.071,-1.071,-1.071,-1.071,-1.071,-1.071,0.277,1.027,14.518,14.679
NVDA,2026-07-14,18,S,C,-1.000,-1.250,-1.250,-1.250,-1.250,-1.250,-1.250,-1.250,-1.250,-1.250,-1.250,-1.250,-1.250,-1.250,-0.547,0.023,1.093,1.791,-1.250,-1.250,-1.250,-1.250,-1.250,-1.250,-1.250,-1.250,-1.250,-1.250,-1.250,-1.250,-1.250,-0.547,0.023,1.093,1.791
NVDA,2026-07-31,10,L,C,-1.000,-1.250,-1.250,-1.250,-1.250,-1.250,-1.250,-1.250,-1.250,-1.250,-1.250,-1.250,-1.250,-1.250,-0.327,-0.327,-0.205,1.591,-1.250,-1.250,-1.250,-1.250,-1.250,-1.250,-1.250,-1.250,-1.250,-1.250,-1.250,-1.250,-1.250,-0.327,-0.327,6.807,7.068
NVDA,2026-08-05,16,L,C,3.400,2.194,2.474,2.474,2.660,2.660,2.847,2.847,2.660,2.660,2.660,2.660,2.474,2.474,-0.157,3.493,3.493,3.910,2.194,2.474,2.474,2.660,2.660,2.847,2.847,2.660,2.660,2.660,2.660,2.474,2.474,-0.157,3.493,3.836,3.910
NVDA,2026-08-06,15,L,C,1.137,-0.387,-0.036,-0.036,0.198,0.198,0.432,0.432,0.198,0.198,0.198,0.198,-0.036,-0.036,-0.387,2.187,2.187,2.525,-0.387,-0.036,-0.036,0.198,0.198,0.432,0.432,0.198,0.198,0.198,0.198,-0.036,-0.036,-0.387,2.187,2.187,2.525
TSLA,2024-08-22,8,S,A,-1.000,-1.140,-1.140,-1.140,-1.140,-1.140,-1.140,-1.140,-1.140,-1.140,-1.140,-1.140,-1.140,-1.140,-1.140,0.209,10.860,11.151,-1.140,-1.140,-1.140,-1.140,-1.140,-1.140,-1.140,-1.140,-1.140,-1.140,-1.140,-1.140,-1.140,-1.140,0.209,27.870,28.558
TSLA,2024-09-09,82,S,C,-1.000,1.350,1.350,1.350,1.350,1.350,1.350,1.350,1.350,1.350,1.350,1.350,1.350,1.350,-0.399,1.350,1.350,1.709,0.514,-1.129,-1.129,-1.129,-1.129,-1.129,-1.129,-1.129,-1.129,-1.129,-1.129,-1.129,-1.129,-0.399,1.904,1.904,2.357
TSLA,2024-09-12,31,L,S,-1.000,-1.250,-1.250,-1.250,-1.250,-1.250,-1.250,-1.250,-1.250,-1.250,-1.250,-1.250,-1.250,-1.250,-0.280,0.131,0.902,1.067,-1.250,-1.250,-1.250,-1.250,-1.250,-1.250,-1.250,-1.250,-1.250,-1.250,-1.250,-1.250,-1.250,-0.280,0.131,1.351,1.373
TSLA,2024-09-23,22,L,C,-1.000,-0.607,-1.250,-1.250,-1.250,-1.250,-1.250,-1.250,-1.250,-1.250,-1.250,-1.250,-1.250,-1.250,-0.172,0.750,3.920,4.000,-0.607,-1.250,-1.250,-1.250,-1.250,-1.250,-1.250,-1.250,-1.250,-1.250,-1.250,-1.250,-1.250,-0.172,0.750,5.054,5.054
TSLA,2024-10-28,55,L,S,2.159,0.805,1.433,1.433,1.853,1.853,2.272,2.272,2.651,2.651,2.492,2.492,2.392,2.392,0.805,5.927,5.927,6.673,0.805,1.433,1.433,1.853,1.853,2.272,2.272,2.651,2.651,2.492,2.492,2.392,2.392,0.805,5.927,5.927,6.673
TSLA,2024-10-29,16,S,A,3.989,4.234,3.665,3.665,3.286,3.286,2.906,2.906,3.227,3.227,3.392,3.392,3.825,3.825,4.234,6.383,8.574,10.234,4.234,3.665,3.665,3.286,3.286,2.906,2.906,3.227,3.227,3.392,3.392,3.825,3.825,4.234,6.383,13.957,14.319
TSLA,2024-10-30,19,S,A,-1.000,-1.250,-1.250,-1.250,-1.250,-1.250,-1.250,-1.250,-1.250,-1.250,-1.250,-1.250,-1.250,-1.250,-0.216,-0.216,-0.179,0.224,-1.250,-1.250,-1.250,-1.250,-1.250,-1.250,-1.250,-1.250,-1.250,-1.250,-1.250,-1.250,-1.250,-0.216,-0.216,-0.179,0.224
TSLA,2024-10-31,64,S,A,4.175,1.189,4.488,4.488,4.288,4.288,4.088,4.088,4.091,4.091,4.130,4.130,4.252,4.252,1.189,4.788,4.788,4.970,1.189,4.216,4.216,4.093,4.093,3.971,3.971,3.994,3.994,4.134,4.134,4.276,4.276,1.189,8.517,8.517,8.818
TSLA,2024-11-01,21,S,A,2.302,1.250,1.166,1.166,1.109,1.109,1.053,1.053,1.109,1.109,1.109,1.109,1.166,1.166,-0.167,2.668,2.668,3.490,1.250,1.166,1.166,1.109,1.109,1.053,1.053,1.109,1.109,1.109,1.109,1.166,1.166,-0.167,2.668,9.376,9.792
TSLA,2024-11-04,41,S,A,-1.000,-1.133,-1.133,-1.133,-1.133,-1.133,-1.133,-1.133,-1.133,-1.133,-1.133,-1.133,-1.133,-1.133,-0.316,0.772,0.772,0.929,-1.133,-1.133,-1.133,-1.133,-1.133,-1.133,-1.133,-1.133,-1.133,-1.133,-1.133,-1.133,-1.133,-0.316,0.772,3.140,3.246
TSLA,2024-11-13,41,S,A,2.204,2.072,1.850,1.850,1.701,1.701,1.553,1.553,2.183,2.183,2.087,2.087,2.428,2.428,2.072,6.436,6.436,6.467,2.072,1.850,1.850,1.701,1.701,1.553,1.553,2.183,2.183,2.087,2.087,2.428,2.428,2.072,7.713,7.713,8.037
TSLA,2024-11-14,84,S,C,-1.000,2.653,2.653,2.653,2.653,2.653,2.653,2.653,2.653,2.653,2.653,2.653,2.653,2.653,2.653,3.980,3.980,4.469,2.306,-1.250,-1.250,-1.250,-1.250,-1.250,-1.250,-1.250,-1.250,-1.250,-1.250,-1.250,-1.250,2.306,4.950,18.381,18.939
TSLA,2024-11-19,34,L,S,2.492,2.331,2.682,2.682,2.915,2.915,3.149,3.149,3.332,3.332,3.249,3.249,3.182,3.182,2.331,12.678,12.678,13.407,2.331,2.682,2.682,2.915,2.915,3.149,3.149,3.332,3.332,3.249,3.249,3.182,3.182,2.331,12.678,12.678,13.407
TSLA,2024-11-22,25,S,A,-1.000,-1.250,-1.250,-1.250,-1.250,-1.250,-1.250,-1.250,-1.250,-1.250,-1.250,-1.250,-1.250,-1.250,-1.250,-1.250,-2.238,0.774,-1.250,-1.250,-1.250,-1.250,-1.250,-1.250,-1.250,-1.250,-1.250,-1.250,-1.250,-1.250,-1.250,-1.250,-1.250,-2.238,0.774
TSLA,2024-12-18,23,L,C,1.337,3.496,3.105,3.105,2.844,2.844,2.583,2.583,2.970,2.970,2.945,2.945,3.256,3.256,3.496,6.255,6.255,6.343,3.496,3.105,3.105,2.844,2.844,2.583,2.583,2.970,2.970,2.945,2.945,3.256,3.256,3.496,13.333,13.333,13.780
TSLA,2024-12-19,13,S,C,-1.000,-1.250,-1.250,-1.250,-1.250,-1.250,-1.250,-1.250,-1.250,-1.250,-1.250,-1.250,-1.250,-1.250,-0.251,0.929,3.954,4.347,-1.250,-1.250,-1.250,-1.250,-1.250,-1.250,-1.250,-1.250,-1.250,-1.250,-1.250,-1.250,-1.250,-0.251,0.929,11.339,11.552
TSLA,2024-12-23,36,S,A,4.854,-1.250,0.401,1.143,1.502,2.032,2.602,2.920,2.814,3.079,3.802,3.908,3.851,3.957,-0.190,10.114,10.114,10.758,-1.250,0.401,1.143,1.502,2.032,2.602,2.920,2.814,3.079,3.802,3.908,3.851,3.957,-0.190,10.114,10.114,10.758
TSLA,2024-12-30,32,S,C,1.154,-0.008,0.319,0.319,0.538,0.538,0.756,0.756,0.538,0.538,0.538,0.538,0.319,0.319,-0.008,1.302,1.302,1.497,-0.008,0.319,0.319,0.538,0.538,0.756,0.756,0.538,0.538,0.538,0.538,0.319,0.319,-0.008,1.302,1.302,1.497
TSLA,2025-01-22,8,L,A,-1.000,-1.250,-1.250,-1.250,-1.250,-1.250,-1.250,-1.250,-1.250,-1.250,-1.250,-1.250,-1.250,-1.250,-0.350,0.715,0.845,1.602,-1.250,-1.250,-1.250,-1.250,-1.250,-1.250,-1.250,-1.250,-1.250,-1.250,-1.250,-1.250,-1.250,-0.350,0.715,0.845,1.602
TSLA,2025-02-18,78,L,C,-1.000,1.233,1.600,1.600,1.600,1.600,1.600,1.600,1.600,1.600,1.600,1.600,1.600,1.600,1.233,1.920,1.920,2.280,1.233,-1.160,-1.160,-1.160,-1.160,-1.160,-1.160,-1.160,-1.160,-1.160,-1.160,-1.160,-1.160,1.233,2.932,2.932,2.973
TSLA,2025-02-25,5,S,C,2.811,9.589,7.786,7.786,6.585,6.585,5.383,5.383,5.187,5.187,4.549,4.549,4.733,4.733,9.589,17.973,17.973,18.782,9.589,7.786,7.786,6.585,6.585,5.383,5.383,5.187,5.187,4.549,4.549,4.733,4.733,9.589,21.710,21.710,22.136
TSLA,2025-03-04,22,S,S,3.811,5.066,4.378,4.378,3.920,3.920,3.461,3.461,3.653,3.653,3.693,3.693,4.039,4.039,5.066,14.245,14.245,15.528,5.066,4.378,4.378,3.920,3.920,3.461,3.461,3.653,3.653,3.693,3.693,4.039,4.039,5.066,14.245,14.245,15.528
TSLA,2025-03-11,75,S,C,3.762,-1.250,-0.167,-0.167,0.554,0.554,1.276,1.276,0.554,0.554,0.554,0.554,-0.167,-0.167,-0.174,6.000,6.000,8.810,-1.250,-0.167,-0.167,0.554,0.554,1.276,1.276,0.554,0.554,0.554,0.554,-0.167,-0.167,-0.174,6.000,6.000,8.810
TSLA,2025-03-18,70,S,A,-1.000,0.420,1.153,1.153,1.153,1.153,1.153,1.153,1.153,1.153,1.153,1.153,1.153,1.153,0.420,1.862,1.862,2.000,0.420,-1.082,-1.082,-1.082,-1.082,-1.082,-1.082,-1.082,-1.082,-1.082,-1.082,-1.082,-1.082,0.420,2.012,2.012,2.212
TSLA,2025-03-19,25,S,A,0.817,-1.092,-0.430,0.019,0.012,0.333,0.454,0.647,0.012,0.333,0.012,0.333,-0.430,0.019,-0.451,1.451,1.451,2.224,-1.092,-0.430,0.019,0.012,0.333,0.454,0.647,0.012,0.333,0.012,0.333,-0.430,0.019,-0.451,1.451,1.451,2.224
TSLA,2025-03-21,10,L,C,1.708,1.470,1.549,1.549,1.602,1.602,1.654,1.654,1.602,1.602,1.602,1.602,1.549,1.549,1.470,2.574,2.574,3.200,1.470,1.549,1.549,1.602,1.602,1.654,1.654,1.602,1.602,1.602,1.602,1.549,1.549,1.470,2.574,7.041,7.341
TSLA,2025-04-01,22,S,C,-1.000,-0.131,-1.071,-1.071,-1.071,-1.071,-1.071,-1.071,-1.071,-1.071,-1.071,-1.071,-1.071,-1.071,-0.119,2.048,2.048,2.333,-0.131,-1.071,-1.071,-1.071,-1.071,-1.071,-1.071,-1.071,-1.071,-1.071,-1.071,-1.071,-1.071,-0.119,2.048,2.048,2.333
TSLA,2025-04-02,10,L,A,7.344,19.867,16.280,16.280,13.889,13.889,11.498,11.498,9.922,9.922,7.742,7.742,7.060,7.060,19.867,23.789,23.789,24.554,19.867,16.280,16.280,13.889,13.889,11.498,11.498,9.922,9.922,7.742,7.742,7.060,7.060,19.867,63.667,63.667,65.667
TSLA,2025-04-03,11,L,A,-1.000,-1.250,-1.250,-1.250,-1.250,-1.250,-1.250,-1.250,-1.250,-1.250,-1.250,-1.250,-1.250,-1.250,-0.675,-0.675,0.678,1.580,-1.250,-1.250,-1.250,-1.250,-1.250,-1.250,-1.250,-1.250,-1.250,-1.250,-1.250,-1.250,-1.250,-0.675,-0.675,0.678,1.580
TSLA,2025-04-11,13,L,C,1.818,-1.250,-0.447,0.144,0.089,0.510,0.624,0.877,0.089,0.510,0.089,0.510,-0.447,0.144,-0.719,2.021,2.021,2.854,-1.250,-0.447,0.144,0.089,0.510,0.624,0.877,0.089,0.510,0.089,0.510,-0.447,0.144,-0.719,2.021,2.021,2.854
TSLA,2025-04-17,51,S,C,3.209,2.640,2.792,2.792,2.893,2.893,2.994,2.994,3.233,3.233,3.637,3.637,3.908,3.908,-0.667,6.144,6.144,6.451,2.640,2.792,2.792,2.893,2.893,2.994,2.994,3.233,3.233,3.637,3.637,3.908,3.908,-0.667,6.144,6.144,6.451
TSLA,2025-04-23,61,L,S,3.554,3.651,4.045,4.045,4.307,4.307,4.570,4.570,4.395,4.395,4.647,4.647,4.554,4.554,3.651,6.000,6.000,6.193,3.651,4.045,4.045,4.307,4.307,4.570,4.570,4.395,4.395,4.647,4.647,4.554,4.554,3.651,7.337,7.337,7.783
TSLA,2025-04-24,34,L,S,3.564,7.205,6.386,6.386,5.840,5.840,5.294,5.294,5.038,5.038,4.758,4.758,4.763,4.763,7.205,8.872,8.872,9.795,7.205,6.386,6.386,5.840,5.840,5.294,5.294,5.038,5.038,4.758,4.758,4.763,4.763,7.205,8.872,13.282,13.359
TSLA,2025-04-25,15,L,C,-1.000,-1.250,-1.250,-1.250,-1.250,-1.250,-1.250,-1.250,-1.250,-1.250,-1.250,-1.250,-1.250,-1.250,-0.728,0.055,25.831,26.400,-1.250,-1.250,-1.250,-1.250,-1.250,-1.250,-1.250,-1.250,-1.250,-1.250,-1.250,-1.250,-1.250,-0.728,0.055,42.109,42.164
TSLA,2025-04-28,15,L,C,4.231,-1.250,0.642,1.102,1.903,2.231,3.164,3.361,3.215,3.380,4.203,4.269,4.092,4.157,-0.593,5.630,5.630,6.148,-1.250,0.642,1.102,1.903,2.231,3.164,3.361,3.215,3.380,4.203,4.269,4.092,4.157,-0.593,5.630,5.630,6.148
TSLA,2025-05-01,77,L,C,1.143,0.857,1.262,1.262,1.531,1.531,1.801,1.801,1.531,1.531,1.531,1.531,1.262,1.262,0.857,2.214,2.214,3.265,0.857,1.262,1.262,1.531,1.531,1.801,1.801,1.531,1.531,1.531,1.531,1.262,1.262,0.857,4.980,4.980,5.467
TSLA,2025-05-08,63,L,C,-1.000,-1.250,-1.250,-1.250,-1.250,-1.250,-1.250,-1.250,-1.250,-1.250,-1.250,-1.250,-1.250,-1.250,-0.162,2.945,2.945,3.600,-1.250,-1.250,-1.250,-1.250,-1.250,-1.250,-1.250,-1.250,-1.250,-1.250,-1.250,-1.250,-1.250,-0.162,2.945,14.236,14.636
TSLA,2025-06-02,49,S,A,-1.000,-1.250,-1.250,-1.250,-1.250,-1.250,-1.250,-1.250,-1.250,-1.250,-1.250,-1.250,-1.250,-1.250,-0.514,-0.459,3.176,4.351,-1.250,-1.250,-1.250,-1.250,-1.250,-1.250,-1.250,-1.250,-1.250,-1.250,-1.250,-1.250,-1.250,-0.514,-0.459,6.446,6.851
TSLA,2025-06-09,5,S,C,-1.000,-1.250,-1.250,-1.250,-1.250,-1.250,-1.250,-1.250,-1.250,-1.250,-1.250,-1.250,-1.250,-1.250,-0.184,0.570,0.570,1.904,-1.250,-1.250,-1.250,-1.250,-1.250,-1.250,-1.250,-1.250,-1.250,-1.250,-1.250,-1.250,-1.250,-0.184,0.570,0.570,1.904
TSLA,2025-06-12,36,L,C,-1.000,2.481,-1.212,-1.212,-1.212,-1.212,-1.212,-1.212,-1.212,-1.212,-1.212,-1.212,-1.212,-1.212,2.481,4.487,4.487,5.596,2.481,-1.212,-1.212,-1.212,-1.212,-1.212,-1.212,-1.212,-1.212,-1.212,-1.212,-1.212,-1.212,2.481,4.487,10.808,13.904
TSLA,2025-06-23,6,L,C,-1.000,-1.163,-1.163,-1.163,-1.163,-1.163,-1.163,-1.163,-1.163,-1.163,-1.163,-1.163,-1.163,-1.163,-0.307,0.127,11.831,11.958,-1.163,-1.163,-1.163,-1.163,-1.163,-1.163,-1.163,-1.163,-1.163,-1.163,-1.163,-1.163,-1.163,-0.307,0.127,12.233,12.323
TSLA,2025-08-13,9,L,S,3.898,2.568,2.525,2.525,2.496,2.496,2.467,2.467,2.854,2.854,3.269,3.269,3.684,3.684,-0.610,5.356,5.356,6.305,2.568,2.525,2.525,2.496,2.496,2.467,2.467,2.854,2.854,3.269,3.269,3.684,3.684,-0.610,5.356,5.356,6.305
TSLA,2025-09-11,19,S,A,-1.000,-1.250,-1.250,-1.250,-1.250,-1.250,-1.250,-1.250,-1.250,-1.250,-1.250,-1.250,-1.250,-1.250,-0.833,-0.833,-0.833,0.121,-1.250,-1.250,-1.250,-1.250,-1.250,-1.250,-1.250,-1.250,-1.250,-1.250,-1.250,-1.250,-1.250,-0.833,-0.833,-0.833,0.121
TSLA,2025-09-22,27,L,C,1.641,2.690,3.077,3.077,3.335,3.335,3.593,3.593,3.663,3.663,4.059,4.059,4.163,4.163,2.690,5.796,5.796,6.437,2.690,3.077,3.077,3.335,3.335,3.593,3.593,3.663,3.663,4.059,4.059,4.163,4.163,2.690,5.796,5.796,6.437
TSLA,2025-10-01,13,L,C,-1.000,-0.243,-1.093,-1.093,-1.093,-1.093,-1.093,-1.093,-1.093,-1.093,-1.093,-1.093,-1.093,-1.093,-0.243,2.921,17.914,18.200,-0.243,-1.093,-1.093,-1.093,-1.093,-1.093,-1.093,-1.093,-1.093,-1.093,-1.093,-1.093,-1.093,-0.243,2.921,22.386,23.071
TSLA,2025-10-09,16,S,C,-1.000,-1.250,-1.250,-1.250,-1.250,-1.250,-1.250,-1.250,-1.250,-1.250,-1.250,-1.250,-1.250,-1.250,-0.641,-0.641,2.636,3.370,-1.250,-1.250,-1.250,-1.250,-1.250,-1.250,-1.250,-1.250,-1.250,-1.250,-1.250,-1.250,-1.250,-0.641,-0.641,2.636,3.370
TSLA,2025-10-13,50,S,A,-1.000,-1.250,-1.250,-1.250,-1.250,-1.250,-1.250,-1.250,-1.250,-1.250,-1.250,-1.250,-1.250,-1.250,-0.425,1.575,1.575,2.767,-1.250,-1.250,-1.250,-1.250,-1.250,-1.250,-1.250,-1.250,-1.250,-1.250,-1.250,-1.250,-1.250,-0.425,1.575,1.575,2.767
TSLA,2025-10-15,49,L,C,3.368,3.392,3.712,3.712,3.925,3.925,4.138,4.138,4.077,4.077,4.368,4.368,4.376,4.376,3.392,5.598,5.598,5.803,3.392,3.712,3.712,3.925,3.925,4.138,4.138,4.077,4.077,4.368,4.368,4.376,4.376,3.392,5.598,5.598,5.803
TSLA,2025-11-03,44,L,C,-1.000,-1.090,-1.090,-1.090,-1.090,-1.090,-1.090,-1.090,-1.090,-1.090,-1.090,-1.090,-1.090,-1.090,-1.090,-1.090,0.996,1.854,-1.090,-1.090,-1.090,-1.090,-1.090,-1.090,-1.090,-1.090,-1.090,-1.090,-1.090,-1.090,-1.090,-1.090,-1.090,0.996,1.854
TSLA,2025-11-05,9,S,S,2.298,0.361,0.788,0.788,1.072,1.072,1.356,1.356,1.072,1.072,1.072,1.072,0.788,0.788,-0.484,3.253,6.602,7.651,0.361,0.788,0.788,1.072,1.072,1.356,1.356,1.072,1.072,1.072,1.072,0.788,0.788,-0.484,3.253,6.602,7.651
TSLA,2025-11-07,16,S,C,0.936,-0.659,-0.892,-0.235,-0.825,-0.356,-0.758,-0.477,-0.825,-0.356,-0.825,-0.356,-0.892,-0.235,-0.659,1.345,1.345,2.530,-0.659,-0.892,-0.235,-0.825,-0.356,-0.758,-0.477,-0.825,-0.356,-0.825,-0.356,-0.892,-0.235,-0.659,1.345,3.216,3.457
TSLA,2025-12-03,10,L,A,1.007,2.025,1.544,1.544,1.224,1.224,0.903,0.903,1.224,1.224,1.224,1.224,1.544,1.544,2.025,4.239,4.239,4.318,2.025,1.544,1.544,1.224,1.224,0.903,0.903,1.224,1.224,1.224,1.224,1.544,1.544,2.025,6.054,6.054,6.080
TSLA,2025-12-04,71,L,A,-1.000,-1.035,-1.035,-1.035,-1.035,-1.035,-1.035,-1.035,-1.035,-1.035,-1.035,-1.035,-1.035,-1.035,-0.410,-0.410,-0.410,0.705,-1.035,-1.035,-1.035,-1.035,-1.035,-1.035,-1.035,-1.035,-1.035,-1.035,-1.035,-1.035,-1.035,-0.410,-0.410,4.692,4.808
TSLA,2025-12-05,12,L,C,1.935,0.175,2.684,2.684,3.100,3.100,3.516,3.516,3.585,3.585,3.488,3.488,3.266,3.266,-0.025,4.140,4.140,4.240,0.175,2.684,2.684,3.100,3.100,3.516,3.516,3.585,3.585,3.488,3.488,3.266,3.266,-0.025,4.140,4.140,4.240
TSLA,2025-12-12,31,L,C,-1.000,-1.250,-1.250,-1.250,-1.250,-1.250,-1.250,-1.250,-1.250,-1.250,-1.250,-1.250,-1.250,-1.250,-1.250,-1.250,-1.032,0.266,-1.250,-1.250,-1.250,-1.250,-1.250,-1.250,-1.250,-1.250,-1.250,-1.250,-1.250,-1.250,-1.250,-1.250,-1.250,-0.688,0.266
TSLA,2025-12-17,7,L,C,-1.000,-1.250,-1.250,-1.250,-1.250,-1.250,-1.250,-1.250,-1.250,-1.250,-1.250,-1.250,-1.250,-1.250,-0.304,0.636,1.503,1.734,-1.250,-1.250,-1.250,-1.250,-1.250,-1.250,-1.250,-1.250,-1.250,-1.250,-1.250,-1.250,-1.250,-0.304,0.636,1.503,1.734
TSLA,2025-12-29,8,S,S,2.032,-0.962,-0.654,-0.654,-0.449,-0.449,-0.244,-0.244,-0.449,-0.449,-0.449,-0.449,-0.654,-0.654,-0.962,2.128,6.269,6.603,-0.962,-0.654,-0.654,-0.449,-0.449,-0.244,-0.244,-0.449,-0.449,-0.449,-0.449,-0.654,-0.654,-0.962,2.128,8.885,9.577
TSLA,2026-01-14,85,S,C,-1.000,-0.377,-0.010,-0.010,-0.010,-0.010,-0.010,-0.010,-0.010,-0.010,-0.010,-0.010,-0.010,-0.010,-0.377,0.443,0.443,0.725,-0.377,-1.250,-1.250,-1.250,-1.250,-1.250,-1.250,-1.250,-1.250,-1.250,-1.250,-1.250,-1.250,-0.377,0.804,5.196,5.725
TSLA,2026-01-20,37,S,C,-1.000,-0.804,-1.015,-1.015,-1.015,-1.015,-1.015,-1.015,-1.015,-1.015,-1.015,-1.015,-1.015,-1.015,-0.142,0.358,0.358,0.555,-0.804,-1.015,-1.015,-1.015,-1.015,-1.015,-1.015,-1.015,-1.015,-1.015,-1.015,-1.015,-1.015,-0.142,0.358,5.018,5.153
TSLA,2026-01-23,87,L,A,2.250,2.844,2.844,2.844,2.844,2.844,2.844,2.844,2.844,2.844,2.844,2.844,2.844,2.844,2.844,2.844,2.844,3.200,0.961,1.025,1.025,1.068,1.068,1.111,1.111,1.068,1.068,1.068,1.068,1.025,1.025,0.961,2.844,2.844,3.287
TSLA,2026-02-04,35,S,S,2.889,1.651,1.767,1.767,1.845,1.845,1.923,1.923,2.433,2.433,2.315,2.315,2.472,2.472,-0.683,9.968,9.968,9.984,1.651,1.767,1.767,1.845,1.845,1.923,1.923,2.433,2.433,2.315,2.315,2.472,2.472,-0.683,29.349,29.349,30.016
TSLA,2026-02-10,44,L,A,-1.000,1.670,3.102,3.102,3.102,3.102,3.102,3.102,3.102,3.102,3.102,3.102,3.102,3.102,-0.551,3.114,3.114,3.500,1.670,-1.250,-1.250,-1.250,-1.250,-1.250,-1.250,-1.250,-1.250,-1.250,-1.250,-1.250,-1.250,-0.551,3.114,5.367,5.580
TSLA,2026-03-18,38,L,C,-1.000,-1.250,-1.250,-1.250,-1.250,-1.250,-1.250,-1.250,-1.250,-1.250,-1.250,-1.250,-1.250,-1.250,-0.303,-0.303,-0.303,0.136,-1.250,-1.250,-1.250,-1.250,-1.250,-1.250,-1.250,-1.250,-1.250,-1.250,-1.250,-1.250,-1.250,-0.303,-0.303,-0.303,0.136
TSLA,2026-03-20,33,S,C,1.718,0.109,0.245,0.245,0.335,0.335,0.426,0.426,0.335,0.335,0.335,0.335,0.245,0.245,0.109,1.995,1.995,2.228,0.109,0.245,0.245,0.335,0.335,0.426,0.426,0.335,0.335,0.335,0.335,0.245,0.245,0.109,1.995,7.859,8.141
TSLA,2026-03-27,31,S,S,-1.000,-1.250,-1.250,-1.250,-1.250,-1.250,-1.250,-1.250,-1.250,-1.250,-1.250,-1.250,-1.250,-1.250,-0.617,-0.617,-0.106,0.298,-1.250,-1.250,-1.250,-1.250,-1.250,-1.250,-1.250,-1.250,-1.250,-1.250,-1.250,-1.250,-1.250,-0.617,-0.617,3.277,3.383
TSLA,2026-04-09,16,S,C,1.295,5.167,5.283,5.283,5.361,5.361,5.438,5.438,5.069,5.069,5.094,5.094,4.883,4.883,5.167,7.314,7.314,7.757,5.167,5.283,5.283,5.361,5.361,5.438,5.438,5.069,5.069,5.094,5.094,4.883,4.883,5.167,7.314,7.314,7.757
TSLA,2026-04-30,45,S,C,-1.000,-0.965,-1.250,-1.250,-1.250,-1.250,-1.250,-1.250,-1.250,-1.250,-1.250,-1.250,-1.250,-1.250,-0.113,1.183,1.183,1.423,-0.965,-1.250,-1.250,-1.250,-1.250,-1.250,-1.250,-1.250,-1.250,-1.250,-1.250,-1.250,-1.250,-0.113,1.183,1.183,1.423
TSLA,2026-05-13,60,L,S,3.353,3.982,3.567,3.567,3.290,3.290,3.013,3.013,3.294,3.294,3.497,3.497,3.877,3.877,3.982,8.468,8.468,8.708,3.982,3.567,3.567,3.290,3.290,3.013,3.013,3.294,3.294,3.497,3.497,3.877,3.877,3.982,14.778,14.778,15.542
TSLA,2026-05-19,19,S,A,-1.000,-1.250,-1.250,-1.250,-1.250,-1.250,-1.250,-1.250,-1.250,-1.250,-1.250,-1.250,-1.250,-1.250,-0.087,0.710,10.333,11.159,-1.250,-1.250,-1.250,-1.250,-1.250,-1.250,-1.250,-1.250,-1.250,-1.250,-1.250,-1.250,-1.250,-0.087,0.710,10.333,11.159
TSLA,2026-05-19,27,S,A,3.145,6.145,6.132,6.132,6.123,6.123,6.114,6.114,5.587,5.587,5.465,5.465,5.145,5.145,6.145,10.333,10.333,11.159,6.145,6.132,6.132,6.123,6.123,6.114,6.114,5.587,5.587,5.465,5.465,5.145,5.145,6.145,10.333,10.333,11.159
TSLA,2026-06-09,22,L,C,-1.000,-1.216,-1.216,-1.216,-1.216,-1.216,-1.216,-1.216,-1.216,-1.216,-1.216,-1.216,-1.216,-1.216,-0.192,-0.192,0.883,0.883,-1.216,-1.216,-1.216,-1.216,-1.216,-1.216,-1.216,-1.216,-1.216,-1.216,-1.216,-1.216,-1.216,-0.192,-0.192,0.883,0.883
TSLA,2026-06-22,12,L,C,1.423,1.447,1.795,1.795,2.026,2.026,2.258,2.258,2.026,2.026,2.026,2.026,1.795,1.795,1.447,12.894,12.894,13.712,1.447,1.795,1.795,2.026,2.026,2.258,2.258,2.026,2.026,2.026,2.026,1.795,1.795,1.447,12.894,12.894,13.712
TSLA,2026-06-25,10,S,C,-1.000,-1.250,-1.250,-1.250,-1.250,-1.250,-1.250,-1.250,-1.250,-1.250,-1.250,-1.250,-1.250,-1.250,-0.270,2.189,4.459,5.375,-1.250,-1.250,-1.250,-1.250,-1.250,-1.250,-1.250,-1.250,-1.250,-1.250,-1.250,-1.250,-1.250,-0.270,2.189,4.459,5.375
TSLA,2026-07-28,27,S,A,-1.000,-1.250,-1.250,-1.250,-1.250,-1.250,-1.250,-1.250,-1.250,-1.250,-1.250,-1.250,-1.250,-1.250,-1.250,0.710,5.812,6.250,-1.250,-1.250,-1.250,-1.250,-1.250,-1.250,-1.250,-1.250,-1.250,-1.250,-1.250,-1.250,-1.250,-1.250,0.710,5.812,6.250
TSLA,2026-08-03,17,L,A,3.779,2.407,2.806,2.806,3.071,3.071,3.337,3.337,3.470,3.470,3.390,3.390,3.284,3.284,-0.752,8.800,8.800,9.057,2.407,2.806,2.806,3.071,3.071,3.337,3.337,3.470,3.470,3.390,3.390,3.284,3.284,-0.752,11.864,11.864,12.271
AAPL,2024-08-23,34,L,C,0.421,0.789,0.995,0.995,1.132,1.132,1.268,1.268,1.132,1.132,1.132,1.132,0.995,0.995,-0.158,2.132,2.132,2.237,0.789,0.995,0.995,1.132,1.132,1.268,1.268,1.132,1.132,1.132,1.132,0.995,0.995,-0.158,2.132,2.132,2.237
AAPL,2025-01-08,16,S,C,-1.000,-1.073,-1.073,-1.073,-1.073,-1.073,-1.073,-1.073,-1.073,-1.073,-1.073,-1.073,-1.073,-1.073,-0.854,-0.854,0.098,0.293,-1.073,-1.073,-1.073,-1.073,-1.073,-1.073,-1.073,-1.073,-1.073,-1.073,-1.073,-1.073,-1.073,-0.854,-0.854,0.098,0.293
AAPL,2025-01-29,57,L,S,1.878,1.254,1.542,1.542,1.735,1.735,1.927,1.927,1.735,1.735,1.735,1.735,1.542,1.542,-0.208,2.919,2.919,3.054,1.254,1.542,1.542,1.735,1.735,1.927,1.927,1.735,1.735,1.735,1.735,1.542,1.542,-0.208,2.919,7.865,8.068
AAPL,2025-02-12,43,L,C,2.240,4.212,3.828,3.828,3.572,3.572,3.316,3.316,3.519,3.519,3.687,3.687,4.001,4.001,-0.038,5.404,5.404,5.731,4.212,3.828,3.828,3.572,3.572,3.316,3.316,3.519,3.519,3.687,3.687,4.001,4.001,-0.038,9.596,9.596,9.731
AAPL,2025-03-25,15,L,A,1.574,0.149,0.328,0.328,0.447,0.447,0.566,0.566,0.447,0.447,0.447,0.447,0.328,0.328,-0.176,3.606,3.606,3.979,0.149,0.328,0.328,0.447,0.447,0.566,0.566,0.447,0.447,0.447,0.447,0.328,0.328,-0.176,4.212,4.212,4.404
AAPL,2025-04-04,84,S,A,-1.000,-1.250,-1.250,-1.250,-1.250,-1.250,-1.250,-1.250,-1.250,-1.250,-1.250,-1.250,-1.250,-1.250,-1.250,2.719,2.719,3.188,-1.250,-1.250,-1.250,-1.250,-1.250,-1.250,-1.250,-1.250,-1.250,-1.250,-1.250,-1.250,-1.250,-1.250,2.719,16.644,16.969
AAPL,2025-05-22,12,S,C,-1.000,-0.647,-1.250,-1.250,-1.250,-1.250,-1.250,-1.250,-1.250,-1.250,-1.250,-1.250,-1.250,-1.250,-0.118,1.118,1.118,1.529,-0.647,-1.250,-1.250,-1.250,-1.250,-1.250,-1.250,-1.250,-1.250,-1.250,-1.250,-1.250,-1.250,-0.118,1.118,1.118,1.529
AAPL,2025-06-13,20,S,A,2.678,2.941,2.421,2.421,2.074,2.074,1.726,1.726,2.338,2.338,2.285,2.285,2.738,2.738,-0.088,3.926,3.926,4.265,2.941,2.421,2.421,2.074,2.074,1.726,1.726,2.338,2.338,2.285,2.285,2.738,2.738,-0.088,3.926,4.529,4.882
AAPL,2025-07-01,23,L,C,1.081,1.421,1.705,1.705,1.895,1.895,2.084,2.084,1.895,1.895,1.895,1.895,1.705,1.705,1.421,4.263,4.263,4.500,1.421,1.705,1.705,1.895,1.895,2.084,2.084,1.895,1.895,1.895,1.895,1.705,1.705,1.421,4.263,4.921,5.254
AAPL,2025-09-16,19,L,S,1.728,2.849,2.250,2.250,1.850,1.850,1.450,1.450,2.138,2.138,2.080,2.080,2.595,2.595,2.849,4.495,4.495,4.614,2.849,2.250,2.250,1.850,1.850,1.450,1.450,2.138,2.138,2.080,2.080,2.595,2.595,2.849,4.495,4.495,4.614
AAPL,2026-01-20,22,S,C,2.372,2.474,2.321,2.321,2.218,2.218,2.115,2.115,2.218,2.218,2.218,2.218,2.321,2.321,-0.231,3.641,3.641,3.872,2.474,2.321,2.321,2.218,2.218,2.115,2.115,2.218,2.218,2.218,2.218,2.321,2.321,-0.231,22.872,22.872,22.923
AAPL,2026-02-19,61,L,C,1.186,0.767,1.267,1.267,1.267,1.267,1.267,1.267,1.267,1.267,1.267,1.267,1.267,1.267,0.767,1.721,1.721,1.733,0.767,2.136,2.136,2.180,2.180,2.224,2.224,2.180,2.180,2.180,2.180,2.136,2.136,0.767,2.616,2.616,2.674
AAPL,2026-05-21,24,L,C,0.324,-0.265,-0.154,-0.031,-0.081,0.007,-0.007,0.046,-0.081,0.007,-0.081,0.007,-0.154,-0.031,-0.088,0.500,0.500,0.868,-0.265,-0.154,-0.031,-0.081,0.007,-0.007,0.046,-0.081,0.007,-0.081,0.007,-0.154,-0.031,-0.088,0.500,4.434,4.500
AAPL,2026-06-09,9,S,C,1.877,6.561,5.004,5.004,3.966,3.966,2.927,2.927,3.325,3.325,3.141,3.141,3.767,3.767,6.561,8.584,8.584,9.013,6.561,5.004,5.004,3.966,3.966,2.927,2.927,3.325,3.325,3.141,3.141,3.767,3.767,6.561,14.019,14.019,14.234
AAPL,2026-06-10,66,S,C,-1.000,0.847,1.076,1.076,1.076,1.076,1.076,1.076,1.076,1.076,1.076,1.076,1.076,1.076,0.847,2.432,2.432,2.619,0.847,-1.000,-1.000,-1.000,-1.000,-1.000,-1.000,-1.000,-1.000,-1.000,-1.000,-1.000,-1.000,0.847,2.432,2.432,2.619
AAPL,2026-06-25,27,S,C,-1.000,-0.131,-1.250,-1.250,-1.250,-1.250,-1.250,-1.250,-1.250,-1.250,-1.250,-1.250,-1.250,-1.250,-0.131,0.590,2.828,3.426,-0.131,-1.250,-1.250,-1.250,-1.250,-1.250,-1.250,-1.250,-1.250,-1.250,-1.250,-1.250,-1.250,-0.131,0.590,8.721,9.148
AAPL,2026-06-30,15,L,C,2.050,2.420,2.249,2.249,2.134,2.134,2.020,2.020,2.134,2.134,2.134,2.134,2.249,2.249,2.420,5.014,5.014,5.261,2.420,2.249,2.249,2.134,2.134,2.020,2.020,2.134,2.134,2.134,2.134,2.249,2.249,2.420,8.884,8.884,9.319
AAPL,2026-07-06,12,L,C,1.185,-0.111,0.450,0.450,0.824,0.824,1.198,1.198,0.824,0.824,0.824,0.824,0.450,0.450,-0.111,7.361,7.361,7.630,-0.111,0.450,0.450,0.824,0.824,1.198,1.198,0.824,0.824,0.824,0.824,0.450,0.450,-0.111,10.185,10.185,10.315
AAPL,2026-08-03,6,S,C,0.741,-0.195,0.677,0.677,0.730,0.730,0.783,0.783,0.730,0.730,0.730,0.730,0.677,0.677,-0.195,0.945,0.945,0.981,-0.195,0.677,0.677,0.730,0.730,0.783,0.783,0.730,0.730,0.730,0.730,0.677,0.677,-0.195,1.510,1.510,1.553
SPCX,2026-06-15,9,S,C,-1.000,-1.250,-1.250,-1.250,-1.250,-1.250,-1.250,-1.250,-1.250,-1.250,-1.250,-1.250,-1.250,-1.250,-0.662,0.376,0.506,1.250,-1.250,-1.250,-1.250,-1.250,-1.250,-1.250,-1.250,-1.250,-1.250,-1.250,-1.250,-1.250,-1.250,-0.662,0.376,0.506,1.250
SPCX,2026-06-16,28,L,C,2.125,-1.044,0.554,0.554,1.619,1.619,2.685,2.685,2.880,2.880,2.628,2.628,2.067,2.067,-1.044,6.299,6.299,7.147,-1.044,0.554,0.554,1.619,1.619,2.685,2.685,2.880,2.880,2.628,2.628,2.067,2.067,-1.044,6.299,6.299,7.147
SPCX,2026-06-17,12,S,C,3.321,10.571,9.032,9.032,8.006,8.006,6.980,6.980,6.363,6.363,5.578,5.578,5.389,5.389,-0.936,20.372,20.372,20.846,10.571,9.032,9.032,8.006,8.006,6.980,6.980,6.363,6.363,5.578,5.578,5.389,5.389,-0.936,24.410,24.410,25.333
SPCX,2026-06-18,74,S,A,-1.000,-0.382,-1.116,-1.116,-1.116,-1.116,-1.116,-1.116,-1.116,-1.116,-1.116,-1.116,-1.116,-1.116,-0.382,2.882,2.882,4.529,-0.382,-1.116,-1.116,-1.116,-1.116,-1.116,-1.116,-1.116,-1.116,-1.116,-1.116,-1.116,-1.116,-0.382,2.882,21.779,22.059
SPCX,2026-06-18,89,S,C,-1.000,0.385,0.385,0.385,0.385,0.385,0.385,0.385,0.385,0.385,0.385,0.385,0.385,0.385,0.385,0.385,0.385,0.974,-1.250,-1.250,-1.250,-1.250,-1.250,-1.250,-1.250,-1.250,-1.250,-1.250,-1.250,-1.250,-1.250,-0.077,1.013,18.859,19.103
SPCX,2026-06-24,26,S,C,-1.000,-1.043,-1.043,-1.043,-1.043,-1.043,-1.043,-1.043,-1.043,-1.043,-1.043,-1.043,-1.043,-1.043,-0.307,0.318,0.318,0.705,-1.043,-1.043,-1.043,-1.043,-1.043,-1.043,-1.043,-1.043,-1.043,-1.043,-1.043,-1.043,-1.043,-0.307,0.318,0.318,0.705
SPCX,2026-06-29,25,S,C,6.000,12.707,10.601,10.601,9.198,9.198,7.795,7.795,7.021,7.021,5.915,5.915,5.678,5.678,12.707,17.362,17.362,18.084,12.707,10.601,10.601,9.198,9.198,7.795,7.795,7.021,7.021,5.915,5.915,5.678,5.678,12.707,17.362,17.362,18.084
SPCX,2026-07-02,44,S,C,7.001,1.882,0.784,0.784,0.784,0.784,0.784,0.784,0.784,0.784,0.784,0.784,0.784,0.784,-0.333,5.186,5.186,5.412,1.882,7.391,7.391,7.534,7.534,7.677,7.677,6.740,6.740,6.464,6.464,5.785,5.785,-0.333,8.039,8.039,8.039
SPCX,2026-07-08,79,S,A,-1.000,1.087,-1.250,-1.250,-1.250,-1.250,-1.250,-1.250,-1.250,-1.250,-1.250,-1.250,-1.250,-1.250,-1.250,1.195,2.522,3.261,0.261,-1.250,-1.250,-1.250,-1.250,-1.250,-1.250,-1.250,-1.250,-1.250,-1.250,-1.250,-1.250,-1.250,1.195,21.041,21.304
SPCX,2026-07-23,49,S,C,7.651,9.676,10.462,10.462,10.985,10.985,11.509,11.509,9.566,9.566,8.915,8.915,7.356,7.356,9.676,13.601,13.601,14.471,9.676,10.462,10.462,10.985,10.985,11.509,11.509,9.566,9.566,8.915,8.915,7.356,7.356,9.676,13.601,13.601,14.471
SPCX,2026-07-24,20,S,C,1.520,1.041,1.420,1.420,1.673,1.673,1.927,1.927,1.673,1.673,1.673,1.673,1.420,1.420,1.041,6.612,6.612,6.878,1.041,1.420,1.420,1.673,1.673,1.927,1.927,1.673,1.673,1.673,1.673,1.420,1.420,1.041,6.612,6.612,6.878
SPCX,2026-08-04,8,L,C,-1.000,-1.250,-1.250,-1.250,-1.250,-1.250,-1.250,-1.250,-1.250,-1.250,-1.250,-1.250,-1.250,-1.250,0.000,0.000,0.000,1.913,-1.250,-1.250,-1.250,-1.250,-1.250,-1.250,-1.250,-1.250,-1.250,-1.250,-1.250,-1.250,-1.250,0.000,0.000,12.615,12.942
SPCX,2026-08-05,31,L,C,9.467,5.217,6.312,6.312,7.042,7.042,7.772,7.772,6.738,6.738,6.755,6.755,5.882,5.882,5.217,12.034,12.034,12.767,5.217,6.312,6.312,7.042,7.042,7.772,7.772,6.738,6.738,6.755,6.755,5.882,5.882,5.217,14.733,14.733,15.667
SPCX,2026-08-20,41,S,C,-1.000,-1.250,-1.250,-1.250,-1.250,-1.250,-1.250,-1.250,-1.250,-1.250,-1.250,-1.250,-1.250,-1.250,-0.032,0.095,2.000,2.324,-1.250,-1.250,-1.250,-1.250,-1.250,-1.250,-1.250,-1.250,-1.250,-1.250,-1.250,-1.250,-1.250,-0.032,0.095,7.595,7.676
MSFT,2024-08-22,10,L,A,-1.000,-1.113,-1.113,-1.113,-1.113,-1.113,-1.113,-1.113,-1.113,-1.113,-1.113,-1.113,-1.113,-1.113,-0.658,-0.658,2.151,2.151,-1.113,-1.113,-1.113,-1.113,-1.113,-1.113,-1.113,-1.113,-1.113,-1.113,-1.113,-1.113,-1.113,-0.658,-0.658,2.151,2.151
MSFT,2024-09-13,17,L,C,-1.000,-1.108,-1.108,-1.108,-1.108,-1.108,-1.108,-1.108,-1.108,-1.108,-1.108,-1.108,-1.108,-1.108,-0.546,-0.546,1.631,1.815,-1.108,-1.108,-1.108,-1.108,-1.108,-1.108,-1.108,-1.108,-1.108,-1.108,-1.108,-1.108,-1.108,-0.546,-0.546,5.938,6.169
MSFT,2024-11-04,6,S,S,0.952,-1.250,-0.538,0.059,-0.063,0.363,0.411,0.667,-0.063,0.363,-0.063,0.363,-0.538,0.059,-0.397,1.282,1.282,1.451,-1.250,-0.538,0.059,-0.063,0.363,0.411,0.667,-0.063,0.363,-0.063,0.363,-0.538,0.059,-0.397,1.282,1.282,1.451
MSFT,2025-01-30,24,L,C,-1.000,-0.757,-1.250,-1.250,-1.250,-1.250,-1.250,-1.250,-1.250,-1.250,-1.250,-1.250,-1.250,-1.250,-0.757,1.750,1.750,1.886,-0.757,-1.250,-1.250,-1.250,-1.250,-1.250,-1.250,-1.250,-1.250,-1.250,-1.250,-1.250,-1.250,-0.757,1.750,1.750,1.886
MSFT,2025-02-28,33,S,C,-1.000,-0.909,-1.250,-1.250,-1.250,-1.250,-1.250,-1.250,-1.250,-1.250,-1.250,-1.250,-1.250,-1.250,-0.152,0.183,0.183,0.522,-0.909,-1.250,-1.250,-1.250,-1.250,-1.250,-1.250,-1.250,-1.250,-1.250,-1.250,-1.250,-1.250,-0.152,0.183,0.538,0.617
MSFT,2025-04-08,19,S,C,0.538,-0.942,-0.511,-0.054,-0.223,0.103,0.065,0.261,-0.223,0.103,-0.223,0.103,-0.511,-0.054,-0.290,0.964,0.964,1.145,-0.942,-0.511,-0.054,-0.223,0.103,0.065,0.261,-0.223,0.103,-0.223,0.103,-0.511,-0.054,-0.290,0.964,13.062,13.210
MSFT,2025-04-17,13,S,C,1.664,-1.250,-0.427,-0.230,0.121,0.262,0.669,0.754,0.121,0.262,0.121,0.262,-0.427,-0.230,-0.967,1.672,5.287,5.566,-1.250,-0.427,-0.230,0.121,0.262,0.669,0.754,0.121,0.262,0.121,0.262,-0.427,-0.230,-0.967,1.672,7.918,8.410
MSFT,2025-04-21,19,S,C,2.209,3.839,3.654,3.654,3.531,3.531,3.408,3.408,3.571,3.571,3.563,3.563,3.703,3.703,-0.295,5.411,5.411,5.607,3.839,3.654,3.654,3.531,3.531,3.408,3.408,3.571,3.571,3.563,3.563,3.703,3.703,-0.295,12.420,12.420,12.554
MSFT,2025-10-21,26,L,C,-1.000,-1.250,-1.250,-1.250,-1.250,-1.250,-1.250,-1.250,-1.250,-1.250,-1.250,-1.250,-1.250,-1.250,-0.597,0.567,0.567,0.866,-1.250,-1.250,-1.250,-1.250,-1.250,-1.250,-1.250,-1.250,-1.250,-1.250,-1.250,-1.250,-1.250,-0.597,0.567,0.582,0.866
MSFT,2025-11-11,46,L,C,-1.000,-0.667,-1.250,-1.250,-1.250,-1.250,-1.250,-1.250,-1.250,-1.250,-1.250,-1.250,-1.250,-1.250,-0.194,0.241,0.241,0.630,-0.667,-1.250,-1.250,-1.250,-1.250,-1.250,-1.250,-1.250,-1.250,-1.250,-1.250,-1.250,-1.250,-0.194,0.241,7.068,7.204
MSFT,2025-11-18,32,S,C,2.146,-0.979,-0.092,0.328,0.500,0.799,1.092,1.271,0.500,0.799,0.500,0.799,-0.092,0.328,-0.380,6.260,6.260,6.344,-0.979,-0.092,0.328,0.500,0.799,1.092,1.271,0.500,0.799,0.500,0.799,-0.092,0.328,-0.380,7.875,7.875,8.656
MSFT,2025-11-21,20,S,S,4.338,5.578,5.724,5.724,5.821,5.821,5.919,5.919,5.427,5.427,5.390,5.390,5.077,5.077,-0.208,7.390,7.390,8.429,5.578,5.724,5.724,5.821,5.821,5.919,5.919,5.427,5.427,5.390,5.390,5.077,5.077,-0.208,9.584,9.584,9.831
MSFT,2025-11-24,24,S,C,-1.000,-1.250,-1.250,-1.250,-1.250,-1.250,-1.250,-1.250,-1.250,-1.250,-1.250,-1.250,-1.250,-1.250,-1.250,2.031,2.031,2.400,-1.250,-1.250,-1.250,-1.250,-1.250,-1.250,-1.250,-1.250,-1.250,-1.250,-1.250,-1.250,-1.250,-1.250,2.031,2.031,2.400
MSFT,2026-02-05,16,S,C,-1.000,-1.250,-1.250,-1.250,-1.250,-1.250,-1.250,-1.250,-1.250,-1.250,-1.250,-1.250,-1.250,-1.250,-0.282,0.143,6.622,7.216,-1.250,-1.250,-1.250,-1.250,-1.250,-1.250,-1.250,-1.250,-1.250,-1.250,-1.250,-1.250,-1.250,-0.282,0.143,14.067,14.486
MSFT,2026-02-13,86,S,C,1.044,-0.247,-0.247,-0.247,-0.247,-0.247,-0.247,-0.247,-0.247,-0.247,-0.247,-0.247,-0.247,-0.247,-0.101,0.133,0.133,0.354,-0.570,1.458,1.458,1.519,1.519,1.580,1.580,1.519,1.519,1.519,1.519,1.458,1.458,-0.101,2.481,2.481,2.785
MSFT,2026-03-11,68,S,S,1.754,-0.390,-0.434,-0.434,-0.434,-0.434,-0.434,-0.434,-0.434,-0.434,-0.434,-0.434,-0.434,-0.434,-0.033,0.295,0.295,0.738,-0.390,3.162,3.162,3.303,3.303,3.444,3.444,3.566,3.566,3.513,3.513,3.477,3.477,-0.033,3.971,3.971,4.262
MSFT,2026-03-30,34,S,C,-1.000,-1.250,-1.250,-1.250,-1.250,-1.250,-1.250,-1.250,-1.250,-1.250,-1.250,-1.250,-1.250,-1.250,-0.508,0.314,0.314,0.831,-1.250,-1.250,-1.250,-1.250,-1.250,-1.250,-1.250,-1.250,-1.250,-1.250,-1.250,-1.250,-1.250,-0.508,0.314,6.576,6.729
MSFT,2026-04-15,8,L,S,1.348,5.778,4.601,4.601,3.817,3.817,3.032,3.032,3.372,3.372,3.306,3.306,3.834,3.834,5.778,8.311,8.311,8.522,5.778,4.601,4.601,3.817,3.817,3.032,3.032,3.372,3.372,3.306,3.306,3.834,3.834,5.778,15.361,15.361,15.522
MSFT,2026-04-28,19,L,S,1.077,0.641,0.851,0.851,0.990,0.990,1.130,1.130,0.990,0.990,0.990,0.990,0.851,0.851,0.641,2.321,2.321,2.652,0.641,0.851,0.851,0.990,0.990,1.130,1.130,0.990,0.990,0.990,0.990,0.851,0.851,0.641,4.630,4.630,4.652
MSFT,2026-04-30,14,S,C,1.242,4.443,4.044,4.044,3.779,3.779,3.513,3.513,3.668,3.668,3.801,3.801,4.079,4.079,-0.010,6.470,6.470,6.624,4.443,4.044,4.044,3.779,3.779,3.513,3.513,3.668,3.668,3.801,3.801,4.079,4.079,-0.010,8.017,8.017,8.047
MSFT,2026-05-26,59,L,C,-1.000,-1.102,-1.102,-1.102,-1.102,-1.102,-1.102,-1.102,-1.102,-1.102,-1.102,-1.102,-1.102,-1.102,-1.102,-1.102,-1.037,0.389,-1.102,-1.102,-1.102,-1.102,-1.102,-1.102,-1.102,-1.102,-1.102,-1.102,-1.102,-1.102,-1.102,-1.102,-1.102,-1.037,0.389
MSFT,2026-05-29,41,L,A,-1.000,-1.250,-1.250,-1.250,-1.250,-1.250,-1.250,-1.250,-1.250,-1.250,-1.250,-1.250,-1.250,-1.250,-1.250,0.719,5.297,5.844,-1.250,-1.250,-1.250,-1.250,-1.250,-1.250,-1.250,-1.250,-1.250,-1.250,-1.250,-1.250,-1.250,-1.250,0.719,13.023,14.359
MSFT,2026-05-29,63,L,S,4.062,0.219,4.012,4.012,3.598,3.598,3.184,3.184,3.439,3.439,3.545,3.545,3.932,3.932,0.219,5.297,5.297,5.844,0.219,3.938,3.938,3.545,3.545,3.152,3.152,3.413,3.413,3.534,3.534,3.921,3.921,0.219,13.023,13.023,14.359
MSFT,2026-06-02,48,L,C,-1.000,-0.513,-1.250,-1.250,-1.250,-1.250,-1.250,-1.250,-1.250,-1.250,-1.250,-1.250,-1.250,-1.250,-0.129,-0.129,-0.129,0.382,-0.513,-1.250,-1.250,-1.250,-1.250,-1.250,-1.250,-1.250,-1.250,-1.250,-1.250,-1.250,-1.250,-0.129,-0.129,-0.129,0.382
MSFT,2026-06-08,6,S,S,1.299,-0.670,-0.219,-0.219,-0.219,-0.219,-0.219,-0.219,-0.219,-0.219,-0.219,-0.219,-0.219,-0.219,-0.330,1.013,1.013,1.143,-0.670,1.319,1.319,1.433,1.433,1.547,1.547,1.433,1.433,1.433,1.433,1.319,1.319,-0.330,3.411,3.411,3.607
MSFT,2026-07-07,42,L,C,2.242,0.635,0.839,0.839,0.976,0.976,1.112,1.112,0.976,0.976,0.976,0.976,0.839,0.839,0.635,2.453,2.453,2.894,0.635,0.839,0.839,0.976,0.976,1.112,1.112,0.976,0.976,0.976,0.976,0.839,0.839,0.635,2.453,2.453,2.894
MSFT,2026-07-28,53,L,S,-1.000,-1.250,-1.250,-1.250,-1.250,-1.250,-1.250,-1.250,-1.250,-1.250,-1.250,-1.250,-1.250,-1.250,-0.167,0.247,1.765,1.877,-1.250,-1.250,-1.250,-1.250,-1.250,-1.250,-1.250,-1.250,-1.250,-1.250,-1.250,-1.250,-1.250,-0.167,0.247,4.802,5.123
MSFT,2026-07-31,18,L,A,1.890,-0.202,0.029,0.029,0.183,0.183,0.338,0.338,0.183,0.183,0.183,0.183,0.029,0.029,-0.202,3.560,3.560,3.908,-0.202,0.029,0.029,0.183,0.183,0.338,0.338,0.183,0.183,0.183,0.183,0.029,0.029,-0.202,3.560,7.229,7.477
MSFT,2026-08-17,14,S,S,2.544,2.671,2.545,2.545,2.461,2.461,2.377,2.377,2.461,2.461,2.461,2.461,2.545,2.545,2.671,4.379,4.379,4.593,2.671,2.545,2.545,2.461,2.461,2.377,2.377,2.461,2.461,2.461,2.461,2.545,2.545,2.671,6.282,6.282,6.435
MU,2024-08-23,14,S,C,-1.000,-1.250,-1.250,-1.250,-1.250,-1.250,-1.250,-1.250,-1.250,-1.250,-1.250,-1.250,-1.250,-1.250,-0.203,-0.203,0.406,0.737,-1.250,-1.250,-1.250,-1.250,-1.250,-1.250,-1.250,-1.250,-1.250,-1.250,-1.250,-1.250,-1.250,-0.203,-0.203,5.813,6.063
MU,2024-08-23,36,L,C,1.459,2.362,1.860,1.860,1.526,1.526,1.191,1.191,1.526,1.526,1.526,1.526,1.860,1.860,2.362,3.378,3.378,3.676,2.362,1.860,1.860,1.526,1.526,1.191,1.191,1.526,1.526,1.526,1.526,1.860,1.860,2.362,3.378,3.378,3.676
MU,2024-08-28,14,S,C,2.816,8.842,7.200,7.200,6.105,6.105,5.011,5.011,4.895,4.895,4.368,4.368,4.595,4.595,-0.105,17.947,17.947,18.895,8.842,7.200,7.200,6.105,6.105,5.011,5.011,4.895,4.895,4.368,4.368,4.595,4.595,-0.105,20.947,20.947,21.368
MU,2024-09-06,19,S,C,3.203,3.452,2.988,2.988,2.679,2.679,2.369,2.369,2.815,2.815,3.098,3.098,3.617,3.617,3.452,10.905,10.905,11.238,3.452,2.988,2.988,2.679,2.679,2.369,2.369,2.815,2.815,3.098,3.098,3.617,3.617,3.452,11.857,11.857,11.905
MU,2024-09-09,13,S,C,4.111,1.889,2.606,2.606,3.083,3.083,3.561,3.561,3.611,3.611,4.128,4.128,4.172,4.172,1.889,10.167,10.167,10.611,1.889,2.606,2.606,3.083,3.083,3.561,3.561,3.611,3.611,4.128,4.128,4.172,4.172,1.889,10.278,10.278,10.611
MU,2024-10-22,48,S,A,0.969,1.053,0.684,0.684,0.790,0.790,0.895,0.895,0.790,0.790,0.790,0.790,0.684,0.684,-0.053,1.737,1.737,2.000,1.053,0.684,0.684,0.790,0.790,0.895,0.895,0.790,0.790,0.790,0.790,0.684,0.684,-0.053,2.211,2.211,2.316
MU,2024-10-31,77,S,C,0.699,-0.062,0.293,0.293,0.530,0.530,0.767,0.767,0.530,0.530,0.530,0.530,0.293,0.293,-0.062,1.281,1.281,1.469,-0.062,0.293,0.293,0.530,0.530,0.767,0.767,0.530,0.530,0.530,0.530,0.293,0.293,-0.062,1.281,3.621,3.621
MU,2024-11-12,22,S,C,1.852,0.330,1.348,1.348,2.027,2.027,2.705,2.705,2.027,2.027,2.027,2.027,1.348,1.348,0.330,5.000,5.000,5.093,0.330,1.348,1.348,2.027,2.027,2.705,2.705,2.027,2.027,2.027,2.027,1.348,1.348,0.330,6.926,6.926,6.963
MU,2024-12-17,43,L,A,-1.000,-1.150,-1.150,-1.150,-1.150,-1.150,-1.150,-1.150,-1.150,-1.150,-1.150,-1.150,-1.150,-1.150,0.000,0.250,0.250,1.600,-1.150,-1.150,-1.150,-1.150,-1.150,-1.150,-1.150,-1.150,-1.150,-1.150,-1.150,-1.150,-1.150,0.000,0.250,0.250,1.600
MU,2024-12-19,14,S,S,-1.000,-0.245,-1.020,-1.020,-1.020,-1.020,-1.020,-1.020,-1.020,-1.020,-1.020,-1.020,-1.020,-1.020,-0.245,1.837,4.071,4.082,-0.245,-1.020,-1.020,-1.020,-1.020,-1.020,-1.020,-1.020,-1.020,-1.020,-1.020,-1.020,-1.020,-0.245,1.837,4.754,4.878
MU,2024-12-20,6,S,S,-1.000,-1.250,-1.250,-1.250,-1.250,-1.250,-1.250,-1.250,-1.250,-1.250,-1.250,-1.250,-1.250,-1.250,-0.850,0.550,2.376,3.300,-1.250,-1.250,-1.250,-1.250,-1.250,-1.250,-1.250,-1.250,-1.250,-1.250,-1.250,-1.250,-1.250,-0.850,0.550,2.376,3.300
MU,2024-12-23,43,S,S,-1.000,-1.147,-1.147,-1.147,-1.147,-1.147,-1.147,-1.147,-1.147,-1.147,-1.147,-1.147,-1.147,-1.147,-0.441,-0.441,1.294,1.529,-1.147,-1.147,-1.147,-1.147,-1.147,-1.147,-1.147,-1.147,-1.147,-1.147,-1.147,-1.147,-1.147,-0.441,-0.441,1.294,1.529
MU,2025-01-06,16,L,C,-1.000,-1.037,-1.037,-1.037,-1.037,-1.037,-1.037,-1.037,-1.037,-1.037,-1.037,-1.037,-1.037,-1.037,-0.556,-0.556,7.161,7.556,-1.037,-1.037,-1.037,-1.037,-1.037,-1.037,-1.037,-1.037,-1.037,-1.037,-1.037,-1.037,-1.037,-0.556,-0.556,12.221,12.407
MU,2025-01-07,25,L,A,-1.000,-1.250,-1.250,-1.250,-1.250,-1.250,-1.250,-1.250,-1.250,-1.250,-1.250,-1.250,-1.250,-1.250,-0.500,-0.500,-0.500,0.275,-1.250,-1.250,-1.250,-1.250,-1.250,-1.250,-1.250,-1.250,-1.250,-1.250,-1.250,-1.250,-1.250,-0.500,-0.500,0.950,1.200
MU,2025-01-10,43,S,C,-1.000,-1.250,-1.250,-1.250,-1.250,-1.250,-1.250,-1.250,-1.250,-1.250,-1.250,-1.250,-1.250,-1.250,-0.471,-0.471,-0.471,0.412,-1.250,-1.250,-1.250,-1.250,-1.250,-1.250,-1.250,-1.250,-1.250,-1.250,-1.250,-1.250,-1.250,-0.471,-0.471,-0.471,0.412
MU,2025-01-21,47,L,A,3.235,1.920,1.854,1.854,1.809,1.809,1.765,1.765,1.809,1.809,1.809,1.809,1.854,1.854,1.920,3.731,3.731,3.808,1.920,1.854,1.854,1.809,1.809,1.765,1.765,1.809,1.809,1.809,1.809,1.854,1.854,1.920,13.372,13.372,13.385
MU,2025-01-28,8,S,A,1.667,1.056,1.139,1.139,1.194,1.194,1.250,1.250,1.194,1.194,1.194,1.194,1.139,1.139,-0.250,2.681,2.681,3.111,1.056,1.139,1.139,1.194,1.194,1.250,1.250,1.194,1.194,1.194,1.194,1.139,1.139,-0.250,4.948,4.948,5.028
MU,2025-02-06,17,L,C,2.666,4.667,4.886,4.886,5.033,5.033,5.179,5.179,4.866,4.866,4.966,4.966,4.786,4.786,-0.708,6.208,6.208,6.578,4.667,4.886,4.886,5.033,5.033,5.179,5.179,4.866,4.866,4.966,4.966,4.786,4.786,-0.708,6.208,6.208,6.578
MU,2025-02-28,11,S,C,-1.000,-1.000,-1.000,-1.000,-1.000,-1.000,-1.000,-1.000,-1.000,-1.000,-1.000,-1.000,-1.000,-1.000,-1.000,0.315,0.315,1.914,-1.000,-1.000,-1.000,-1.000,-1.000,-1.000,-1.000,-1.000,-1.000,-1.000,-1.000,-1.000,-1.000,-1.000,0.315,0.315,1.914
MU,2025-03-27,50,S,C,-1.000,-0.120,-1.250,-1.250,-1.250,-1.250,-1.250,-1.250,-1.250,-1.250,-1.250,-1.250,-1.250,-1.250,-0.120,0.680,0.680,0.840,-0.120,-1.250,-1.250,-1.250,-1.250,-1.250,-1.250,-1.250,-1.250,-1.250,-1.250,-1.250,-1.250,-0.120,0.680,1.740,1.760
MU,2025-03-31,22,S,C,-1.000,-1.250,-1.250,-1.250,-1.250,-1.250,-1.250,-1.250,-1.250,-1.250,-1.250,-1.250,-1.250,-1.250,-0.615,-0.615,0.385,1.923,-1.250,-1.250,-1.250,-1.250,-1.250,-1.250,-1.250,-1.250,-1.250,-1.250,-1.250,-1.250,-1.250,-0.615,-0.615,0.846,1.923
MU,2025-04-04,34,S,C,8.731,10.615,11.781,11.781,12.558,12.558,13.335,13.335,10.904,10.904,10.112,10.112,8.112,8.112,10.615,27.923,27.923,28.767,10.615,11.781,11.781,12.558,12.558,13.335,13.335,10.904,10.904,10.112,10.112,8.112,8.112,10.615,27.923,27.923,28.767
MU,2025-04-11,23,L,C,-1.000,-1.250,-1.250,-1.250,-1.250,-1.250,-1.250,-1.250,-1.250,-1.250,-1.250,-1.250,-1.250,-1.250,-1.250,3.500,3.500,4.250,-1.250,-1.250,-1.250,-1.250,-1.250,-1.250,-1.250,-1.250,-1.250,-1.250,-1.250,-1.250,-1.250,-1.250,3.500,8.000,8.208
MU,2025-04-14,16,S,A,1.495,-1.250,-0.902,-0.902,-0.671,-0.671,-0.439,-0.439,-0.671,-0.671,-0.671,-0.671,-0.902,-0.902,-0.091,2.536,4.429,5.143,-1.250,-0.902,-0.902,-0.671,-0.671,-0.439,-0.439,-0.671,-0.671,-0.671,-0.671,-0.902,-0.902,-0.091,2.536,18.893,19.286
MU,2025-04-15,21,L,C,-1.000,-1.071,-1.071,-1.071,-1.071,-1.071,-1.071,-1.071,-1.071,-1.071,-1.071,-1.071,-1.071,-1.071,-0.381,0.262,0.333,1.143,-1.071,-1.071,-1.071,-1.071,-1.071,-1.071,-1.071,-1.071,-1.071,-1.071,-1.071,-1.071,-1.071,-0.381,0.262,0.333,1.143
MU,2025-04-17,13,S,C,3.043,1.696,1.566,1.566,1.478,1.478,1.391,1.391,1.478,1.478,1.478,1.478,1.566,1.566,1.696,8.826,8.826,9.087,1.696,1.566,1.566,1.478,1.478,1.391,1.391,1.478,1.478,1.478,1.478,1.566,1.566,1.696,8.826,8.826,9.087
MU,2025-04-25,36,L,S,3.640,-0.692,0.300,0.300,0.962,0.962,1.623,1.623,0.962,0.962,0.962,0.962,0.300,0.300,-0.692,5.885,5.885,6.077,-0.692,0.300,0.300,0.962,0.962,1.623,1.623,0.962,0.962,0.962,0.962,0.300,0.300,-0.692,5.885,15.000,15.308
MU,2025-04-28,20,L,C,-1.000,-1.250,-1.250,-1.250,-1.250,-1.250,-1.250,-1.250,-1.250,-1.250,-1.250,-1.250,-1.250,-1.250,-0.147,1.529,1.529,1.765,-1.250,-1.250,-1.250,-1.250,-1.250,-1.250,-1.250,-1.250,-1.250,-1.250,-1.250,-1.250,-1.250,-0.147,1.529,1.529,1.765
MU,2025-05-05,35,L,A,-1.000,-1.250,-1.250,-1.250,-1.250,-1.250,-1.250,-1.250,-1.250,-1.250,-1.250,-1.250,-1.250,-1.250,-1.250,-1.250,-1.676,0.029,-1.250,-1.250,-1.250,-1.250,-1.250,-1.250,-1.250,-1.250,-1.250,-1.250,-1.250,-1.250,-1.250,-1.250,-1.250,4.529,4.647
MU,2025-05-08,67,L,C,-1.000,-1.077,-1.077,-1.077,-1.077,-1.077,-1.077,-1.077,-1.077,-1.077,-1.077,-1.077,-1.077,-1.077,-0.538,0.308,0.308,0.615,-1.077,-1.077,-1.077,-1.077,-1.077,-1.077,-1.077,-1.077,-1.077,-1.077,-1.077,-1.077,-1.077,-0.538,0.308,14.923,15.154
MU,2025-06-05,63,L,C,-1.000,-1.250,-1.250,-1.250,-1.250,-1.250,-1.250,-1.250,-1.250,-1.250,-1.250,-1.250,-1.250,-1.250,-0.950,-0.950,6.300,6.550,-1.250,-1.250,-1.250,-1.250,-1.250,-1.250,-1.250,-1.250,-1.250,-1.250,-1.250,-1.250,-1.250,-0.950,-0.950,11.825,12.200
MU,2025-07-02,9,S,A,0.850,-1.250,-0.260,-0.260,0.400,0.400,1.060,1.060,0.400,0.400,0.400,0.400,-0.260,-0.260,-1.250,3.125,3.125,4.100,-1.250,-0.260,-0.260,0.400,0.400,1.060,1.060,0.400,0.400,0.400,0.400,-0.260,-0.260,-1.250,3.125,3.125,4.100
MU,2025-07-10,31,S,C,0.462,-1.082,-0.584,0.119,-0.252,0.250,0.079,0.381,-0.252,0.250,-0.252,0.250,-0.584,0.119,-0.115,0.885,0.885,1.577,-1.082,-0.584,0.119,-0.252,0.250,0.079,0.381,-0.252,0.250,-0.252,0.250,-0.584,0.119,-0.115,0.885,0.885,1.577
MU,2025-08-25,44,L,A,-1.000,-0.682,-1.250,-1.250,-1.250,-1.250,-1.250,-1.250,-1.250,-1.250,-1.250,-1.250,-1.250,-1.250,-0.182,0.237,0.273,0.633,-0.682,-1.250,-1.250,-1.250,-1.250,-1.250,-1.250,-1.250,-1.250,-1.250,-1.250,-1.250,-1.250,-0.182,0.237,0.727,0.909
MU,2025-09-02,17,S,C,-1.000,-1.250,-1.250,-1.250,-1.250,-1.250,-1.250,-1.250,-1.250,-1.250,-1.250,-1.250,-1.250,-1.250,-1.250,-1.250,-1.128,0.410,-1.250,-1.250,-1.250,-1.250,-1.250,-1.250,-1.250,-1.250,-1.250,-1.250,-1.250,-1.250,-1.250,-1.250,-1.250,-1.128,0.410
MU,2025-09-10,52,L,C,-1.000,-0.731,-1.250,-1.250,-1.250,-1.250,-1.250,-1.250,-1.250,-1.250,-1.250,-1.250,-1.250,-1.250,-0.462,1.307,1.307,1.577,-0.731,-1.250,-1.250,-1.250,-1.250,-1.250,-1.250,-1.250,-1.250,-1.250,-1.250,-1.250,-1.250,-0.462,1.307,1.307,1.577
MU,2025-09-11,85,L,S,-1.000,2.679,2.679,2.679,2.679,2.679,2.679,2.679,2.679,2.679,2.679,2.679,2.679,2.679,2.679,2.679,2.679,2.923,2.462,-1.051,-1.051,-1.051,-1.051,-1.051,-1.051,-1.051,-1.051,-1.051,-1.051,-1.051,-1.051,2.462,9.769,9.769,10.026
MU,2025-09-15,26,L,C,-1.000,-1.088,-1.088,-1.088,-1.088,-1.088,-1.088,-1.088,-1.088,-1.088,-1.088,-1.088,-1.088,-1.088,-0.279,0.206,0.206,0.859,-1.088,-1.088,-1.088,-1.088,-1.088,-1.088,-1.088,-1.088,-1.088,-1.088,-1.088,-1.088,-1.088,-0.279,0.206,0.206,0.859
MU,2025-11-03,16,S,C,-1.000,-0.432,-1.250,-1.250,-1.250,-1.250,-1.250,-1.250,-1.250,-1.250,-1.250,-1.250,-1.250,-1.250,-0.527,1.309,2.020,2.216,-0.432,-1.250,-1.250,-1.250,-1.250,-1.250,-1.250,-1.250,-1.250,-1.250,-1.250,-1.250,-1.250,-0.527,1.309,2.020,2.216
MU,2025-11-18,16,S,A,3.551,5.373,3.986,3.986,3.061,3.061,2.136,2.136,2.717,2.717,2.711,2.711,3.462,3.462,5.373,10.133,10.133,10.853,5.373,3.986,3.986,3.061,3.061,2.136,2.136,2.717,2.717,2.711,2.711,3.462,3.462,5.373,12.400,12.400,12.840
MU,2025-11-20,35,S,C,7.054,0.940,4.446,4.446,4.446,4.446,4.446,4.446,4.446,4.446,4.446,4.446,4.446,4.446,-0.452,4.833,4.833,5.095,0.940,13.593,13.593,11.607,11.607,9.622,9.622,8.464,8.464,6.779,6.779,6.350,6.350,-0.452,27.690,27.690,28.190
MU,2025-11-21,13,S,C,4.180,-1.250,0.229,0.229,1.215,1.215,2.201,2.201,1.215,1.215,1.215,1.215,0.229,0.229,-1.250,7.222,25.994,26.833,-1.250,0.229,0.229,1.215,1.215,2.201,2.201,1.215,1.215,1.215,1.215,0.229,0.229,-1.250,7.222,26.839,27.583
MU,2025-12-08,8,L,A,2.680,0.940,1.405,1.405,1.715,1.715,2.025,2.025,1.715,1.715,1.715,1.715,1.405,1.405,0.940,3.530,3.530,3.790,0.940,1.405,1.405,1.715,1.715,2.025,2.025,1.715,1.715,1.715,1.715,1.405,1.405,0.940,3.530,3.530,4.030
MU,2025-12-17,59,S,C,4.900,13.485,10.702,10.702,8.846,8.846,6.991,6.991,6.475,6.475,5.252,5.252,5.311,5.311,13.485,14.454,14.454,14.846,12.423,9.958,9.958,8.315,8.315,6.672,6.672,6.210,6.210,5.146,5.146,5.205,5.205,12.423,21.138,21.138,21.231
MU,2025-12-18,34,S,A,2.426,6.685,6.330,6.330,6.093,6.093,5.856,5.856,5.421,5.421,5.219,5.219,5.019,5.019,6.685,9.225,9.225,10.157,6.685,6.330,6.330,6.093,6.093,5.856,5.856,5.421,5.421,5.219,5.219,5.019,5.019,6.685,9.225,9.225,11.506
MU,2025-12-29,29,L,C,-1.000,-1.250,-1.250,-1.250,-1.250,-1.250,-1.250,-1.250,-1.250,-1.250,-1.250,-1.250,-1.250,-1.250,-0.169,0.615,2.323,2.595,-1.250,-1.250,-1.250,-1.250,-1.250,-1.250,-1.250,-1.250,-1.250,-1.250,-1.250,-1.250,-1.250,-0.169,0.615,13.692,13.908
MU,2026-01-12,54,L,C,-1.000,-1.050,-1.050,-1.050,-1.050,-1.050,-1.050,-1.050,-1.050,-1.050,-1.050,-1.050,-1.050,-1.050,-0.083,0.358,0.358,1.000,-1.050,-1.050,-1.050,-1.050,-1.050,-1.050,-1.050,-1.050,-1.050,-1.050,-1.050,-1.050,-1.050,-0.083,0.358,2.331,2.433
MU,2026-01-20,18,L,C,3.469,1.701,2.183,2.183,2.504,2.504,2.826,2.826,2.504,2.504,2.504,2.504,2.183,2.183,-0.085,3.795,3.795,4.855,1.701,2.183,2.183,2.504,2.504,2.826,2.826,2.504,2.504,2.504,2.504,2.183,2.183,-0.085,3.795,3.795,4.855
MU,2026-01-26,43,L,A,-1.000,-1.250,-1.250,-1.250,-1.250,-1.250,-1.250,-1.250,-1.250,-1.250,-1.250,-1.250,-1.250,-1.250,-1.250,-1.250,-1.697,-0.041,-1.250,-1.250,-1.250,-1.250,-1.250,-1.250,-1.250,-1.250,-1.250,-1.250,-1.250,-1.250,-1.250,-1.250,-1.250,-1.658,-0.041
MU,2026-02-04,28,S,C,14.264,1.762,31.491,31.491,28.692,28.692,25.892,25.892,20.769,20.769,16.215,16.215,12.777,12.777,1.762,35.691,35.691,36.169,1.762,31.654,31.654,28.808,28.808,25.962,25.962,20.827,20.827,16.238,16.238,12.800,12.800,1.762,66.969,66.969,67.122
MU,2026-02-12,16,L,C,-1.000,-1.250,-1.250,-1.250,-1.250,-1.250,-1.250,-1.250,-1.250,-1.250,-1.250,-1.250,-1.250,-1.250,-0.661,3.096,3.096,3.887,-1.250,-1.250,-1.250,-1.250,-1.250,-1.250,-1.250,-1.250,-1.250,-1.250,-1.250,-1.250,-1.250,-0.661,3.096,3.096,3.887
MU,2026-02-17,20,S,A,4.897,2.897,3.234,3.234,3.459,3.459,3.683,3.683,3.734,3.734,4.100,4.100,4.196,4.196,2.897,5.272,5.272,5.628,2.897,3.234,3.234,3.459,3.459,3.683,3.683,3.734,3.734,4.100,4.100,4.196,4.196,2.897,5.272,5.272,5.628
MU,2026-02-23,16,L,C,3.873,3.135,3.537,3.537,3.805,3.805,4.073,4.073,4.021,4.021,4.351,4.351,4.356,4.356,3.135,6.689,6.689,7.127,3.135,3.537,3.537,3.805,3.805,4.073,4.073,4.021,4.021,4.351,4.351,4.356,4.356,3.135,6.689,6.689,7.127
MU,2026-03-02,61,S,C,-1.000,0.012,-1.155,-1.155,-1.155,-1.155,-1.155,-1.155,-1.155,-1.155,-1.155,-1.155,-1.155,-1.155,0.012,1.429,1.429,2.393,0.012,-1.155,-1.155,-1.155,-1.155,-1.155,-1.155,-1.155,-1.155,-1.155,-1.155,-1.155,-1.155,0.012,1.429,1.429,2.393
MU,2026-03-05,43,L,C,-1.000,-0.543,-1.250,-1.250,-1.250,-1.250,-1.250,-1.250,-1.250,-1.250,-1.250,-1.250,-1.250,-1.250,-0.098,0.386,0.894,1.252,-0.543,-1.250,-1.250,-1.250,-1.250,-1.250,-1.250,-1.250,-1.250,-1.250,-1.250,-1.250,-1.250,-0.098,0.386,0.953,1.252
MU,2026-03-09,19,S,C,2.547,0.363,0.818,0.818,1.121,1.121,1.425,1.425,1.121,1.121,1.121,1.121,0.818,0.818,0.363,4.560,4.560,5.107,0.363,0.818,0.818,1.121,1.121,1.425,1.425,1.121,1.121,1.121,1.121,0.818,0.818,0.363,4.560,4.560,5.107
MU,2026-03-16,89,L,A,-1.000,0.079,0.079,0.079,0.079,0.079,0.079,0.079,0.079,0.079,0.079,0.079,0.079,0.079,0.079,0.079,0.079,0.429,-0.611,-1.250,-1.250,-1.250,-1.250,-1.250,-1.250,-1.250,-1.250,-1.250,-1.250,-1.250,-1.250,-0.107,0.079,2.909,3.357
MU,2026-03-18,27,L,S,-1.000,1.725,-1.250,-1.250,-1.250,-1.250,-1.250,-1.250,-1.250,-1.250,-1.250,-1.250,-1.250,-1.250,1.725,3.127,4.167,4.324,1.725,-1.250,-1.250,-1.250,-1.250,-1.250,-1.250,-1.250,-1.250,-1.250,-1.250,-1.250,-1.250,1.725,3.127,6.843,7.441
MU,2026-03-24,32,S,C,-1.000,-1.250,-1.250,-1.250,-1.250,-1.250,-1.250,-1.250,-1.250,-1.250,-1.250,-1.250,-1.250,-1.250,-0.584,1.045,7.393,8.045,-1.250,-1.250,-1.250,-1.250,-1.250,-1.250,-1.250,-1.250,-1.250,-1.250,-1.250,-1.250,-1.250,-0.584,1.045,10.281,10.393
MU,2026-03-25,71,S,C,-1.000,0.750,3.989,3.989,3.989,3.989,3.989,3.989,3.989,3.989,3.989,3.989,3.989,3.989,-0.011,4.580,4.580,4.682,0.750,-1.250,-1.250,-1.250,-1.250,-1.250,-1.250,-1.250,-1.250,-1.250,-1.250,-1.250,-1.250,-0.011,9.102,9.102,9.534
MU,2026-03-26,15,S,S,2.409,-0.038,1.758,1.758,1.811,1.811,1.864,1.864,1.811,1.811,1.811,1.811,1.758,1.758,-0.038,4.416,4.416,4.681,-0.038,1.758,1.758,1.811,1.811,1.864,1.864,1.811,1.811,1.811,1.811,1.758,1.758,-0.038,9.902,9.902,11.375
MU,2026-03-30,72,S,C,-1.000,-1.250,-1.250,-1.250,-1.250,-1.250,-1.250,-1.250,-1.250,-1.250,-1.250,-1.250,-1.250,-1.250,-1.250,1.305,1.768,2.439,-1.250,-1.250,-1.250,-1.250,-1.250,-1.250,-1.250,-1.250,-1.250,-1.250,-1.250,-1.250,-1.250,-1.250,1.305,25.854,25.951
MU,2026-04-06,11,L,C,3.713,6.611,6.122,6.122,5.796,5.796,5.470,5.470,5.144,5.144,4.952,4.952,4.856,4.856,6.611,9.528,9.528,9.710,6.611,6.122,6.122,5.796,5.796,5.470,5.470,5.144,5.144,4.952,4.952,4.856,4.856,6.611,9.528,9.528,9.710
MU,2026-04-09,33,L,C,-1.000,-1.250,-1.250,-1.250,-1.250,-1.250,-1.250,-1.250,-1.250,-1.250,-1.250,-1.250,-1.250,-1.250,-0.844,0.378,0.378,1.333,-1.250,-1.250,-1.250,-1.250,-1.250,-1.250,-1.250,-1.250,-1.250,-1.250,-1.250,-1.250,-1.250,-0.844,0.378,15.982,16.967
MU,2026-04-22,35,S,C,-1.000,-1.250,-1.250,-1.250,-1.250,-1.250,-1.250,-1.250,-1.250,-1.250,-1.250,-1.250,-1.250,-1.250,-0.022,0.030,0.030,0.606,-1.250,-1.250,-1.250,-1.250,-1.250,-1.250,-1.250,-1.250,-1.250,-1.250,-1.250,-1.250,-1.250,-0.022,0.030,0.030,0.606
MU,2026-04-24,81,L,C,-1.000,0.626,0.626,0.626,0.626,0.626,0.626,0.626,0.626,0.626,0.626,0.626,0.626,0.626,-0.163,1.803,1.803,2.102,0.279,-1.122,-1.122,-1.122,-1.122,-1.122,-1.122,-1.122,-1.122,-1.122,-1.122,-1.122,-1.122,-0.163,1.803,1.803,2.102
MU,2026-05-15,27,S,C,2.095,0.037,1.275,1.275,2.101,2.101,2.927,2.927,3.092,3.092,3.887,3.887,3.953,3.953,0.037,5.479,5.479,6.489,0.037,1.275,1.275,2.101,2.101,2.927,2.927,3.092,3.092,3.887,3.887,3.953,3.953,0.037,5.479,5.479,6.489
MU,2026-05-20,11,S,C,-1.000,-1.250,-1.250,-1.250,-1.250,-1.250,-1.250,-1.250,-1.250,-1.250,-1.250,-1.250,-1.250,-1.250,-0.567,0.022,7.261,8.045,-1.250,-1.250,-1.250,-1.250,-1.250,-1.250,-1.250,-1.250,-1.250,-1.250,-1.250,-1.250,-1.250,-0.567,0.022,7.261,8.045
MU,2026-05-21,22,L,C,2.670,1.091,1.635,1.635,1.998,1.998,2.361,2.361,2.726,2.726,3.362,3.362,3.681,3.681,1.091,4.482,4.482,5.351,1.091,1.635,1.635,1.998,1.998,2.361,2.361,2.726,2.726,3.362,3.362,3.681,3.681,1.091,4.482,4.482,5.351
MU,2026-05-22,84,L,C,2.811,-0.613,0.487,0.487,0.487,0.487,0.487,0.487,0.487,0.487,0.487,0.487,0.487,0.487,-0.613,0.823,0.823,1.302,-0.613,1.555,1.555,1.704,1.704,1.852,1.852,1.704,1.704,1.704,1.704,1.555,1.555,-0.613,6.905,6.905,6.991
MU,2026-05-28,66,L,C,3.160,-0.222,1.227,1.227,1.227,1.227,1.227,1.227,1.227,1.227,1.227,1.227,1.227,1.227,-0.332,1.480,1.480,1.871,-0.222,2.093,2.093,2.319,2.319,2.545,2.545,2.319,2.319,2.319,2.319,2.093,2.093,-0.332,4.066,4.066,4.105
MU,2026-06-05,34,S,C,-1.000,-1.250,-1.250,-1.250,-1.250,-1.250,-1.250,-1.250,-1.250,-1.250,-1.250,-1.250,-1.250,-1.250,-0.909,0.110,0.110,2.287,-1.250,-1.250,-1.250,-1.250,-1.250,-1.250,-1.250,-1.250,-1.250,-1.250,-1.250,-1.250,-1.250,-0.909,0.110,28.660,28.660
MU,2026-06-09,56,S,A,-1.000,-1.061,-1.061,-1.061,-1.061,-1.061,-1.061,-1.061,-1.061,-1.061,-1.061,-1.061,-1.061,-1.061,-1.061,-1.061,6.136,6.398,-1.061,-1.061,-1.061,-1.061,-1.061,-1.061,-1.061,-1.061,-1.061,-1.061,-1.061,-1.061,-1.061,-1.061,-1.061,20.094,20.330
MU,2026-06-16,11,L,A,1.557,-1.250,-1.250,-1.250,-1.250,-1.250,-1.250,-1.250,-1.250,-1.250,-1.250,-1.250,-1.250,-1.250,-1.250,2.990,2.990,3.478,-1.250,-1.250,-1.250,-1.250,-1.250,-1.250,-1.250,-1.250,-1.250,-1.250,-1.250,-1.250,-1.250,-1.250,2.990,2.990,3.478
MU,2026-06-17,16,S,C,2.660,4.329,3.726,3.726,3.324,3.324,2.921,2.921,3.241,3.241,3.392,3.392,3.828,3.828,4.329,7.165,7.165,8.136,4.329,3.726,3.726,3.324,3.324,2.921,2.921,3.241,3.241,3.392,3.392,3.828,3.828,4.329,7.165,7.165,8.136
MU,2026-06-24,78,S,C,6.883,1.781,0.621,0.621,0.621,0.621,0.621,0.621,0.621,0.621,0.621,0.621,0.621,0.621,1.781,3.531,3.531,3.822,1.781,5.155,5.155,5.659,5.659,6.163,6.163,5.559,5.559,5.699,5.699,5.215,5.215,1.781,18.294,18.294,18.370
MU,2026-07-02,54,S,A,3.417,8.742,9.163,9.163,9.443,9.443,9.724,9.724,8.258,8.258,7.746,7.746,6.618,6.618,8.742,24.433,24.433,25.333,8.742,9.163,9.163,9.443,9.443,9.724,9.724,8.258,8.258,7.746,7.746,6.618,6.618,8.742,45.311,45.311,45.511
MU,2026-07-09,89,S,C,-1.000,-0.307,-0.307,-0.307,-0.307,-0.307,-0.307,-0.307,-0.307,-0.307,-0.307,-0.307,-0.307,-0.307,-0.307,-0.307,-0.307,0.175,-1.045,-1.045,-1.045,-1.045,-1.045,-1.045,-1.045,-1.045,-1.045,-1.045,-1.045,-1.045,-1.045,-0.307,0.466,7.537,7.537
MU,2026-07-27,12,S,C,0.412,-1.096,-0.910,-0.405,-0.786,-0.425,-0.662,-0.446,-0.786,-0.425,-0.786,-0.425,-0.910,-0.405,-0.476,0.540,10.219,10.446,-1.096,-0.910,-0.405,-0.786,-0.425,-0.662,-0.446,-0.786,-0.425,-0.786,-0.425,-0.910,-0.405,-0.476,0.540,10.219,10.446
MU,2026-07-29,36,S,S,6.600,8.151,7.865,7.865,7.674,7.674,7.483,7.483,6.636,6.636,6.213,6.213,5.674,5.674,8.151,11.635,11.635,12.604,8.151,7.865,7.865,7.674,7.674,7.483,7.483,6.636,6.636,6.213,6.213,5.674,5.674,8.151,27.812,27.812,28.048
MU,2026-08-06,10,L,S,7.130,15.156,12.259,12.259,10.328,10.328,8.397,8.397,7.539,7.539,6.066,6.066,5.866,5.866,15.156,37.325,37.325,38.494,15.156,12.259,12.259,10.328,10.328,8.397,8.397,7.539,7.539,6.066,6.066,5.866,5.866,15.156,43.271,43.271,43.383
MU,2026-08-11,19,S,A,-1.000,-1.250,-1.250,-1.250,-1.250,-1.250,-1.250,-1.250,-1.250,-1.250,-1.250,-1.250,-1.250,-1.250,-0.217,0.378,5.305,6.576,-1.250,-1.250,-1.250,-1.250,-1.250,-1.250,-1.250,-1.250,-1.250,-1.250,-1.250,-1.250,-1.250,-0.217,0.378,5.305,6.576
INTC,2025-02-18,7,L,S,0.602,-1.087,-0.338,0.041,0.161,0.432,0.660,0.823,0.161,0.432,0.161,0.432,-0.338,0.041,-0.545,1.955,3.732,3.773,-1.087,-0.338,0.041,0.161,0.432,0.660,0.823,0.161,0.432,0.161,0.432,-0.338,0.041,-0.545,1.955,9.545,9.727
INTC,2025-03-18,57,L,C,0.674,0.500,0.895,0.895,1.159,1.159,1.423,1.423,1.159,1.159,1.159,1.159,0.895,0.895,-0.167,2.136,2.136,2.455,0.500,0.895,0.895,1.159,1.159,1.423,1.423,1.159,1.159,1.159,1.159,0.895,0.895,-0.167,2.136,2.136,2.455
INTC,2025-04-23,61,L,S,-1.000,-0.358,-0.358,-0.358,-0.358,-0.358,-0.358,-0.358,-0.358,-0.358,-0.358,-0.358,-0.358,-0.358,-0.035,0.273,0.273,0.409,-0.227,-1.045,-1.045,-1.045,-1.045,-1.045,-1.045,-1.045,-1.045,-1.045,-1.045,-1.045,-1.045,-0.035,0.273,0.273,0.409
INTC,2025-09-26,23,L,C,-1.000,0.308,-1.192,-1.192,-1.192,-1.192,-1.192,-1.192,-1.192,-1.192,-1.192,-1.192,-1.192,-1.192,0.308,1.962,1.962,2.923,0.308,-1.192,-1.192,-1.192,-1.192,-1.192,-1.192,-1.192,-1.192,-1.192,-1.192,-1.192,-1.192,0.308,1.962,8.731,9.077
INTC,2025-11-03,20,S,C,1.153,4.850,3.717,3.717,2.962,2.962,2.207,2.207,2.750,2.750,2.822,2.822,3.507,3.507,4.850,5.575,5.575,5.650,4.850,3.717,3.717,2.962,2.962,2.207,2.207,2.750,2.750,2.822,2.822,3.507,3.507,4.850,5.575,5.575,5.650
INTC,2025-11-18,16,S,C,0.714,0.393,0.474,0.474,0.528,0.528,0.582,0.582,0.528,0.528,0.528,0.528,0.474,0.474,-0.609,2.893,2.893,3.143,0.393,0.474,0.474,0.528,0.528,0.582,0.582,0.528,0.528,0.528,0.528,0.474,0.474,-0.609,2.893,2.893,3.143
INTC,2025-12-02,14,L,C,7.000,16.000,12.400,12.400,10.000,10.000,7.599,7.599,7.000,7.000,5.400,5.400,5.500,5.500,16.000,21.455,21.455,22.364,16.000,12.400,12.400,10.000,10.000,7.599,7.599,7.000,7.000,5.400,5.400,5.500,5.500,16.000,25.273,25.273,25.455
INTC,2026-01-21,53,L,C,4.355,2.656,3.134,3.134,3.453,3.453,3.772,3.772,3.789,3.789,4.191,4.191,4.241,4.241,2.656,5.531,5.531,5.813,2.656,3.134,3.134,3.453,3.453,3.772,3.772,3.789,3.789,4.191,4.191,4.241,4.241,2.656,5.531,7.208,7.375
INTC,2026-01-26,10,S,S,3.115,4.154,3.265,3.265,2.673,2.673,2.081,2.081,2.635,2.635,2.812,2.812,3.473,3.473,4.154,8.769,8.769,9.000,4.154,3.265,3.265,2.673,2.673,2.081,2.081,2.635,2.635,2.812,2.812,3.473,3.473,4.154,9.115,9.115,9.269
INTC,2026-02-25,9,L,S,1.211,-1.250,-0.800,-0.025,-0.500,0.054,-0.200,0.132,-0.500,0.054,-0.500,0.054,-0.800,-0.025,-0.143,1.500,1.500,1.643,-1.250,-0.800,-0.025,-0.500,0.054,-0.200,0.132,-0.500,0.054,-0.500,0.054,-0.800,-0.025,-0.143,1.500,4.000,4.143
INTC,2026-03-11,15,L,A,-1.000,-1.038,-1.038,-1.038,-1.038,-1.038,-1.038,-1.038,-1.038,-1.038,-1.038,-1.038,-1.038,-1.038,-0.538,-0.538,7.645,7.923,-1.038,-1.038,-1.038,-1.038,-1.038,-1.038,-1.038,-1.038,-1.038,-1.038,-1.038,-1.038,-1.038,-0.538,-0.538,7.645,7.923
INTC,2026-04-21,26,S,C,-1.000,-1.250,-1.250,-1.250,-1.250,-1.250,-1.250,-1.250,-1.250,-1.250,-1.250,-1.250,-1.250,-1.250,-0.669,0.594,3.563,4.063,-1.250,-1.250,-1.250,-1.250,-1.250,-1.250,-1.250,-1.250,-1.250,-1.250,-1.250,-1.250,-1.250,-0.669,0.594,7.031,7.500
INTC,2026-04-24,86,L,A,-1.000,3.913,3.913,3.913,3.913,3.913,3.913,3.913,3.913,3.913,3.913,3.913,3.913,3.913,3.913,3.913,3.913,4.130,1.913,-1.250,-1.250,-1.250,-1.250,-1.250,-1.250,-1.250,-1.250,-1.250,-1.250,-1.250,-1.250,1.913,3.913,3.913,4.913
INTC,2026-05-13,12,S,A,3.375,4.702,4.833,4.833,4.920,4.920,5.007,5.007,4.920,4.920,4.920,4.920,4.833,4.833,4.702,9.234,9.234,9.574,4.702,4.833,4.833,4.920,4.920,5.007,5.007,4.920,4.920,4.920,4.920,4.833,4.833,4.702,9.234,9.234,9.574
INTC,2026-05-18,23,S,A,-1.000,-1.250,-1.250,-1.250,-1.250,-1.250,-1.250,-1.250,-1.250,-1.250,-1.250,-1.250,-1.250,-1.250,-1.250,1.913,14.388,15.435,-1.250,-1.250,-1.250,-1.250,-1.250,-1.250,-1.250,-1.250,-1.250,-1.250,-1.250,-1.250,-1.250,-1.250,1.913,25.043,25.739
INTC,2026-05-22,49,L,S,3.235,4.118,4.325,4.325,4.463,4.463,4.601,4.601,4.434,4.434,4.616,4.616,4.554,4.554,-0.809,6.912,6.912,7.353,4.118,4.325,4.325,4.463,4.463,4.601,4.601,4.434,4.434,4.616,4.616,4.554,4.554,-0.809,6.912,6.912,7.353
INTC,2026-06-03,24,S,C,6.028,0.272,7.170,7.170,7.160,7.160,7.150,7.150,6.364,6.364,6.086,6.086,5.559,5.559,0.272,7.434,7.434,7.609,0.272,5.793,5.793,6.176,6.176,6.560,6.560,5.872,5.872,5.889,5.889,5.362,5.362,0.272,8.717,8.717,9.065
INTC,2026-06-04,57,L,C,-1.000,-1.172,-1.172,-1.172,-1.172,-1.172,-1.172,-1.172,-1.172,-1.172,-1.172,-1.172,-1.172,-1.172,-1.172,1.724,1.897,2.138,-1.172,-1.172,-1.172,-1.172,-1.172,-1.172,-1.172,-1.172,-1.172,-1.172,-1.172,-1.172,-1.172,-1.172,1.724,11.155,11.724
INTC,2026-06-08,32,S,C,-1.000,-1.250,-1.250,-1.250,-1.250,-1.250,-1.250,-1.250,-1.250,-1.250,-1.250,-1.250,-1.250,-1.250,-1.250,2.250,2.250,2.708,-1.250,-1.250,-1.250,-1.250,-1.250,-1.250,-1.250,-1.250,-1.250,-1.250,-1.250,-1.250,-1.250,-1.250,2.250,2.250,2.708
INTC,2026-06-10,12,L,C,3.405,-1.173,-0.143,-0.143,0.543,0.543,1.229,1.229,0.543,0.543,0.543,0.543,-0.143,-0.143,-1.173,4.734,4.734,5.017,-1.173,-0.143,-0.143,0.543,0.543,1.229,1.229,0.543,0.543,0.543,0.543,-0.143,-0.143,-1.173,4.734,4.734,5.017
INTC,2026-06-12,13,L,C,-1.000,-1.250,-1.250,-1.250,-1.250,-1.250,-1.250,-1.250,-1.250,-1.250,-1.250,-1.250,-1.250,-1.250,-0.523,-0.523,8.818,10.364,-1.250,-1.250,-1.250,-1.250,-1.250,-1.250,-1.250,-1.250,-1.250,-1.250,-1.250,-1.250,-1.250,-0.523,-0.523,18.470,18.886
INTC,2026-06-17,35,S,C,-1.000,-1.250,-1.250,-1.250,-1.250,-1.250,-1.250,-1.250,-1.250,-1.250,-1.250,-1.250,-1.250,-1.250,-0.694,1.639,1.639,2.833,-1.250,-1.250,-1.250,-1.250,-1.250,-1.250,-1.250,-1.250,-1.250,-1.250,-1.250,-1.250,-1.250,-0.694,1.639,1.639,2.833
INTC,2026-06-24,30,S,C,-1.000,-1.038,-1.038,-1.038,-1.038,-1.038,-1.038,-1.038,-1.038,-1.038,-1.038,-1.038,-1.038,-1.038,-1.038,1.538,5.231,6.654,-1.038,-1.038,-1.038,-1.038,-1.038,-1.038,-1.038,-1.038,-1.038,-1.038,-1.038,-1.038,-1.038,-1.038,1.538,15.808,16.192
INTC,2026-07-09,45,S,C,4.085,3.583,3.970,3.970,4.227,4.227,4.485,4.485,4.332,4.332,4.594,4.594,4.520,4.520,3.583,6.445,6.445,6.694,3.583,3.970,3.970,4.227,4.227,4.485,4.485,4.332,4.332,4.594,4.594,4.520,4.520,3.583,8.583,8.583,8.750
INTC,2026-07-13,15,S,S,-1.000,-1.250,-1.250,-1.250,-1.250,-1.250,-1.250,-1.250,-1.250,-1.250,-1.250,-1.250,-1.250,-1.250,-0.300,-0.300,-0.300,1.200,-1.250,-1.250,-1.250,-1.250,-1.250,-1.250,-1.250,-1.250,-1.250,-1.250,-1.250,-1.250,-1.250,-0.300,-0.300,10.499,10.850
INTC,2026-07-22,20,L,C,2.000,3.557,3.758,3.758,3.893,3.893,4.027,4.027,4.003,4.003,4.270,4.270,4.324,4.324,3.557,4.914,4.914,5.343,3.557,3.758,3.758,3.893,3.893,4.027,4.027,4.003,4.003,4.270,4.270,4.324,4.324,3.557,6.471,6.471,6.771
INTC,2026-07-23,47,L,C,2.814,0.250,0.755,0.580,1.091,0.966,1.428,1.352,1.091,0.966,1.091,0.966,0.755,0.580,-0.167,3.125,3.125,4.000,0.250,0.755,0.580,1.091,0.966,1.428,1.352,1.091,0.966,1.091,0.966,0.755,0.580,-0.167,3.125,3.125,4.000
INTC,2026-07-28,20,S,A,3.088,1.980,2.116,2.116,2.206,2.206,2.296,2.296,2.206,2.206,2.206,2.206,2.116,2.116,1.980,5.471,5.471,5.725,1.980,2.116,2.116,2.206,2.206,2.296,2.296,2.206,2.206,2.206,2.206,2.116,2.116,1.980,5.471,5.471,5.725
INTC,2026-07-29,63,S,C,2.803,5.500,5.800,5.800,6.000,6.000,6.200,6.200,5.625,5.625,5.600,5.600,5.200,5.200,5.500,7.000,7.000,7.333,5.500,5.800,5.800,6.000,6.000,6.200,6.200,5.625,5.625,5.600,5.600,5.200,5.200,5.500,15.083,15.722,15.778
INTC,2026-08-17,7,S,C,-1.000,-1.250,-1.250,-1.250,-1.250,-1.250,-1.250,-1.250,-1.250,-1.250,-1.250,-1.250,-1.250,-1.250,-0.591,2.977,2.977,3.591,-1.250,-1.250,-1.250,-1.250,-1.250,-1.250,-1.250,-1.250,-1.250,-1.250,-1.250,-1.250,-1.250,-0.591,2.977,2.977,3.591
PLTR,2024-10-09,7,L,A,2.611,-0.194,4.878,4.878,4.596,4.596,4.313,4.313,4.270,4.270,4.275,4.275,4.397,4.397,-0.417,6.917,6.917,7.056,-0.194,4.878,4.878,4.596,4.596,4.313,4.313,4.270,4.270,4.275,4.275,4.397,4.397,-0.417,10.250,10.250,10.278
PLTR,2024-10-11,16,L,C,-1.000,-1.250,-1.250,-1.250,-1.250,-1.250,-1.250,-1.250,-1.250,-1.250,-1.250,-1.250,-1.250,-1.250,-1.250,-1.250,0.900,1.000,-1.250,-1.250,-1.250,-1.250,-1.250,-1.250,-1.250,-1.250,-1.250,-1.250,-1.250,-1.250,-1.250,-1.250,-1.250,0.900,1.000
PLTR,2024-11-21,14,L,A,-1.000,-0.375,-1.208,-1.208,-1.208,-1.208,-1.208,-1.208,-1.208,-1.208,-1.208,-1.208,-1.208,-1.208,-0.771,0.992,1.104,1.250,-0.375,-1.208,-1.208,-1.208,-1.208,-1.208,-1.208,-1.208,-1.208,-1.208,-1.208,-1.208,-1.208,-0.771,0.992,1.104,1.250
PLTR,2024-11-25,34,L,C,-1.000,-1.250,-1.250,-1.250,-1.250,-1.250,-1.250,-1.250,-1.250,-1.250,-1.250,-1.250,-1.250,-1.250,-0.500,3.909,3.909,4.255,-1.250,-1.250,-1.250,-1.250,-1.250,-1.250,-1.250,-1.250,-1.250,-1.250,-1.250,-1.250,-1.250,-0.500,3.909,3.909,4.255
PLTR,2024-11-29,14,L,C,-1.000,-1.250,-1.250,-1.250,-1.250,-1.250,-1.250,-1.250,-1.250,-1.250,-1.250,-1.250,-1.250,-1.250,-0.100,0.735,1.800,2.350,-1.250,-1.250,-1.250,-1.250,-1.250,-1.250,-1.250,-1.250,-1.250,-1.250,-1.250,-1.250,-1.250,-0.100,0.735,2.350,2.700
PLTR,2024-12-03,34,L,C,-1.000,-0.308,-1.250,-1.250,-1.250,-1.250,-1.250,-1.250,-1.250,-1.250,-1.250,-1.250,-1.250,-1.250,-0.308,1.731,5.346,6.538,-0.308,-1.250,-1.250,-1.250,-1.250,-1.250,-1.250,-1.250,-1.250,-1.250,-1.250,-1.250,-1.250,-0.308,1.731,11.154,11.462
PLTR,2024-12-05,84,L,C,-1.000,-1.000,-1.000,-1.000,-1.000,-1.000,-1.000,-1.000,-1.000,-1.000,-1.000,-1.000,-1.000,-1.000,-0.050,-0.050,0.030,0.200,-1.000,-1.000,-1.000,-1.000,-1.000,-1.000,-1.000,-1.000,-1.000,-1.000,-1.000,-1.000,-1.000,-0.050,-0.050,7.263,7.600
PLTR,2024-12-18,56,L,C,-1.000,-1.211,-1.211,-1.211,-1.211,-1.211,-1.211,-1.211,-1.211,-1.211,-1.211,-1.211,-1.211,-1.211,-0.106,-0.106,4.847,5.053,-1.211,-1.211,-1.211,-1.211,-1.211,-1.211,-1.211,-1.211,-1.211,-1.211,-1.211,-1.211,-1.211,-0.106,-0.106,11.872,12.000
PLTR,2025-01-02,58,S,C,-1.000,2.213,3.516,3.516,3.516,3.516,3.516,3.516,3.516,3.516,3.516,3.516,3.516,3.516,-0.250,4.750,4.750,4.875,2.213,-1.042,-1.042,-1.042,-1.042,-1.042,-1.042,-1.042,-1.042,-1.042,-1.042,-1.042,-1.042,-0.250,4.750,7.292,7.667
PLTR,2025-01-06,47,L,S,1.090,-0.211,2.116,2.116,1.932,1.932,1.749,1.749,2.335,2.335,2.254,2.254,2.598,2.598,-0.211,5.201,5.201,5.947,-0.211,2.116,2.116,1.932,1.932,1.749,1.749,2.335,2.335,2.254,2.254,2.598,2.598,-0.211,5.201,5.201,5.947
PLTR,2025-01-07,15,S,C,6.500,9.476,7.876,7.876,6.810,6.810,5.743,5.743,5.440,5.440,4.819,4.819,4.890,4.890,9.476,16.245,16.245,16.571,9.476,7.876,7.876,6.810,6.810,5.743,5.743,5.440,5.440,4.819,4.819,4.890,4.890,9.476,18.881,18.881,19.238
PLTR,2025-01-10,85,S,S,3.643,5.520,5.520,5.520,5.520,5.520,5.520,5.520,5.520,5.520,5.520,5.520,5.520,5.520,5.520,5.520,5.520,5.899,5.999,6.237,6.237,6.395,6.395,6.554,6.554,5.896,5.896,5.796,5.796,5.337,5.337,5.999,7.909,7.909,8.273
PLTR,2025-01-14,34,S,C,-1.000,-1.250,-1.250,-1.250,-1.250,-1.250,-1.250,-1.250,-1.250,-1.250,-1.250,-1.250,-1.250,-1.250,-1.250,0.455,5.724,6.455,-1.250,-1.250,-1.250,-1.250,-1.250,-1.250,-1.250,-1.250,-1.250,-1.250,-1.250,-1.250,-1.250,-1.250,0.455,13.318,13.364
PLTR,2025-01-16,5,L,S,0.566,-0.434,-0.166,-0.166,0.013,0.013,0.192,0.192,0.013,0.013,0.013,0.013,-0.166,-0.166,-0.434,1.150,3.503,3.812,-0.434,-0.166,-0.166,0.013,0.013,0.192,0.192,0.013,0.013,0.013,0.013,-0.166,-0.166,-0.434,1.150,5.706,5.789
PLTR,2025-01-23,67,L,C,1.500,-0.124,0.626,0.581,1.126,1.094,1.626,1.607,1.126,1.094,1.126,1.094,0.626,0.581,-0.562,3.500,3.500,3.688,-1.224,-0.144,0.581,0.576,1.094,1.296,1.607,0.576,1.094,0.576,1.094,-0.144,0.581,-0.562,3.500,6.562,6.625
PLTR,2025-01-31,20,L,C,3.893,4.286,4.232,4.232,4.196,4.196,4.161,4.161,4.125,4.125,4.282,4.282,4.361,4.361,4.286,11.286,11.286,11.571,4.286,4.232,4.232,4.196,4.196,4.161,4.161,4.125,4.125,4.282,4.282,4.361,4.361,4.286,13.640,13.640,13.714
PLTR,2025-03-12,21,S,A,0.929,-0.031,0.148,0.148,0.267,0.267,0.386,0.386,0.267,0.267,0.267,0.267,0.148,0.148,-0.063,3.111,3.111,3.381,-0.031,0.148,0.148,0.267,0.267,0.386,0.386,0.267,0.267,0.267,0.267,0.148,0.148,-0.063,4.111,4.111,4.349
PLTR,2025-03-20,59,L,S,1.910,-0.360,2.075,2.075,1.759,1.759,1.442,1.442,2.121,2.121,2.049,2.049,2.510,2.510,-0.022,4.380,4.380,4.480,-0.360,2.075,2.075,1.759,1.759,1.442,1.442,2.121,2.121,2.049,2.049,2.510,2.510,-0.022,9.138,9.138,9.680
PLTR,2025-04-01,34,S,C,5.071,4.535,4.494,4.494,4.467,4.467,4.440,4.440,4.334,4.334,4.453,4.453,4.473,4.473,4.535,12.133,12.133,13.933,4.535,4.494,4.494,4.467,4.467,4.440,4.440,4.334,4.334,4.453,4.453,4.473,4.473,4.535,12.133,12.133,13.933
PLTR,2025-04-03,11,L,A,2.597,1.484,1.285,1.285,1.153,1.153,1.021,1.021,1.782,1.782,1.656,1.656,2.040,2.040,-0.387,3.145,3.145,4.258,1.484,1.285,1.285,1.153,1.153,1.021,1.021,1.782,1.782,1.656,1.656,2.040,2.040,-0.387,3.145,5.194,5.290
PLTR,2025-04-11,12,L,C,1.840,-0.240,0.408,0.408,0.840,0.840,1.272,1.272,1.900,1.900,1.688,1.688,1.680,1.680,-0.240,2.480,2.480,4.520,-0.240,0.408,0.408,0.840,0.840,1.272,1.272,1.900,1.900,1.688,1.688,1.680,1.680,-0.240,2.480,2.480,4.520
PLTR,2025-04-23,49,L,C,1.404,3.573,3.116,3.116,2.811,2.811,2.506,2.506,2.918,2.918,3.182,3.182,3.672,3.672,3.573,4.280,4.280,5.756,3.573,3.116,3.116,2.811,2.811,2.506,2.506,2.918,2.918,3.182,3.182,3.672,3.672,3.573,4.280,4.280,5.756
PLTR,2025-04-24,21,L,C,1.067,-0.268,1.085,1.085,1.408,1.408,1.732,1.732,1.408,1.408,1.408,1.408,1.085,1.085,-0.367,3.234,3.234,3.567,-0.268,1.085,1.085,1.408,1.408,1.732,1.732,1.408,1.408,1.408,1.408,1.085,1.085,-0.367,3.234,11.297,11.500
PLTR,2025-04-28,22,L,C,-1.000,-1.250,-1.250,-1.250,-1.250,-1.250,-1.250,-1.250,-1.250,-1.250,-1.250,-1.250,-1.250,-1.250,-0.535,-0.186,-0.186,0.558,-1.250,-1.250,-1.250,-1.250,-1.250,-1.250,-1.250,-1.250,-1.250,-1.250,-1.250,-1.250,-1.250,-0.535,-0.186,2.186,2.279
PLTR,2025-04-29,74,L,C,-1.000,2.183,2.183,2.183,2.183,2.183,2.183,2.183,2.183,2.183,2.183,2.183,2.183,2.183,-0.058,2.183,2.183,2.308,1.595,-1.250,-1.250,-1.250,-1.250,-1.250,-1.250,-1.250,-1.250,-1.250,-1.250,-1.250,-1.250,-0.058,3.212,7.346,10.538
PLTR,2025-06-09,69,L,C,2.308,1.038,1.408,1.408,1.654,1.654,1.900,1.900,2.394,2.394,2.246,2.246,2.296,2.296,-0.269,4.500,4.500,4.962,1.038,1.408,1.408,1.654,1.654,1.900,1.900,2.394,2.394,2.246,2.246,2.296,2.296,-0.269,18.346,18.346,18.692
PLTR,2025-06-11,84,L,C,-1.000,-1.250,-1.250,-1.250,-1.250,-1.250,-1.250,-1.250,-1.250,-1.250,-1.250,-1.250,-1.250,-1.250,-0.500,-0.500,-0.500,0.625,-1.250,-1.250,-1.250,-1.250,-1.250,-1.250,-1.250,-1.250,-1.250,-1.250,-1.250,-1.250,-1.250,-0.500,-0.500,-0.500,3.906
PLTR,2025-06-25,21,L,C,-1.000,-1.250,-1.250,-1.250,-1.250,-1.250,-1.250,-1.250,-1.250,-1.250,-1.250,-1.250,-1.250,-1.250,-0.500,0.326,0.326,0.875,-1.250,-1.250,-1.250,-1.250,-1.250,-1.250,-1.250,-1.250,-1.250,-1.250,-1.250,-1.250,-1.250,-0.500,0.326,0.326,0.875
PLTR,2025-07-21,55,L,S,-1.000,-0.444,-1.240,-1.240,-1.240,-1.240,-1.240,-1.240,-1.240,-1.240,-1.240,-1.240,-1.240,-1.240,-0.019,1.333,1.333,1.630,-0.444,-1.240,-1.240,-1.240,-1.240,-1.240,-1.240,-1.240,-1.240,-1.240,-1.240,-1.240,-1.240,-0.019,1.333,1.333,1.630
PLTR,2025-08-06,30,L,C,3.103,0.379,9.137,9.137,7.467,7.467,5.797,5.797,5.557,5.557,4.611,4.611,4.852,4.852,0.379,18.690,18.690,19.660,0.379,9.137,9.137,7.467,7.467,5.797,5.797,5.557,5.557,4.611,4.611,4.852,4.852,0.379,18.690,18.690,19.660
PLTR,2025-08-15,66,S,A,2.057,2.429,2.429,2.429,2.429,2.429,2.429,2.429,2.429,2.429,2.429,2.429,2.429,2.429,-0.157,3.014,3.014,3.771,1.643,2.057,2.057,2.057,2.057,2.057,2.057,2.057,2.057,2.057,2.057,2.057,2.057,-0.157,6.057,6.057,6.400
PLTR,2025-08-18,32,S,C,3.068,0.727,1.360,1.360,1.782,1.782,2.204,2.204,1.782,1.782,1.782,1.782,1.360,1.360,0.727,4.205,4.205,4.341,0.727,1.360,1.360,1.782,1.782,2.204,2.204,1.782,1.782,1.782,1.782,1.360,1.360,0.727,4.205,5.045,5.273
PLTR,2025-08-22,32,L,A,1.788,1.820,1.672,1.672,1.574,1.574,1.476,1.476,1.574,1.574,1.574,1.574,1.672,1.672,1.820,4.482,4.482,4.540,1.820,1.672,1.672,1.574,1.574,1.476,1.476,1.574,1.574,1.574,1.574,1.672,1.672,1.820,5.460,5.460,5.672
PLTR,2025-08-29,21,S,S,2.096,2.952,2.792,2.792,2.686,2.686,2.580,2.580,2.948,2.948,3.305,3.305,3.721,3.721,-0.106,4.341,4.341,7.442,2.952,2.792,2.792,2.686,2.686,2.580,2.580,2.948,2.948,3.305,3.305,3.721,3.721,-0.106,4.341,4.341,7.442
PLTR,2025-10-15,11,L,C,-1.000,-1.235,-1.235,-1.235,-1.235,-1.235,-1.235,-1.235,-1.235,-1.235,-1.235,-1.235,-1.235,-1.235,-1.235,0.132,3.676,3.735,-1.235,-1.235,-1.235,-1.235,-1.235,-1.235,-1.235,-1.235,-1.235,-1.235,-1.235,-1.235,-1.235,-1.235,0.132,3.676,3.735
PLTR,2025-10-27,5,L,A,1.822,0.133,0.305,0.305,0.420,0.420,0.535,0.535,0.420,0.420,0.420,0.420,0.305,0.305,0.133,2.175,2.175,2.600,0.133,0.305,0.305,0.420,0.420,0.535,0.535,0.420,0.420,0.420,0.420,0.305,0.305,0.133,2.175,2.175,2.600
PLTR,2025-10-28,36,L,C,-1.000,-1.200,-1.200,-1.200,-1.200,-1.200,-1.200,-1.200,-1.200,-1.200,-1.200,-1.200,-1.200,-1.200,-0.700,0.275,0.275,0.562,-1.200,-1.200,-1.200,-1.200,-1.200,-1.200,-1.200,-1.200,-1.200,-1.200,-1.200,-1.200,-1.200,-0.700,0.275,2.850,3.350
PLTR,2025-10-29,11,L,C,2.929,11.629,9.743,9.743,8.486,8.486,7.229,7.229,6.579,6.579,5.634,5.634,5.466,5.466,11.629,16.952,16.952,17.571,11.629,9.743,9.743,8.486,8.486,7.229,7.229,6.579,6.579,5.634,5.634,5.466,5.466,11.629,22.314,22.314,23.057
PLTR,2025-11-07,16,S,A,-1.000,-1.033,-1.033,-1.033,-1.033,-1.033,-1.033,-1.033,-1.033,-1.033,-1.033,-1.033,-1.033,-1.033,-0.627,0.669,1.613,1.940,-1.033,-1.033,-1.033,-1.033,-1.033,-1.033,-1.033,-1.033,-1.033,-1.033,-1.033,-1.033,-1.033,-0.627,0.669,3.813,4.012
PLTR,2025-11-13,40,S,C,-1.000,-0.686,-1.007,-1.007,-1.007,-1.007,-1.007,-1.007,-1.007,-1.007,-1.007,-1.007,-1.007,-1.007,-0.686,0.229,6.337,6.671,-0.686,-1.007,-1.007,-1.007,-1.007,-1.007,-1.007,-1.007,-1.007,-1.007,-1.007,-1.007,-1.007,-0.686,0.229,10.449,10.698
PLTR,2025-11-21,53,S,A,5.848,8.061,7.451,7.451,7.045,7.045,6.639,6.639,6.030,6.030,5.621,5.621,5.315,5.315,8.061,13.602,13.602,14.545,8.061,7.451,7.451,7.045,7.045,6.639,6.639,6.030,6.030,5.621,5.621,5.315,5.315,8.061,17.091,17.091,17.424
PLTR,2025-12-08,19,L,C,-1.000,-1.250,-1.128,-1.128,-1.128,-1.128,-1.128,-1.128,-1.128,-1.128,-1.128,-1.128,-1.128,-1.128,-0.574,1.128,1.128,2.249,-1.250,-1.128,-1.128,-1.128,-1.128,-1.128,-1.128,-1.128,-1.128,-1.128,-1.128,-1.128,-1.128,-0.574,1.128,1.468,2.249
PLTR,2026-01-02,31,S,C,3.858,6.657,5.629,5.629,4.944,4.944,4.259,4.259,4.280,4.280,4.081,4.081,4.335,4.335,6.657,13.614,13.614,14.200,6.657,5.629,5.629,4.944,4.944,4.259,4.259,4.280,4.280,4.081,4.081,4.335,4.335,6.657,31.947,31.947,32.000
PLTR,2026-01-05,8,S,C,1.842,-1.097,-1.097,-1.097,-1.097,-1.097,-1.097,-1.097,-1.097,-1.097,-1.097,-1.097,-1.097,-1.097,-1.097,2.458,2.458,3.903,-1.097,-1.097,-1.097,-1.097,-1.097,-1.097,-1.097,-1.097,-1.097,-1.097,-1.097,-1.097,-1.097,-1.097,2.458,2.458,3.903
PLTR,2026-01-09,21,S,A,2.198,1.031,1.978,1.978,2.609,2.609,3.241,3.241,3.352,3.352,3.203,3.203,2.869,2.869,1.031,4.188,4.188,5.094,1.031,1.978,1.978,2.609,2.609,3.241,3.241,3.352,3.352,3.203,3.203,2.869,2.869,1.031,4.188,4.188,5.094
PLTR,2026-01-14,8,L,C,-1.000,-1.250,-1.250,-1.250,-1.250,-1.250,-1.250,-1.250,-1.250,-1.250,-1.250,-1.250,-1.250,-1.250,-1.250,-1.250,0.366,1.026,-1.250,-1.250,-1.250,-1.250,-1.250,-1.250,-1.250,-1.250,-1.250,-1.250,-1.250,-1.250,-1.250,-1.250,-1.250,0.366,1.026
PLTR,2026-01-15,23,L,C,-1.000,-1.250,-1.250,-1.250,-1.250,-1.250,-1.250,-1.250,-1.250,-1.250,-1.250,-1.250,-1.250,-1.250,-0.417,2.202,2.202,2.762,-1.250,-1.250,-1.250,-1.250,-1.250,-1.250,-1.250,-1.250,-1.250,-1.250,-1.250,-1.250,-1.250,-0.417,2.202,2.238,2.762
PLTR,2026-01-21,18,S,C,-1.000,-1.250,-1.250,-1.250,-1.250,-1.250,-1.250,-1.250,-1.250,-1.250,-1.250,-1.250,-1.250,-1.250,-1.250,-1.250,-1.703,0.622,-1.250,-1.250,-1.250,-1.250,-1.250,-1.250,-1.250,-1.250,-1.250,-1.250,-1.250,-1.250,-1.250,-1.250,-1.250,14.324,14.649
PLTR,2026-01-26,9,L,C,1.184,1.333,1.323,1.323,1.317,1.317,1.310,1.310,1.317,1.317,1.317,1.317,1.323,1.323,1.333,3.617,3.617,3.832,1.333,1.323,1.323,1.317,1.317,1.310,1.310,1.317,1.317,1.317,1.317,1.323,1.323,1.333,3.617,3.617,3.832
PLTR,2026-02-09,21,L,A,-1.000,-1.000,-1.000,-1.000,-1.000,-1.000,-1.000,-1.000,-1.000,-1.000,-1.000,-1.000,-1.000,-1.000,-1.000,-1.000,9.065,9.351,-1.000,-1.000,-1.000,-1.000,-1.000,-1.000,-1.000,-1.000,-1.000,-1.000,-1.000,-1.000,-1.000,-1.000,-1.000,15.892,16.270
PLTR,2026-02-18,33,L,C,0.257,-1.204,-0.954,-0.319,-0.787,-0.333,-0.620,-0.348,-0.787,-0.333,-0.787,-0.333,-0.954,-0.319,-0.370,0.667,2.000,2.079,-1.204,-0.954,-0.319,-0.787,-0.333,-0.620,-0.348,-0.787,-0.333,-0.787,-0.333,-0.954,-0.319,-0.370,0.667,2.000,2.079
PLTR,2026-02-23,63,S,A,-1.000,-0.396,-1.250,-1.250,-1.250,-1.250,-1.250,-1.250,-1.250,-1.250,-1.250,-1.250,-1.250,-1.250,-0.396,1.458,4.542,4.971,-0.396,-1.250,-1.250,-1.250,-1.250,-1.250,-1.250,-1.250,-1.250,-1.250,-1.250,-1.250,-1.250,-0.396,1.458,5.584,6.333
PLTR,2026-03-02,49,L,C,4.645,5.355,4.465,4.465,3.871,3.871,3.277,3.277,3.532,3.532,3.529,3.529,3.952,3.952,-0.549,9.137,9.137,9.548,3.871,3.426,3.426,3.129,3.129,2.832,2.832,3.161,3.161,3.381,3.381,3.803,3.803,-0.549,9.137,9.137,9.548
PLTR,2026-03-12,21,S,A,-1.000,-1.250,-1.250,-1.250,-1.250,-1.250,-1.250,-1.250,-1.250,-1.250,-1.250,-1.250,-1.250,-1.250,-0.167,0.940,0.940,1.905,-1.250,-1.250,-1.250,-1.250,-1.250,-1.250,-1.250,-1.250,-1.250,-1.250,-1.250,-1.250,-1.250,-0.167,0.940,0.940,1.905
PLTR,2026-03-16,77,S,A,-1.000,-1.034,-1.034,-1.034,-1.034,-1.034,-1.034,-1.034,-1.034,-1.034,-1.034,-1.034,-1.034,-1.034,-0.690,0.690,0.690,0.897,-1.034,-1.034,-1.034,-1.034,-1.034,-1.034,-1.034,-1.034,-1.034,-1.034,-1.034,-1.034,-1.034,-0.690,0.690,0.690,0.897
PLTR,2026-03-18,28,L,S,0.160,-1.142,-0.822,-0.280,-0.608,-0.222,-0.395,-0.163,-0.608,-0.222,-0.608,-0.222,-0.822,-0.280,-0.513,0.500,0.500,0.679,-1.142,-0.822,-0.280,-0.608,-0.222,-0.395,-0.163,-0.608,-0.222,-0.608,-0.222,-0.822,-0.280,-0.513,0.500,0.500,0.679
PLTR,2026-04-09,37,S,C,1.885,1.000,1.201,1.201,1.336,1.336,1.470,1.470,1.336,1.336,1.336,1.336,1.201,1.201,1.000,2.782,2.782,3.205,1.000,1.201,1.201,1.336,1.336,1.470,1.470,1.336,1.336,1.336,1.336,1.201,1.201,1.000,2.782,5.566,5.846
PLTR,2026-04-24,8,S,C,5.011,2.818,3.118,3.118,3.318,3.318,3.518,3.518,3.614,3.614,3.555,3.555,3.473,3.473,2.818,9.015,9.015,9.273,2.818,3.118,3.118,3.318,3.318,3.518,3.518,3.614,3.614,3.555,3.555,3.473,3.473,2.818,9.015,9.015,9.273
PLTR,2026-04-29,17,S,C,-1.000,-1.250,-1.250,-1.250,-1.250,-1.250,-1.250,-1.250,-1.250,-1.250,-1.250,-1.250,-1.250,-1.250,-1.250,0.229,6.667,7.625,-1.250,-1.250,-1.250,-1.250,-1.250,-1.250,-1.250,-1.250,-1.250,-1.250,-1.250,-1.250,-1.250,-1.250,0.229,6.667,7.625
PLTR,2026-05-06,15,S,C,-1.000,-0.117,-1.250,-1.250,-1.250,-1.250,-1.250,-1.250,-1.250,-1.250,-1.250,-1.250,-1.250,-1.250,-0.117,0.565,0.565,0.728,-0.117,-1.250,-1.250,-1.250,-1.250,-1.250,-1.250,-1.250,-1.250,-1.250,-1.250,-1.250,-1.250,-0.117,0.565,0.850,0.855
PLTR,2026-05-19,47,L,A,-1.000,-1.250,-1.250,-1.250,-1.250,-1.250,-1.250,-1.250,-1.250,-1.250,-1.250,-1.250,-1.250,-1.250,0.000,0.381,0.381,1.000,-1.250,-1.250,-1.250,-1.250,-1.250,-1.250,-1.250,-1.250,-1.250,-1.250,-1.250,-1.250,-1.250,0.000,0.381,2.190,2.571
PLTR,2026-05-21,87,L,S,-1.000,0.462,0.462,0.462,0.462,0.462,0.462,0.462,0.462,0.462,0.462,0.462,0.462,0.462,0.462,1.096,1.096,1.231,-1.173,-1.173,-1.173,-1.173,-1.173,-1.173,-1.173,-1.173,-1.173,-1.173,-1.173,-1.173,-1.173,-0.731,1.096,1.231,1.423
PLTR,2026-05-26,37,S,C,-1.000,-0.286,-1.089,-1.089,-1.089,-1.089,-1.089,-1.089,-1.089,-1.089,-1.089,-1.089,-1.089,-1.089,-0.464,0.750,2.607,2.750,-0.286,-1.089,-1.089,-1.089,-1.089,-1.089,-1.089,-1.089,-1.089,-1.089,-1.089,-1.089,-1.089,-0.464,0.750,2.607,2.750
PLTR,2026-05-27,13,S,C,-1.000,-1.176,-1.176,-1.176,-1.176,-1.176,-1.176,-1.176,-1.176,-1.176,-1.176,-1.176,-1.176,-1.176,-1.176,-1.176,2.324,2.647,-1.176,-1.176,-1.176,-1.176,-1.176,-1.176,-1.176,-1.176,-1.176,-1.176,-1.176,-1.176,-1.176,-1.176,-1.176,2.324,2.647
PLTR,2026-05-29,84,L,C,2.888,1.659,1.659,1.659,1.659,1.659,1.659,1.659,1.659,1.659,1.659,1.659,1.659,1.659,1.659,2.250,2.250,2.636,1.409,2.370,2.370,3.011,3.011,3.652,3.652,3.659,3.659,3.530,3.530,3.148,3.148,1.409,5.659,5.659,5.885
PLTR,2026-06-01,21,L,A,-1.000,-1.113,-1.113,-1.113,-1.113,-1.113,-1.113,-1.113,-1.113,-1.113,-1.113,-1.113,-1.113,-1.113,-1.113,-1.113,0.800,1.362,-1.113,-1.113,-1.113,-1.113,-1.113,-1.113,-1.113,-1.113,-1.113,-1.113,-1.113,-1.113,-1.113,-1.113,-1.113,6.562,7.250
PLTR,2026-06-05,17,S,A,2.700,2.730,2.657,2.657,2.608,2.608,2.559,2.559,2.926,2.926,2.862,2.862,3.038,3.038,2.730,4.243,4.243,4.757,2.730,2.657,2.657,2.608,2.608,2.559,2.559,2.926,2.926,2.862,2.862,3.038,3.038,2.730,14.514,14.514,14.689
PLTR,2026-06-11,8,S,C,-1.000,0.048,-1.250,-1.250,-1.250,-1.250,-1.250,-1.250,-1.250,-1.250,-1.250,-1.250,-1.250,-1.250,0.048,3.786,4.381,5.238,0.048,-1.250,-1.250,-1.250,-1.250,-1.250,-1.250,-1.250,-1.250,-1.250,-1.250,-1.250,-1.250,0.048,3.786,4.571,5.238
PLTR,2026-06-17,50,L,C,-1.000,-1.250,-1.250,-1.250,-1.250,-1.250,-1.250,-1.250,-1.250,-1.250,-1.250,-1.250,-1.250,-1.250,-0.045,0.318,0.318,1.591,-1.250,-1.250,-1.250,-1.250,-1.250,-1.250,-1.250,-1.250,-1.250,-1.250,-1.250,-1.250,-1.250,-0.045,0.318,2.591,2.727
PLTR,2026-07-06,65,L,C,-1.000,-1.250,-1.250,-1.250,-1.250,-1.250,-1.250,-1.250,-1.250,-1.250,-1.250,-1.250,-1.250,-1.250,-0.242,0.677,0.677,0.871,-1.250,-1.250,-1.250,-1.250,-1.250,-1.250,-1.250,-1.250,-1.250,-1.250,-1.250,-1.250,-1.250,-0.242,0.677,9.645,9.707
PLTR,2026-07-07,72,L,A,-1.000,0.636,-1.250,-1.250,-1.250,-1.250,-1.250,-1.250,-1.250,-1.250,-1.250,-1.250,-1.250,-1.250,0.636,1.348,1.348,1.970,0.636,-1.250,-1.250,-1.250,-1.250,-1.250,-1.250,-1.250,-1.250,-1.250,-1.250,-1.250,-1.250,0.636,1.348,15.030,15.364
PLTR,2026-07-15,55,L,C,-1.000,-1.250,-1.250,-1.250,-1.250,-1.250,-1.250,-1.250,-1.250,-1.250,-1.250,-1.250,-1.250,-1.250,-0.045,2.250,2.250,2.318,-1.250,-1.250,-1.250,-1.250,-1.250,-1.250,-1.250,-1.250,-1.250,-1.250,-1.250,-1.250,-1.250,-0.045,2.250,4.864,5.091
PLTR,2026-07-22,51,S,C,0.864,-0.395,-0.113,-0.113,0.075,0.075,0.263,0.263,0.075,0.075,0.075,0.075,-0.113,-0.113,-0.395,4.205,4.205,4.636,-0.395,-0.113,-0.113,0.075,0.075,0.263,0.263,0.075,0.075,0.075,0.075,-0.113,-0.113,-0.395,17.932,17.932,18.182
PLTR,2026-07-29,21,S,C,3.460,2.260,2.134,2.134,2.050,2.050,1.966,1.966,2.485,2.485,2.946,2.946,3.478,3.478,2.260,5.440,5.440,5.600,2.260,2.134,2.134,2.050,2.050,1.966,1.966,2.485,2.485,2.946,2.946,3.478,3.478,2.260,5.440,5.880,6.600
PLTR,2026-08-04,9,L,C,0.459,2.057,1.524,1.524,1.169,1.169,0.814,0.814,1.169,1.169,1.169,1.169,1.524,1.524,2.057,2.208,2.208,2.316,2.057,1.524,1.524,1.169,1.169,0.814,0.814,1.169,1.169,1.169,1.169,1.524,1.524,2.057,3.157,3.157,3.217
PLTR,2026-08-05,5,L,A,1.417,0.112,0.402,0.402,0.595,0.595,0.789,0.789,0.595,0.595,0.595,0.595,0.402,0.402,0.112,1.317,1.317,1.504,0.112,0.402,0.402,0.595,0.595,0.789,0.789,0.595,0.595,0.595,0.595,0.402,0.402,0.112,1.317,1.317,1.504
PLTR,2026-08-11,21,L,C,8.607,4.732,6.510,6.510,6.683,6.683,6.856,6.856,6.120,6.120,5.983,5.983,5.460,5.460,4.732,11.286,11.286,11.498,4.732,6.510,6.510,6.683,6.683,6.856,6.856,6.120,6.120,5.983,5.983,5.460,5.460,4.732,11.286,11.286,11.498
AMZN,2024-09-27,14,S,C,-1.000,-0.538,-1.250,-1.250,-1.250,-1.250,-1.250,-1.250,-1.250,-1.250,-1.250,-1.250,-1.250,-1.250,-0.154,0.506,1.667,1.821,-0.538,-1.250,-1.250,-1.250,-1.250,-1.250,-1.250,-1.250,-1.250,-1.250,-1.250,-1.250,-1.250,-0.154,0.506,6.897,7.103
AMZN,2024-10-22,54,L,C,-1.000,-0.367,-1.033,-1.033,-1.033,-1.033,-1.033,-1.033,-1.033,-1.033,-1.033,-1.033,-1.033,-1.033,-0.367,0.633,0.633,0.900,-0.367,-1.033,-1.033,-1.033,-1.033,-1.033,-1.033,-1.033,-1.033,-1.033,-1.033,-1.033,-1.033,-0.367,0.633,4.266,4.434
AMZN,2024-11-04,15,L,A,0.858,-0.851,-0.353,0.235,-0.021,0.399,0.311,0.563,-0.021,0.399,-0.021,0.399,-0.353,0.235,-0.011,1.702,1.702,1.830,-0.851,-0.353,0.235,-0.021,0.399,0.311,0.563,-0.021,0.399,-0.021,0.399,-0.353,0.235,-0.011,1.702,1.702,1.830
AMZN,2024-11-26,19,L,C,0.700,-0.850,-0.588,-0.588,-0.413,-0.413,-0.238,-0.238,-0.413,-0.413,-0.413,-0.413,-0.588,-0.588,-0.850,5.439,5.439,5.450,-0.850,-0.588,-0.588,-0.413,-0.413,-0.238,-0.238,-0.413,-0.413,-0.413,-0.413,-0.588,-0.588,-0.850,6.625,6.625,6.700
AMZN,2024-11-26,40,L,C,2.548,-1.078,0.145,0.550,0.961,1.250,1.777,1.950,0.961,1.250,0.961,1.250,0.145,0.550,-0.500,3.218,4.580,4.594,-1.078,0.145,0.550,0.961,1.250,1.777,1.950,0.961,1.250,0.961,1.250,0.145,0.550,-0.500,3.218,6.063,6.156
AMZN,2024-12-19,10,S,C,-1.000,-1.250,-1.250,-1.250,-1.250,-1.250,-1.250,-1.250,-1.250,-1.250,-1.250,-1.250,-1.250,-1.250,-0.694,-0.694,0.370,0.926,-1.250,-1.250,-1.250,-1.250,-1.250,-1.250,-1.250,-1.250,-1.250,-1.250,-1.250,-1.250,-1.250,-0.694,-0.694,0.444,0.926
AMZN,2025-01-27,46,L,C,-1.000,-1.250,-1.250,-1.250,-1.250,-1.250,-1.250,-1.250,-1.250,-1.250,-1.250,-1.250,-1.250,-1.250,-0.278,0.139,8.556,8.722,-1.250,-1.250,-1.250,-1.250,-1.250,-1.250,-1.250,-1.250,-1.250,-1.250,-1.250,-1.250,-1.250,-0.278,0.139,13.111,13.583
AMZN,2025-01-28,48,L,A,2.188,2.641,2.632,2.632,2.627,2.627,2.621,2.621,2.966,2.966,2.898,2.898,3.040,3.040,2.641,5.838,5.838,6.225,2.641,2.632,2.632,2.627,2.627,2.621,2.621,2.966,2.966,2.898,2.898,3.040,3.040,2.641,7.725,7.725,7.825
AMZN,2025-01-30,48,S,S,3.320,1.328,4.468,4.468,4.468,4.468,4.468,4.468,4.468,4.468,4.468,4.468,4.468,4.468,1.328,4.952,4.952,5.125,1.328,5.213,5.213,4.980,4.980,4.748,4.748,4.590,4.590,4.555,4.555,4.576,4.576,1.328,6.375,6.375,6.531
AMZN,2025-03-04,76,S,C,-1.000,-0.161,-0.161,-0.161,-0.161,-0.161,-0.161,-0.161,-0.161,-0.161,-0.161,-0.161,-0.161,-0.161,-0.903,1.661,1.661,2.387,0.253,-1.032,-1.032,-1.032,-1.032,-1.032,-1.032,-1.032,-1.032,-1.032,-1.032,-1.032,-1.032,-0.903,2.484,2.484,3.097
AMZN,2025-03-06,57,L,C,-1.000,-1.133,-1.133,-1.133,-1.133,-1.133,-1.133,-1.133,-1.133,-1.133,-1.133,-1.133,-1.133,-1.133,-0.067,0.144,1.078,1.378,-1.133,-1.133,-1.133,-1.133,-1.133,-1.133,-1.133,-1.133,-1.133,-1.133,-1.133,-1.133,-1.133,-0.067,0.144,1.078,1.378
AMZN,2025-03-14,37,S,A,1.583,2.200,2.235,2.235,2.258,2.258,2.282,2.282,2.258,2.258,2.258,2.258,2.235,2.235,2.200,3.450,3.450,3.767,2.200,2.235,2.235,2.258,2.258,2.282,2.282,2.258,2.258,2.258,2.258,2.235,2.235,2.200,3.450,3.450,3.767
AMZN,2025-04-08,17,S,A,0.982,-1.211,-1.074,-1.074,-0.982,-0.982,-0.891,-0.891,-0.982,-0.982,-0.982,-0.982,-1.074,-1.074,-0.754,1.789,1.789,1.974,-1.211,-1.074,-1.074,-0.982,-0.982,-0.891,-0.891,-0.982,-0.982,-0.982,-0.982,-1.074,-1.074,-0.754,1.789,21.947,22.351
AMZN,2025-04-15,12,L,C,0.600,-0.833,-0.465,-0.465,-0.219,-0.219,0.026,0.026,-0.219,-0.219,-0.219,-0.219,-0.465,-0.465,-0.300,1.833,1.833,2.067,-0.833,-0.465,-0.465,-0.219,-0.219,0.026,0.026,-0.219,-0.219,-0.219,-0.219,-0.465,-0.465,-0.300,1.833,1.833,2.067
AMZN,2025-04-15,34,S,C,-1.000,-1.065,-1.065,-1.065,-1.065,-1.065,-1.065,-1.065,-1.065,-1.065,-1.065,-1.065,-1.065,-1.065,-0.548,-0.548,5.161,5.387,-1.065,-1.065,-1.065,-1.065,-1.065,-1.065,-1.065,-1.065,-1.065,-1.065,-1.065,-1.065,-1.065,-0.548,-0.548,10.197,10.280
AMZN,2025-05-05,84,L,C,1.429,-0.029,-0.029,-0.029,-0.029,-0.029,-0.029,-0.029,-0.029,-0.029,-0.029,-0.029,-0.029,-0.029,-0.029,0.503,0.503,0.686,-0.029,0.280,0.280,0.543,0.543,0.806,0.806,0.543,0.543,0.543,0.543,0.280,0.280,-0.029,1.943,1.943,2.086
AMZN,2025-05-21,32,S,C,-1.000,-1.114,-1.114,-1.114,-1.114,-1.114,-1.114,-1.114,-1.114,-1.114,-1.114,-1.114,-1.114,-1.114,-0.143,0.653,0.653,1.057,-1.114,-1.114,-1.114,-1.114,-1.114,-1.114,-1.114,-1.114,-1.114,-1.114,-1.114,-1.114,-1.114,-0.143,0.653,0.800,1.057
AMZN,2025-06-18,50,L,C,0.477,0.481,0.448,0.448,0.426,0.426,0.403,0.403,0.426,0.426,0.426,0.426,0.448,0.448,0.481,0.838,0.838,0.902,0.481,0.448,0.448,0.426,0.426,0.403,0.403,0.426,0.426,0.426,0.426,0.448,0.448,0.481,0.838,0.838,0.902
AMZN,2025-07-21,18,L,C,0.551,-0.410,-0.226,0.062,-0.103,0.103,0.021,0.144,-0.103,0.103,-0.103,0.103,-0.226,0.062,0.000,1.795,1.795,2.000,-0.410,-0.226,0.062,-0.103,0.103,0.021,0.144,-0.103,0.103,-0.103,0.103,-0.226,0.062,0.000,5.564,5.564,5.846
AMZN,2025-08-07,17,L,C,2.470,3.457,3.661,3.661,3.796,3.796,3.932,3.932,3.932,3.932,4.214,4.214,4.286,4.286,3.457,6.286,6.286,6.600,3.457,3.661,3.661,3.796,3.796,3.932,3.932,3.932,3.932,4.214,4.214,4.286,4.286,3.457,6.286,6.286,6.600
AMZN,2025-08-27,16,L,A,-1.000,-1.250,-1.250,-1.250,-1.250,-1.250,-1.250,-1.250,-1.250,-1.250,-1.250,-1.250,-1.250,-1.250,-0.068,-0.068,1.622,1.851,-1.250,-1.250,-1.250,-1.250,-1.250,-1.250,-1.250,-1.250,-1.250,-1.250,-1.250,-1.250,-1.250,-0.068,-0.068,1.622,1.851
AMZN,2025-11-17,12,S,A,-1.000,-1.250,-1.250,-1.250,-1.250,-1.250,-1.250,-1.250,-1.250,-1.250,-1.250,-1.250,-1.250,-1.250,-0.288,0.683,7.098,7.293,-1.250,-1.250,-1.250,-1.250,-1.250,-1.250,-1.250,-1.250,-1.250,-1.250,-1.250,-1.250,-1.250,-0.288,0.683,7.098,7.293
AMZN,2025-11-21,15,S,A,-1.000,-1.250,-1.250,-1.250,-1.250,-1.250,-1.250,-1.250,-1.250,-1.250,-1.250,-1.250,-1.250,-1.250,-0.615,0.021,1.083,1.500,-1.250,-1.250,-1.250,-1.250,-1.250,-1.250,-1.250,-1.250,-1.250,-1.250,-1.250,-1.250,-1.250,-0.615,0.021,1.083,1.646
AMZN,2026-02-06,29,S,C,-1.000,-1.250,-1.000,-1.000,-1.000,-1.000,-1.000,-1.000,-1.000,-1.000,-1.000,-1.000,-1.000,-1.000,-0.929,-0.929,0.900,2.629,-1.250,-1.000,-1.000,-1.000,-1.000,-1.000,-1.000,-1.000,-1.000,-1.000,-1.000,-1.000,-1.000,-0.929,-0.929,0.900,2.629
AMZN,2026-02-12,20,S,C,3.182,1.667,1.730,1.730,1.773,1.773,1.815,1.815,1.773,1.773,1.773,1.773,1.730,1.730,1.667,12.455,12.455,13.303,1.667,1.730,1.730,1.773,1.773,1.815,1.815,1.773,1.773,1.773,1.773,1.730,1.730,1.667,14.485,14.485,14.818
AMZN,2026-03-12,18,L,C,0.551,-1.250,-1.032,-1.032,-0.887,-0.887,-0.743,-0.743,-0.887,-0.887,-0.887,-0.887,-1.032,-1.032,-0.525,1.100,1.100,1.925,-1.250,-1.032,-1.032,-0.887,-0.887,-0.743,-0.743,-0.887,-0.887,-0.887,-0.887,-1.032,-1.032,-0.525,1.100,1.100,1.925
AMZN,2026-03-20,16,S,C,-1.000,1.375,-1.212,-1.212,-1.212,-1.212,-1.212,-1.212,-1.212,-1.212,-1.212,-1.212,-1.212,-1.212,1.375,2.538,2.538,2.615,1.375,-1.212,-1.212,-1.212,-1.212,-1.212,-1.212,-1.212,-1.212,-1.212,-1.212,-1.212,-1.212,1.375,2.538,4.250,4.527
AMZN,2026-04-28,18,L,A,0.654,1.033,0.937,0.114,0.874,0.286,0.810,0.457,0.874,0.286,0.874,0.286,0.937,0.114,-0.143,1.654,1.654,1.846,1.033,0.937,0.114,0.874,0.286,0.810,0.457,0.874,0.286,0.874,0.286,0.937,0.114,-0.143,1.654,1.654,1.846
AMZN,2026-05-04,52,L,S,4.984,7.511,7.765,7.765,7.933,7.933,8.102,8.102,7.056,7.056,6.729,6.729,5.958,5.958,7.511,9.867,9.867,10.333,7.511,7.765,7.765,7.933,7.933,8.102,8.102,7.056,7.056,6.729,6.729,5.958,5.958,7.511,9.867,9.867,10.333
AMZN,2026-05-12,13,S,A,0.793,-1.185,-0.607,-0.607,-0.222,-0.222,0.163,0.163,-0.222,-0.222,-0.222,-0.222,-0.607,-0.607,-0.217,1.087,3.261,3.391,-1.185,-0.607,-0.607,-0.222,-0.222,0.163,0.163,-0.222,-0.222,-0.222,-0.222,-0.607,-0.607,-0.217,1.087,5.565,5.717
AMZN,2026-05-19,19,S,A,-1.000,-1.138,-1.138,-1.138,-1.138,-1.138,-1.138,-1.138,-1.138,-1.138,-1.138,-1.138,-1.138,-1.138,-0.234,0.755,6.447,7.106,-1.138,-1.138,-1.138,-1.138,-1.138,-1.138,-1.138,-1.138,-1.138,-1.138,-1.138,-1.138,-1.138,-0.234,0.755,9.085,9.447
AMZN,2026-06-05,20,S,C,0.509,2.315,1.668,-0.225,1.236,-0.116,0.805,-0.006,1.236,-0.116,1.236,-0.116,1.668,-0.225,-0.222,3.310,3.310,3.574,2.315,1.668,-0.225,1.236,-0.116,0.805,-0.006,1.236,-0.116,1.236,-0.116,1.668,-0.225,-0.222,14.741,14.741,15.111
AMZN,2026-07-15,20,L,A,2.153,4.130,3.885,3.885,3.722,3.722,3.559,3.559,3.690,3.690,3.870,3.870,4.107,4.107,-0.204,7.630,7.630,7.889,4.130,3.885,3.885,3.722,3.722,3.559,3.559,3.690,3.690,3.870,3.870,4.107,4.107,-0.204,8.537,8.537,8.685
META,2024-08-22,29,L,S,1.097,-0.481,-0.228,-0.228,-0.059,-0.059,0.109,0.109,-0.059,-0.059,-0.059,-0.059,-0.228,-0.228,-0.481,1.750,1.750,2.662,-0.481,-0.228,-0.228,-0.059,-0.059,0.109,0.109,-0.059,-0.059,-0.059,-0.059,-0.228,-0.228,-0.481,1.750,1.750,2.662
META,2024-09-25,52,L,A,-1.000,-0.465,-1.163,-1.163,-1.163,-1.163,-1.163,-1.163,-1.163,-1.163,-1.163,-1.163,-1.163,-1.163,-0.058,-0.058,-0.058,0.302,-0.465,-1.163,-1.163,-1.163,-1.163,-1.163,-1.163,-1.163,-1.163,-1.163,-1.163,-1.163,-1.163,-0.058,-0.058,5.477,5.977
META,2024-10-18,68,S,A,-1.000,-1.250,-1.250,-1.250,-1.250,-1.250,-1.250,-1.250,-1.250,-1.250,-1.250,-1.250,-1.250,-1.250,-0.130,-0.130,-0.117,0.246,-1.250,-1.250,-1.250,-1.250,-1.250,-1.250,-1.250,-1.250,-1.250,-1.250,-1.250,-1.250,-1.250,-0.130,-0.130,4.884,5.130
META,2024-11-13,11,S,C,1.665,1.113,1.356,1.356,1.517,1.517,1.679,1.679,1.517,1.517,1.517,1.517,1.356,1.356,-0.730,2.891,2.891,3.330,1.113,1.356,1.356,1.517,1.517,1.679,1.679,1.517,1.517,1.517,1.517,1.356,1.356,-0.730,2.891,2.891,3.330
META,2024-12-23,47,S,A,0.835,-1.250,-0.665,0.141,-0.275,0.301,0.115,0.460,-0.275,0.301,-0.275,0.301,-0.665,0.141,-0.098,1.128,1.128,1.266,-1.250,-0.665,0.141,-0.275,0.301,0.115,0.460,-0.275,0.301,-0.275,0.301,-0.665,0.141,-0.098,1.128,1.128,1.266
META,2025-01-14,9,S,A,2.806,3.031,3.652,3.652,4.066,4.066,4.481,4.481,4.309,4.309,4.654,4.654,4.534,4.534,3.031,5.102,10.806,11.490,3.031,3.652,3.652,4.066,4.066,4.481,4.481,4.309,4.309,4.654,4.654,4.534,4.534,3.031,5.102,13.153,13.724
META,2025-01-27,43,L,C,1.056,-0.503,-0.028,-0.028,0.288,0.288,0.605,0.605,0.288,0.288,0.288,0.288,-0.028,-0.028,-0.503,11.237,11.237,11.994,-0.503,-0.028,-0.028,0.288,0.288,0.605,0.605,0.288,0.288,0.288,0.288,-0.028,-0.028,-0.503,12.237,12.237,12.554
META,2025-01-31,7,L,C,1.437,3.144,2.880,2.880,2.704,2.704,2.528,2.528,2.918,2.918,3.247,3.247,3.694,3.694,-0.079,5.062,5.062,5.400,3.144,2.880,2.880,2.704,2.704,2.528,2.528,2.918,2.918,3.247,3.247,3.694,3.694,-0.079,5.062,5.062,5.400
META,2025-02-03,56,L,S,4.982,5.626,5.444,5.444,5.322,5.322,5.201,5.201,4.916,4.916,4.872,4.872,4.768,4.768,5.626,5.626,5.626,5.626,3.405,3.889,3.889,4.212,4.212,4.534,4.534,4.360,4.360,4.650,4.650,4.546,4.546,3.405,8.687,8.687,8.816
META,2025-02-05,22,L,C,-1.000,-1.250,-1.250,-1.250,-1.250,-1.250,-1.250,-1.250,-1.250,-1.250,-1.250,-1.250,-1.250,-1.250,-0.450,0.256,0.256,0.564,-1.250,-1.250,-1.250,-1.250,-1.250,-1.250,-1.250,-1.250,-1.250,-1.250,-1.250,-1.250,-1.250,-0.450,0.256,0.256,0.564
META,2025-02-07,65,L,C,-1.000,-1.250,-1.250,-1.250,-1.250,-1.250,-1.250,-1.250,-1.250,-1.250,-1.250,-1.250,-1.250,-1.250,-0.287,1.551,1.551,1.803,-1.250,-1.250,-1.250,-1.250,-1.250,-1.250,-1.250,-1.250,-1.250,-1.250,-1.250,-1.250,-1.250,-0.287,1.551,4.685,4.709
META,2025-02-21,78,S,A,1.416,-1.075,-0.573,-0.210,-0.238,0.021,0.096,0.252,-0.238,0.021,-0.238,0.021,-0.573,-0.210,-0.556,1.528,1.528,1.682,-1.075,-0.573,-0.210,-0.238,0.021,0.096,0.252,-0.238,0.021,-0.238,0.021,-0.573,-0.210,-0.556,1.528,10.402,10.542
META,2025-03-10,6,S,A,-1.000,-1.250,-1.250,-1.250,-1.250,-1.250,-1.250,-1.250,-1.250,-1.250,-1.250,-1.250,-1.250,-1.250,-0.443,1.397,20.000,20.557,-1.250,-1.250,-1.250,-1.250,-1.250,-1.250,-1.250,-1.250,-1.250,-1.250,-1.250,-1.250,-1.250,-0.443,1.397,20.000,20.557
META,2025-04-21,20,S,C,1.430,5.128,5.260,5.260,5.349,5.349,5.437,5.437,5.067,5.067,5.098,5.098,4.884,4.884,5.128,6.698,6.698,7.326,5.128,5.260,5.260,5.349,5.349,5.437,5.437,5.067,5.067,5.098,5.098,4.884,4.884,5.128,10.663,10.663,11.023
META,2025-05-16,36,S,C,-1.000,-1.250,-1.250,-1.250,-1.250,-1.250,-1.250,-1.250,-1.250,-1.250,-1.250,-1.250,-1.250,-1.250,-1.250,-1.250,8.097,8.578,-1.250,-1.250,-1.250,-1.250,-1.250,-1.250,-1.250,-1.250,-1.250,-1.250,-1.250,-1.250,-1.250,-1.250,-1.250,8.097,8.578
META,2025-06-04,31,L,A,-1.000,-1.250,-1.250,-1.250,-1.250,-1.250,-1.250,-1.250,-1.250,-1.250,-1.250,-1.250,-1.250,-1.250,-0.518,-0.518,3.562,3.934,-1.250,-1.250,-1.250,-1.250,-1.250,-1.250,-1.250,-1.250,-1.250,-1.250,-1.250,-1.250,-1.250,-0.518,-0.518,5.172,5.839
META,2025-06-06,5,L,S,1.832,1.199,1.533,1.533,1.756,1.756,1.978,1.978,1.756,1.756,1.756,1.756,1.533,1.533,-0.679,2.312,2.312,2.587,1.199,1.533,1.533,1.756,1.756,1.978,1.978,1.756,1.756,1.756,1.756,1.533,1.533,-0.679,2.312,2.312,2.587
META,2025-07-15,28,S,S,2.031,1.669,2.251,2.251,2.639,2.639,3.027,3.027,3.222,3.222,3.106,3.106,2.950,2.950,1.669,5.659,5.659,5.732,1.669,2.251,2.251,2.639,2.639,3.027,3.027,3.222,3.222,3.106,3.106,2.950,2.950,1.669,5.659,10.366,10.780
META,2025-08-06,49,S,S,0.428,0.116,0.136,0.039,0.149,0.080,0.162,0.121,0.149,0.080,0.149,0.080,0.136,0.039,-0.023,0.735,0.735,0.807,0.116,0.136,0.039,0.149,0.080,0.162,0.121,0.149,0.080,0.149,0.080,0.136,0.039,-0.023,0.735,0.735,0.807
META,2025-08-11,43,L,C,-1.000,1.812,-1.250,-1.250,-1.250,-1.250,-1.250,-1.250,-1.250,-1.250,-1.250,-1.250,-1.250,-1.250,1.812,4.225,4.225,4.613,1.812,-1.250,-1.250,-1.250,-1.250,-1.250,-1.250,-1.250,-1.250,-1.250,-1.250,-1.250,-1.250,1.812,4.225,4.388,4.613
META,2025-08-18,16,S,C,-1.000,-1.250,-1.250,-1.250,-1.250,-1.250,-1.250,-1.250,-1.250,-1.250,-1.250,-1.250,-1.250,-1.250,-0.641,-0.641,-0.082,0.660,-1.250,-1.250,-1.250,-1.250,-1.250,-1.250,-1.250,-1.250,-1.250,-1.250,-1.250,-1.250,-1.250,-0.641,-0.641,-0.082,0.660
META,2025-10-24,21,S,S,-1.000,-0.416,-1.250,-1.250,-1.250,-1.250,-1.250,-1.250,-1.250,-1.250,-1.250,-1.250,-1.250,-1.250,-0.416,0.917,0.917,1.061,-0.416,-1.250,-1.250,-1.250,-1.250,-1.250,-1.250,-1.250,-1.250,-1.250,-1.250,-1.250,-1.250,-0.416,0.917,2.053,2.159
META,2025-10-30,22,L,A,0.787,-1.250,-1.250,-1.250,-1.250,-1.250,-1.250,-1.250,-1.250,-1.250,-1.250,-1.250,-1.250,-1.250,-1.250,1.033,1.033,1.574,-1.250,-1.250,-1.250,-1.250,-1.250,-1.250,-1.250,-1.250,-1.250,-1.250,-1.250,-1.250,-1.250,-1.250,1.033,5.813,5.861
META,2025-10-31,17,S,A,1.029,1.401,1.917,1.917,2.261,2.261,2.604,2.604,2.910,2.910,2.780,2.780,2.697,2.697,1.401,3.872,3.872,4.718,1.401,1.917,1.917,2.261,2.261,2.604,2.604,2.910,2.910,2.780,2.780,2.697,2.697,1.401,8.930,8.930,9.128
META,2025-10-31,28,S,A,-1.000,-1.250,-1.250,-1.250,-1.250,-1.250,-1.250,-1.250,-1.250,-1.250,-1.250,-1.250,-1.250,-1.250,-1.250,-1.250,4.626,6.131,-1.250,-1.250,-1.250,-1.250,-1.250,-1.250,-1.250,-1.250,-1.250,-1.250,-1.250,-1.250,-1.250,-1.250,-1.250,13.165,13.495
META,2026-01-16,81,S,A,-1.000,-0.295,-0.295,-0.295,-0.295,-0.295,-0.295,-0.295,-0.295,-0.295,-0.295,-0.295,-0.295,-0.295,-0.181,0.012,0.012,0.331,-0.608,-1.238,-1.238,-1.238,-1.238,-1.238,-1.238,-1.238,-1.238,-1.238,-1.238,-1.238,-1.238,-0.181,0.012,1.408,1.538
META,2026-01-26,14,L,S,3.136,0.488,2.681,2.681,2.770,2.770,2.859,2.859,3.133,3.133,3.060,3.060,3.117,3.117,-0.220,4.649,4.649,4.752,0.488,2.681,2.681,2.770,2.770,2.859,2.859,3.133,3.133,3.060,3.060,3.117,3.117,-0.220,7.344,7.344,7.424
META,2026-02-17,32,S,C,-1.000,-1.188,-1.188,-1.188,-1.188,-1.188,-1.188,-1.188,-1.188,-1.188,-1.188,-1.188,-1.188,-1.188,-1.188,-1.188,3.041,3.394,-1.188,-1.188,-1.188,-1.188,-1.188,-1.188,-1.188,-1.188,-1.188,-1.188,-1.188,-1.188,-1.188,-1.188,-1.188,3.041,3.394
META,2026-04-14,11,L,C,1.442,3.304,3.208,3.208,3.236,3.236,3.263,3.263,3.444,3.444,3.402,3.402,3.458,3.458,3.304,9.585,9.585,9.785,3.304,3.208,3.208,3.236,3.236,3.263,3.263,3.444,3.444,3.402,3.402,3.458,3.458,3.304,15.669,15.669,15.738
META,2026-04-21,9,S,C,-1.000,-1.250,-1.250,-1.250,-1.250,-1.250,-1.250,-1.250,-1.250,-1.250,-1.250,-1.250,-1.250,-1.250,-0.796,-0.796,-0.422,0.379,-1.250,-1.250,-1.250,-1.250,-1.250,-1.250,-1.250,-1.250,-1.250,-1.250,-1.250,-1.250,-1.250,-0.796,-0.796,3.141,3.631
META,2026-05-22,51,L,C,4.448,0.536,3.964,3.964,3.964,3.964,3.964,3.964,3.964,3.964,3.964,3.964,3.964,3.964,0.536,4.464,4.464,4.821,0.536,4.446,4.446,4.446,4.446,4.446,4.446,4.446,4.446,4.446,4.446,4.446,4.446,0.536,7.259,7.259,7.563
META,2026-06-04,30,L,S,4.516,2.766,3.034,3.034,3.213,3.213,3.391,3.391,3.521,3.521,3.460,3.460,3.404,3.404,2.766,4.652,4.652,4.926,2.766,3.034,3.034,3.213,3.213,3.391,3.391,3.521,3.521,3.460,3.460,3.404,3.404,2.766,5.513,5.513,5.936
META,2026-06-18,17,S,A,1.430,-1.250,-0.185,0.382,0.526,0.930,1.236,1.478,0.526,0.930,0.526,0.930,-0.185,0.382,-0.667,3.108,3.108,3.323,-1.250,-0.185,0.382,0.526,0.930,1.236,1.478,0.526,0.930,0.526,0.930,-0.185,0.382,-0.667,3.108,3.108,3.323
META,2026-06-22,10,S,C,-1.000,-1.101,-1.101,-1.101,-1.101,-1.101,-1.101,-1.101,-1.101,-1.101,-1.101,-1.101,-1.101,-1.101,-0.481,0.159,7.636,7.775,-1.101,-1.101,-1.101,-1.101,-1.101,-1.101,-1.101,-1.101,-1.101,-1.101,-1.101,-1.101,-1.101,-0.481,0.159,8.767,9.062
META,2026-07-01,89,L,A,2.556,-0.009,-0.009,-0.009,-0.009,-0.009,-0.009,-0.009,-0.009,-0.009,-0.009,-0.009,-0.009,-0.009,-0.009,-0.009,-0.009,1.055,-0.250,1.021,1.021,1.868,1.868,2.715,2.715,2.931,2.931,2.718,2.718,2.296,2.296,-0.009,4.407,4.407,5.028
META,2026-07-09,62,L,C,5.336,0.416,5.788,5.788,5.788,5.788,5.788,5.788,5.788,5.788,5.788,5.788,5.788,5.788,0.416,5.788,5.788,6.040,0.416,6.005,6.005,5.883,5.883,5.760,5.760,5.336,5.336,5.207,5.207,4.992,4.992,0.416,26.809,26.809,27.027
META,2026-07-10,63,L,C,2.049,1.232,2.446,2.446,2.446,2.446,2.446,2.446,2.446,2.446,2.446,2.446,2.446,2.446,1.232,3.661,3.661,4.018,1.232,2.049,2.049,2.049,2.049,2.049,2.049,2.049,2.049,2.049,2.049,2.049,2.049,1.232,4.690,4.690,4.799
META,2026-07-13,12,L,S,1.924,-1.250,-0.466,-0.466,0.056,0.056,0.579,0.579,0.056,0.056,0.056,0.056,-0.466,-0.466,-1.250,1.788,1.788,3.407,-1.250,-0.466,-0.466,0.056,0.056,0.579,0.579,0.056,0.056,0.056,0.056,-0.466,-0.466,-1.250,1.788,1.788,3.407
META,2026-07-14,14,L,C,1.831,0.793,1.182,1.182,1.441,1.441,1.700,1.700,1.441,1.441,1.441,1.441,1.182,1.182,0.793,2.550,3.172,3.811,0.793,1.182,1.182,1.441,1.441,1.700,1.700,1.441,1.441,1.441,1.441,1.182,1.182,0.793,2.550,4.725,5.124
META,2026-07-24,29,S,C,0.311,-1.056,-1.056,-1.056,-1.056,-1.056,-1.056,-1.056,-1.056,-1.056,-1.056,-1.056,-1.056,-1.056,-0.015,-0.015,0.889,1.222,-1.056,-1.056,-1.056,-1.056,-1.056,-1.056,-1.056,-1.056,-1.056,-1.056,-1.056,-1.056,-1.056,-0.015,-0.015,5.500,5.889
META,2026-08-03,87,L,C,7.031,1.403,1.403,1.403,1.403,1.403,1.403,1.403,1.403,1.403,1.403,1.403,1.403,1.403,1.403,1.403,1.403,2.000,3.786,5.710,5.710,5.921,5.921,6.132,6.132,5.573,5.573,5.564,5.564,5.174,5.174,3.786,9.230,9.230,9.806
META,2026-08-10,10,L,A,-1.000,-1.250,-1.250,-1.250,-1.250,-1.250,-1.250,-1.250,-1.250,-1.250,-1.250,-1.250,-1.250,-1.250,-0.260,-0.260,6.020,6.313,-1.250,-1.250,-1.250,-1.250,-1.250,-1.250,-1.250,-1.250,-1.250,-1.250,-1.250,-1.250,-1.250,-0.260,-0.260,6.020,6.313
AMD,2024-08-21,14,L,C,-1.000,-0.009,-1.250,-1.250,-1.250,-1.250,-1.250,-1.250,-1.250,-1.250,-1.250,-1.250,-1.250,-1.250,-0.009,1.860,3.163,3.279,-0.009,-1.250,-1.250,-1.250,-1.250,-1.250,-1.250,-1.250,-1.250,-1.250,-1.250,-1.250,-1.250,-0.009,1.860,4.535,4.674
AMD,2024-08-22,28,S,C,0.637,-0.368,2.192,2.192,1.461,1.461,0.729,0.729,1.638,1.638,1.603,1.603,2.405,2.405,-0.368,7.500,7.500,7.868,-0.368,2.192,2.192,1.461,1.461,0.729,0.729,1.638,1.638,1.603,1.603,2.405,2.405,-0.368,19.172,19.172,19.447
AMD,2024-08-23,13,L,C,2.161,1.129,1.139,1.139,1.145,1.145,1.152,1.152,1.863,1.863,2.494,2.494,3.161,3.161,-0.345,7.145,7.145,7.323,1.129,1.139,1.139,1.145,1.145,1.152,1.152,1.863,1.863,2.494,2.494,3.161,3.161,-0.345,7.145,7.145,7.323
AMD,2024-09-06,20,S,C,0.648,1.478,1.237,0.187,1.076,0.326,0.915,0.465,1.076,0.326,1.076,0.326,1.237,0.187,-0.022,8.261,8.261,8.326,1.478,1.237,0.187,1.076,0.326,0.915,0.465,1.076,0.326,1.076,0.326,1.237,0.187,-0.022,10.717,10.717,10.782
AMD,2024-09-27,33,L,C,-1.000,-1.250,-1.250,-1.250,-1.250,-1.250,-1.250,-1.250,-1.250,-1.250,-1.250,-1.250,-1.250,-1.250,-1.250,-1.250,-1.443,0.355,-1.250,-1.250,-1.250,-1.250,-1.250,-1.250,-1.250,-1.250,-1.250,-1.250,-1.250,-1.250,-1.250,-1.250,-1.250,-1.443,0.355
AMD,2024-10-14,57,S,A,-1.000,-1.145,-1.145,-1.145,-1.145,-1.145,-1.145,-1.145,-1.145,-1.145,-1.145,-1.145,-1.145,-1.145,-0.355,0.581,0.581,0.871,-1.145,-1.145,-1.145,-1.145,-1.145,-1.145,-1.145,-1.145,-1.145,-1.145,-1.145,-1.145,-1.145,-0.355,0.581,4.290,4.548
AMD,2024-10-15,63,S,C,5.077,5.404,6.252,6.252,6.817,6.817,7.382,7.382,6.466,6.466,6.455,6.455,5.709,5.709,5.404,9.285,9.285,9.750,5.404,6.252,6.252,6.817,6.817,7.382,7.382,6.466,6.466,6.455,6.455,5.709,5.709,5.404,10.846,10.846,11.269
AMD,2024-11-27,6,S,C,0.960,9.400,6.879,0.075,5.199,0.339,3.519,0.603,3.849,0.339,3.239,0.339,3.939,0.075,-0.320,12.080,12.080,12.080,9.400,6.879,0.075,5.199,0.339,3.519,0.603,3.849,0.339,3.239,0.339,3.939,0.075,-0.320,14.180,14.180,14.640
AMD,2024-12-10,56,S,C,3.433,0.421,1.447,1.447,1.447,1.447,1.447,1.447,1.447,1.447,1.447,1.447,1.447,1.447,-0.289,1.447,1.447,1.526,0.421,3.499,3.499,3.147,3.147,2.796,2.796,3.141,3.141,3.142,3.142,3.491,3.491,-0.289,6.842,6.842,7.000
AMD,2024-12-16,12,S,A,-1.000,-0.934,-1.250,-1.250,-1.250,-1.250,-1.250,-1.250,-1.250,-1.250,-1.250,-1.250,-1.250,-1.250,-0.224,0.558,0.558,0.814,-0.934,-1.250,-1.250,-1.250,-1.250,-1.250,-1.250,-1.250,-1.250,-1.250,-1.250,-1.250,-1.250,-0.224,0.558,0.558,0.814
AMD,2024-12-17,29,S,A,-1.000,-0.370,-1.087,-1.087,-1.087,-1.087,-1.087,-1.087,-1.087,-1.087,-1.087,-1.087,-1.087,-1.087,-0.152,1.000,1.000,1.022,-0.370,-1.087,-1.087,-1.087,-1.087,-1.087,-1.087,-1.087,-1.087,-1.087,-1.087,-1.087,-1.087,-0.152,1.000,1.000,1.022
AMD,2024-12-19,64,S,C,0.750,-1.250,-0.842,-0.842,-0.569,-0.569,-0.297,-0.297,-0.569,-0.569,-0.569,-0.569,-0.842,-0.842,-1.250,1.389,1.389,1.889,-1.250,-0.842,-0.842,-0.569,-0.569,-0.297,-0.297,-0.569,-0.569,-0.569,-0.569,-0.842,-0.842,-1.250,1.389,7.028,7.444
AMD,2024-12-30,11,S,A,-1.000,-0.278,-1.207,-1.207,-1.207,-1.207,-1.207,-1.207,-1.207,-1.207,-1.207,-1.207,-1.207,-1.207,-0.278,1.906,2.926,3.000,-0.278,-1.207,-1.207,-1.207,-1.207,-1.207,-1.207,-1.207,-1.207,-1.207,-1.207,-1.207,-1.207,-0.278,1.906,3.000,3.185
AMD,2025-01-14,62,S,C,0.750,-0.136,0.177,0.177,0.386,0.386,0.595,0.595,0.386,0.386,0.386,0.386,0.177,0.177,-0.136,1.727,2.372,2.455,-0.136,0.177,0.177,0.386,0.386,0.595,0.595,0.386,0.386,0.386,0.386,0.177,0.177,-0.136,1.727,6.282,6.409
AMD,2025-01-30,24,L,C,-1.000,-1.250,-1.250,-1.250,-1.250,-1.250,-1.250,-1.250,-1.250,-1.250,-1.250,-1.250,-1.250,-1.250,-0.851,0.068,0.068,0.228,-1.250,-1.250,-1.250,-1.250,-1.250,-1.250,-1.250,-1.250,-1.250,-1.250,-1.250,-1.250,-1.250,-0.851,0.068,0.068,0.228
AMD,2025-02-06,21,S,A,0.601,0.407,0.419,0.419,0.426,0.426,0.433,0.433,0.426,0.426,0.426,0.426,0.419,0.419,-0.833,2.167,2.167,2.426,0.407,0.419,0.419,0.426,0.426,0.433,0.433,0.426,0.426,0.426,0.426,0.419,0.419,-0.833,2.167,2.167,2.426
AMD,2025-02-14,14,L,C,1.204,0.296,0.563,0.019,0.741,0.352,0.919,0.685,0.741,0.352,0.741,0.352,0.563,0.019,-0.481,2.111,2.111,2.704,0.296,0.563,0.019,0.741,0.352,0.919,0.685,0.741,0.352,0.741,0.352,0.563,0.019,-0.481,2.111,2.111,2.704
AMD,2025-02-21,5,L,A,-1.000,-1.250,-1.250,-1.250,-1.250,-1.250,-1.250,-1.250,-1.250,-1.250,-1.250,-1.250,-1.250,-1.250,-0.297,-0.297,0.562,1.406,-1.250,-1.250,-1.250,-1.250,-1.250,-1.250,-1.250,-1.250,-1.250,-1.250,-1.250,-1.250,-1.250,-0.297,-0.297,0.562,1.406
AMD,2025-02-28,10,S,C,-1.000,-1.250,-1.130,-1.130,-1.130,-1.130,-1.130,-1.130,-1.130,-1.130,-1.130,-1.130,-1.130,-1.130,-0.652,1.783,1.783,2.326,-1.250,-1.130,-1.130,-1.130,-1.130,-1.130,-1.130,-1.130,-1.130,-1.130,-1.130,-1.130,-1.130,-0.652,1.783,3.109,3.522
AMD,2025-03-12,30,S,C,-1.000,-1.250,-1.250,-1.250,-1.250,-1.250,-1.250,-1.250,-1.250,-1.250,-1.250,-1.250,-1.250,-1.250,-1.250,-1.250,4.267,5.267,-1.250,-1.250,-1.250,-1.250,-1.250,-1.250,-1.250,-1.250,-1.250,-1.250,-1.250,-1.250,-1.250,-1.250,-1.250,4.267,5.267
AMD,2025-03-17,43,L,C,2.478,1.522,1.743,1.743,1.891,1.891,2.039,2.039,1.891,1.891,1.891,1.891,1.743,1.743,-0.130,3.239,3.239,3.304,1.522,1.743,1.743,1.891,1.891,2.039,2.039,1.891,1.891,1.891,1.891,1.743,1.743,-0.130,3.239,3.239,3.304
AMD,2025-03-27,50,S,C,-1.000,-1.089,-1.089,-1.089,-1.089,-1.089,-1.089,-1.089,-1.089,-1.089,-1.089,-1.089,-1.089,-1.089,-0.094,-0.094,-0.094,0.254,-1.089,-1.089,-1.089,-1.089,-1.089,-1.089,-1.089,-1.089,-1.089,-1.089,-1.089,-1.089,-1.089,-0.094,-0.094,1.215,1.455
AMD,2025-04-11,12,L,A,1.119,0.405,0.411,0.411,0.416,0.416,0.420,0.420,0.416,0.416,0.416,0.416,0.411,0.411,0.405,1.669,1.669,2.034,0.405,0.411,0.411,0.416,0.416,0.420,0.420,0.416,0.416,0.416,0.416,0.411,0.411,0.405,1.669,1.669,2.034
AMD,2025-04-21,21,S,C,1.519,3.569,3.592,3.592,3.606,3.606,3.621,3.621,3.714,3.714,3.693,3.693,3.721,3.721,3.569,5.714,5.714,6.071,3.569,3.592,3.592,3.606,3.606,3.621,3.621,3.714,3.714,3.693,3.693,3.721,3.721,3.569,5.714,10.964,11.500
AMD,2025-05-05,13,L,C,1.938,0.939,1.803,1.803,2.380,2.380,2.956,2.956,3.145,3.145,2.992,2.992,2.722,2.722,-0.053,3.820,3.820,4.500,0.939,1.803,1.803,2.380,2.380,2.956,2.956,3.145,3.145,2.992,2.992,2.722,2.722,-0.053,3.820,6.409,6.545
AMD,2025-05-07,55,S,C,-1.000,-1.250,-1.250,-1.250,-1.250,-1.250,-1.250,-1.250,-1.250,-1.250,-1.250,-1.250,-1.250,-1.250,-1.250,-1.250,0.794,1.471,-1.250,-1.250,-1.250,-1.250,-1.250,-1.250,-1.250,-1.250,-1.250,-1.250,-1.250,-1.250,-1.250,-1.250,-1.250,8.000,8.412
AMD,2025-05-08,6,L,A,7.375,7.563,8.059,8.059,8.391,8.391,8.722,8.722,7.500,7.500,7.166,7.166,6.222,6.222,-0.352,11.068,11.068,12.625,7.563,8.059,8.059,8.391,8.391,8.722,8.722,7.500,7.500,7.166,7.166,6.222,6.222,-0.352,11.068,11.068,12.625
AMD,2025-05-22,12,S,C,-1.000,-1.250,-1.250,-1.250,-1.250,-1.250,-1.250,-1.250,-1.250,-1.250,-1.250,-1.250,-1.250,-1.250,-0.778,0.694,0.694,1.500,-1.250,-1.250,-1.250,-1.250,-1.250,-1.250,-1.250,-1.250,-1.250,-1.250,-1.250,-1.250,-1.250,-0.778,0.694,4.500,5.000
AMD,2025-05-29,63,S,C,-1.000,-1.250,-1.250,-1.250,-1.250,-1.250,-1.250,-1.250,-1.250,-1.250,-1.250,-1.250,-1.250,-1.250,-0.882,0.333,0.333,0.500,-1.250,-1.250,-1.250,-1.250,-1.250,-1.250,-1.250,-1.250,-1.250,-1.250,-1.250,-1.250,-1.250,-0.882,0.333,9.861,9.889
AMD,2025-06-17,16,L,A,0.740,0.143,0.160,0.160,0.292,0.292,0.424,0.424,0.292,0.292,0.292,0.292,0.160,0.160,-0.194,2.352,2.352,2.649,0.143,0.160,0.160,0.292,0.292,0.424,0.424,0.292,0.292,0.292,0.292,0.160,0.160,-0.194,2.352,2.352,2.649
AMD,2025-06-23,42,L,A,-1.000,-1.250,-1.250,-1.250,-1.250,-1.250,-1.250,-1.250,-1.250,-1.250,-1.250,-1.250,-1.250,-1.250,-0.674,-0.674,0.800,1.100,-1.250,-1.250,-1.250,-1.250,-1.250,-1.250,-1.250,-1.250,-1.250,-1.250,-1.250,-1.250,-1.250,-0.674,-0.674,0.800,1.100
AMD,2025-07-28,23,L,S,0.989,0.435,0.372,0.372,0.330,0.330,0.289,0.289,0.330,0.330,0.330,0.330,0.372,0.372,-0.109,2.022,2.261,2.761,0.435,0.372,0.372,0.330,0.330,0.289,0.289,0.330,0.330,0.330,0.330,0.372,0.372,-0.109,2.022,2.261,2.761
AMD,2025-08-08,40,L,C,-1.000,-1.250,-1.250,-1.250,-1.250,-1.250,-1.250,-1.250,-1.250,-1.250,-1.250,-1.250,-1.250,-1.250,-1.250,-1.250,-1.687,0.125,-1.250,-1.250,-1.250,-1.250,-1.250,-1.250,-1.250,-1.250,-1.250,-1.250,-1.250,-1.250,-1.250,-1.250,-1.250,-1.094,1.312
AMD,2025-08-14,82,L,C,-1.000,-1.250,-1.250,-1.250,-1.250,-1.250,-1.250,-1.250,-1.250,-1.250,-1.250,-1.250,-1.250,-1.250,-0.158,-0.158,-0.158,0.625,-1.250,-1.250,-1.250,-1.250,-1.250,-1.250,-1.250,-1.250,-1.250,-1.250,-1.250,-1.250,-1.250,-0.158,-0.158,-0.158,0.625
AMD,2025-08-21,21,S,C,1.827,0.135,0.692,0.692,1.064,1.064,1.436,1.436,1.064,1.064,1.064,1.064,0.692,0.692,0.135,3.000,3.000,3.931,0.135,0.692,0.692,1.064,1.064,1.436,1.436,1.064,1.064,1.064,1.064,0.692,0.692,0.135,3.000,3.000,3.931
AMD,2025-08-26,86,S,C,0.767,0.435,0.435,0.435,0.435,0.435,0.435,0.435,0.435,0.435,0.435,0.435,0.435,0.435,0.435,0.917,0.917,1.067,-0.333,0.767,0.767,0.767,0.767,0.767,0.767,0.767,0.767,0.767,0.767,0.767,0.767,-0.333,5.764,5.764,5.800
AMD,2025-09-08,28,S,C,-1.000,0.093,-1.250,-1.250,-1.250,-1.250,-1.250,-1.250,-1.250,-1.250,-1.250,-1.250,-1.250,-1.250,-0.330,1.224,1.224,1.437,0.093,-1.250,-1.250,-1.250,-1.250,-1.250,-1.250,-1.250,-1.250,-1.250,-1.250,-1.250,-1.250,-0.330,1.224,1.224,1.437
AMD,2025-10-06,19,S,A,4.358,9.796,11.002,11.002,11.806,11.806,12.610,12.610,10.357,10.357,9.687,9.687,7.824,7.824,9.796,16.715,16.715,18.148,9.796,11.002,11.002,11.806,11.806,12.610,12.610,10.357,10.357,9.687,9.687,7.824,7.824,9.796,22.815,22.815,23.130
AMD,2025-10-08,20,L,S,2.312,3.665,4.025,4.025,4.266,4.266,4.506,4.506,4.349,4.349,4.600,4.600,4.526,4.526,3.665,8.143,8.143,8.232,3.665,4.025,4.025,4.266,4.266,4.506,4.506,4.349,4.349,4.600,4.600,4.526,4.526,3.665,28.830,28.830,29.304
AMD,2025-11-07,34,S,A,-1.000,-0.879,-1.033,-1.033,-1.033,-1.033,-1.033,-1.033,-1.033,-1.033,-1.033,-1.033,-1.033,-1.033,-0.879,2.230,6.958,7.410,-0.879,-1.033,-1.033,-1.033,-1.033,-1.033,-1.033,-1.033,-1.033,-1.033,-1.033,-1.033,-1.033,-0.879,2.230,10.049,10.508
AMD,2025-11-18,72,S,C,-1.000,-0.247,-0.135,-0.135,-0.135,-0.135,-0.135,-0.135,-0.135,-0.135,-0.135,-0.135,-0.135,-0.135,-0.247,1.708,1.708,1.910,-0.247,-1.250,-1.250,-1.250,-1.250,-1.250,-1.250,-1.250,-1.250,-1.250,-1.250,-1.250,-1.250,-0.247,1.708,1.708,1.910
AMD,2025-11-21,12,S,S,7.601,3.500,5.731,5.731,7.218,7.218,8.705,8.705,7.343,7.343,7.618,7.618,6.331,6.331,3.500,30.952,30.952,31.258,3.500,5.731,5.731,7.218,7.218,8.705,8.705,7.343,7.343,7.618,7.618,6.331,6.331,3.500,30.952,30.952,31.258
AMD,2025-11-26,25,S,C,3.422,-0.304,0.691,0.691,1.355,1.355,2.019,2.019,1.355,1.355,1.355,1.355,0.691,0.691,-0.304,3.014,3.014,4.478,-0.304,0.691,0.691,1.355,1.355,2.019,2.019,1.355,1.355,1.355,1.355,0.691,0.691,-0.304,3.014,3.014,4.478
AMD,2025-12-01,14,L,C,1.522,4.425,4.347,4.347,4.295,4.295,4.243,4.243,4.188,4.188,4.325,4.325,4.392,4.392,4.425,5.522,5.522,6.104,4.425,4.347,4.347,4.295,4.295,4.243,4.243,4.188,4.188,4.325,4.325,4.392,4.392,4.425,7.582,7.582,7.672
AMD,2025-12-17,9,S,C,1.651,2.462,2.629,2.629,2.740,2.740,2.852,2.852,3.125,3.125,3.556,3.556,3.852,3.852,2.462,14.442,14.442,14.779,2.462,2.629,2.629,2.740,2.740,2.852,2.852,3.125,3.125,3.556,3.556,3.852,3.852,2.462,21.750,21.750,21.827
AMD,2026-01-08,18,S,S,3.132,2.868,2.489,2.489,2.237,2.237,1.984,1.984,2.520,2.520,2.889,2.889,3.468,3.468,-0.171,6.632,6.632,7.105,2.868,2.489,2.489,2.237,2.237,1.984,1.984,2.520,2.520,2.889,2.889,3.468,3.468,-0.171,10.658,10.658,10.974
AMD,2026-01-13,23,L,C,-1.000,-1.250,-1.250,-1.250,-1.250,-1.250,-1.250,-1.250,-1.250,-1.250,-1.250,-1.250,-1.250,-1.250,-0.667,1.641,1.641,2.307,-1.250,-1.250,-1.250,-1.250,-1.250,-1.250,-1.250,-1.250,-1.250,-1.250,-1.250,-1.250,-1.250,-0.667,1.641,4.718,4.795
AMD,2026-01-28,61,S,S,0.643,-0.159,-0.002,0.043,0.103,0.135,0.208,0.227,0.103,0.135,0.103,0.135,-0.002,0.043,-0.095,1.492,1.492,1.889,-0.159,-0.002,0.043,0.103,0.135,0.208,0.227,0.103,0.135,0.103,0.135,-0.002,0.043,-0.095,4.024,4.024,4.778
AMD,2026-01-30,69,L,S,-1.000,-0.480,-1.250,-1.250,-1.250,-1.250,-1.250,-1.250,-1.250,-1.250,-1.250,-1.250,-1.250,-1.250,-0.480,1.845,1.845,2.157,-0.480,-1.250,-1.250,-1.250,-1.250,-1.250,-1.250,-1.250,-1.250,-1.250,-1.250,-1.250,-1.250,-0.480,1.845,1.845,2.157
AMD,2026-02-20,47,L,C,2.333,0.763,2.501,2.501,2.376,2.376,2.252,2.252,2.376,2.376,2.376,2.376,2.501,2.501,0.763,3.133,3.133,3.247,0.763,2.422,2.422,2.320,2.320,2.218,2.218,2.320,2.320,2.320,2.320,2.422,2.422,0.763,3.430,3.430,3.538
AMD,2026-03-06,51,L,C,-1.000,-0.567,-1.250,-1.250,-1.250,-1.250,-1.250,-1.250,-1.250,-1.250,-1.250,-1.250,-1.250,-1.250,-0.533,1.134,2.378,2.711,-0.567,-1.250,-1.250,-1.250,-1.250,-1.250,-1.250,-1.250,-1.250,-1.250,-1.250,-1.250,-1.250,-0.533,1.134,4.256,4.733
AMD,2026-03-19,46,L,C,0.950,-1.250,-1.035,-1.035,-0.892,-0.892,-0.748,-0.748,-0.892,-0.892,-0.892,-0.892,-1.035,-1.035,-0.533,1.583,4.300,4.500,-1.250,-1.035,-1.035,-0.892,-0.892,-0.748,-0.748,-0.892,-0.892,-0.892,-0.892,-1.035,-1.035,-0.533,1.583,26.933,27.100
AMD,2026-03-24,81,L,C,2.455,-0.214,0.362,0.362,0.362,0.362,0.362,0.362,0.362,0.362,0.362,0.362,0.362,0.362,-0.214,0.612,0.612,0.848,-0.214,2.200,2.200,2.250,2.250,2.300,2.300,2.250,2.250,2.250,2.250,2.200,2.200,-0.214,2.558,3.554,3.768
AMD,2026-04-02,35,L,A,1.457,5.198,4.663,4.663,4.306,4.306,3.949,3.949,4.007,4.007,4.027,4.027,4.244,4.244,5.198,12.931,12.931,12.983,5.198,4.663,4.663,4.306,4.306,3.949,3.949,4.007,4.007,4.027,4.027,4.244,4.244,5.198,19.931,19.931,20.155
AMD,2026-04-09,88,L,C,-1.000,0.473,0.473,0.473,0.473,0.473,0.473,0.473,0.473,0.473,0.473,0.473,0.473,0.473,0.473,0.608,0.608,0.676,-1.189,-1.189,-1.189,-1.189,-1.189,-1.189,-1.189,-1.189,-1.189,-1.189,-1.189,-1.189,-1.189,-0.135,0.608,5.649,5.676
AMD,2026-04-16,10,L,C,-1.000,-1.250,-1.250,-1.250,-1.250,-1.250,-1.250,-1.250,-1.250,-1.250,-1.250,-1.250,-1.250,-1.250,-0.175,0.551,10.000,10.591,-1.250,-1.250,-1.250,-1.250,-1.250,-1.250,-1.250,-1.250,-1.250,-1.250,-1.250,-1.250,-1.250,-0.175,0.551,20.606,20.818
AMD,2026-04-20,16,L,C,-1.000,-1.250,-1.250,-1.250,-1.250,-1.250,-1.250,-1.250,-1.250,-1.250,-1.250,-1.250,-1.250,-1.250,-0.814,-0.814,0.547,0.977,-1.250,-1.250,-1.250,-1.250,-1.250,-1.250,-1.250,-1.250,-1.250,-1.250,-1.250,-1.250,-1.250,-0.814,-0.814,0.547,0.977
AMD,2026-05-12,7,L,S,3.323,0.423,1.428,1.428,2.098,2.098,2.768,2.768,2.098,2.098,2.098,2.098,1.428,1.428,-0.003,3.773,3.773,3.867,0.423,1.428,1.428,2.098,2.098,2.768,2.768,2.098,2.098,2.098,2.098,1.428,1.428,-0.003,3.773,3.773,3.867
AMD,2026-05-13,11,S,C,4.783,13.623,13.249,13.249,13.000,13.000,12.751,12.751,10.594,10.594,9.351,9.351,7.775,7.775,13.623,19.775,19.775,20.145,13.623,13.249,13.249,13.000,13.000,12.751,12.751,10.594,10.594,9.351,9.351,7.775,7.775,13.623,19.775,19.775,20.145
AMD,2026-05-26,21,L,C,4.400,3.010,3.400,3.400,3.659,3.659,3.919,3.919,3.907,3.907,4.255,4.255,4.294,4.294,3.010,9.775,9.775,10.314,3.010,3.400,3.400,3.659,3.659,3.919,3.919,3.907,3.907,4.255,4.255,4.294,4.294,3.010,19.730,19.730,20.186
AMD,2026-06-05,36,S,S,-1.000,-1.095,-1.095,-1.095,-1.095,-1.095,-1.095,-1.095,-1.095,-1.095,-1.095,-1.095,-1.095,-1.095,-0.131,-0.131,0.583,0.790,-1.095,-1.095,-1.095,-1.095,-1.095,-1.095,-1.095,-1.095,-1.095,-1.095,-1.095,-1.095,-1.095,-0.131,-0.131,11.032,11.138
AMD,2026-06-09,43,S,A,3.611,1.186,1.629,1.629,1.925,1.925,2.220,2.220,2.628,2.628,2.488,2.488,2.473,2.473,1.186,14.053,14.053,14.664,1.186,1.629,1.629,1.925,1.925,2.220,2.220,2.628,2.628,2.488,2.488,2.473,2.473,1.186,46.381,46.381,46.991
AMD,2026-06-24,17,S,C,-1.000,-1.250,-1.250,-1.250,-1.250,-1.250,-1.250,-1.250,-1.250,-1.250,-1.250,-1.250,-1.250,-1.250,-1.250,1.781,3.311,4.827,-1.250,-1.250,-1.250,-1.250,-1.250,-1.250,-1.250,-1.250,-1.250,-1.250,-1.250,-1.250,-1.250,-1.250,1.781,13.082,13.286
AMD,2026-06-30,54,L,S,-1.000,-1.250,-1.250,-1.250,-1.250,-1.250,-1.250,-1.250,-1.250,-1.250,-1.250,-1.250,-1.250,-1.250,-0.770,-0.561,0.278,0.503,-1.250,-1.250,-1.250,-1.250,-1.250,-1.250,-1.250,-1.250,-1.250,-1.250,-1.250,-1.250,-1.250,-0.770,-0.561,13.327,13.450
AMD,2026-07-10,42,L,C,-1.000,-1.250,-1.250,-1.250,-1.250,-1.250,-1.250,-1.250,-1.250,-1.250,-1.250,-1.250,-1.250,-1.250,-0.188,-0.043,0.462,1.342,-1.250,-1.250,-1.250,-1.250,-1.250,-1.250,-1.250,-1.250,-1.250,-1.250,-1.250,-1.250,-1.250,-0.188,-0.043,7.602,7.769
AMD,2026-07-22,47,L,C,3.503,0.975,3.394,3.394,3.394,3.394,3.394,3.394,3.394,3.394,3.394,3.394,3.394,3.394,0.975,3.394,3.394,3.503,0.975,4.545,4.545,4.155,4.155,3.765,3.765,3.873,3.873,3.903,3.903,4.167,4.167,0.975,8.056,8.056,8.280
AMD,2026-07-23,41,L,C,-1.000,-1.250,-1.250,-1.250,-1.250,-1.250,-1.250,-1.250,-1.250,-1.250,-1.250,-1.250,-1.250,-1.250,-0.078,0.042,1.069,1.470,-1.250,-1.250,-1.250,-1.250,-1.250,-1.250,-1.250,-1.250,-1.250,-1.250,-1.250,-1.250,-1.250,-0.078,0.042,1.069,1.940
AMD,2026-08-07,15,S,C,6.873,1.551,5.080,5.080,5.184,5.184,5.289,5.289,4.954,4.954,5.015,5.015,4.826,4.826,-0.029,9.394,9.394,9.796,1.551,5.080,5.080,5.184,5.184,5.289,5.289,4.954,4.954,5.015,5.015,4.826,4.826,-0.029,9.825,9.825,10.000
AMD,2026-08-10,32,S,S,-1.000,-1.250,-1.250,-1.250,-1.250,-1.250,-1.250,-1.250,-1.250,-1.250,-1.250,-1.250,-1.250,-1.250,-0.549,0.292,0.292,0.757,-1.250,-1.250,-1.250,-1.250,-1.250,-1.250,-1.250,-1.250,-1.250,-1.250,-1.250,-1.250,-1.250,-0.549,0.292,4.542,4.701
GOOGL,2025-01-13,11,S,C,-1.000,-1.250,-1.250,-1.250,-1.250,-1.250,-1.250,-1.250,-1.250,-1.250,-1.250,-1.250,-1.250,-1.250,-0.292,-0.292,1.533,2.300,-1.250,-1.250,-1.250,-1.250,-1.250,-1.250,-1.250,-1.250,-1.250,-1.250,-1.250,-1.250,-1.250,-0.292,-0.292,1.533,2.300
GOOGL,2025-01-22,11,L,S,1.158,0.659,0.695,0.695,0.720,0.720,0.744,0.744,0.720,0.720,0.720,0.720,0.695,0.695,0.659,1.732,1.732,2.390,0.659,0.695,0.695,0.720,0.720,0.744,0.744,0.720,0.720,0.720,0.720,0.695,0.695,0.659,1.732,1.927,2.390
GOOGL,2025-02-28,32,S,C,-1.000,0.204,-1.250,-1.250,-1.250,-1.250,-1.250,-1.250,-1.250,-1.250,-1.250,-1.250,-1.250,-1.250,0.204,2.185,2.185,2.444,0.204,-1.250,-1.250,-1.250,-1.250,-1.250,-1.250,-1.250,-1.250,-1.250,-1.250,-1.250,-1.250,0.204,2.185,5.426,5.593
GOOGL,2025-03-06,43,L,S,0.719,1.860,1.659,1.659,1.525,1.525,1.391,1.391,1.525,1.525,1.525,1.525,1.659,1.659,1.860,2.737,2.737,2.895,1.860,1.659,1.659,1.525,1.525,1.391,1.391,1.525,1.525,1.525,1.525,1.659,1.659,1.860,2.737,2.737,2.895
GOOGL,2025-03-17,13,L,C,-1.000,-1.250,-1.250,-1.250,-1.250,-1.250,-1.250,-1.250,-1.250,-1.250,-1.250,-1.250,-1.250,-1.250,-0.464,-0.393,-0.393,0.214,-1.250,-1.250,-1.250,-1.250,-1.250,-1.250,-1.250,-1.250,-1.250,-1.250,-1.250,-1.250,-1.250,-0.464,-0.393,-0.393,0.214
GOOGL,2025-03-25,34,L,C,3.317,1.827,1.694,1.694,1.606,1.606,1.517,1.517,1.606,1.606,1.606,1.606,1.694,1.694,1.827,5.019,5.019,5.269,1.827,1.694,1.694,1.606,1.606,1.517,1.517,1.606,1.606,1.606,1.606,1.694,1.694,1.827,6.192,6.192,6.462
GOOGL,2025-04-08,18,S,C,-1.000,-1.250,-1.250,-1.250,-1.250,-1.250,-1.250,-1.250,-1.250,-1.250,-1.250,-1.250,-1.250,-1.250,-0.803,0.898,0.898,0.981,-1.250,-1.250,-1.250,-1.250,-1.250,-1.250,-1.250,-1.250,-1.250,-1.250,-1.250,-1.250,-1.250,-0.803,0.898,15.097,15.286
GOOGL,2025-05-01,33,S,S,1.966,-0.552,-0.014,-0.014,0.345,0.345,0.703,0.703,0.345,0.345,0.345,0.345,-0.014,-0.014,-0.552,2.586,2.586,2.793,-0.552,-0.014,-0.014,0.345,0.345,0.703,0.703,0.345,0.345,0.345,0.345,-0.014,-0.014,-0.552,2.586,2.586,2.793
GOOGL,2025-05-05,13,L,C,2.782,2.345,2.670,2.670,2.887,2.887,3.103,3.103,3.300,3.300,3.218,3.218,3.166,3.166,2.345,4.093,4.093,4.250,2.345,2.670,2.670,2.887,2.887,3.103,3.103,3.300,3.300,3.218,3.218,3.166,3.166,2.345,4.607,4.607,4.643
GOOGL,2025-06-24,38,S,C,-1.000,-0.889,-1.250,-1.250,-1.250,-1.250,-1.250,-1.250,-1.250,-1.250,-1.250,-1.250,-1.250,-1.250,-0.407,0.352,0.352,0.537,-0.889,-1.250,-1.250,-1.250,-1.250,-1.250,-1.250,-1.250,-1.250,-1.250,-1.250,-1.250,-1.250,-0.407,0.352,0.648,0.815
GOOGL,2025-08-22,55,L,C,-1.000,-1.111,-1.111,-1.111,-1.111,-1.111,-1.111,-1.111,-1.111,-1.111,-1.111,-1.111,-1.111,-1.111,-0.931,0.264,1.069,1.151,-1.111,-1.111,-1.111,-1.111,-1.111,-1.111,-1.111,-1.111,-1.111,-1.111,-1.111,-1.111,-1.111,-0.931,0.264,12.889,13.222
GOOGL,2025-08-25,16,L,S,1.056,0.653,0.486,0.486,0.375,0.375,0.264,0.264,0.375,0.375,0.375,0.375,0.486,0.486,-0.083,2.931,2.931,3.042,0.653,0.486,0.486,0.375,0.375,0.264,0.264,0.375,0.375,0.375,0.375,0.486,0.486,-0.083,4.667,4.667,4.750
GOOGL,2025-09-25,9,S,C,2.297,0.293,0.817,0.817,1.167,1.167,1.516,1.516,1.167,1.167,1.167,1.167,0.817,0.817,0.293,2.665,2.665,3.405,0.293,0.817,0.817,1.167,1.167,1.516,1.516,1.167,1.167,1.167,1.167,0.817,0.817,0.293,2.665,2.665,3.405
GOOGL,2025-10-17,78,L,C,-1.000,-0.407,0.370,0.370,0.370,0.370,0.370,0.370,0.370,0.370,0.370,0.370,0.370,0.370,-0.028,0.685,0.685,0.907,-0.407,-1.250,-1.250,-1.250,-1.250,-1.250,-1.250,-1.250,-1.250,-1.250,-1.250,-1.250,-1.250,-0.028,1.278,5.963,6.204
GOOGL,2025-12-15,8,S,C,1.571,1.020,0.926,0.926,0.862,0.862,0.799,0.799,0.862,0.862,0.862,0.862,0.926,0.926,-0.061,2.531,2.531,2.643,1.020,0.926,0.926,0.862,0.862,0.799,0.799,0.862,0.862,0.862,0.862,0.926,0.926,-0.061,3.908,3.908,4.082
GOOGL,2026-01-13,16,L,C,-1.000,0.245,-1.250,-1.250,-1.250,-1.250,-1.250,-1.250,-1.250,-1.250,-1.250,-1.250,-1.250,-1.250,0.245,2.157,2.157,3.157,0.245,-1.250,-1.250,-1.250,-1.250,-1.250,-1.250,-1.250,-1.250,-1.250,-1.250,-1.250,-1.250,0.245,2.157,2.392,3.157
GOOGL,2026-03-20,12,S,C,1.763,2.475,2.332,2.332,2.237,2.237,2.142,2.142,2.237,2.237,2.237,2.237,2.332,2.332,-0.186,3.458,3.458,3.898,2.475,2.332,2.332,2.237,2.237,2.142,2.142,2.237,2.237,2.237,2.237,2.332,2.332,-0.186,8.797,8.797,9.034
GOOGL,2026-04-30,15,S,A,-1.000,-1.250,-1.250,-1.250,-1.250,-1.250,-1.250,-1.250,-1.250,-1.250,-1.250,-1.250,-1.250,-1.250,-0.053,-0.053,2.774,2.829,-1.250,-1.250,-1.250,-1.250,-1.250,-1.250,-1.250,-1.250,-1.250,-1.250,-1.250,-1.250,-1.250,-0.053,-0.053,2.774,2.829
GOOGL,2026-05-22,37,S,C,-1.000,-1.250,-1.250,-1.250,-1.250,-1.250,-1.250,-1.250,-1.250,-1.250,-1.250,-1.250,-1.250,-1.250,-0.213,-0.213,-0.213,0.639,-1.250,-1.250,-1.250,-1.250,-1.250,-1.250,-1.250,-1.250,-1.250,-1.250,-1.250,-1.250,-1.250,-0.213,-0.213,4.754,4.899
GOOGL,2026-05-26,9,S,A,-1.000,-1.250,-1.250,-1.250,-1.250,-1.250,-1.250,-1.250,-1.250,-1.250,-1.250,-1.250,-1.250,-1.250,-0.608,-0.608,-0.547,0.459,-1.250,-1.250,-1.250,-1.250,-1.250,-1.250,-1.250,-1.250,-1.250,-1.250,-1.250,-1.250,-1.250,-0.608,-0.608,-0.547,0.459
GOOGL,2026-05-27,11,L,C,2.027,2.418,2.589,2.589,2.703,2.703,2.818,2.818,2.703,2.703,2.703,2.703,2.589,2.589,-0.604,4.077,4.077,4.231,2.418,2.589,2.589,2.703,2.703,2.818,2.818,2.703,2.703,2.703,2.703,2.589,2.589,-0.604,5.132,5.132,5.363
ACHR,2025-05-15,10,L,A,0.844,1.507,1.449,1.449,1.410,1.410,1.371,1.371,1.410,1.410,1.410,1.410,1.449,1.449,1.507,2.187,2.187,2.250,1.507,1.449,1.449,1.410,1.410,1.371,1.371,1.410,1.410,1.410,1.410,1.449,1.449,1.507,2.187,2.187,2.250
ACHR,2025-10-07,46,L,C,1.714,0.188,4.105,4.105,3.675,3.675,3.245,3.245,3.487,3.487,3.525,3.525,3.880,3.880,0.188,4.750,4.750,4.900,0.188,1.868,1.868,2.077,2.077,2.286,2.286,2.689,2.689,2.566,2.566,2.602,2.602,0.188,4.750,4.750,4.900
NFLX,2024-08-29,32,S,C,-1.000,-1.250,-1.250,-1.250,-1.250,-1.250,-1.250,-1.250,-1.250,-1.250,-1.250,-1.250,-1.250,-1.250,-0.158,-0.158,-0.123,0.154,-1.250,-1.250,-1.250,-1.250,-1.250,-1.250,-1.250,-1.250,-1.250,-1.250,-1.250,-1.250,-1.250,-0.158,-0.158,0.154,0.162
NFLX,2024-09-24,11,L,S,0.512,0.533,0.692,0.692,0.797,0.797,0.903,0.903,0.797,0.797,0.797,0.797,0.692,0.692,0.533,1.442,5.699,5.917,0.533,0.692,0.692,0.797,0.797,0.903,0.903,0.797,0.797,0.797,0.797,0.692,0.692,0.533,1.442,10.100,10.117
NFLX,2024-11-04,20,S,A,-1.000,-1.043,-1.043,-1.043,-1.043,-1.043,-1.043,-1.043,-1.043,-1.043,-1.043,-1.043,-1.043,-1.043,-1.043,-1.043,-0.079,0.057,-1.043,-1.043,-1.043,-1.043,-1.043,-1.043,-1.043,-1.043,-1.043,-1.043,-1.043,-1.043,-1.043,-1.043,-1.043,-0.079,0.057
NFLX,2025-01-03,31,S,S,-1.000,-1.117,-1.117,-1.117,-1.117,-1.117,-1.117,-1.117,-1.117,-1.117,-1.117,-1.117,-1.117,-1.117,-0.028,-0.028,4.587,4.890,-1.117,-1.117,-1.117,-1.117,-1.117,-1.117,-1.117,-1.117,-1.117,-1.117,-1.117,-1.117,-1.117,-0.028,-0.028,4.750,5.005
NFLX,2025-01-21,6,L,S,-1.000,-1.000,-1.000,-1.000,-1.000,-1.000,-1.000,-1.000,-1.000,-1.000,-1.000,-1.000,-1.000,-1.000,-0.827,2.427,2.427,2.427,-1.000,-1.000,-1.000,-1.000,-1.000,-1.000,-1.000,-1.000,-1.000,-1.000,-1.000,-1.000,-1.000,-0.827,2.427,5.587,5.633
NFLX,2025-02-20,65,S,S,-1.000,2.937,2.937,2.937,2.937,2.937,2.937,2.937,2.937,2.937,2.937,2.937,2.937,2.937,-0.160,4.957,4.957,5.667,2.937,-1.033,-1.033,-1.033,-1.033,-1.033,-1.033,-1.033,-1.033,-1.033,-1.033,-1.033,-1.033,-0.160,4.957,4.957,5.667
NFLX,2025-03-25,19,L,C,3.886,2.410,2.664,2.664,2.833,2.833,3.003,3.003,3.231,3.231,3.151,3.151,3.141,3.141,2.410,7.533,7.533,7.714,2.410,2.664,2.664,2.833,2.833,3.003,3.003,3.231,3.231,3.151,3.151,3.141,3.141,2.410,8.295,8.295,8.571
NFLX,2025-04-01,29,S,S,1.496,1.564,1.843,1.843,2.029,2.029,2.215,2.215,2.029,2.029,2.029,2.029,1.843,1.843,1.564,7.475,7.475,7.857,1.564,1.843,1.843,2.029,2.029,2.215,2.215,2.029,2.029,2.029,2.029,1.843,1.843,1.564,7.475,7.475,7.857
NFLX,2025-04-22,44,L,C,5.719,7.286,6.726,6.726,6.352,6.352,5.979,5.979,5.531,5.531,5.238,5.238,5.054,5.054,-0.005,8.771,8.771,9.033,7.286,6.726,6.726,6.352,6.352,5.979,5.979,5.531,5.531,5.238,5.238,5.054,5.054,-0.005,8.771,8.771,9.033
NFLX,2025-04-29,52,L,C,-1.000,-1.250,-1.250,-1.250,-1.250,-1.250,-1.250,-1.250,-1.250,-1.250,-1.250,-1.250,-1.250,-1.250,-0.056,0.212,5.559,5.559,-1.250,-1.250,-1.250,-1.250,-1.250,-1.250,-1.250,-1.250,-1.250,-1.250,-1.250,-1.250,-1.250,-0.056,0.212,12.559,12.653
NFLX,2025-05-22,27,L,S,-1.000,-1.000,-1.000,-1.000,-1.000,-1.000,-1.000,-1.000,-1.000,-1.000,-1.000,-1.000,-1.000,-1.000,-0.671,-0.167,0.029,0.138,-1.000,-1.000,-1.000,-1.000,-1.000,-1.000,-1.000,-1.000,-1.000,-1.000,-1.000,-1.000,-1.000,-0.671,-0.167,1.683,1.813
NFLX,2025-06-25,9,L,C,1.555,1.579,1.836,1.836,2.008,2.008,2.179,2.179,2.008,2.008,2.008,2.008,1.836,1.836,1.579,2.745,2.745,3.138,1.579,1.836,1.836,2.008,2.008,2.179,2.179,2.008,2.008,2.008,2.008,1.836,1.836,1.579,2.745,2.745,3.138
NFLX,2025-08-20,30,S,S,3.408,3.060,3.320,3.320,3.493,3.493,3.666,3.666,3.728,3.728,4.069,4.069,4.184,4.184,3.060,7.800,7.800,7.845,3.060,3.320,3.320,3.493,3.493,3.666,3.666,3.728,3.728,4.069,4.069,4.184,4.184,3.060,7.800,7.800,7.845
NFLX,2025-08-26,11,L,C,-1.000,-1.250,-1.250,-1.250,-1.250,-1.250,-1.250,-1.250,-1.250,-1.250,-1.250,-1.250,-1.250,-1.250,-0.200,-0.200,-0.200,0.228,-1.250,-1.250,-1.250,-1.250,-1.250,-1.250,-1.250,-1.250,-1.250,-1.250,-1.250,-1.250,-1.250,-0.200,-0.200,1.094,1.094
NFLX,2025-09-04,13,L,C,-1.000,-0.310,-1.250,-1.250,-1.250,-1.250,-1.250,-1.250,-1.250,-1.250,-1.250,-1.250,-1.250,-1.250,-0.065,0.997,1.939,2.000,-0.310,-1.250,-1.250,-1.250,-1.250,-1.250,-1.250,-1.250,-1.250,-1.250,-1.250,-1.250,-1.250,-0.065,0.997,3.789,3.800
NFLX,2025-09-19,32,S,C,1.681,1.445,1.728,1.728,1.917,1.917,2.106,2.106,1.917,1.917,1.917,1.917,1.728,1.728,-0.330,2.650,2.650,2.850,1.445,1.728,1.728,1.917,1.917,2.106,2.106,1.917,1.917,1.917,1.917,1.728,1.728,-0.330,2.650,2.650,2.850
NFLX,2025-12-22,19,S,C,0.667,-0.528,-0.153,-0.153,-0.069,-0.069,0.014,0.014,-0.069,-0.069,-0.069,-0.069,-0.153,-0.153,-0.528,1.258,1.258,1.444,-0.528,-0.153,-0.153,-0.069,-0.069,0.014,0.014,-0.069,-0.069,-0.069,-0.069,-0.153,-0.153,-0.528,1.258,2.861,3.000
NFLX,2026-01-06,11,S,A,-1.000,-1.029,-1.029,-1.029,-1.029,-1.029,-1.029,-1.029,-1.029,-1.029,-1.029,-1.029,-1.029,-1.029,-1.029,0.354,4.088,4.941,-1.029,-1.029,-1.029,-1.029,-1.029,-1.029,-1.029,-1.029,-1.029,-1.029,-1.029,-1.029,-1.029,-1.029,0.354,5.265,5.471
NFLX,2026-02-04,36,S,C,-1.000,-1.250,-1.250,-1.250,-1.250,-1.250,-1.250,-1.250,-1.250,-1.250,-1.250,-1.250,-1.250,-1.250,-0.421,-0.421,-0.421,0.421,-1.250,-1.250,-1.250,-1.250,-1.250,-1.250,-1.250,-1.250,-1.250,-1.250,-1.250,-1.250,-1.250,-0.421,-0.421,-0.421,0.421
NFLX,2026-02-26,8,L,C,3.746,5.105,4.758,4.758,4.526,4.526,4.295,4.295,4.250,4.250,4.284,4.284,4.395,4.395,5.105,7.105,7.105,17.789,5.105,4.758,4.758,4.526,4.526,4.295,4.295,4.250,4.250,4.284,4.284,4.395,4.395,5.105,12.342,12.342,17.789
NFLX,2026-03-02,15,L,C,5.109,3.328,3.788,3.788,4.094,4.094,4.400,4.400,4.262,4.262,4.563,4.563,4.491,4.491,-0.250,5.406,5.406,5.719,3.328,3.788,3.788,4.094,4.094,4.400,4.400,4.262,4.262,4.563,4.563,4.491,4.491,-0.250,5.406,5.406,5.719
NFLX,2026-03-10,13,S,A,-1.000,-1.063,-1.063,-1.063,-1.063,-1.063,-1.063,-1.063,-1.063,-1.063,-1.063,-1.063,-1.063,-1.063,-1.063,-1.063,4.719,5.250,-1.063,-1.063,-1.063,-1.063,-1.063,-1.063,-1.063,-1.063,-1.063,-1.063,-1.063,-1.063,-1.063,-1.063,-1.063,6.906,7.063
NFLX,2026-03-30,17,L,A,-1.000,-1.103,-1.103,-1.103,-1.103,-1.103,-1.103,-1.103,-1.103,-1.103,-1.103,-1.103,-1.103,-1.103,-0.015,-0.015,0.000,0.324,-1.103,-1.103,-1.103,-1.103,-1.103,-1.103,-1.103,-1.103,-1.103,-1.103,-1.103,-1.103,-1.103,-0.015,-0.015,1.294,1.353
NFLX,2026-04-17,38,L,C,-1.000,0.211,-1.250,-1.250,-1.250,-1.250,-1.250,-1.250,-1.250,-1.250,-1.250,-1.250,-1.250,-1.250,0.211,1.894,5.763,6.053,0.211,-1.250,-1.250,-1.250,-1.250,-1.250,-1.250,-1.250,-1.250,-1.250,-1.250,-1.250,-1.250,0.211,1.894,5.842,6.263
NFLX,2026-06-02,15,S,A,1.115,3.044,3.121,3.121,3.172,3.172,3.223,3.223,3.411,3.411,3.363,3.363,3.408,3.408,-0.219,3.950,3.950,4.250,3.044,3.121,3.121,3.172,3.172,3.223,3.223,3.411,3.411,3.363,3.363,3.408,3.408,-0.219,5.050,5.050,5.100
NFLX,2026-06-03,28,S,C,0.526,1.500,1.050,1.050,0.750,0.750,0.450,0.450,0.750,0.750,0.750,0.750,1.050,1.050,0.000,3.632,3.632,3.737,1.500,1.050,1.050,0.750,0.750,0.450,0.450,0.750,0.750,0.750,0.750,1.050,1.050,0.000,6.153,6.153,6.210
NFLX,2026-06-04,52,S,C,4.960,1.833,2.008,2.008,2.125,2.125,2.242,2.242,2.125,2.125,2.125,2.125,2.008,2.008,-0.625,6.292,6.292,7.167,1.833,2.008,2.008,2.125,2.125,2.242,2.242,2.125,2.125,2.125,2.125,2.008,2.008,-0.625,13.500,13.500,14.000
NFLX,2026-06-18,8,S,C,1.083,0.333,0.617,0.617,0.806,0.806,0.994,0.994,0.806,0.806,0.806,0.806,0.617,0.617,0.333,3.528,3.528,3.556,0.333,0.617,0.617,0.806,0.806,0.994,0.994,0.806,0.806,0.806,0.806,0.617,0.617,0.333,3.528,3.528,3.556
NFLX,2026-07-17,30,L,C,6.329,5.455,4.991,4.991,4.682,4.682,4.373,4.373,4.318,4.318,4.300,4.300,4.418,4.418,5.455,16.318,16.318,17.000,5.455,4.991,4.991,4.682,4.682,4.373,4.373,4.318,4.318,4.300,4.300,4.418,4.418,5.455,22.909,22.909,23.545
NFLX,2026-07-23,71,L,C,-1.000,0.700,0.850,0.850,0.850,0.850,0.850,0.850,0.850,0.850,0.850,0.850,0.850,0.850,0.700,2.400,2.400,3.600,0.700,-1.250,-1.250,-1.250,-1.250,-1.250,-1.250,-1.250,-1.250,-1.250,-1.250,-1.250,-1.250,0.700,2.450,6.800,7.150
ORCL,2024-09-03,11,L,C,1.020,1.240,1.335,1.335,1.398,1.398,1.462,1.462,1.398,1.398,1.398,1.398,1.335,1.335,-0.220,3.520,3.520,3.640,1.240,1.335,1.335,1.398,1.398,1.462,1.462,1.398,1.398,1.398,1.398,1.335,1.335,-0.220,3.520,3.520,3.640
ORCL,2024-11-06,21,L,C,1.767,1.811,1.651,1.651,1.544,1.544,1.438,1.438,1.544,1.544,1.544,1.544,1.651,1.651,-0.267,5.633,5.633,5.856,1.811,1.651,1.651,1.544,1.544,1.438,1.438,1.544,1.544,1.544,1.544,1.651,1.651,-0.267,6.755,6.755,6.889
ORCL,2024-11-08,11,L,C,2.566,0.447,0.621,0.621,0.737,0.737,0.853,0.853,0.737,0.737,0.737,0.737,0.621,0.621,-0.789,3.842,3.842,3.868,0.447,0.621,0.621,0.737,0.737,0.853,0.853,0.737,0.737,0.737,0.737,0.621,0.621,-0.789,6.211,6.211,6.316
ORCL,2024-11-13,40,L,A,-1.000,-0.557,-1.086,-1.086,-1.086,-1.086,-1.086,-1.086,-1.086,-1.086,-1.086,-1.086,-1.086,-1.086,-0.114,0.014,1.781,2.029,-0.557,-1.086,-1.086,-1.086,-1.086,-1.086,-1.086,-1.086,-1.086,-1.086,-1.086,-1.086,-1.086,-0.114,0.014,6.743,6.829
ORCL,2025-01-28,72,S,A,-1.000,-1.250,-1.250,-1.250,-1.250,-1.250,-1.250,-1.250,-1.250,-1.250,-1.250,-1.250,-1.250,-1.250,-0.446,-0.446,1.535,1.804,-1.250,-1.250,-1.250,-1.250,-1.250,-1.250,-1.250,-1.250,-1.250,-1.250,-1.250,-1.250,-1.250,-0.446,-0.446,1.535,1.804
ORCL,2025-01-29,61,S,S,-1.000,-0.500,-1.083,-1.083,-1.083,-1.083,-1.083,-1.083,-1.083,-1.083,-1.083,-1.083,-1.083,-1.083,-0.103,1.292,1.292,1.646,-0.500,-1.083,-1.083,-1.083,-1.083,-1.083,-1.083,-1.083,-1.083,-1.083,-1.083,-1.083,-1.083,-0.103,1.292,1.417,1.707
ORCL,2025-02-24,20,S,A,3.946,9.393,8.370,8.370,7.687,7.687,7.005,7.005,6.339,6.339,5.730,5.730,5.434,5.434,9.393,13.750,13.750,14.393,9.393,8.370,8.370,7.687,7.687,7.005,7.005,6.339,6.339,5.730,5.730,5.434,5.434,9.393,13.750,13.750,14.393
ORCL,2025-03-12,18,S,C,-1.000,-1.250,-1.250,-1.250,-1.250,-1.250,-1.250,-1.250,-1.250,-1.250,-1.250,-1.250,-1.250,-1.250,-1.250,0.088,3.147,3.259,-1.250,-1.250,-1.250,-1.250,-1.250,-1.250,-1.250,-1.250,-1.250,-1.250,-1.250,-1.250,-1.250,-1.250,0.088,3.147,3.259
ORCL,2025-03-17,21,L,A,0.940,0.265,0.644,0.644,0.897,0.897,1.150,1.150,0.897,0.897,0.897,0.897,0.644,0.644,0.265,3.265,3.265,3.529,0.265,0.644,0.644,0.897,0.897,1.150,1.150,0.897,0.897,0.897,0.897,0.644,0.644,0.265,3.265,6.206,6.324
ORCL,2025-03-24,36,S,A,0.899,-0.467,0.043,0.335,0.383,0.592,0.723,0.848,0.383,0.592,0.383,0.592,0.043,0.335,-0.357,1.983,1.983,2.367,-0.467,0.043,0.335,0.383,0.592,0.723,0.848,0.383,0.592,0.383,0.592,0.043,0.335,-0.357,1.983,3.317,3.500
ORCL,2025-03-31,22,S,C,0.776,-1.042,-1.042,-1.042,-1.042,-1.042,-1.042,-1.042,-1.042,-1.042,-1.042,-1.042,-1.042,-1.042,-0.490,0.333,1.042,1.542,-1.042,-1.042,-1.042,-1.042,-1.042,-1.042,-1.042,-1.042,-1.042,-1.042,-1.042,-1.042,-1.042,-0.490,0.333,1.042,1.542
ORCL,2025-04-04,84,S,C,-1.000,-1.250,-1.250,-1.250,-1.250,-1.250,-1.250,-1.250,-1.250,-1.250,-1.250,-1.250,-1.250,-1.250,-0.568,1.182,1.182,1.545,-1.250,-1.250,-1.250,-1.250,-1.250,-1.250,-1.250,-1.250,-1.250,-1.250,-1.250,-1.250,-1.250,-0.568,1.182,2.409,2.591
ORCL,2025-04-08,14,S,C,-1.000,-1.250,-1.250,-1.250,-1.250,-1.250,-1.250,-1.250,-1.250,-1.250,-1.250,-1.250,-1.250,-1.250,-1.250,0.349,1.605,1.930,-1.250,-1.250,-1.250,-1.250,-1.250,-1.250,-1.250,-1.250,-1.250,-1.250,-1.250,-1.250,-1.250,-1.250,0.349,20.930,21.105
ORCL,2025-07-02,24,L,C,1.218,9.870,6.967,6.967,5.033,5.033,3.098,3.098,3.565,3.565,2.885,2.885,3.746,3.746,9.870,10.163,10.163,10.304,14.859,10.460,10.460,7.527,7.527,4.595,4.595,4.812,4.812,3.384,3.384,4.245,4.245,14.859,26.620,26.620,29.674
ORCL,2025-07-14,20,S,C,0.916,-0.012,0.511,0.511,0.860,0.860,1.209,1.209,0.860,0.860,0.860,0.860,0.511,0.511,-0.012,2.195,2.195,3.146,-0.012,0.511,0.511,0.860,0.860,1.209,1.209,0.860,0.860,0.860,0.860,0.511,0.511,-0.012,2.195,2.195,3.146
ORCL,2025-07-22,10,S,A,2.132,5.667,4.763,4.763,4.160,4.160,3.557,3.557,3.743,3.743,3.693,3.693,4.063,4.063,5.667,7.028,7.028,7.667,5.667,4.763,4.763,4.160,4.160,3.557,3.557,3.743,3.743,3.693,3.693,4.063,4.063,5.667,7.028,7.028,7.667
ORCL,2025-09-04,18,S,C,-1.000,-1.000,-1.000,-1.000,-1.000,-1.000,-1.000,-1.000,-1.000,-1.000,-1.000,-1.000,-1.000,-1.000,-1.000,0.064,0.173,0.600,-1.000,-1.000,-1.000,-1.000,-1.000,-1.000,-1.000,-1.000,-1.000,-1.000,-1.000,-1.000,-1.000,-1.000,0.064,0.173,0.600
ORCL,2025-09-05,22,S,C,1.159,0.500,0.671,0.671,0.785,0.785,0.899,0.899,0.785,0.785,0.785,0.785,0.671,0.671,-0.432,2.106,2.106,2.178,0.500,0.671,0.671,0.785,0.785,0.899,0.899,0.785,0.785,0.785,0.785,0.671,0.671,-0.432,2.106,2.106,2.178
ORCL,2025-09-08,85,L,A,-1.000,-1.250,-1.250,-1.250,-1.250,-1.250,-1.250,-1.250,-1.250,-1.250,-1.250,-1.250,-1.250,-1.250,-0.024,-0.024,-0.024,0.405,-1.250,-1.250,-1.250,-1.250,-1.250,-1.250,-1.250,-1.250,-1.250,-1.250,-1.250,-1.250,-1.250,-0.024,-0.024,2.833,2.929
ORCL,2025-09-30,18,S,C,1.600,1.059,1.119,1.119,1.158,1.158,1.198,1.198,1.158,1.158,1.158,1.158,1.119,1.119,1.059,3.659,3.659,3.676,1.059,1.119,1.119,1.158,1.158,1.198,1.198,1.158,1.158,1.158,1.158,1.119,1.119,1.059,3.659,4.247,4.365
ORCL,2025-10-10,60,L,A,2.163,4.676,4.204,4.204,3.890,3.890,3.575,3.575,3.721,3.721,3.819,3.819,4.099,4.099,4.676,5.985,5.985,7.029,4.676,4.204,4.204,3.890,3.890,3.575,3.575,3.721,3.721,3.819,3.819,4.099,4.099,4.676,5.985,5.985,7.029
ORCL,2025-10-22,61,S,A,1.025,0.379,0.368,0.368,0.361,0.361,0.353,0.353,0.361,0.361,0.361,0.361,0.368,0.368,-0.212,1.540,1.540,1.960,0.379,0.368,0.368,0.361,0.361,0.353,0.353,0.361,0.361,0.361,0.361,0.368,0.368,-0.212,1.540,2.444,2.899
ORCL,2025-10-29,11,S,A,0.661,2.094,1.631,1.631,1.323,1.323,1.015,1.015,1.323,1.323,1.323,1.323,1.631,1.631,-0.203,3.875,3.875,3.969,2.094,1.631,1.631,1.323,1.323,1.015,1.015,1.323,1.323,1.323,1.323,1.631,1.631,-0.203,3.875,3.875,3.969
ORCL,2025-11-03,30,S,C,-1.000,-1.250,-1.250,-1.250,-1.250,-1.250,-1.250,-1.250,-1.250,-1.250,-1.250,-1.250,-1.250,-1.250,-1.250,0.450,9.875,10.050,-1.250,-1.250,-1.250,-1.250,-1.250,-1.250,-1.250,-1.250,-1.250,-1.250,-1.250,-1.250,-1.250,-1.250,0.450,9.875,10.050
ORCL,2025-11-10,29,S,A,-1.000,-0.260,-1.050,-1.050,-1.050,-1.050,-1.050,-1.050,-1.050,-1.050,-1.050,-1.050,-1.050,-1.050,-0.260,1.700,5.840,6.030,-0.260,-1.050,-1.050,-1.050,-1.050,-1.050,-1.050,-1.050,-1.050,-1.050,-1.050,-1.050,-1.050,-0.260,1.700,13.160,13.580
ORCL,2025-11-13,54,S,C,-1.000,-1.250,-1.250,-1.250,-1.250,-1.250,-1.250,-1.250,-1.250,-1.250,-1.250,-1.250,-1.250,-1.250,-0.542,1.028,8.417,9.583,-1.250,-1.250,-1.250,-1.250,-1.250,-1.250,-1.250,-1.250,-1.250,-1.250,-1.250,-1.250,-1.250,-0.542,1.028,21.528,22.000
ORCL,2025-12-08,8,L,C,4.403,0.917,1.372,1.372,1.676,1.676,1.980,1.980,2.447,2.447,3.109,3.109,3.522,3.522,0.917,6.292,6.292,7.028,0.917,1.372,1.372,1.676,1.676,1.980,1.980,2.447,2.447,3.109,3.109,3.522,3.522,0.917,6.292,6.292,7.028
ORCL,2025-12-24,30,L,C,-1.000,0.340,-0.480,-0.480,-0.480,-0.480,-0.480,-0.480,-0.480,-0.480,-0.480,-0.480,-0.480,-0.480,0.340,1.370,1.370,1.720,0.340,-1.000,-1.000,-1.000,-1.000,-1.000,-1.000,-1.000,-1.000,-1.000,-1.000,-1.000,-1.000,0.340,1.370,2.530,2.640
ORCL,2026-01-06,18,S,C,-1.000,-1.067,-1.067,-1.067,-1.067,-1.067,-1.067,-1.067,-1.067,-1.067,-1.067,-1.067,-1.067,-1.067,-0.478,-0.478,-0.075,0.486,-1.067,-1.067,-1.067,-1.067,-1.067,-1.067,-1.067,-1.067,-1.067,-1.067,-1.067,-1.067,-1.067,-0.478,-0.478,-0.075,0.486
ORCL,2026-01-23,50,L,A,1.713,0.988,1.186,1.186,1.319,1.319,1.451,1.451,1.319,1.319,1.319,1.319,1.186,1.186,0.988,4.888,4.888,5.150,0.988,1.186,1.186,1.319,1.319,1.451,1.451,1.319,1.319,1.319,1.319,1.186,1.186,0.988,8.137,8.137,8.350
ORCL,2026-01-29,19,S,C,2.803,9.934,9.508,9.508,9.224,9.224,8.939,8.939,7.740,7.740,7.050,7.050,6.247,6.247,9.934,12.421,12.421,12.684,9.934,9.508,9.508,9.224,9.224,8.939,8.939,7.740,7.740,7.050,7.050,6.247,6.247,9.934,12.421,12.421,12.684
ORCL,2026-02-10,44,L,C,3.661,6.012,4.599,4.599,3.657,3.657,2.715,2.715,3.154,3.154,3.052,3.052,3.692,3.692,-0.186,10.186,10.186,10.209,5.465,4.216,4.216,3.384,3.384,2.551,2.551,3.017,3.017,2.998,2.998,3.637,3.637,-0.186,10.186,10.186,10.209
ORCL,2026-02-12,11,S,C,-1.000,-1.111,-1.111,-1.111,-1.111,-1.111,-1.111,-1.111,-1.111,-1.111,-1.111,-1.111,-1.111,-1.111,-1.111,-1.111,3.411,3.800,-1.111,-1.111,-1.111,-1.111,-1.111,-1.111,-1.111,-1.111,-1.111,-1.111,-1.111,-1.111,-1.111,-1.111,-1.111,8.978,9.244
ORCL,2026-03-05,12,L,S,-1.000,-1.147,-1.147,-1.147,-1.147,-1.147,-1.147,-1.147,-1.147,-1.147,-1.147,-1.147,-1.147,-1.147,-0.029,-0.029,3.713,4.088,-1.147,-1.147,-1.147,-1.147,-1.147,-1.147,-1.147,-1.147,-1.147,-1.147,-1.147,-1.147,-1.147,-0.029,-0.029,3.713,4.088
ORCL,2026-03-09,14,S,C,-1.000,-1.250,-1.250,-1.250,-1.250,-1.250,-1.250,-1.250,-1.250,-1.250,-1.250,-1.250,-1.250,-1.250,-1.250,0.007,3.266,3.891,-1.250,-1.250,-1.250,-1.250,-1.250,-1.250,-1.250,-1.250,-1.250,-1.250,-1.250,-1.250,-1.250,-1.250,0.007,3.266,3.891
ORCL,2026-03-11,66,S,A,4.186,0.000,1.332,1.332,2.220,2.220,3.108,3.108,3.220,3.220,4.020,4.020,4.032,4.032,0.000,6.240,6.240,7.120,0.000,1.332,1.332,2.220,2.220,3.108,3.108,3.220,3.220,4.020,4.020,4.032,4.032,0.000,6.240,22.967,23.120
ORCL,2026-03-13,37,S,C,3.782,2.400,2.808,2.808,3.080,3.080,3.352,3.352,3.480,3.480,3.400,3.400,3.288,3.288,2.400,13.600,13.600,13.920,2.400,2.808,2.808,3.080,3.080,3.352,3.352,3.480,3.480,3.400,3.400,3.288,3.288,2.400,19.120,19.120,19.400
ORCL,2026-04-08,73,S,C,3.476,3.479,2.800,2.800,2.348,2.348,1.896,1.896,2.478,2.478,2.757,2.757,3.413,3.413,3.479,5.217,5.217,5.848,4.348,3.409,3.409,2.783,2.783,2.157,2.157,2.696,2.696,2.843,2.843,3.500,3.500,4.348,5.652,9.783,10.043
ORCL,2026-04-15,10,L,C,4.471,2.455,2.518,2.518,2.561,2.561,2.603,2.603,2.947,2.947,3.379,3.379,3.745,3.745,2.455,8.455,8.455,9.030,2.455,2.518,2.518,2.561,2.561,2.603,2.603,2.947,2.947,3.379,3.379,3.745,3.745,2.455,9.091,9.091,9.576
ORCL,2026-04-27,25,S,A,2.518,0.955,1.403,1.403,1.701,1.701,1.999,1.999,1.701,1.701,1.701,1.701,1.403,1.403,0.955,3.143,3.143,3.232,0.955,1.403,1.403,1.701,1.701,1.999,1.999,1.701,1.701,1.701,1.701,1.403,1.403,0.955,3.143,3.143,3.232
ORCL,2026-04-29,5,S,A,-1.000,-1.189,-1.189,-1.189,-1.189,-1.189,-1.189,-1.189,-1.189,-1.189,-1.189,-1.189,-1.189,-1.189,-0.132,0.420,0.420,1.396,-1.189,-1.189,-1.189,-1.189,-1.189,-1.189,-1.189,-1.189,-1.189,-1.189,-1.189,-1.189,-1.189,-0.132,0.420,0.420,1.396
ORCL,2026-05-04,15,L,A,1.816,1.382,1.455,1.455,1.503,1.503,1.552,1.552,1.503,1.503,1.503,1.503,1.455,1.455,1.382,6.151,6.151,6.316,1.382,1.455,1.455,1.503,1.503,1.552,1.552,1.503,1.503,1.503,1.503,1.455,1.455,1.382,6.671,6.671,6.750
ORCL,2026-05-15,23,L,C,2.300,-1.250,-0.071,-0.071,0.715,0.715,1.501,1.501,0.715,0.715,0.715,0.715,-0.071,-0.071,-1.250,2.680,6.700,6.700,-1.250,-0.071,-0.071,0.715,0.715,1.501,1.501,0.715,0.715,0.715,0.715,-0.071,-0.071,-1.250,2.680,9.660,9.660
ORCL,2026-05-20,8,S,A,-1.000,-1.000,-1.000,-1.000,-1.000,-1.000,-1.000,-1.000,-1.000,-1.000,-1.000,-1.000,-1.000,-1.000,-0.028,1.358,1.358,2.583,-1.000,-1.000,-1.000,-1.000,-1.000,-1.000,-1.000,-1.000,-1.000,-1.000,-1.000,-1.000,-1.000,-0.028,1.358,1.358,2.583
ORCL,2026-05-29,71,L,C,-1.000,-1.250,-1.250,-1.250,-1.250,-1.250,-1.250,-1.250,-1.250,-1.250,-1.250,-1.250,-1.250,-1.250,-0.869,-0.869,5.476,5.833,-1.250,-1.250,-1.250,-1.250,-1.250,-1.250,-1.250,-1.250,-1.250,-1.250,-1.250,-1.250,-1.250,-0.869,-0.869,19.988,20.905
ORCL,2026-06-01,56,L,A,3.902,5.217,5.146,5.146,5.098,5.098,5.050,5.050,4.793,4.793,4.811,4.811,4.715,4.715,5.217,12.000,12.000,12.804,5.217,5.146,5.146,5.098,5.098,5.050,5.050,4.793,4.793,4.811,4.811,4.715,4.715,5.217,37.522,37.522,37.761
ORCL,2026-06-08,31,S,C,3.618,-0.522,0.109,0.109,0.529,0.529,0.949,0.949,1.659,1.659,1.433,1.433,1.465,1.465,-0.522,3.566,3.566,4.392,-0.522,0.109,0.109,0.529,0.529,0.949,0.949,1.659,1.659,1.433,1.433,1.465,1.465,-0.522,3.566,3.566,4.392
ORCL,2026-06-09,63,S,C,4.168,5.037,6.438,6.438,7.373,7.373,8.307,8.307,7.113,7.113,7.158,7.158,6.116,6.116,-0.156,9.708,9.708,10.413,5.037,6.438,6.438,7.373,7.373,8.307,8.307,7.113,7.113,7.158,7.158,6.116,6.116,-0.156,29.458,29.458,30.125
ORCL,2026-06-16,31,L,C,-1.000,-1.250,-1.250,-1.250,-1.250,-1.250,-1.250,-1.250,-1.250,-1.250,-1.250,-1.250,-1.250,-1.250,-1.250,-1.250,-1.632,0.412,-1.250,-1.250,-1.250,-1.250,-1.250,-1.250,-1.250,-1.250,-1.250,-1.250,-1.250,-1.250,-1.250,-1.250,-1.250,-1.632,0.412
ORCL,2026-07-06,11,S,A,-1.000,-1.250,-1.250,-1.250,-1.250,-1.250,-1.250,-1.250,-1.250,-1.250,-1.250,-1.250,-1.250,-1.250,-1.250,1.703,3.851,4.189,-1.250,-1.250,-1.250,-1.250,-1.250,-1.250,-1.250,-1.250,-1.250,-1.250,-1.250,-1.250,-1.250,-1.250,1.703,3.851,4.189
ORCL,2026-08-04,12,L,C,-1.000,0.806,-1.250,-1.250,-1.250,-1.250,-1.250,-1.250,-1.250,-1.250,-1.250,-1.250,-1.250,-1.250,0.806,2.645,6.516,6.871,0.806,-1.250,-1.250,-1.250,-1.250,-1.250,-1.250,-1.250,-1.250,-1.250,-1.250,-1.250,-1.250,0.806,2.645,18.032,18.161
ORCL,2026-08-06,27,L,C,-1.000,-1.250,-1.250,-1.250,-1.250,-1.250,-1.250,-1.250,-1.250,-1.250,-1.250,-1.250,-1.250,-1.250,-0.337,0.122,3.541,3.735,-1.250,-1.250,-1.250,-1.250,-1.250,-1.250,-1.250,-1.250,-1.250,-1.250,-1.250,-1.250,-1.250,-0.337,0.122,3.541,3.735
QQQ,2025-03-20,36,L,S,1.800,2.709,2.218,2.218,1.891,1.891,1.564,1.564,2.214,2.214,2.149,2.149,2.605,2.605,2.709,4.909,4.909,5.073,2.709,2.218,2.218,1.891,1.891,1.564,1.564,2.214,2.214,2.149,2.149,2.605,2.605,2.709,4.909,4.909,5.073
QQQ,2025-03-28,76,S,C,0.457,0.647,0.673,0.673,0.690,0.690,0.707,0.707,0.690,0.690,0.690,0.690,0.673,0.673,-0.307,0.733,0.733,1.133,0.280,0.416,0.416,0.507,0.507,0.597,0.597,0.507,0.507,0.507,0.507,0.416,0.416,-0.307,5.973,5.973,6.133
QQQ,2025-04-07,11,S,A,1.257,-1.250,-0.469,-0.015,0.052,0.376,0.573,0.767,0.052,0.376,0.052,0.376,-0.469,-0.015,-0.602,2.044,2.044,2.752,-1.250,-0.469,-0.015,0.052,0.376,0.573,0.767,0.052,0.376,0.052,0.376,-0.469,-0.015,-0.602,2.044,2.044,2.752
QQQ,2025-04-23,7,L,A,2.262,1.509,1.169,1.169,0.942,0.942,0.715,0.715,0.942,0.942,0.942,0.942,1.169,1.169,1.509,3.458,3.458,3.534,1.509,1.169,1.169,0.942,0.942,0.715,0.715,0.942,0.942,0.942,0.942,1.169,1.169,1.509,3.458,3.458,3.534
QQQ,2025-10-29,84,L,C,-1.000,-0.563,-0.075,-0.075,-0.075,-0.075,-0.075,-0.075,-0.075,-0.075,-0.075,-0.075,-0.075,-0.075,-0.194,-0.075,-0.075,0.097,-0.563,-1.045,-1.045,-1.045,-1.045,-1.045,-1.045,-1.045,-1.045,-1.045,-1.045,-1.045,-1.045,-0.194,0.149,0.254,0.522
QQQ,2025-11-06,19,S,C,1.516,3.840,3.122,3.122,2.644,2.644,2.165,2.165,2.684,2.684,2.907,2.907,3.518,3.518,3.840,8.457,8.457,8.777,3.840,3.122,3.122,2.644,2.644,2.165,2.165,2.684,2.684,2.907,2.907,3.518,3.518,3.840,10.936,10.936,11.149
QQQ,2026-01-14,6,S,C,0.842,0.862,0.867,0.867,0.865,0.865,0.864,0.864,0.865,0.865,0.865,0.865,0.867,0.867,-0.146,4.223,4.223,4.315,0.862,0.867,0.867,0.865,0.865,0.864,0.864,0.865,0.865,0.865,0.865,0.867,0.867,-0.146,5.146,5.146,5.231
QQQ,2026-06-24,17,S,A,0.538,-1.250,-0.898,-0.898,-0.663,-0.663,-0.428,-0.428,-0.663,-0.663,-0.663,-0.663,-0.898,-0.898,-0.076,1.424,1.890,2.653,-1.250,-0.898,-0.898,-0.663,-0.663,-0.428,-0.428,-0.663,-0.663,-0.663,-0.663,-0.898,-0.898,-0.076,1.424,8.034,8.102
QQQ,2026-06-29,52,S,C,-1.000,-0.571,-1.155,-1.155,-1.155,-1.155,-1.155,-1.155,-1.155,-1.155,-1.155,-1.155,-1.155,-1.155,-0.571,1.845,1.845,2.488,-0.571,-1.155,-1.155,-1.155,-1.155,-1.155,-1.155,-1.155,-1.155,-1.155,-1.155,-1.155,-1.155,-0.571,1.845,1.845,2.488
SPY,2025-04-04,64,S,S,0.870,2.823,2.107,2.107,1.630,1.630,1.153,1.153,1.924,1.924,2.301,2.301,3.114,3.114,2.823,6.104,6.104,6.344,2.823,2.107,2.107,1.630,1.630,1.153,1.153,1.924,1.924,2.301,2.301,3.114,3.114,2.823,6.104,11.385,11.542
SPY,2025-04-07,11,S,A,1.825,-1.250,-0.362,0.100,0.230,0.560,0.822,1.020,0.230,0.560,0.230,0.560,-0.362,0.100,-0.590,2.570,2.570,3.410,-1.250,-0.362,0.100,0.230,0.560,0.822,1.020,0.230,0.560,0.230,0.560,-0.362,0.100,-0.590,2.570,2.570,3.410
SPY,2025-07-09,72,S,A,1.282,1.145,0.942,0.942,0.806,0.806,0.671,0.671,0.806,0.806,0.806,0.806,0.942,0.942,-0.024,1.637,1.637,1.855,0.355,0.389,0.389,0.411,0.411,0.434,0.434,0.411,0.411,0.411,0.411,0.389,0.389,-0.024,1.968,1.968,2.112
SPY,2026-02-13,52,S,A,-1.000,-1.000,-1.000,-1.000,-1.000,-1.000,-1.000,-1.000,-1.000,-1.000,-1.000,-1.000,-1.000,-1.000,-0.031,-0.031,0.122,0.633,-1.000,-1.000,-1.000,-1.000,-1.000,-1.000,-1.000,-1.000,-1.000,-1.000,-1.000,-1.000,-1.000,-0.031,-0.031,1.296,1.398
IWM,2024-09-18,9,L,C,0.274,0.239,0.197,0.197,0.169,0.169,0.141,0.141,0.169,0.169,0.169,0.169,0.197,0.197,-0.028,0.789,0.789,0.880,0.239,0.197,0.197,0.169,0.169,0.141,0.141,0.169,0.169,0.169,0.169,0.197,0.197,-0.028,0.789,7.000,7.366
IWM,2025-04-02,30,L,C,1.412,0.439,0.523,0.523,0.579,0.579,0.635,0.635,0.579,0.579,0.579,0.579,0.523,0.523,0.439,3.246,3.246,3.281,0.439,0.523,0.523,0.579,0.579,0.635,0.635,0.579,0.579,0.579,0.579,0.523,0.523,0.439,7.518,7.518,7.614
IWM,2025-08-01,78,S,C,-1.000,1.077,1.077,1.077,1.077,1.077,1.077,1.077,1.077,1.077,1.077,1.077,1.077,1.077,1.077,1.359,1.359,1.538,0.923,-1.250,-1.250,-1.250,-1.250,-1.250,-1.250,-1.250,-1.250,-1.250,-1.250,-1.250,-1.250,0.923,2.538,2.538,2.615
IWM,2026-02-05,52,S,C,1.713,1.963,1.874,1.874,1.815,1.815,1.756,1.756,1.815,1.815,1.815,1.815,1.874,1.874,1.963,2.852,2.852,3.056,1.963,1.874,1.874,1.815,1.815,1.756,1.756,1.815,1.815,1.815,1.815,1.874,1.874,1.963,3.315,6.222,6.370
IWM,2026-02-11,25,S,S,1.259,5.648,4.181,4.181,3.204,3.204,2.226,2.226,2.792,2.792,2.744,2.744,3.493,3.493,5.648,7.296,7.296,7.426,5.648,4.181,4.181,3.204,3.204,2.226,2.226,2.792,2.792,2.744,2.744,3.493,3.493,5.648,7.296,7.296,7.426
SOFI,2025-10-24,10,L,A,-1.000,-0.875,-1.250,-1.250,-1.250,-1.250,-1.250,-1.250,-1.250,-1.250,-1.250,-1.250,-1.250,-1.250,-0.792,1.499,1.499,1.667,-0.875,-1.250,-1.250,-1.250,-1.250,-1.250,-1.250,-1.250,-1.250,-1.250,-1.250,-1.250,-1.250,-0.792,1.499,1.499,1.667
SOFI,2026-02-20,41,S,C,1.667,-0.045,0.273,0.273,0.273,0.273,0.273,0.273,0.273,0.273,0.273,0.273,0.273,0.273,-0.045,2.409,2.409,2.545,-0.045,2.741,2.741,2.932,2.932,3.123,3.123,3.318,3.318,3.241,3.241,3.205,3.205,-0.045,4.136,4.136,4.409
COIN,2024-08-21,19,S,C,-1.000,-1.152,-1.152,-1.152,-1.152,-1.152,-1.152,-1.152,-1.152,-1.152,-1.152,-1.152,-1.152,-1.152,-1.152,-1.152,-0.818,0.924,-1.152,-1.152,-1.152,-1.152,-1.152,-1.152,-1.152,-1.152,-1.152,-1.152,-1.152,-1.152,-1.152,-1.152,-1.152,-0.818,0.924
COIN,2024-08-23,37,L,S,5.379,4.796,4.984,4.984,5.109,5.109,5.234,5.234,5.109,5.109,5.109,5.109,4.984,4.984,4.796,8.904,8.904,9.827,4.796,4.984,4.984,5.109,5.109,5.234,5.234,5.109,5.109,5.109,5.109,4.984,4.984,4.796,8.904,15.404,15.577
COIN,2024-09-12,10,L,C,-1.000,-1.250,-1.250,-1.250,-1.250,-1.250,-1.250,-1.250,-1.250,-1.250,-1.250,-1.250,-1.250,-1.250,-0.438,1.359,12.859,13.469,-1.250,-1.250,-1.250,-1.250,-1.250,-1.250,-1.250,-1.250,-1.250,-1.250,-1.250,-1.250,-1.250,-0.438,1.359,20.386,20.594
COIN,2024-09-13,33,L,S,2.667,2.046,2.194,2.194,2.292,2.292,2.390,2.390,2.780,2.780,2.682,2.682,2.780,2.780,2.046,3.852,4.241,4.519,2.046,2.194,2.194,2.292,2.292,2.390,2.390,2.780,2.780,2.682,2.682,2.780,2.780,2.046,3.852,9.907,9.963
COIN,2024-09-16,34,L,C,0.938,-0.875,-0.155,-0.155,0.325,0.325,0.805,0.805,0.325,0.325,0.325,0.325,-0.155,-0.155,-0.025,2.975,2.975,3.125,-0.875,-0.155,-0.155,0.325,0.325,0.805,0.805,0.325,0.325,0.325,0.325,-0.155,-0.155,-0.025,2.975,6.911,7.100
COIN,2024-09-17,23,S,C,-1.000,-1.250,-1.250,-1.250,-1.250,-1.250,-1.250,-1.250,-1.250,-1.250,-1.250,-1.250,-1.250,-1.250,-0.333,0.138,0.138,1.564,-1.250,-1.250,-1.250,-1.250,-1.250,-1.250,-1.250,-1.250,-1.250,-1.250,-1.250,-1.250,-1.250,-0.333,0.138,3.718,4.641
COIN,2024-09-20,58,L,A,-1.000,-1.250,-1.250,-1.250,-1.250,-1.250,-1.250,-1.250,-1.250,-1.250,-1.250,-1.250,-1.250,-1.250,-0.189,0.365,1.146,1.730,-1.250,-1.250,-1.250,-1.250,-1.250,-1.250,-1.250,-1.250,-1.250,-1.250,-1.250,-1.250,-1.250,-0.189,0.365,10.595,11.436
COIN,2024-10-01,74,S,C,3.157,1.486,1.786,1.786,1.986,1.986,2.186,2.186,1.986,1.986,1.986,1.986,1.786,1.786,1.486,2.514,2.514,3.714,1.486,1.786,1.786,1.986,1.986,2.186,2.186,1.986,1.986,1.986,1.986,1.786,1.786,1.486,8.714,16.745,17.486
COIN,2024-10-07,39,L,C,2.097,1.000,1.336,1.336,1.559,1.559,1.783,1.783,1.559,1.559,1.559,1.559,1.336,1.336,-0.237,3.405,3.405,3.912,1.000,1.336,1.336,1.559,1.559,1.783,1.783,1.559,1.559,1.559,1.559,1.336,1.336,-0.237,3.405,3.405,3.912
COIN,2024-10-08,38,L,C,-1.000,-1.250,-1.250,-1.250,-1.250,-1.250,-1.250,-1.250,-1.250,-1.250,-1.250,-1.250,-1.250,-1.250,-0.583,-0.583,-0.583,0.604,-1.250,-1.250,-1.250,-1.250,-1.250,-1.250,-1.250,-1.250,-1.250,-1.250,-1.250,-1.250,-1.250,-0.583,-0.583,-0.583,0.604
COIN,2024-10-18,12,L,C,2.627,1.032,1.329,1.329,1.528,1.528,1.726,1.726,1.528,1.528,1.528,1.528,1.329,1.329,1.032,10.008,10.008,10.063,1.032,1.329,1.329,1.528,1.528,1.726,1.726,1.528,1.528,1.528,1.528,1.329,1.329,1.032,16.079,16.079,16.159
COIN,2024-10-25,43,L,C,-1.000,0.212,-1.000,-1.000,-1.000,-1.000,-1.000,-1.000,-1.000,-1.000,-1.000,-1.000,-1.000,-1.000,0.212,3.455,3.455,4.576,0.212,-1.000,-1.000,-1.000,-1.000,-1.000,-1.000,-1.000,-1.000,-1.000,-1.000,-1.000,-1.000,0.212,3.455,3.455,4.576
COIN,2024-10-28,12,L,C,-1.000,-0.302,-1.093,-1.093,-1.093,-1.093,-1.093,-1.093,-1.093,-1.093,-1.093,-1.093,-1.093,-1.093,-0.302,5.605,5.605,6.116,-0.302,-1.093,-1.093,-1.093,-1.093,-1.093,-1.093,-1.093,-1.093,-1.093,-1.093,-1.093,-1.093,-0.302,5.605,9.314,9.372
COIN,2024-11-04,46,S,C,3.500,2.053,2.303,2.303,2.469,2.469,2.636,2.636,2.956,2.956,2.859,2.859,2.887,2.887,-0.579,4.750,4.750,5.316,2.053,2.303,2.303,2.469,2.469,2.636,2.636,2.956,2.956,2.859,2.859,2.887,2.887,-0.579,4.750,8.224,8.789
COIN,2024-11-05,42,L,A,-1.000,-0.714,-1.036,-1.036,-1.036,-1.036,-1.036,-1.036,-1.036,-1.036,-1.036,-1.036,-1.036,-1.036,-0.714,1.011,6.476,6.833,-0.714,-1.036,-1.036,-1.036,-1.036,-1.036,-1.036,-1.036,-1.036,-1.036,-1.036,-1.036,-1.036,-0.714,1.011,10.548,11.357
COIN,2024-11-08,67,L,C,-1.000,-1.250,-1.250,-1.250,-1.250,-1.250,-1.250,-1.250,-1.250,-1.250,-1.250,-1.250,-1.250,-1.250,-0.238,-0.020,-0.020,0.475,-1.250,-1.250,-1.250,-1.250,-1.250,-1.250,-1.250,-1.250,-1.250,-1.250,-1.250,-1.250,-1.250,-0.238,-0.020,1.634,1.683
COIN,2024-11-11,58,L,A,-1.000,-1.150,-1.150,-1.150,-1.150,-1.150,-1.150,-1.150,-1.150,-1.150,-1.150,-1.150,-1.150,-1.150,-0.831,3.081,3.081,3.437,-1.150,-1.150,-1.150,-1.150,-1.150,-1.150,-1.150,-1.150,-1.150,-1.150,-1.150,-1.150,-1.150,-0.831,3.081,23.187,23.262
COIN,2024-11-12,29,L,C,1.131,-1.017,-0.619,-0.168,-0.353,-0.032,-0.088,0.105,-0.353,-0.032,-0.353,-0.032,-0.619,-0.168,-0.374,2.241,2.241,2.586,-1.017,-0.619,-0.168,-0.353,-0.032,-0.088,0.105,-0.353,-0.032,-0.353,-0.032,-0.619,-0.168,-0.374,2.241,2.241,2.586
COIN,2024-11-26,21,L,A,0.826,-1.250,-1.135,-1.135,-1.059,-1.059,-0.982,-0.982,-1.059,-1.059,-1.059,-1.059,-1.135,-1.135,-0.173,1.816,2.921,3.439,-1.250,-1.135,-1.135,-1.059,-1.059,-0.982,-0.982,-1.059,-1.059,-1.059,-1.059,-1.135,-1.135,-0.173,1.816,3.258,3.439
COIN,2024-12-18,60,S,S,-1.000,-1.250,-1.250,-1.250,-1.250,-1.250,-1.250,-1.250,-1.250,-1.250,-1.250,-1.250,-1.250,-1.250,-0.603,1.000,1.000,1.492,-1.250,-1.250,-1.250,-1.250,-1.250,-1.250,-1.250,-1.250,-1.250,-1.250,-1.250,-1.250,-1.250,-0.603,1.000,45.476,45.492
COIN,2024-12-19,56,S,S,2.447,0.393,0.864,0.864,1.179,1.179,1.493,1.493,1.179,1.179,1.179,1.179,0.864,0.864,0.393,2.545,2.545,2.982,0.393,0.864,0.864,1.179,1.179,1.493,1.493,1.179,1.179,1.179,1.179,0.864,0.864,0.393,2.545,11.634,11.929
COIN,2024-12-23,12,S,C,2.432,3.970,3.824,3.824,3.727,3.727,3.630,3.630,3.735,3.735,3.939,3.939,4.142,4.142,3.970,9.041,9.041,9.424,3.970,3.824,3.824,3.727,3.727,3.630,3.630,3.735,3.735,3.939,3.939,4.142,4.142,3.970,11.288,11.288,11.439
COIN,2024-12-30,32,S,A,4.609,3.596,3.512,3.512,3.456,3.456,3.400,3.400,3.557,3.557,3.818,3.818,4.054,4.054,3.596,7.088,7.088,7.807,3.596,3.512,3.512,3.456,3.456,3.400,3.400,3.557,3.557,3.818,3.818,4.054,4.054,3.596,7.088,7.088,7.807
COIN,2025-01-03,8,L,C,0.943,-0.286,-0.104,-0.104,0.018,0.018,0.139,0.139,0.018,0.018,0.018,0.018,-0.104,-0.104,-0.286,2.107,5.631,5.917,-0.286,-0.104,-0.104,0.018,0.018,0.139,0.139,0.018,0.018,0.018,0.018,-0.104,-0.104,-0.286,2.107,11.500,11.786
COIN,2025-01-08,27,S,A,-1.000,-1.250,-1.250,-1.250,-1.250,-1.250,-1.250,-1.250,-1.250,-1.250,-1.250,-1.250,-1.250,-1.250,-0.409,-0.409,5.943,6.273,-1.250,-1.250,-1.250,-1.250,-1.250,-1.250,-1.250,-1.250,-1.250,-1.250,-1.250,-1.250,-1.250,-0.409,-0.409,8.989,9.125
COIN,2025-01-13,82,S,A,-1.000,4.465,4.465,4.465,4.465,4.465,4.465,4.465,4.465,4.465,4.465,4.465,4.465,4.465,4.465,4.465,4.465,4.930,4.500,-1.023,-1.023,-1.023,-1.023,-1.023,-1.023,-1.023,-1.023,-1.023,-1.023,-1.023,-1.023,4.500,10.814,10.814,11.302
COIN,2025-01-23,12,L,C,5.528,3.250,3.875,3.875,4.292,4.292,4.708,4.708,4.479,4.479,4.792,4.792,4.625,4.625,3.250,6.531,6.531,7.156,3.250,3.875,3.875,4.292,4.292,4.708,4.708,4.479,4.479,4.792,4.792,4.625,4.625,3.250,6.531,8.500,9.781
COIN,2025-01-24,15,L,A,-1.000,-1.250,-1.250,-1.250,-1.250,-1.250,-1.250,-1.250,-1.250,-1.250,-1.250,-1.250,-1.250,-1.250,-1.250,-1.250,7.443,8.137,-1.250,-1.250,-1.250,-1.250,-1.250,-1.250,-1.250,-1.250,-1.250,-1.250,-1.250,-1.250,-1.250,-1.250,-1.250,12.118,12.828
COIN,2025-01-28,9,S,A,1.177,-0.373,0.052,0.052,0.335,0.335,0.618,0.618,0.335,0.335,0.335,0.335,0.052,0.052,-0.373,1.309,1.309,1.358,-0.373,0.052,0.052,0.335,0.335,0.618,0.618,0.335,0.335,0.335,0.335,0.052,0.052,-0.373,1.309,1.309,1.358
COIN,2025-01-31,41,L,A,-1.000,-1.250,-1.250,-1.250,-1.250,-1.250,-1.250,-1.250,-1.250,-1.250,-1.250,-1.250,-1.250,-1.250,-1.250,-1.250,6.940,7.245,-1.250,-1.250,-1.250,-1.250,-1.250,-1.250,-1.250,-1.250,-1.250,-1.250,-1.250,-1.250,-1.250,-1.250,-1.250,6.969,7.245
COIN,2025-02-05,80,S,C,-1.000,-1.122,-1.122,-1.122,-1.122,-1.122,-1.122,-1.122,-1.122,-1.122,-1.122,-1.122,-1.122,-1.122,-0.683,-0.683,-0.683,-0.067,-1.122,-1.122,-1.122,-1.122,-1.122,-1.122,-1.122,-1.122,-1.122,-1.122,-1.122,-1.122,-1.122,-0.683,-0.683,7.341,7.716
COIN,2025-02-10,17,S,C,-1.000,-1.073,-1.073,-1.073,-1.073,-1.073,-1.073,-1.073,-1.073,-1.073,-1.073,-1.073,-1.073,-1.073,-1.073,-1.073,3.831,4.155,-1.073,-1.073,-1.073,-1.073,-1.073,-1.073,-1.073,-1.073,-1.073,-1.073,-1.073,-1.073,-1.073,-1.073,-1.073,3.831,4.155
COIN,2025-02-19,10,S,C,3.072,-0.292,0.696,0.696,1.354,1.354,2.012,2.012,2.427,2.427,2.212,2.212,1.983,1.983,-0.292,8.875,8.875,9.333,-0.292,0.696,0.696,1.354,1.354,2.012,2.012,2.427,2.427,2.212,2.212,1.983,1.983,-0.292,12.354,12.354,12.708
COIN,2025-02-20,82,S,C,-1.000,0.315,0.315,0.315,0.315,0.315,0.315,0.315,0.315,0.315,0.315,0.315,0.315,0.315,-0.185,1.926,1.926,2.630,0.315,-1.250,-1.250,-1.250,-1.250,-1.250,-1.250,-1.250,-1.250,-1.250,-1.250,-1.250,-1.250,-0.185,1.926,2.460,2.630
COIN,2025-03-04,41,S,C,-1.000,-1.050,-1.050,-1.050,-1.050,-1.050,-1.050,-1.050,-1.050,-1.050,-1.050,-1.050,-1.050,-1.050,-1.050,-1.050,4.660,5.820,-1.050,-1.050,-1.050,-1.050,-1.050,-1.050,-1.050,-1.050,-1.050,-1.050,-1.050,-1.050,-1.050,-1.050,-1.050,4.660,5.820
COIN,2025-03-06,29,L,A,2.856,10.661,7.989,7.989,6.208,6.208,4.426,4.426,4.542,4.542,3.743,3.743,4.292,4.292,10.661,13.542,13.542,14.186,10.661,7.989,7.989,6.208,6.208,4.426,4.426,4.542,4.542,3.743,3.743,4.292,4.292,10.661,13.542,13.542,14.186
COIN,2025-03-14,26,S,A,2.658,4.638,4.004,4.004,3.582,3.582,3.160,3.160,3.423,3.423,3.527,3.527,3.922,3.922,4.638,6.061,6.061,6.368,4.638,4.004,4.004,3.582,3.582,3.160,3.160,3.423,3.423,3.527,3.527,3.922,3.922,4.638,6.061,6.061,6.368
COIN,2025-03-31,9,S,A,2.141,1.762,2.037,2.037,2.220,2.220,2.404,2.404,2.220,2.220,2.220,2.220,2.037,2.037,1.762,3.619,3.619,4.048,1.762,2.037,2.037,2.220,2.220,2.404,2.404,2.220,2.220,2.220,2.220,2.037,2.037,1.762,3.619,3.619,4.048
COIN,2025-04-01,29,S,C,-1.000,0.595,-1.250,-1.250,-1.250,-1.250,-1.250,-1.250,-1.250,-1.250,-1.250,-1.250,-1.250,-1.250,0.595,4.459,4.459,5.851,0.595,-1.250,-1.250,-1.250,-1.250,-1.250,-1.250,-1.250,-1.250,-1.250,-1.250,-1.250,-1.250,0.595,4.459,5.189,5.851
COIN,2025-04-02,57,L,C,5.990,-0.063,0.818,0.818,0.818,0.818,0.818,0.818,0.818,0.818,0.818,0.818,0.818,0.818,-0.023,2.523,2.523,2.785,-0.063,9.015,9.015,8.676,8.676,8.338,8.338,7.295,7.295,6.667,6.667,6.001,6.001,-0.023,15.227,15.227,15.659
COIN,2025-04-08,67,S,C,-1.000,-1.250,-1.250,-1.250,-1.250,-1.250,-1.250,-1.250,-1.250,-1.250,-1.250,-1.250,-1.250,-1.250,-1.250,-1.250,5.150,5.275,-1.250,-1.250,-1.250,-1.250,-1.250,-1.250,-1.250,-1.250,-1.250,-1.250,-1.250,-1.250,-1.250,-1.250,-1.250,43.325,43.650
COIN,2025-04-10,20,L,S,-1.000,-0.727,-1.250,-1.250,-1.250,-1.250,-1.250,-1.250,-1.250,-1.250,-1.250,-1.250,-1.250,-1.250,-0.727,3.970,8.848,10.379,-0.727,-1.250,-1.250,-1.250,-1.250,-1.250,-1.250,-1.250,-1.250,-1.250,-1.250,-1.250,-1.250,-0.727,3.970,8.852,10.379
COIN,2025-04-15,25,L,C,-1.000,-1.250,-1.250,-1.250,-1.250,-1.250,-1.250,-1.250,-1.250,-1.250,-1.250,-1.250,-1.250,-1.250,-0.570,-0.570,-0.570,0.421,-1.250,-1.250,-1.250,-1.250,-1.250,-1.250,-1.250,-1.250,-1.250,-1.250,-1.250,-1.250,-1.250,-0.570,-0.570,-0.570,0.421
COIN,2025-04-16,16,L,A,-1.000,-1.067,-1.067,-1.067,-1.067,-1.067,-1.067,-1.067,-1.067,-1.067,-1.067,-1.067,-1.067,-1.067,-0.322,0.400,3.289,3.976,-1.067,-1.067,-1.067,-1.067,-1.067,-1.067,-1.067,-1.067,-1.067,-1.067,-1.067,-1.067,-1.067,-0.322,0.400,4.681,4.889
COIN,2025-05-09,16,L,C,2.000,-1.250,-0.421,-0.421,0.132,0.132,0.685,0.685,0.132,0.132,0.132,0.132,-0.421,-0.421,-1.250,4.662,4.765,5.382,-1.250,-0.421,-0.421,0.132,0.132,0.685,0.685,0.132,0.132,0.132,0.132,-0.421,-0.421,-1.250,4.662,4.765,5.382
COIN,2025-05-12,65,S,S,-1.000,-1.250,-1.250,-1.250,-1.250,-1.250,-1.250,-1.250,-1.250,-1.250,-1.250,-1.250,-1.250,-1.250,-0.667,0.840,0.840,0.911,-1.250,-1.250,-1.250,-1.250,-1.250,-1.250,-1.250,-1.250,-1.250,-1.250,-1.250,-1.250,-1.250,-0.667,0.840,3.689,3.956
COIN,2025-05-13,26,L,S,1.000,-0.015,0.448,0.448,0.758,0.758,1.067,1.067,0.758,0.758,0.758,0.758,0.448,0.448,-0.015,1.773,3.970,4.227,-0.015,0.448,0.448,0.758,0.758,1.067,1.067,0.758,0.758,0.758,0.758,0.448,0.448,-0.015,1.773,29.977,30.742
COIN,2025-05-29,45,S,S,1.826,4.279,4.788,4.788,5.128,5.128,5.467,5.467,5.058,5.058,5.216,5.216,4.921,4.921,4.279,8.430,8.430,9.581,4.279,4.788,4.788,5.128,5.128,5.467,5.467,5.058,5.058,5.216,5.216,4.921,4.921,4.279,16.070,16.070,16.372
COIN,2025-06-12,8,S,C,-1.000,-0.804,-1.250,-1.250,-1.250,-1.250,-1.250,-1.250,-1.250,-1.250,-1.250,-1.250,-1.250,-1.250,-0.118,2.294,2.353,2.647,-0.804,-1.250,-1.250,-1.250,-1.250,-1.250,-1.250,-1.250,-1.250,-1.250,-1.250,-1.250,-1.250,-0.118,2.294,10.627,10.871
COIN,2025-06-23,31,L,A,-1.000,-1.250,-1.250,-1.250,-1.250,-1.250,-1.250,-1.250,-1.250,-1.250,-1.250,-1.250,-1.250,-1.250,-1.250,0.096,7.801,8.041,-1.250,-1.250,-1.250,-1.250,-1.250,-1.250,-1.250,-1.250,-1.250,-1.250,-1.250,-1.250,-1.250,-1.250,0.096,7.801,8.041
COIN,2025-06-26,18,L,A,-1.000,-1.014,-1.014,-1.014,-1.014,-1.014,-1.014,-1.014,-1.014,-1.014,-1.014,-1.014,-1.014,-1.014,-0.445,1.312,7.018,7.450,-1.014,-1.014,-1.014,-1.014,-1.014,-1.014,-1.014,-1.014,-1.014,-1.014,-1.014,-1.014,-1.014,-0.445,1.312,13.390,13.899
COIN,2025-07-10,52,L,C,-1.000,-1.250,-1.250,-1.250,-1.250,-1.250,-1.250,-1.250,-1.250,-1.250,-1.250,-1.250,-1.250,-1.250,-1.250,0.588,5.757,6.122,-1.250,-1.250,-1.250,-1.250,-1.250,-1.250,-1.250,-1.250,-1.250,-1.250,-1.250,-1.250,-1.250,-1.250,0.588,20.228,20.486
COIN,2025-07-18,13,L,S,3.753,13.622,11.401,11.401,9.921,9.921,8.440,8.440,7.515,7.515,6.272,6.272,5.928,5.928,-0.012,16.366,16.366,16.957,13.622,11.401,11.401,9.921,9.921,8.440,8.440,7.515,7.515,6.272,6.272,5.928,5.928,-0.012,16.366,16.366,16.957
COIN,2025-07-21,27,L,C,-1.000,-1.250,-1.250,-1.250,-1.250,-1.250,-1.250,-1.250,-1.250,-1.250,-1.250,-1.250,-1.250,-1.250,-0.243,1.316,4.724,5.013,-1.250,-1.250,-1.250,-1.250,-1.250,-1.250,-1.250,-1.250,-1.250,-1.250,-1.250,-1.250,-1.250,-0.243,1.316,8.026,8.408
COIN,2025-07-25,38,S,A,1.232,-0.805,0.013,0.474,0.558,0.887,1.103,1.301,0.558,0.887,0.558,0.887,0.013,0.474,-0.146,2.183,2.183,2.238,-0.805,0.013,0.474,0.558,0.887,1.103,1.301,0.558,0.887,0.558,0.887,0.013,0.474,-0.146,2.183,2.183,2.238
COIN,2025-07-29,17,S,C,2.799,1.554,2.151,2.151,2.548,2.548,2.946,2.946,2.548,2.548,2.548,2.548,2.151,2.151,1.554,6.821,6.821,7.011,1.554,2.151,2.151,2.548,2.548,2.946,2.946,2.548,2.548,2.548,2.548,2.151,2.151,1.554,15.272,15.272,15.641
COIN,2025-08-11,40,L,C,3.728,-0.818,4.974,4.974,4.506,4.506,4.039,4.039,4.088,4.088,4.036,4.036,4.269,4.269,-0.091,9.952,9.952,10.234,-0.818,4.974,4.974,4.506,4.506,4.039,4.039,4.088,4.088,4.036,4.036,4.269,4.269,-0.091,9.952,9.952,10.234
COIN,2025-09-11,37,L,C,-1.000,-1.059,-1.059,-1.059,-1.059,-1.059,-1.059,-1.059,-1.059,-1.059,-1.059,-1.059,-1.059,-1.059,-0.102,0.578,10.695,10.823,-1.059,-1.059,-1.059,-1.059,-1.059,-1.059,-1.059,-1.059,-1.059,-1.059,-1.059,-1.059,-1.059,-0.102,0.578,10.695,11.017
COIN,2025-10-01,88,L,C,-1.000,0.764,0.764,0.764,0.764,0.764,0.764,0.764,0.764,0.764,0.764,0.764,0.764,0.764,0.764,0.764,0.764,1.022,-1.018,-1.018,-1.018,-1.018,-1.018,-1.018,-1.018,-1.018,-1.018,-1.018,-1.018,-1.018,-1.018,-0.327,0.818,4.000,4.563
COIN,2025-10-09,39,L,S,0.513,-0.329,-0.180,0.008,-0.081,0.054,0.019,0.099,-0.081,0.054,-0.081,0.054,-0.180,0.008,-0.060,0.705,0.705,1.117,-0.329,-0.180,0.008,-0.081,0.054,0.019,0.099,-0.081,0.054,-0.081,0.054,-0.180,0.008,-0.060,0.705,0.993,1.117
COIN,2025-10-14,13,S,A,-1.000,-1.250,-1.250,-1.250,-1.250,-1.250,-1.250,-1.250,-1.250,-1.250,-1.250,-1.250,-1.250,-1.250,-0.976,0.314,0.314,1.143,-1.250,-1.250,-1.250,-1.250,-1.250,-1.250,-1.250,-1.250,-1.250,-1.250,-1.250,-1.250,-1.250,-0.976,0.314,0.314,1.143
COIN,2025-10-16,36,S,C,-1.000,0.091,-1.250,-1.250,-1.250,-1.250,-1.250,-1.250,-1.250,-1.250,-1.250,-1.250,-1.250,-1.250,0.091,2.765,2.765,2.773,0.091,-1.250,-1.250,-1.250,-1.250,-1.250,-1.250,-1.250,-1.250,-1.250,-1.250,-1.250,-1.250,0.091,2.765,16.989,17.345
COIN,2025-10-22,18,S,C,0.967,-1.250,-1.090,-0.676,-0.984,-0.688,-0.877,-0.699,-0.984,-0.688,-0.984,-0.688,-1.090,-0.676,-0.717,0.211,17.316,17.342,-1.250,-1.090,-0.676,-0.984,-0.688,-0.877,-0.699,-0.984,-0.688,-0.984,-0.688,-1.090,-0.676,-0.717,0.211,20.868,21.171
COIN,2025-10-23,9,S,C,1.083,-1.000,-0.276,0.060,0.207,0.447,0.690,0.834,0.207,0.447,0.207,0.447,-0.276,0.060,-0.521,1.596,1.787,2.702,-1.000,-0.276,0.060,0.207,0.447,0.690,0.834,0.207,0.447,0.207,0.447,-0.276,0.060,-0.521,1.596,2.298,2.702
COIN,2025-11-07,16,S,A,-1.000,-0.471,-1.250,-1.250,-1.250,-1.250,-1.250,-1.250,-1.250,-1.250,-1.250,-1.250,-1.250,-1.250,-0.471,0.901,0.901,1.064,-0.471,-1.250,-1.250,-1.250,-1.250,-1.250,-1.250,-1.250,-1.250,-1.250,-1.250,-1.250,-1.250,-0.471,0.901,0.901,1.064
COIN,2025-11-26,14,L,C,1.593,-0.213,0.513,0.513,0.996,0.996,1.480,1.480,0.996,0.996,0.996,0.996,0.513,0.513,-0.213,2.779,2.794,3.147,-0.213,0.513,0.513,0.996,0.996,1.480,1.480,0.996,0.996,0.996,0.996,0.513,0.513,-0.213,2.779,12.889,13.121
COIN,2025-11-28,17,L,A,1.743,0.344,0.543,0.543,0.677,0.677,0.810,0.810,0.677,0.677,0.677,0.677,0.543,0.543,0.344,5.243,5.243,5.364,0.344,0.543,0.543,0.677,0.677,0.810,0.810,0.677,0.677,0.677,0.677,0.543,0.543,0.344,5.243,5.243,5.364
COIN,2025-12-02,14,S,A,1.170,-1.250,-1.250,-1.250,-1.250,-1.250,-1.250,-1.250,-1.250,-1.250,-1.250,-1.250,-1.250,-1.250,-0.040,1.800,1.800,2.700,-1.250,-1.250,-1.250,-1.250,-1.250,-1.250,-1.250,-1.250,-1.250,-1.250,-1.250,-1.250,-1.250,-0.040,1.800,5.580,5.580
COIN,2025-12-05,58,L,C,-1.000,0.685,-1.102,-1.102,-1.102,-1.102,-1.102,-1.102,-1.102,-1.102,-1.102,-1.102,-1.102,-1.102,0.685,2.370,2.370,2.722,0.685,-1.102,-1.102,-1.102,-1.102,-1.102,-1.102,-1.102,-1.102,-1.102,-1.102,-1.102,-1.102,0.685,2.370,2.370,2.722
COIN,2025-12-08,58,S,S,-1.000,-1.020,-1.020,-1.020,-1.020,-1.020,-1.020,-1.020,-1.020,-1.020,-1.020,-1.020,-1.020,-1.020,-0.240,-0.100,-0.100,1.280,-1.020,-1.020,-1.020,-1.020,-1.020,-1.020,-1.020,-1.020,-1.020,-1.020,-1.020,-1.020,-1.020,-0.240,-0.100,-0.100,1.280
COIN,2025-12-10,40,L,C,-1.000,-1.161,-1.161,-1.161,-1.161,-1.161,-1.161,-1.161,-1.161,-1.161,-1.161,-1.161,-1.161,-1.161,-0.393,1.212,1.212,1.232,-1.161,-1.161,-1.161,-1.161,-1.161,-1.161,-1.161,-1.161,-1.161,-1.161,-1.161,-1.161,-1.161,-0.393,1.212,6.451,7.541
COIN,2025-12-11,22,S,A,3.084,1.407,1.997,1.997,2.390,2.390,2.783,2.783,3.038,3.038,3.627,3.627,3.852,3.852,1.407,3.436,3.436,9.512,1.407,1.997,1.997,2.390,2.390,2.783,2.783,3.038,3.038,3.627,3.627,3.852,3.852,1.407,3.436,6.605,9.512
COIN,2025-12-24,11,S,C,-1.000,-1.250,-1.250,-1.250,-1.250,-1.250,-1.250,-1.250,-1.250,-1.250,-1.250,-1.250,-1.250,-1.250,-1.250,-1.250,4.976,5.390,-1.250,-1.250,-1.250,-1.250,-1.250,-1.250,-1.250,-1.250,-1.250,-1.250,-1.250,-1.250,-1.250,-1.250,-1.250,4.976,5.390
COIN,2026-01-21,20,S,C,0.613,-1.184,-0.685,0.015,-0.352,0.148,-0.019,0.281,-0.352,0.148,-0.352,0.148,-0.685,0.015,-0.184,1.143,1.143,1.735,-1.184,-0.685,0.015,-0.352,0.148,-0.019,0.281,-0.352,0.148,-0.352,0.148,-0.685,0.015,-0.184,1.143,10.418,10.531
COIN,2026-01-30,64,S,A,-1.000,-1.250,-1.250,-1.250,-1.250,-1.250,-1.250,-1.250,-1.250,-1.250,-1.250,-1.250,-1.250,-1.250,-1.250,-1.250,1.829,1.951,-1.250,-1.250,-1.250,-1.250,-1.250,-1.250,-1.250,-1.250,-1.250,-1.250,-1.250,-1.250,-1.250,-1.250,-1.250,14.463,14.488
COIN,2026-02-02,37,S,A,-1.000,-1.250,-1.250,-1.250,-1.250,-1.250,-1.250,-1.250,-1.250,-1.250,-1.250,-1.250,-1.250,-1.250,-0.513,0.947,0.947,1.684,-1.250,-1.250,-1.250,-1.250,-1.250,-1.250,-1.250,-1.250,-1.250,-1.250,-1.250,-1.250,-1.250,-0.513,0.947,0.947,1.684
COIN,2026-02-05,61,S,A,4.107,-0.625,0.323,0.323,0.955,0.955,1.588,1.588,2.112,2.112,3.005,3.005,3.398,3.398,-0.625,3.875,3.875,5.286,-0.625,0.323,0.323,0.955,0.955,1.588,1.588,2.112,2.112,3.005,3.005,3.398,3.398,-0.625,3.875,32.732,33.107
COIN,2026-02-10,14,L,A,-1.000,-1.250,-1.250,-1.250,-1.250,-1.250,-1.250,-1.250,-1.250,-1.250,-1.250,-1.250,-1.250,-1.250,-1.250,-1.250,9.710,10.516,-1.250,-1.250,-1.250,-1.250,-1.250,-1.250,-1.250,-1.250,-1.250,-1.250,-1.250,-1.250,-1.250,-1.250,-1.250,10.919,11.871
COIN,2026-02-11,13,S,S,3.842,6.760,5.676,5.676,4.953,4.953,4.230,4.230,4.263,4.263,4.049,4.049,4.320,4.320,-0.438,9.646,9.646,10.146,6.760,5.676,5.676,4.953,4.953,4.230,4.230,4.263,4.263,4.049,4.049,4.320,4.320,-0.438,12.708,12.708,13.063
COIN,2026-02-24,15,S,C,-1.000,-1.250,-1.250,-1.250,-1.250,-1.250,-1.250,-1.250,-1.250,-1.250,-1.250,-1.250,-1.250,-1.250,-0.690,0.595,1.698,1.965,-1.250,-1.250,-1.250,-1.250,-1.250,-1.250,-1.250,-1.250,-1.250,-1.250,-1.250,-1.250,-1.250,-0.690,0.595,1.698,1.965
COIN,2026-02-26,31,L,C,-1.000,-1.250,-1.250,-1.250,-1.250,-1.250,-1.250,-1.250,-1.250,-1.250,-1.250,-1.250,-1.250,-1.250,-0.809,-0.809,0.061,5.000,-1.250,-1.250,-1.250,-1.250,-1.250,-1.250,-1.250,-1.250,-1.250,-1.250,-1.250,-1.250,-1.250,-0.809,-0.809,0.061,5.000
COIN,2026-03-04,35,L,A,3.189,2.704,3.118,3.118,3.393,3.393,3.669,3.669,3.717,3.717,3.652,3.652,3.506,3.506,2.704,9.297,9.297,9.508,2.704,3.118,3.118,3.393,3.393,3.669,3.669,3.717,3.717,3.652,3.652,3.506,3.506,2.704,13.242,13.242,13.557
COIN,2026-03-05,27,L,C,1.789,-1.070,-0.414,-0.414,0.024,0.024,0.462,0.462,0.024,0.024,0.024,0.024,-0.414,-0.414,-1.070,2.655,2.655,2.803,-1.070,-0.414,-0.414,0.024,0.024,0.462,0.462,0.024,0.024,0.024,0.024,-0.414,-0.414,-1.070,2.655,2.655,2.803
COIN,2026-03-12,10,L,C,-1.000,-1.250,-1.250,-1.250,-1.250,-1.250,-1.250,-1.250,-1.250,-1.250,-1.250,-1.250,-1.250,-1.250,-0.148,0.916,0.916,1.934,-1.250,-1.250,-1.250,-1.250,-1.250,-1.250,-1.250,-1.250,-1.250,-1.250,-1.250,-1.250,-1.250,-0.148,0.916,2.197,2.607
COIN,2026-03-20,36,S,C,4.420,1.455,1.472,1.472,1.483,1.483,1.494,1.494,2.119,2.119,2.701,2.701,3.299,3.299,1.455,4.807,4.807,5.364,1.455,1.472,1.472,1.483,1.483,1.494,1.494,2.119,2.119,2.701,2.701,3.299,3.299,1.455,4.807,11.614,11.841
COIN,2026-04-06,31,S,C,-1.000,-0.786,-1.173,-1.173,-1.173,-1.173,-1.173,-1.173,-1.173,-1.173,-1.173,-1.173,-1.173,-1.173,-0.161,0.631,0.631,0.905,-0.786,-1.173,-1.173,-1.173,-1.173,-1.173,-1.173,-1.173,-1.173,-1.173,-1.173,-1.173,-1.173,-0.161,0.631,1.690,1.905
COIN,2026-04-14,36,L,C,3.306,-0.690,2.147,2.147,2.142,2.142,2.137,2.137,2.603,2.603,2.511,2.511,2.701,2.701,-0.293,3.569,3.569,4.034,-0.690,2.147,2.147,2.142,2.142,2.137,2.137,2.603,2.603,2.511,2.511,2.701,2.701,-0.293,3.569,3.814,4.034
COIN,2026-04-17,29,L,C,2.675,0.552,1.155,1.155,1.557,1.557,1.959,1.959,2.419,2.419,2.247,2.247,2.190,2.190,0.552,22.517,22.517,23.050,0.552,1.155,1.155,1.557,1.557,1.959,1.959,2.419,2.419,2.247,2.247,2.190,2.190,0.552,22.517,22.517,23.050
COIN,2026-04-20,32,L,C,2.990,0.720,1.378,1.378,1.817,1.817,2.256,2.256,2.637,2.637,2.473,2.473,2.362,2.362,-0.520,4.120,4.120,5.160,0.720,1.378,1.378,1.817,1.817,2.256,2.256,2.637,2.637,2.473,2.473,2.362,2.362,-0.520,4.120,17.560,17.700
COIN,2026-04-20,59,L,C,-1.000,-1.250,-1.250,-1.250,-1.250,-1.250,-1.250,-1.250,-1.250,-1.250,-1.250,-1.250,-1.250,-1.250,-0.264,1.127,1.127,1.309,-1.250,-1.250,-1.250,-1.250,-1.250,-1.250,-1.250,-1.250,-1.250,-1.250,-1.250,-1.250,-1.250,-0.264,1.127,13.545,13.673
COIN,2026-04-27,38,S,C,-1.000,-0.226,-1.250,-1.250,-1.250,-1.250,-1.250,-1.250,-1.250,-1.250,-1.250,-1.250,-1.250,-1.250,-0.226,1.856,1.856,3.262,-0.226,-1.250,-1.250,-1.250,-1.250,-1.250,-1.250,-1.250,-1.250,-1.250,-1.250,-1.250,-1.250,-0.226,1.856,7.833,8.167
COIN,2026-04-29,44,S,C,-1.000,-0.857,-1.250,-1.250,-1.250,-1.250,-1.250,-1.250,-1.250,-1.250,-1.250,-1.250,-1.250,-1.250,-0.339,1.321,4.268,5.000,-0.857,-1.250,-1.250,-1.250,-1.250,-1.250,-1.250,-1.250,-1.250,-1.250,-1.250,-1.250,-1.250,-0.339,1.321,4.464,5.643
COIN,2026-05-06,32,S,S,1.280,-0.606,-1.091,-1.091,-1.091,-1.091,-1.091,-1.091,-1.091,-1.091,-1.091,-1.091,-1.091,-1.091,-0.606,2.136,2.136,2.561,-0.606,-1.091,-1.091,-1.091,-1.091,-1.091,-1.091,-1.091,-1.091,-1.091,-1.091,-1.091,-1.091,-0.606,2.136,2.136,2.561
COIN,2026-05-12,10,L,C,-1.000,-1.250,-1.250,-1.250,-1.250,-1.250,-1.250,-1.250,-1.250,-1.250,-1.250,-1.250,-1.250,-1.250,-0.033,0.584,0.584,0.832,-1.250,-1.250,-1.250,-1.250,-1.250,-1.250,-1.250,-1.250,-1.250,-1.250,-1.250,-1.250,-1.250,-0.033,0.584,0.584,0.832
COIN,2026-05-20,55,L,C,-1.000,-0.112,-0.944,-0.944,-0.944,-0.944,-0.944,-0.944,-0.944,-0.944,-0.944,-0.944,-0.944,-0.944,-0.124,1.567,1.567,1.787,-0.112,-1.250,-1.250,-1.250,-1.250,-1.250,-1.250,-1.250,-1.250,-1.250,-1.250,-1.250,-1.250,-0.124,1.567,2.989,3.192
COIN,2026-05-26,66,S,S,-1.000,1.323,-1.161,-1.161,-1.161,-1.161,-1.161,-1.161,-1.161,-1.161,-1.161,-1.161,-1.161,-1.161,1.323,2.242,2.242,2.742,1.323,-1.161,-1.161,-1.161,-1.161,-1.161,-1.161,-1.161,-1.161,-1.161,-1.161,-1.161,-1.161,1.323,2.242,20.258,20.613
COIN,2026-06-16,13,L,C,0.724,-1.250,-1.059,-1.059,-0.931,-0.931,-0.804,-0.804,-0.931,-0.931,-0.931,-0.931,-1.059,-1.059,-0.367,1.041,1.041,2.245,-1.250,-1.059,-1.059,-0.931,-0.931,-0.804,-0.804,-0.931,-0.931,-0.931,-0.931,-1.059,-1.059,-0.367,1.041,1.041,2.245
COIN,2026-06-18,17,S,A,1.654,-1.250,-0.956,-0.350,-0.760,-0.327,-0.563,-0.304,-0.760,-0.327,-0.760,-0.327,-0.956,-0.350,-0.269,3.577,3.577,3.846,-1.250,-0.956,-0.350,-0.760,-0.327,-0.563,-0.304,-0.760,-0.327,-0.760,-0.327,-0.956,-0.350,-0.269,3.577,15.269,15.885
COIN,2026-07-02,17,L,C,-1.000,-1.250,-1.250,-1.250,-1.250,-1.250,-1.250,-1.250,-1.250,-1.250,-1.250,-1.250,-1.250,-1.250,-1.250,-1.250,4.119,4.571,-1.250,-1.250,-1.250,-1.250,-1.250,-1.250,-1.250,-1.250,-1.250,-1.250,-1.250,-1.250,-1.250,-1.250,-1.250,4.119,4.571
COIN,2026-07-08,65,S,A,7.171,2.768,4.075,4.075,4.946,4.946,5.818,5.818,5.254,5.254,5.639,5.639,5.114,5.114,2.768,9.429,9.429,10.500,2.768,4.075,4.075,4.946,4.946,5.818,5.818,5.254,5.254,5.639,5.639,5.114,5.114,2.768,9.429,9.429,10.500
COIN,2026-07-20,24,S,S,2.613,1.396,1.589,1.589,1.717,1.717,1.845,1.845,2.368,2.368,2.238,2.238,2.370,2.370,1.396,4.132,4.132,4.434,1.396,1.589,1.589,1.717,1.717,1.845,1.845,2.368,2.368,2.238,2.238,2.370,2.370,1.396,4.132,4.132,4.434
COIN,2026-07-24,5,S,A,2.264,2.095,1.978,1.978,1.901,1.901,1.824,1.824,2.377,2.377,2.282,2.282,2.550,2.550,2.095,8.330,8.330,8.585,2.095,1.978,1.978,1.901,1.901,1.824,1.824,2.377,2.377,2.282,2.282,2.550,2.550,2.095,8.330,8.330,8.585
COIN,2026-07-31,14,S,A,1.769,4.124,3.316,3.316,2.776,2.776,2.237,2.237,2.745,2.745,2.927,2.927,3.541,3.541,4.124,4.848,4.848,5.037,4.124,3.316,3.316,2.776,2.776,2.237,2.237,2.745,2.745,2.927,2.927,3.541,3.541,4.124,4.848,4.848,5.037
COIN,2026-08-10,17,S,C,3.590,4.774,4.561,4.561,4.419,4.419,4.277,4.277,4.226,4.226,4.310,4.310,4.397,4.397,4.774,6.806,6.806,7.645,4.774,4.561,4.561,4.419,4.419,4.277,4.277,4.226,4.226,4.310,4.310,4.397,4.397,4.774,6.806,6.806,7.645
HOOD,2024-11-11,26,L,S,0.875,-1.250,-1.250,-1.250,-1.250,-1.250,-1.250,-1.250,-1.250,-1.250,-1.250,-1.250,-1.250,-1.250,-1.250,0.979,5.417,5.542,-1.250,-1.250,-1.250,-1.250,-1.250,-1.250,-1.250,-1.250,-1.250,-1.250,-1.250,-1.250,-1.250,-1.250,0.979,6.252,6.583
HOOD,2024-11-18,8,L,C,9.500,4.000,4.327,4.327,4.545,4.545,4.764,4.764,4.545,4.545,4.745,4.745,4.627,4.627,4.000,12.300,12.300,13.150,4.000,4.327,4.327,4.545,4.545,4.764,4.764,4.545,4.545,4.745,4.745,4.627,4.627,4.000,19.800,19.800,20.150
HOOD,2024-11-22,14,S,C,0.972,-0.167,0.300,0.300,0.611,0.611,0.922,0.922,0.611,0.611,0.611,0.611,0.300,0.300,-0.167,2.472,2.472,2.556,-0.167,0.300,0.300,0.611,0.611,0.922,0.922,0.611,0.611,0.611,0.611,0.300,0.300,-0.167,2.472,2.472,2.556
HOOD,2024-12-09,16,L,A,1.226,0.381,0.625,0.625,0.787,0.787,0.950,0.950,0.787,0.787,0.787,0.787,0.625,0.625,-0.167,1.476,1.476,1.857,0.381,0.625,0.625,0.787,0.787,0.950,0.950,0.787,0.787,0.787,0.787,0.625,0.625,-0.167,1.476,1.476,1.857
HOOD,2025-01-10,16,S,A,4.254,-0.111,4.276,4.276,4.424,4.424,4.571,4.571,4.410,4.410,4.601,4.601,4.543,4.543,-0.111,5.444,5.444,5.889,-0.111,4.276,4.276,4.424,4.424,4.571,4.571,4.410,4.410,4.601,4.601,4.543,4.543,-0.111,5.444,5.444,5.889
HOOD,2025-01-22,28,L,C,-1.000,-1.250,-1.250,-1.250,-1.250,-1.250,-1.250,-1.250,-1.250,-1.250,-1.250,-1.250,-1.250,-1.250,-0.970,-0.970,2.200,2.400,-1.250,-1.250,-1.250,-1.250,-1.250,-1.250,-1.250,-1.250,-1.250,-1.250,-1.250,-1.250,-1.250,-0.970,-0.970,4.098,4.500
HOOD,2025-01-24,36,L,C,-1.000,0.065,-1.250,-1.250,-1.250,-1.250,-1.250,-1.250,-1.250,-1.250,-1.250,-1.250,-1.250,-1.250,0.065,1.364,1.364,1.909,0.065,-1.250,-1.250,-1.250,-1.250,-1.250,-1.250,-1.250,-1.250,-1.250,-1.250,-1.250,-1.250,0.065,1.364,5.591,5.818
HOOD,2025-02-03,30,L,A,1.267,0.159,0.252,0.252,0.313,0.313,0.374,0.374,0.313,0.313,0.313,0.313,0.252,0.252,0.159,2.333,9.600,9.933,0.159,0.252,0.252,0.313,0.313,0.374,0.374,0.313,0.313,0.313,0.313,0.252,0.252,0.159,2.333,12.633,12.800
HOOD,2025-02-05,11,L,C,1.000,-0.250,-1.250,-1.250,-1.250,-1.250,-1.250,-1.250,-1.250,-1.250,-1.250,-1.250,-1.250,-1.250,-0.500,1.708,7.945,8.250,-0.250,-1.250,-1.250,-1.250,-1.250,-1.250,-1.250,-1.250,-1.250,-1.250,-1.250,-1.250,-1.250,-0.500,1.708,13.667,13.833
HOOD,2025-02-13,14,L,C,-1.000,-1.250,-1.250,-1.250,-1.250,-1.250,-1.250,-1.250,-1.250,-1.250,-1.250,-1.250,-1.250,-1.250,-0.362,-0.362,-0.241,0.133,-1.250,-1.250,-1.250,-1.250,-1.250,-1.250,-1.250,-1.250,-1.250,-1.250,-1.250,-1.250,-1.250,-0.362,-0.362,-0.241,0.133
HOOD,2025-02-14,46,L,C,3.250,4.909,4.186,4.186,3.705,3.705,3.223,3.223,3.477,3.477,3.541,3.541,3.941,3.941,-0.682,7.977,7.977,8.181,4.909,4.186,4.186,3.705,3.705,3.223,3.223,3.477,3.477,3.541,3.541,3.941,3.941,-0.682,7.977,7.977,8.181
HOOD,2025-02-24,17,S,C,1.750,13.750,11.584,11.584,10.141,10.141,8.697,8.697,7.703,7.703,6.441,6.441,6.034,6.034,13.750,23.437,23.437,23.875,13.750,11.584,11.584,10.141,10.141,8.697,8.697,7.703,7.703,6.441,6.441,6.034,6.034,13.750,23.437,23.437,23.875
HOOD,2025-02-25,30,S,A,1.108,4.068,3.528,3.528,3.169,3.169,2.809,2.809,3.152,3.152,3.342,3.342,3.788,3.788,4.068,5.892,5.892,6.703,4.068,3.528,3.528,3.169,3.169,2.809,2.809,3.152,3.152,3.342,3.342,3.788,3.788,4.068,6.243,6.243,6.703
HOOD,2025-03-04,44,S,C,1.529,1.769,2.398,2.398,2.817,2.817,3.237,3.237,3.375,3.375,3.263,3.263,3.067,3.067,1.769,5.038,5.038,5.269,1.769,2.398,2.398,2.817,2.817,3.237,3.237,3.375,3.375,3.263,3.263,3.067,3.067,1.769,5.038,5.038,5.269
HOOD,2025-03-05,16,S,C,-1.000,-1.231,-1.231,-1.231,-1.231,-1.231,-1.231,-1.231,-1.231,-1.231,-1.231,-1.231,-1.231,-1.231,-1.231,2.324,2.705,3.471,-1.231,-1.231,-1.231,-1.231,-1.231,-1.231,-1.231,-1.231,-1.231,-1.231,-1.231,-1.231,-1.231,-1.231,2.324,2.705,3.471
HOOD,2025-03-17,67,L,A,7.557,3.765,5.235,5.235,5.235,5.235,5.235,5.235,5.235,5.235,5.235,5.235,5.235,5.235,3.765,5.471,5.471,5.588,3.765,7.847,7.847,7.118,7.118,6.388,6.388,5.882,5.882,5.341,5.341,5.182,5.182,3.765,20.324,20.324,20.353
HOOD,2025-04-02,14,L,C,5.167,2.774,3.982,3.982,4.787,4.787,5.592,5.592,5.093,5.093,5.477,5.477,5.017,5.017,2.774,9.600,9.600,10.000,2.774,3.982,3.982,4.787,4.787,5.592,5.592,5.093,5.093,5.477,5.477,5.017,5.017,2.774,9.600,14.323,14.486
HOOD,2025-04-10,60,L,C,3.022,1.913,1.839,1.839,1.789,1.789,1.739,1.739,2.311,2.311,2.206,2.206,2.465,2.465,1.913,4.457,4.457,4.913,1.913,1.839,1.839,1.789,1.789,1.739,1.739,2.311,2.311,2.206,2.206,2.465,2.465,1.913,4.457,4.457,4.913
HOOD,2025-04-15,12,L,C,1.371,0.242,1.050,1.050,1.589,1.589,2.127,2.127,1.589,1.589,1.589,1.589,1.050,1.050,0.242,2.935,2.935,3.226,0.242,1.050,1.050,1.589,1.589,2.127,2.127,1.589,1.589,1.589,1.589,1.050,1.050,0.242,2.935,2.935,3.226
HOOD,2025-04-24,34,L,C,0.809,3.459,2.921,-0.026,2.563,0.458,2.205,0.941,2.698,0.458,2.979,0.458,3.546,-0.026,-0.752,5.929,5.929,6.536,3.459,2.921,-0.026,2.563,0.458,2.205,0.941,2.698,0.458,2.979,0.458,3.546,-0.026,-0.752,7.508,7.508,7.571
HOOD,2025-05-05,55,L,C,3.567,2.200,2.241,2.241,2.268,2.268,2.296,2.296,2.718,2.718,2.628,2.628,2.781,2.781,-0.533,3.607,3.607,4.132,2.200,2.241,2.241,2.268,2.268,2.296,2.296,2.718,2.718,2.628,2.628,2.781,2.781,-0.533,7.130,7.130,7.200
HOOD,2025-05-07,43,L,C,3.563,-0.597,3.567,3.567,3.662,3.662,3.757,3.757,3.806,3.806,4.092,4.092,4.212,4.212,-0.319,8.550,8.550,9.300,-0.597,3.567,3.567,3.662,3.662,3.757,3.757,3.806,3.806,4.092,4.092,4.212,4.212,-0.319,8.550,8.550,9.300
HOOD,2025-06-03,62,L,A,-1.000,-1.250,-1.250,-1.250,-1.250,-1.250,-1.250,-1.250,-1.250,-1.250,-1.250,-1.250,-1.250,-1.250,-0.231,0.156,3.769,3.885,-1.250,-1.250,-1.250,-1.250,-1.250,-1.250,-1.250,-1.250,-1.250,-1.250,-1.250,-1.250,-1.250,-0.231,0.156,16.692,17.077
HOOD,2025-06-05,10,L,C,-1.000,-1.250,-1.250,-1.250,-1.250,-1.250,-1.250,-1.250,-1.250,-1.250,-1.250,-1.250,-1.250,-1.250,-0.711,0.737,9.868,10.316,-1.250,-1.250,-1.250,-1.250,-1.250,-1.250,-1.250,-1.250,-1.250,-1.250,-1.250,-1.250,-1.250,-0.711,0.737,12.947,13.316
HOOD,2025-06-10,12,L,C,-1.000,-1.105,-1.105,-1.105,-1.105,-1.105,-1.105,-1.105,-1.105,-1.105,-1.105,-1.105,-1.105,-1.105,-1.105,-1.105,2.105,3.211,-1.105,-1.105,-1.105,-1.105,-1.105,-1.105,-1.105,-1.105,-1.105,-1.105,-1.105,-1.105,-1.105,-1.105,-1.105,2.105,3.211
HOOD,2025-07-01,35,L,A,2.450,-0.800,0.700,1.225,1.700,2.075,2.700,2.925,2.900,3.087,2.660,2.885,2.140,2.440,-0.050,4.400,4.400,5.500,-0.800,0.700,1.225,1.700,2.075,2.700,2.925,2.900,3.087,2.660,2.885,2.140,2.440,-0.050,4.400,4.400,5.500
HOOD,2025-07-02,9,L,C,10.074,6.738,6.930,6.930,7.057,7.057,7.185,7.185,6.373,6.373,6.162,6.162,5.587,5.587,6.738,31.393,31.393,32.478,6.738,6.930,6.930,7.057,7.057,7.185,7.185,6.373,6.373,6.162,6.162,5.587,5.587,6.738,32.261,32.261,32.609
HOOD,2025-07-08,29,S,C,-1.000,-1.250,-1.194,-1.194,-1.194,-1.194,-1.194,-1.194,-1.194,-1.194,-1.194,-1.194,-1.194,-1.194,-0.435,-0.162,9.935,10.000,-1.250,-1.194,-1.194,-1.194,-1.194,-1.194,-1.194,-1.194,-1.194,-1.194,-1.194,-1.194,-1.194,-0.435,-0.162,9.935,10.000
HOOD,2025-07-17,15,L,A,3.524,8.287,6.308,6.308,4.989,4.989,3.669,3.669,3.917,3.917,3.474,3.474,4.036,4.036,8.287,10.714,10.714,11.333,8.287,6.308,6.308,4.989,4.989,3.669,3.669,3.917,3.917,3.474,3.474,4.036,4.036,8.287,11.881,11.881,12.046
HOOD,2025-07-18,51,L,S,-1.000,-1.176,-1.176,-1.176,-1.176,-1.176,-1.176,-1.176,-1.176,-1.176,-1.176,-1.176,-1.176,-1.176,-0.688,1.176,1.176,4.412,-1.176,-1.176,-1.176,-1.176,-1.176,-1.176,-1.176,-1.176,-1.176,-1.176,-1.176,-1.176,-1.176,-0.688,1.176,1.176,4.412
HOOD,2025-07-23,47,S,C,-1.000,-1.250,-1.250,-1.250,-1.250,-1.250,-1.250,-1.250,-1.250,-1.250,-1.250,-1.250,-1.250,-1.250,-1.250,1.937,3.658,4.368,-1.250,-1.250,-1.250,-1.250,-1.250,-1.250,-1.250,-1.250,-1.250,-1.250,-1.250,-1.250,-1.250,-1.250,1.937,5.895,6.684
HOOD,2025-07-24,24,S,C,0.472,3.260,2.222,2.222,1.530,1.530,0.838,0.838,1.715,1.715,2.026,2.026,2.966,2.966,-0.200,5.760,5.760,6.160,3.260,2.222,2.222,1.530,1.530,0.838,0.838,1.715,1.715,2.026,2.026,2.966,2.966,-0.200,5.760,5.760,6.160
HOOD,2025-07-31,22,L,A,4.151,7.300,5.830,5.830,4.850,4.850,3.870,3.870,4.025,4.025,3.730,3.730,4.150,4.150,7.300,14.433,14.433,15.033,7.300,5.830,5.830,4.850,4.850,3.870,3.870,4.025,4.025,3.730,3.730,4.150,4.150,7.300,14.433,14.433,15.033
HOOD,2025-08-01,9,S,C,7.133,7.677,8.654,8.654,9.305,9.305,9.957,9.957,8.386,8.386,8.034,8.034,6.748,6.748,7.677,17.400,17.400,18.000,7.677,8.654,8.654,9.305,9.305,9.957,9.957,8.386,8.386,8.034,8.034,6.748,6.748,7.677,17.400,17.400,18.000
HOOD,2025-08-07,38,L,C,-1.000,-1.250,-1.250,-1.250,-1.250,-1.250,-1.250,-1.250,-1.250,-1.250,-1.250,-1.250,-1.250,-1.250,-0.676,-0.676,2.679,2.905,-1.250,-1.250,-1.250,-1.250,-1.250,-1.250,-1.250,-1.250,-1.250,-1.250,-1.250,-1.250,-1.250,-0.676,-0.676,4.024,4.344
HOOD,2025-08-08,12,L,C,4.969,17.365,13.858,13.858,11.520,11.520,9.182,9.182,8.179,8.179,6.374,6.374,6.139,6.139,17.365,21.399,21.399,21.850,17.365,13.858,13.858,11.520,11.520,9.182,9.182,8.179,8.179,6.374,6.374,6.139,6.139,17.365,21.399,21.399,21.850
HOOD,2025-08-12,33,S,A,2.114,0.023,0.323,0.323,0.523,0.523,0.723,0.723,0.523,0.523,0.523,0.523,0.323,0.323,0.023,5.682,5.682,6.227,0.023,0.323,0.323,0.523,0.523,0.723,0.723,0.523,0.523,0.523,0.523,0.323,0.323,0.023,5.682,5.682,6.227
HOOD,2025-08-14,19,S,C,-1.000,-1.250,-1.250,-1.250,-1.250,-1.250,-1.250,-1.250,-1.250,-1.250,-1.250,-1.250,-1.250,-1.250,-0.471,-0.471,-0.471,0.232,-1.250,-1.250,-1.250,-1.250,-1.250,-1.250,-1.250,-1.250,-1.250,-1.250,-1.250,-1.250,-1.250,-0.471,-0.471,0.529,1.000
HOOD,2025-08-22,32,L,C,4.046,3.745,3.407,3.407,3.182,3.182,2.957,2.957,3.246,3.246,3.484,3.484,3.860,3.860,3.745,12.000,12.000,12.234,3.745,3.407,3.407,3.182,3.182,2.957,2.957,3.246,3.246,3.484,3.484,3.860,3.860,3.745,12.883,12.883,13.005
HOOD,2025-08-26,77,L,C,1.291,0.444,1.161,1.161,1.638,1.638,2.116,2.116,1.638,1.638,1.638,1.638,1.161,1.161,0.444,3.208,3.208,3.333,0.444,1.161,1.161,1.638,1.638,2.116,2.116,1.638,1.638,1.638,1.638,1.161,1.161,0.444,3.208,10.556,11.166
HOOD,2025-08-29,45,S,C,-1.000,-1.250,-1.250,-1.250,-1.250,-1.250,-1.250,-1.250,-1.250,-1.250,-1.250,-1.250,-1.250,-1.250,-1.250,0.288,0.288,1.800,-1.250,-1.250,-1.250,-1.250,-1.250,-1.250,-1.250,-1.250,-1.250,-1.250,-1.250,-1.250,-1.250,-1.250,0.288,0.288,1.800
HOOD,2025-09-22,80,L,C,-1.000,-0.500,-0.500,-0.500,-0.500,-0.500,-0.500,-0.500,-0.500,-0.500,-0.500,-0.500,-0.500,-0.500,-0.533,0.333,0.333,0.667,-1.033,-1.033,-1.033,-1.033,-1.033,-1.033,-1.033,-1.033,-1.033,-1.033,-1.033,-1.033,-1.033,-0.533,0.400,7.600,8.633
HOOD,2025-09-26,40,S,C,-1.000,-1.179,-1.179,-1.179,-1.179,-1.179,-1.179,-1.179,-1.179,-1.179,-1.179,-1.179,-1.179,-1.179,-0.411,0.714,4.643,4.850,-1.179,-1.179,-1.179,-1.179,-1.179,-1.179,-1.179,-1.179,-1.179,-1.179,-1.179,-1.179,-1.179,-0.411,0.714,5.893,6.286
HOOD,2025-10-01,21,L,C,-1.000,-1.250,-1.250,-1.250,-1.250,-1.250,-1.250,-1.250,-1.250,-1.250,-1.250,-1.250,-1.250,-1.250,-0.739,0.630,0.630,0.687,-1.250,-1.250,-1.250,-1.250,-1.250,-1.250,-1.250,-1.250,-1.250,-1.250,-1.250,-1.250,-1.250,-0.739,0.630,0.630,0.687
HOOD,2025-10-08,29,S,C,-1.000,-1.250,-1.250,-1.250,-1.250,-1.250,-1.250,-1.250,-1.250,-1.250,-1.250,-1.250,-1.250,-1.250,-1.250,-1.250,-1.978,0.565,-1.250,-1.250,-1.250,-1.250,-1.250,-1.250,-1.250,-1.250,-1.250,-1.250,-1.250,-1.250,-1.250,-1.250,-1.250,-1.978,0.565
HOOD,2025-10-13,15,S,A,5.733,1.583,2.063,2.063,2.383,2.383,2.703,2.703,2.987,2.987,3.550,3.550,3.813,3.813,1.583,16.567,16.567,17.167,1.583,2.063,2.063,2.383,2.383,2.703,2.703,2.987,2.987,3.550,3.550,3.813,3.813,1.583,17.400,17.400,18.267
HOOD,2025-10-22,12,S,C,-1.000,-1.250,-1.250,-1.250,-1.250,-1.250,-1.250,-1.250,-1.250,-1.250,-1.250,-1.250,-1.250,-1.250,-0.545,-0.545,30.350,30.900,-1.250,-1.250,-1.250,-1.250,-1.250,-1.250,-1.250,-1.250,-1.250,-1.250,-1.250,-1.250,-1.250,-0.545,-0.545,39.550,41.000
HOOD,2025-11-17,30,S,C,10.534,8.208,8.483,8.483,8.667,8.667,8.850,8.850,7.615,7.615,7.183,7.183,6.258,6.258,-0.375,14.750,14.750,15.762,8.208,8.483,8.483,8.667,8.667,8.850,8.850,7.615,7.615,7.183,7.183,6.258,6.258,-0.375,30.492,30.492,31.208
HOOD,2025-11-18,41,S,C,-1.000,-1.250,-1.250,-1.250,-1.250,-1.250,-1.250,-1.250,-1.250,-1.250,-1.250,-1.250,-1.250,-1.250,-1.250,0.583,2.800,3.200,-1.250,-1.250,-1.250,-1.250,-1.250,-1.250,-1.250,-1.250,-1.250,-1.250,-1.250,-1.250,-1.250,-1.250,0.583,2.800,3.200
HOOD,2025-11-21,39,S,C,6.901,14.395,11.624,11.624,9.776,9.776,7.929,7.929,7.178,7.178,5.818,5.818,5.687,5.687,14.395,23.053,23.053,24.368,14.395,11.624,11.624,9.776,9.776,7.929,7.929,7.178,7.178,5.818,5.818,5.687,5.687,14.395,23.053,23.053,24.526
HOOD,2025-11-28,38,L,C,-1.000,-1.250,-1.250,-1.250,-1.250,-1.250,-1.250,-1.250,-1.250,-1.250,-1.250,-1.250,-1.250,-1.250,-0.523,0.150,4.675,5.250,-1.250,-1.250,-1.250,-1.250,-1.250,-1.250,-1.250,-1.250,-1.250,-1.250,-1.250,-1.250,-1.250,-0.523,0.150,4.675,5.250
HOOD,2025-12-01,20,L,C,5.233,-1.250,0.680,0.945,1.966,2.155,3.252,3.366,3.278,3.373,4.266,4.304,4.130,4.167,-0.871,6.690,6.690,7.636,-1.250,0.680,0.945,1.966,2.155,3.252,3.366,3.278,3.373,4.266,4.304,4.130,4.167,-0.871,6.690,6.690,7.636
HOOD,2026-01-28,54,S,C,5.899,2.293,2.765,2.765,2.765,2.765,2.765,2.765,2.765,2.765,2.765,2.765,2.765,2.765,2.293,3.324,3.324,3.500,2.293,3.803,3.803,3.868,3.868,3.932,3.932,3.868,3.868,3.868,3.868,3.803,3.803,2.293,6.029,6.029,6.794
HOOD,2026-02-02,35,S,C,-1.000,-1.030,-1.030,-1.030,-1.030,-1.030,-1.030,-1.030,-1.030,-1.030,-1.030,-1.030,-1.030,-1.030,-1.030,-1.030,-0.530,0.606,-1.030,-1.030,-1.030,-1.030,-1.030,-1.030,-1.030,-1.030,-1.030,-1.030,-1.030,-1.030,-1.030,-1.030,-1.030,5.424,5.606
HOOD,2026-02-17,9,L,A,-1.000,-1.019,-1.019,-1.019,-1.019,-1.019,-1.019,-1.019,-1.019,-1.019,-1.019,-1.019,-1.019,-1.019,-1.019,-1.019,-1.019,0.250,-1.019,-1.019,-1.019,-1.019,-1.019,-1.019,-1.019,-1.019,-1.019,-1.019,-1.019,-1.019,-1.019,-1.019,-1.019,1.537,1.635
HOOD,2026-02-26,34,L,C,-1.000,-0.636,-1.250,-1.250,-1.250,-1.250,-1.250,-1.250,-1.250,-1.250,-1.250,-1.250,-1.250,-1.250,-0.636,1.840,2.960,3.120,-0.636,-1.250,-1.250,-1.250,-1.250,-1.250,-1.250,-1.250,-1.250,-1.250,-1.250,-1.250,-1.250,-0.636,1.840,6.680,6.874
HOOD,2026-03-12,41,L,C,-1.000,-1.033,-1.033,-1.033,-1.033,-1.033,-1.033,-1.033,-1.033,-1.033,-1.033,-1.033,-1.033,-1.033,-0.075,1.000,1.000,1.467,-1.033,-1.033,-1.033,-1.033,-1.033,-1.033,-1.033,-1.033,-1.033,-1.033,-1.033,-1.033,-1.033,-0.075,1.000,1.000,1.467
HOOD,2026-03-13,38,S,C,1.000,0.519,-0.030,-0.030,0.048,0.048,0.127,0.127,0.048,0.048,0.048,0.048,-0.030,-0.030,-0.037,1.574,5.556,5.815,0.519,-0.030,-0.030,0.048,0.048,0.127,0.127,0.048,0.048,0.048,0.048,-0.030,-0.030,-0.037,1.574,8.815,8.870
HOOD,2026-03-17,56,L,C,-1.000,0.042,5.333,5.333,5.333,5.333,5.333,5.333,5.333,5.333,5.333,5.333,5.333,5.333,-0.625,5.333,5.333,5.708,0.042,-1.250,-1.250,-1.250,-1.250,-1.250,-1.250,-1.250,-1.250,-1.250,-1.250,-1.250,-1.250,-0.625,5.333,7.458,7.500
HOOD,2026-03-20,38,S,C,0.417,-0.083,0.025,0.006,0.097,0.083,0.169,0.161,0.097,0.083,0.097,0.083,0.025,0.006,-0.806,0.625,0.625,0.889,-0.083,0.025,0.006,0.097,0.083,0.169,0.161,0.097,0.083,0.097,0.083,0.025,0.006,-0.806,0.625,4.639,5.000
HOOD,2026-03-30,35,S,C,-1.000,-1.250,-1.250,-1.250,-1.250,-1.250,-1.250,-1.250,-1.250,-1.250,-1.250,-1.250,-1.250,-1.250,0.000,0.462,1.308,1.923,-1.250,-1.250,-1.250,-1.250,-1.250,-1.250,-1.250,-1.250,-1.250,-1.250,-1.250,-1.250,-1.250,0.000,0.462,20.231,20.731
HOOD,2026-04-06,44,L,C,1.097,1.154,1.327,1.327,1.442,1.442,1.558,1.558,1.442,1.442,1.442,1.442,1.327,1.327,-0.364,2.297,2.297,2.442,1.154,1.327,1.327,1.442,1.442,1.558,1.558,1.442,1.442,1.442,1.442,1.327,1.327,-0.364,2.297,3.615,3.731
HOOD,2026-04-14,41,L,C,4.789,6.038,6.258,6.258,6.404,6.404,6.550,6.550,5.894,5.894,5.788,5.788,5.335,5.335,6.038,8.456,8.456,8.692,6.038,6.258,6.258,6.404,6.404,6.550,6.550,5.894,5.894,5.788,5.788,5.335,5.335,6.038,10.154,10.154,10.308
HOOD,2026-04-15,44,L,A,-1.000,-1.130,-1.130,-1.130,-1.130,-1.130,-1.130,-1.130,-1.130,-1.130,-1.130,-1.130,-1.130,-1.130,-0.305,0.783,2.087,2.478,-1.130,-1.130,-1.130,-1.130,-1.130,-1.130,-1.130,-1.130,-1.130,-1.130,-1.130,-1.130,-1.130,-0.305,0.783,8.739,9.261
HOOD,2026-04-20,12,L,C,4.112,4.600,4.446,4.446,4.343,4.343,4.240,4.240,4.193,4.193,4.303,4.303,4.386,4.386,4.600,6.157,6.157,6.371,4.600,4.446,4.446,4.343,4.343,4.240,4.240,4.193,4.193,4.303,4.303,4.386,4.386,4.600,6.157,6.157,6.371
HOOD,2026-05-26,22,S,S,1.374,-0.533,-0.328,-0.328,-0.192,-0.192,-0.055,-0.055,-0.192,-0.192,-0.192,-0.192,-0.328,-0.328,-0.050,1.548,1.548,2.000,-0.533,-0.328,-0.328,-0.192,-0.192,-0.055,-0.055,-0.192,-0.192,-0.192,-0.192,-0.328,-0.328,-0.050,1.548,3.167,3.217
HOOD,2026-06-09,13,L,C,5.464,10.000,8.189,8.189,6.982,6.982,5.775,5.775,5.482,5.482,4.782,4.782,4.889,4.889,10.000,14.429,14.429,15.071,10.000,8.189,8.189,6.982,6.982,5.775,5.775,5.482,5.482,4.782,4.782,4.889,4.889,10.000,14.429,14.429,15.071
HOOD,2026-06-10,28,L,C,-1.000,-1.250,-1.250,-1.250,-1.250,-1.250,-1.250,-1.250,-1.250,-1.250,-1.250,-1.250,-1.250,-1.250,-0.193,1.758,1.758,2.325,-1.250,-1.250,-1.250,-1.250,-1.250,-1.250,-1.250,-1.250,-1.250,-1.250,-1.250,-1.250,-1.250,-0.193,1.758,1.758,2.325
HOOD,2026-06-22,11,L,C,2.819,3.027,3.537,3.537,3.876,3.876,4.216,4.216,4.119,4.119,4.465,4.465,4.420,4.420,-0.150,6.600,6.600,7.125,3.027,3.537,3.537,3.876,3.876,4.216,4.216,4.119,4.119,4.465,4.465,4.420,4.420,-0.150,6.600,6.600,7.125
HOOD,2026-06-25,23,S,C,3.955,1.136,2.070,2.070,2.693,2.693,3.316,3.316,3.409,3.409,4.039,4.039,4.089,4.089,1.136,4.740,4.740,5.955,1.136,2.070,2.070,2.693,2.693,3.316,3.316,3.409,3.409,4.039,4.039,4.089,4.089,1.136,4.740,5.500,5.955
HOOD,2026-07-01,19,L,C,4.983,7.067,6.437,6.437,6.017,6.017,5.597,5.597,5.250,5.250,4.990,4.990,4.897,4.897,7.067,9.899,9.899,10.067,7.067,6.437,6.437,6.017,6.017,5.597,5.597,5.250,5.250,4.990,4.990,4.897,4.897,7.067,20.917,20.917,21.567
HOOD,2026-07-14,47,S,C,-1.000,-1.250,-1.250,-1.250,-1.250,-1.250,-1.250,-1.250,-1.250,-1.250,-1.250,-1.250,-1.250,-1.250,-0.054,0.703,1.149,1.622,-1.250,-1.250,-1.250,-1.250,-1.250,-1.250,-1.250,-1.250,-1.250,-1.250,-1.250,-1.250,-1.250,-0.054,0.703,4.270,4.595
HOOD,2026-07-28,20,S,A,1.318,2.773,3.023,3.023,3.189,3.189,3.356,3.356,3.496,3.496,3.435,3.435,3.391,3.391,2.773,4.318,4.318,4.818,2.773,3.023,3.023,3.189,3.189,3.356,3.356,3.496,3.496,3.435,3.435,3.391,3.391,2.773,4.318,4.318,4.818
HOOD,2026-07-29,20,S,A,5.357,16.929,12.482,12.482,9.518,9.518,6.554,6.554,6.286,6.286,4.546,4.546,5.025,5.025,16.929,17.786,17.786,18.714,16.929,12.482,12.482,9.518,9.518,6.554,6.554,6.286,6.286,4.546,4.546,5.025,5.025,16.929,17.786,17.786,18.714
HOOD,2026-08-07,45,L,C,4.163,4.029,3.754,3.754,3.571,3.571,3.389,3.389,3.564,3.564,3.760,3.760,4.037,4.037,4.029,6.000,6.000,6.600,4.029,3.754,3.754,3.571,3.571,3.389,3.389,3.564,3.564,3.760,3.760,4.037,4.037,4.029,6.000,6.000,6.600
IREN,2025-09-10,13,L,C,-1.000,-1.083,-1.083,-1.083,-1.083,-1.083,-1.083,-1.083,-1.083,-1.083,-1.083,-1.083,-1.083,-1.083,-1.083,-1.083,8.666,9.083,-1.083,-1.083,-1.083,-1.083,-1.083,-1.083,-1.083,-1.083,-1.083,-1.083,-1.083,-1.083,-1.083,-1.083,-1.083,16.500,16.500
IREN,2025-09-25,77,L,C,1.196,-0.087,0.177,0.177,0.353,0.353,0.529,0.529,0.353,0.353,0.353,0.353,0.177,0.177,-0.087,2.043,2.043,2.913,-0.087,0.177,0.177,0.353,0.353,0.529,0.529,0.353,0.353,0.353,0.353,0.177,0.177,-0.087,2.043,2.043,2.913
IREN,2025-10-01,46,L,C,-1.000,0.187,3.281,3.281,3.281,3.281,3.281,3.281,3.281,3.281,3.281,3.281,3.281,3.281,0.187,3.625,3.625,4.062,0.187,-1.122,-1.122,-1.122,-1.122,-1.122,-1.122,-1.122,-1.122,-1.122,-1.122,-1.122,-1.122,0.187,3.625,4.031,4.437
IREN,2025-10-14,11,S,C,-1.000,-1.028,-1.028,-1.028,-1.028,-1.028,-1.028,-1.028,-1.028,-1.028,-1.028,-1.028,-1.028,-1.028,0.000,1.225,1.225,1.300,-1.028,-1.028,-1.028,-1.028,-1.028,-1.028,-1.028,-1.028,-1.028,-1.028,-1.028,-1.028,-1.028,0.000,1.225,1.225,1.300
IREN,2025-10-24,33,L,A,6.500,4.250,4.625,4.625,4.875,4.875,5.125,5.125,4.813,4.813,4.975,4.975,4.775,4.775,-0.250,10.583,10.583,10.917,4.250,4.625,4.625,4.875,4.875,5.125,5.125,4.813,4.813,4.975,4.975,4.775,4.775,-0.250,10.583,14.500,16.000
IREN,2025-10-27,43,L,A,-1.000,-1.250,-1.250,-1.250,-1.250,-1.250,-1.250,-1.250,-1.250,-1.250,-1.250,-1.250,-1.250,-1.250,0.000,0.708,0.708,1.458,-1.250,-1.250,-1.250,-1.250,-1.250,-1.250,-1.250,-1.250,-1.250,-1.250,-1.250,-1.250,-1.250,0.000,0.708,0.708,1.458
IREN,2025-10-28,48,L,C,-1.000,-1.250,-1.250,-1.250,-1.250,-1.250,-1.250,-1.250,-1.250,-1.250,-1.250,-1.250,-1.250,-1.250,-1.250,4.500,4.500,5.000,-1.250,-1.250,-1.250,-1.250,-1.250,-1.250,-1.250,-1.250,-1.250,-1.250,-1.250,-1.250,-1.250,-1.250,4.500,16.400,19.199
IREN,2025-10-30,11,S,C,-1.000,-1.250,-1.250,-1.250,-1.250,-1.250,-1.250,-1.250,-1.250,-1.250,-1.250,-1.250,-1.250,-1.250,-1.250,-1.250,0.189,2.438,-1.250,-1.250,-1.250,-1.250,-1.250,-1.250,-1.250,-1.250,-1.250,-1.250,-1.250,-1.250,-1.250,-1.250,-1.250,2.125,2.438
IREN,2025-10-31,64,S,S,-1.000,-1.250,-1.250,-1.250,-1.250,-1.250,-1.250,-1.250,-1.250,-1.250,-1.250,-1.250,-1.250,-1.250,-0.091,-0.091,-0.091,0.273,-1.250,-1.250,-1.250,-1.250,-1.250,-1.250,-1.250,-1.250,-1.250,-1.250,-1.250,-1.250,-1.250,-0.091,-0.091,18.636,19.273
IREN,2025-11-07,15,S,C,-1.000,-0.061,-1.250,-1.250,-1.250,-1.250,-1.250,-1.250,-1.250,-1.250,-1.250,-1.250,-1.250,-1.250,-0.061,2.812,2.818,2.939,-0.061,-1.250,-1.250,-1.250,-1.250,-1.250,-1.250,-1.250,-1.250,-1.250,-1.250,-1.250,-1.250,-0.061,2.812,4.621,4.848
IREN,2025-11-10,31,S,C,-1.000,-1.250,-1.250,-1.250,-1.250,-1.250,-1.250,-1.250,-1.250,-1.250,-1.250,-1.250,-1.250,-1.250,-1.250,-1.250,16.652,16.870,-1.250,-1.250,-1.250,-1.250,-1.250,-1.250,-1.250,-1.250,-1.250,-1.250,-1.250,-1.250,-1.250,-1.250,-1.250,24.608,25.174
IREN,2025-11-12,6,S,C,2.001,1.336,1.523,1.523,1.647,1.647,1.772,1.772,2.313,2.313,2.180,2.180,2.322,2.322,1.336,15.048,15.048,15.143,1.336,1.523,1.523,1.647,1.647,1.772,1.772,2.313,2.313,2.180,2.180,2.322,2.322,1.336,18.047,18.047,18.286
IREN,2025-11-13,12,S,C,1.928,-1.250,-1.034,-1.034,-0.891,-0.891,-0.747,-0.747,-0.891,-0.891,-0.891,-0.891,-1.034,-1.034,-0.531,3.563,11.344,12.594,-1.250,-1.034,-1.034,-0.891,-0.891,-0.747,-0.747,-0.891,-0.891,-0.891,-0.891,-1.034,-1.034,-0.531,3.563,21.625,22.125
IREN,2025-11-28,12,L,C,-1.000,-1.250,-1.250,-1.250,-1.250,-1.250,-1.250,-1.250,-1.250,-1.250,-1.250,-1.250,-1.250,-1.250,-0.667,-0.216,-0.216,0.513,-1.250,-1.250,-1.250,-1.250,-1.250,-1.250,-1.250,-1.250,-1.250,-1.250,-1.250,-1.250,-1.250,-0.667,-0.216,-0.216,0.513
IREN,2025-12-01,10,L,A,2.860,7.167,6.567,6.567,6.167,6.167,5.767,5.767,5.375,5.375,5.100,5.100,4.967,4.967,-0.729,9.833,9.833,10.833,7.167,6.567,6.567,6.167,6.167,5.767,5.767,5.375,5.375,5.100,5.100,4.967,4.967,-0.729,9.833,19.992,20.583
IREN,2025-12-15,39,S,C,2.681,2.143,2.314,0.315,2.429,1.000,2.543,1.686,2.893,1.000,3.371,1.000,3.729,0.315,-0.714,5.857,5.857,6.071,2.143,2.314,0.315,2.429,1.000,2.543,1.686,2.893,1.000,3.371,1.000,3.729,0.315,-0.714,5.857,7.607,7.643
IREN,2025-12-16,19,S,A,-1.000,-1.250,-1.250,-1.250,-1.250,-1.250,-1.250,-1.250,-1.250,-1.250,-1.250,-1.250,-1.250,-1.250,-0.731,-0.731,7.937,8.500,-1.250,-1.250,-1.250,-1.250,-1.250,-1.250,-1.250,-1.250,-1.250,-1.250,-1.250,-1.250,-1.250,-0.731,-0.731,7.937,8.500
IREN,2025-12-30,78,S,C,-1.000,-1.250,-1.250,-1.250,-1.250,-1.250,-1.250,-1.250,-1.250,-1.250,-1.250,-1.250,-1.250,-1.250,-0.900,0.294,0.294,0.766,-1.250,-1.250,-1.250,-1.250,-1.250,-1.250,-1.250,-1.250,-1.250,-1.250,-1.250,-1.250,-1.250,-0.900,0.294,7.850,8.150
IREN,2026-01-05,19,L,A,2.287,-0.364,-0.174,-0.174,-0.047,-0.047,0.079,0.079,-0.047,-0.047,-0.047,-0.047,-0.174,-0.174,-0.364,4.182,16.818,18.273,-0.364,-0.174,-0.174,-0.047,-0.047,0.079,0.079,-0.047,-0.047,-0.047,-0.047,-0.174,-0.174,-0.364,4.182,27.818,28.091
IREN,2026-01-07,20,L,C,-1.000,-1.250,-1.250,-1.250,-1.250,-1.250,-1.250,-1.250,-1.250,-1.250,-1.250,-1.250,-1.250,-1.250,-0.142,1.750,1.750,2.286,-1.250,-1.250,-1.250,-1.250,-1.250,-1.250,-1.250,-1.250,-1.250,-1.250,-1.250,-1.250,-1.250,-0.142,1.750,1.750,2.286
IREN,2026-01-09,35,L,C,6.226,13.625,11.347,11.347,9.828,9.828,8.309,8.309,7.422,7.422,6.178,6.178,5.872,5.872,-0.094,18.875,18.875,20.125,13.625,11.347,11.347,9.828,9.828,8.309,8.309,7.422,7.422,6.178,6.178,5.872,5.872,-0.094,18.875,18.875,20.125
IREN,2026-01-23,7,S,C,0.646,0.188,0.756,0.756,1.135,1.135,1.515,1.515,1.135,1.135,1.135,1.135,0.756,0.756,-0.229,2.208,2.208,2.558,0.188,0.756,0.756,1.135,1.135,1.515,1.515,1.135,1.135,1.135,1.135,0.756,0.756,-0.229,2.208,2.208,2.558
IREN,2026-01-26,12,L,C,-1.000,-1.250,-1.250,-1.250,-1.250,-1.250,-1.250,-1.250,-1.250,-1.250,-1.250,-1.250,-1.250,-1.250,-0.514,1.809,1.809,1.943,-1.250,-1.250,-1.250,-1.250,-1.250,-1.250,-1.250,-1.250,-1.250,-1.250,-1.250,-1.250,-1.250,-0.514,1.809,1.809,1.943
IREN,2026-01-28,33,L,C,-1.000,-1.250,-1.250,-1.250,-1.250,-1.250,-1.250,-1.250,-1.250,-1.250,-1.250,-1.250,-1.250,-1.250,-0.149,-0.149,1.605,1.933,-1.250,-1.250,-1.250,-1.250,-1.250,-1.250,-1.250,-1.250,-1.250,-1.250,-1.250,-1.250,-1.250,-0.149,-0.149,6.433,6.633
IREN,2026-02-02,18,S,C,-1.000,-1.067,-1.067,-1.067,-1.067,-1.067,-1.067,-1.067,-1.067,-1.067,-1.067,-1.067,-1.067,-1.067,-0.639,-0.639,7.167,8.133,-1.067,-1.067,-1.067,-1.067,-1.067,-1.067,-1.067,-1.067,-1.067,-1.067,-1.067,-1.067,-1.067,-0.639,-0.639,7.167,8.133
IREN,2026-02-03,73,S,C,-1.000,-1.250,-1.250,-1.250,-1.250,-1.250,-1.250,-1.250,-1.250,-1.250,-1.250,-1.250,-1.250,-1.250,-1.250,-1.250,-1.071,0.143,-1.250,-1.250,-1.250,-1.250,-1.250,-1.250,-1.250,-1.250,-1.250,-1.250,-1.250,-1.250,-1.250,-1.250,-1.250,27.763,28.000
IREN,2026-02-10,9,L,S,-1.000,-1.250,-1.250,-1.250,-1.250,-1.250,-1.250,-1.250,-1.250,-1.250,-1.250,-1.250,-1.250,-1.250,-1.250,2.286,2.286,3.143,-1.250,-1.250,-1.250,-1.250,-1.250,-1.250,-1.250,-1.250,-1.250,-1.250,-1.250,-1.250,-1.250,-1.250,2.286,2.286,3.143
IREN,2026-02-12,13,S,C,-1.000,-0.201,-1.250,-1.250,-1.250,-1.250,-1.250,-1.250,-1.250,-1.250,-1.250,-1.250,-1.250,-1.250,-0.201,1.808,3.269,3.615,-0.201,-1.250,-1.250,-1.250,-1.250,-1.250,-1.250,-1.250,-1.250,-1.250,-1.250,-1.250,-1.250,-0.201,1.808,9.615,10.000
IREN,2026-02-20,38,L,C,-1.000,-1.250,-1.250,-1.250,-1.250,-1.250,-1.250,-1.250,-1.250,-1.250,-1.250,-1.250,-1.250,-1.250,-0.627,0.657,0.657,0.686,-1.250,-1.250,-1.250,-1.250,-1.250,-1.250,-1.250,-1.250,-1.250,-1.250,-1.250,-1.250,-1.250,-0.627,0.657,0.657,0.686
IREN,2026-02-24,13,L,S,3.316,3.368,3.643,3.643,3.825,3.825,4.008,4.008,3.983,3.983,4.278,4.278,4.321,4.321,3.368,17.842,17.842,18.579,3.368,3.643,3.643,3.825,3.825,4.008,4.008,3.983,3.983,4.278,4.278,4.321,4.321,3.368,18.368,18.368,18.579
IREN,2026-03-10,10,L,C,2.180,1.520,1.742,1.742,1.890,1.890,2.038,2.038,2.510,2.510,2.386,2.386,2.486,2.486,1.520,4.080,4.080,4.760,1.520,1.742,1.742,1.890,1.890,2.038,2.038,2.510,2.510,2.386,2.386,2.486,2.486,1.520,4.080,4.080,4.760
IREN,2026-03-16,77,S,C,-1.000,-1.091,-1.091,-1.091,-1.091,-1.091,-1.091,-1.091,-1.091,-1.091,-1.091,-1.091,-1.091,-1.091,-0.091,2.773,2.773,3.727,-1.091,-1.091,-1.091,-1.091,-1.091,-1.091,-1.091,-1.091,-1.091,-1.091,-1.091,-1.091,-1.091,-0.091,2.773,3.182,3.727
IREN,2026-03-25,75,S,C,-1.000,-1.250,-1.250,-1.250,-1.250,-1.250,-1.250,-1.250,-1.250,-1.250,-1.250,-1.250,-1.250,-1.250,0.000,1.227,1.227,2.091,-1.250,-1.250,-1.250,-1.250,-1.250,-1.250,-1.250,-1.250,-1.250,-1.250,-1.250,-1.250,-1.250,0.000,1.227,11.500,11.864
IREN,2026-03-26,38,S,C,1.458,1.083,1.683,1.683,2.083,2.083,2.483,2.483,2.083,2.083,2.083,2.083,1.683,1.683,1.083,3.250,8.583,9.583,1.083,1.683,1.683,2.083,2.083,2.483,2.483,2.083,2.083,2.083,2.083,1.683,1.683,1.083,3.250,19.500,19.750
IREN,2026-03-27,10,S,C,5.348,8.545,8.982,8.982,9.273,9.273,9.564,9.564,8.136,8.136,7.655,7.655,6.555,6.555,8.545,14.955,14.955,16.000,8.545,8.982,8.982,9.273,9.273,9.564,9.564,8.136,8.136,7.655,7.655,6.555,6.555,8.545,20.045,20.045,20.727
IREN,2026-03-30,35,S,C,-1.000,-1.250,-1.250,-1.250,-1.250,-1.250,-1.250,-1.250,-1.250,-1.250,-1.250,-1.250,-1.250,-1.250,-0.100,0.300,10.500,11.600,-1.250,-1.250,-1.250,-1.250,-1.250,-1.250,-1.250,-1.250,-1.250,-1.250,-1.250,-1.250,-1.250,-0.100,0.300,31.750,31.800
IREN,2026-04-28,28,S,A,3.692,5.923,5.346,5.346,4.962,4.962,4.577,4.577,4.481,4.481,4.392,4.392,4.492,4.492,5.923,15.346,15.346,15.615,5.923,5.346,5.346,4.962,4.962,4.577,4.577,4.481,4.481,4.392,4.392,4.492,4.492,5.923,15.346,15.346,15.615
IREN,2026-05-08,27,S,C,-1.000,-1.250,-1.250,-1.250,-1.250,-1.250,-1.250,-1.250,-1.250,-1.250,-1.250,-1.250,-1.250,-1.250,-0.250,3.225,3.225,4.900,-1.250,-1.250,-1.250,-1.250,-1.250,-1.250,-1.250,-1.250,-1.250,-1.250,-1.250,-1.250,-1.250,-0.250,3.225,14.350,14.850
IREN,2026-05-11,13,L,A,3.393,4.071,4.618,4.618,4.982,4.982,5.346,5.346,4.964,4.964,5.154,5.154,4.875,4.875,4.071,7.321,7.321,7.786,4.071,4.618,4.618,4.982,4.982,5.346,5.346,4.964,4.964,5.154,5.154,4.875,4.875,4.071,23.746,23.746,24.000
IREN,2026-05-21,9,L,A,3.300,4.900,3.986,3.986,3.377,3.377,2.768,2.768,3.152,3.152,3.217,3.217,3.746,3.746,4.900,6.520,6.520,7.320,4.900,3.986,3.986,3.377,3.377,2.768,2.768,3.152,3.152,3.217,3.217,3.746,3.746,4.900,12.560,12.560,12.800
IREN,2026-05-27,26,L,A,13.917,16.500,14.342,14.342,14.958,14.958,15.575,15.575,14.958,14.958,14.958,14.958,14.342,14.342,16.500,22.917,22.917,25.250,16.500,14.342,14.342,14.958,14.958,15.575,15.575,14.958,14.958,14.958,14.958,14.342,14.342,16.500,22.917,51.292,52.048
IREN,2026-06-02,11,L,C,3.750,2.511,3.290,3.290,3.809,3.809,4.328,4.328,3.809,3.809,3.809,3.809,3.290,3.290,2.511,9.500,9.500,9.821,2.511,3.290,3.290,3.809,3.809,4.328,4.328,3.809,3.809,3.809,3.809,3.290,3.290,2.511,9.500,9.500,9.821
IREN,2026-06-03,9,L,C,-1.000,-1.250,-1.250,-1.250,-1.250,-1.250,-1.250,-1.250,-1.250,-1.250,-1.250,-1.250,-1.250,-1.250,-1.250,0.917,0.917,1.278,-1.250,-1.250,-1.250,-1.250,-1.250,-1.250,-1.250,-1.250,-1.250,-1.250,-1.250,-1.250,-1.250,-1.250,0.917,0.917,1.278
IREN,2026-06-11,8,S,C,-1.000,-1.250,-1.250,-1.250,-1.250,-1.250,-1.250,-1.250,-1.250,-1.250,-1.250,-1.250,-1.250,-1.250,-1.250,-1.250,0.917,2.749,-1.250,-1.250,-1.250,-1.250,-1.250,-1.250,-1.250,-1.250,-1.250,-1.250,-1.250,-1.250,-1.250,-1.250,-1.250,0.917,2.749
IREN,2026-06-24,50,S,S,-1.000,-1.172,-1.172,-1.172,-1.172,-1.172,-1.172,-1.172,-1.172,-1.172,-1.172,-1.172,-1.172,-1.172,-0.003,-0.003,-0.003,0.793,-1.172,-1.172,-1.172,-1.172,-1.172,-1.172,-1.172,-1.172,-1.172,-1.172,-1.172,-1.172,-1.172,-0.003,-0.003,8.603,8.655
IREN,2026-06-26,6,S,C,0.407,0.144,0.258,0.258,0.335,0.335,0.411,0.411,0.335,0.335,0.335,0.335,0.258,0.258,0.144,0.712,0.712,0.949,0.144,0.258,0.258,0.335,0.335,0.411,0.411,0.335,0.335,0.335,0.335,0.258,0.258,0.144,0.712,0.712,0.949
IREN,2026-07-02,18,S,A,-1.000,-1.250,-1.250,-1.250,-1.250,-1.250,-1.250,-1.250,-1.250,-1.250,-1.250,-1.250,-1.250,-1.250,-0.834,0.889,13.444,13.944,-1.250,-1.250,-1.250,-1.250,-1.250,-1.250,-1.250,-1.250,-1.250,-1.250,-1.250,-1.250,-1.250,-0.834,0.889,25.028,25.500
IREN,2026-07-14,48,S,C,-1.000,-1.250,-1.250,-1.250,-1.250,-1.250,-1.250,-1.250,-1.250,-1.250,-1.250,-1.250,-1.250,-1.250,-0.158,0.342,0.526,1.000,-1.250,-1.250,-1.250,-1.250,-1.250,-1.250,-1.250,-1.250,-1.250,-1.250,-1.250,-1.250,-1.250,-0.158,0.342,5.175,5.474
IREN,2026-07-15,75,S,C,-1.000,-0.294,-1.088,-1.088,-1.088,-1.088,-1.088,-1.088,-1.088,-1.088,-1.088,-1.088,-1.088,-1.088,-0.294,1.647,1.647,1.765,-0.294,-1.088,-1.088,-1.088,-1.088,-1.088,-1.088,-1.088,-1.088,-1.088,-1.088,-1.088,-1.088,-0.294,1.647,5.843,6.272
IREN,2026-07-16,23,S,A,1.708,-1.083,-0.108,0.651,0.543,1.084,1.193,1.518,1.813,2.084,2.776,2.884,3.242,3.351,0.000,3.833,7.754,8.333,-1.083,-0.108,0.651,0.543,1.084,1.193,1.518,1.813,2.084,2.776,2.884,3.242,3.351,0.000,3.833,15.917,16.166
IREN,2026-07-28,20,S,C,1.798,1.445,1.436,1.436,1.431,1.431,1.425,1.425,1.431,1.431,1.431,1.431,1.436,1.436,1.445,3.937,3.937,4.125,1.445,1.436,1.436,1.431,1.431,1.425,1.425,1.431,1.431,1.431,1.431,1.436,1.436,1.445,3.937,3.937,4.125
IREN,2026-08-03,10,L,A,4.364,8.519,6.944,6.944,5.894,5.894,4.844,4.844,4.764,4.764,4.287,4.287,4.533,4.533,8.519,10.154,10.154,10.459,8.519,6.944,6.944,5.894,5.894,4.844,4.844,4.764,4.764,4.287,4.287,4.533,4.533,8.519,10.154,10.154,10.459
AVGO,2024-09-06,51,S,C,7.156,-0.188,4.203,4.203,5.172,5.172,6.141,6.141,5.484,5.484,5.872,5.872,5.253,5.253,-0.217,8.309,8.309,8.438,-0.188,4.203,4.203,5.172,5.172,6.141,6.141,5.484,5.484,5.872,5.872,5.253,5.253,-0.217,8.309,8.309,8.438
AVGO,2024-09-09,23,S,C,-1.000,-1.250,-1.250,-1.250,-1.250,-1.250,-1.250,-1.250,-1.250,-1.250,-1.250,-1.250,-1.250,-1.250,-0.267,1.033,8.533,8.700,-1.250,-1.250,-1.250,-1.250,-1.250,-1.250,-1.250,-1.250,-1.250,-1.250,-1.250,-1.250,-1.250,-0.267,1.033,8.933,9.333
AVGO,2024-09-26,13,L,C,-1.000,-0.766,-1.111,-1.111,-1.111,-1.111,-1.111,-1.111,-1.111,-1.111,-1.111,-1.111,-1.111,-1.111,-0.278,0.722,1.130,1.574,-0.766,-1.111,-1.111,-1.111,-1.111,-1.111,-1.111,-1.111,-1.111,-1.111,-1.111,-1.111,-1.111,-0.278,0.722,1.130,1.574
AVGO,2024-09-30,52,S,C,-1.000,-1.175,-1.175,-1.175,-1.175,-1.175,-1.175,-1.175,-1.175,-1.175,-1.175,-1.175,-1.175,-1.175,-0.150,1.533,1.533,1.600,-1.175,-1.175,-1.175,-1.175,-1.175,-1.175,-1.175,-1.175,-1.175,-1.175,-1.175,-1.175,-1.175,-0.150,1.533,1.533,1.600
AVGO,2024-10-15,8,S,S,2.892,4.041,4.251,4.251,4.392,4.392,4.532,4.532,4.382,4.382,4.576,4.576,4.527,4.527,4.041,18.000,18.000,18.283,4.041,4.251,4.251,4.392,4.392,4.532,4.532,4.382,4.382,4.576,4.576,4.527,4.527,4.041,18.000,18.000,18.283
AVGO,2024-11-07,18,L,C,1.837,2.075,2.150,2.150,2.200,2.200,2.250,2.250,2.200,2.200,2.200,2.200,2.150,2.150,-0.600,4.317,4.317,4.380,2.075,2.150,2.150,2.200,2.200,2.250,2.250,2.200,2.200,2.200,2.200,2.150,2.150,-0.600,4.317,4.317,4.380
AVGO,2024-11-13,5,S,S,-1.000,-1.250,-1.250,-1.250,-1.250,-1.250,-1.250,-1.250,-1.250,-1.250,-1.250,-1.250,-1.250,-1.250,-1.250,-1.250,2.786,2.952,-1.250,-1.250,-1.250,-1.250,-1.250,-1.250,-1.250,-1.250,-1.250,-1.250,-1.250,-1.250,-1.250,-1.250,-1.250,3.357,3.476
AVGO,2024-11-21,67,S,C,-1.000,0.741,-1.148,-1.148,-1.148,-1.148,-1.148,-1.148,-1.148,-1.148,-1.148,-1.148,-1.148,-1.148,0.741,1.533,1.533,2.148,0.741,-1.148,-1.148,-1.148,-1.148,-1.148,-1.148,-1.148,-1.148,-1.148,-1.148,-1.148,-1.148,0.741,1.533,1.533,2.148
AVGO,2024-12-06,31,L,C,2.377,4.731,4.604,4.604,4.519,4.519,4.435,4.435,4.337,4.337,4.427,4.427,4.465,4.465,-0.577,6.857,6.857,6.885,4.731,4.604,4.604,4.519,4.519,4.435,4.435,4.337,4.337,4.427,4.427,4.465,4.465,-0.577,28.738,28.738,28.885
AVGO,2024-12-09,69,L,C,-1.000,0.321,-1.250,-1.250,-1.250,-1.250,-1.250,-1.250,-1.250,-1.250,-1.250,-1.250,-1.250,-1.250,0.321,2.357,2.357,2.518,0.321,-1.250,-1.250,-1.250,-1.250,-1.250,-1.250,-1.250,-1.250,-1.250,-1.250,-1.250,-1.250,0.321,2.357,2.357,2.518
AVGO,2024-12-16,15,L,C,1.795,5.050,4.317,4.317,3.828,3.828,3.339,3.339,3.565,3.565,3.608,3.608,3.987,3.987,5.050,6.607,6.607,6.769,5.050,4.317,4.317,3.828,3.828,3.339,3.339,3.565,3.565,3.608,3.608,3.987,3.987,5.050,6.607,10.261,10.667
AVGO,2024-12-31,79,S,C,-1.000,-0.362,0.537,0.537,0.537,0.537,0.537,0.537,0.537,0.537,0.537,0.537,0.537,0.537,-0.210,0.537,0.537,0.879,-0.362,-1.028,-1.028,-1.028,-1.028,-1.028,-1.028,-1.028,-1.028,-1.028,-1.028,-1.028,-1.028,-0.210,3.180,7.043,7.483
AVGO,2025-01-02,56,S,C,-1.000,0.664,-1.250,-1.250,-1.250,-1.250,-1.250,-1.250,-1.250,-1.250,-1.250,-1.250,-1.250,-1.250,-0.021,2.396,2.396,2.887,0.664,-1.250,-1.250,-1.250,-1.250,-1.250,-1.250,-1.250,-1.250,-1.250,-1.250,-1.250,-1.250,-0.021,2.396,10.708,10.976
AVGO,2025-01-10,85,S,C,-1.000,3.250,3.250,3.250,3.250,3.250,3.250,3.250,3.250,3.250,3.250,3.250,3.250,3.250,3.250,3.250,3.250,4.150,2.100,-1.100,-1.100,-1.100,-1.100,-1.100,-1.100,-1.100,-1.100,-1.100,-1.100,-1.100,-1.100,2.100,4.575,4.575,4.675
AVGO,2025-01-31,44,L,S,3.000,4.879,3.817,3.817,3.109,3.109,2.402,2.402,2.890,2.890,2.958,2.958,3.590,3.590,-0.880,9.920,9.920,10.000,4.879,3.817,3.817,3.109,3.109,2.402,2.402,2.890,2.890,2.958,2.958,3.590,3.590,-0.880,11.499,11.499,11.600
AVGO,2025-02-03,33,L,A,0.537,-0.704,-0.501,-0.501,-0.366,-0.366,-0.231,-0.231,-0.366,-0.366,-0.366,-0.366,-0.501,-0.501,-0.155,1.535,4.556,5.085,-0.704,-0.501,-0.501,-0.366,-0.366,-0.231,-0.231,-0.366,-0.366,-0.366,-0.366,-0.501,-0.501,-0.155,1.535,5.007,5.180
AVGO,2025-02-12,21,L,C,0.583,-0.333,-0.357,-0.357,-0.350,-0.350,-0.343,-0.343,-0.350,-0.350,-0.350,-0.350,-0.357,-0.357,-0.117,1.133,2.833,3.167,-0.333,-0.357,-0.357,-0.350,-0.350,-0.343,-0.343,-0.350,-0.350,-0.350,-0.350,-0.357,-0.357,-0.117,1.133,5.217,5.300
AVGO,2025-03-03,12,S,A,1.027,1.057,1.007,1.007,0.974,0.974,0.941,0.941,0.974,0.974,0.974,0.974,1.007,1.007,1.057,1.394,1.394,1.481,1.057,1.007,1.007,0.974,0.974,0.941,0.941,0.974,0.974,0.974,0.974,1.007,1.007,1.057,2.682,2.682,2.716
AVGO,2025-03-04,76,S,C,-1.000,-1.004,-1.004,-1.004,-1.004,-1.004,-1.004,-1.004,-1.004,-1.004,-1.004,-1.004,-1.004,-1.004,-0.938,-0.938,-0.115,0.354,-1.004,-1.004,-1.004,-1.004,-1.004,-1.004,-1.004,-1.004,-1.004,-1.004,-1.004,-1.004,-1.004,-0.938,-0.938,0.938,1.462
AVGO,2025-04-02,58,L,A,-1.000,-1.250,-1.250,-1.250,-1.250,-1.250,-1.250,-1.250,-1.250,-1.250,-1.250,-1.250,-1.250,-1.250,-0.407,1.204,1.204,1.926,-1.250,-1.250,-1.250,-1.250,-1.250,-1.250,-1.250,-1.250,-1.250,-1.250,-1.250,-1.250,-1.250,-0.407,1.204,14.926,15.000
AVGO,2025-04-04,70,S,C,3.263,3.382,3.700,3.700,3.912,3.912,4.124,4.124,3.912,3.912,3.912,3.912,3.700,3.700,-0.235,8.721,8.721,9.470,3.382,3.700,3.700,3.912,3.912,4.124,4.124,3.912,3.912,3.912,3.912,3.700,3.700,-0.235,8.721,8.721,9.470
AVGO,2025-04-16,47,L,A,2.122,1.051,1.361,1.361,1.568,1.568,1.775,1.775,1.568,1.568,1.568,1.568,1.361,1.361,1.051,2.458,2.458,2.780,1.051,1.361,1.361,1.568,1.568,1.775,1.775,1.568,1.568,1.568,1.568,1.361,1.361,1.051,2.458,2.458,2.780
AVGO,2025-04-21,21,S,C,2.670,7.633,7.153,7.153,6.833,6.833,6.513,6.513,5.925,5.925,5.580,5.580,5.273,5.273,7.633,10.067,10.067,10.167,7.633,7.153,7.153,6.833,6.833,6.513,6.513,5.925,5.925,5.580,5.580,5.273,5.273,7.633,15.900,15.900,16.467
AVGO,2025-04-25,18,L,C,-1.000,-1.250,-1.250,-1.250,-1.250,-1.250,-1.250,-1.250,-1.250,-1.250,-1.250,-1.250,-1.250,-1.250,-0.179,1.308,5.846,6.231,-1.250,-1.250,-1.250,-1.250,-1.250,-1.250,-1.250,-1.250,-1.250,-1.250,-1.250,-1.250,-1.250,-0.179,1.308,12.051,12.308
AVGO,2025-04-28,72,L,A,-1.000,0.697,-1.250,-1.250,-1.250,-1.250,-1.250,-1.250,-1.250,-1.250,-1.250,-1.250,-1.250,-1.250,0.697,2.455,2.455,2.758,0.697,-1.250,-1.250,-1.250,-1.250,-1.250,-1.250,-1.250,-1.250,-1.250,-1.250,-1.250,-1.250,0.697,2.455,5.855,6.212
AVGO,2025-05-20,21,L,A,1.833,-0.381,0.437,0.635,0.982,1.124,1.527,1.612,0.982,1.124,0.982,1.124,0.437,0.635,-0.097,3.464,3.464,3.595,-0.381,0.437,0.635,0.982,1.124,1.527,1.612,0.982,1.124,0.982,1.124,0.437,0.635,-0.097,6.452,6.452,6.643
AVGO,2025-06-12,8,L,C,2.232,1.540,1.810,1.810,1.990,1.990,2.170,2.170,1.990,1.990,1.990,1.990,1.810,1.810,1.540,9.740,9.740,10.020,1.540,1.810,1.810,1.990,1.990,2.170,2.170,1.990,1.990,1.990,1.990,1.810,1.810,1.540,9.740,9.740,10.020
AVGO,2025-06-20,6,S,C,-1.000,-1.060,-1.060,-1.060,-1.060,-1.060,-1.060,-1.060,-1.060,-1.060,-1.060,-1.060,-1.060,-1.060,-1.060,1.630,9.810,10.320,-1.060,-1.060,-1.060,-1.060,-1.060,-1.060,-1.060,-1.060,-1.060,-1.060,-1.060,-1.060,-1.060,-1.060,1.630,9.900,10.480
AVGO,2025-06-24,69,L,C,-1.000,-1.186,-1.186,-1.186,-1.186,-1.186,-1.186,-1.186,-1.186,-1.186,-1.186,-1.186,-1.186,-1.186,-0.027,-0.027,-0.027,0.636,-1.186,-1.186,-1.186,-1.186,-1.186,-1.186,-1.186,-1.186,-1.186,-1.186,-1.186,-1.186,-1.186,-0.027,-0.027,2.400,2.764
AVGO,2025-08-08,23,L,C,-1.000,-1.018,-1.018,-1.018,-1.018,-1.018,-1.018,-1.018,-1.018,-1.018,-1.018,-1.018,-1.018,-1.018,-0.467,0.745,1.691,1.927,-1.018,-1.018,-1.018,-1.018,-1.018,-1.018,-1.018,-1.018,-1.018,-1.018,-1.018,-1.018,-1.018,-0.467,0.745,1.691,1.927
AVGO,2025-08-20,76,S,C,-1.000,0.851,-1.250,-1.250,-1.250,-1.250,-1.250,-1.250,-1.250,-1.250,-1.250,-1.250,-1.250,-1.250,-0.574,1.957,1.957,2.106,0.851,-1.250,-1.250,-1.250,-1.250,-1.250,-1.250,-1.250,-1.250,-1.250,-1.250,-1.250,-1.250,-0.574,1.957,1.957,2.106
AVGO,2025-08-25,8,L,S,-1.000,-1.011,-1.011,-1.011,-1.011,-1.011,-1.011,-1.011,-1.011,-1.011,-1.011,-1.011,-1.011,-1.011,-0.457,1.283,4.739,4.913,-1.011,-1.011,-1.011,-1.011,-1.011,-1.011,-1.011,-1.011,-1.011,-1.011,-1.011,-1.011,-1.011,-0.457,1.283,8.391,8.547
AVGO,2025-09-08,76,L,C,-1.000,-1.250,-1.250,-1.250,-1.250,-1.250,-1.250,-1.250,-1.250,-1.250,-1.250,-1.250,-1.250,-1.250,-0.780,-0.780,-0.780,0.288,-1.250,-1.250,-1.250,-1.250,-1.250,-1.250,-1.250,-1.250,-1.250,-1.250,-1.250,-1.250,-1.250,-0.780,-0.780,-0.780,0.288
AVGO,2025-09-25,47,S,C,-1.000,-0.659,-1.250,-1.250,-1.250,-1.250,-1.250,-1.250,-1.250,-1.250,-1.250,-1.250,-1.250,-1.250,-0.135,1.190,1.190,1.349,-0.659,-1.250,-1.250,-1.250,-1.250,-1.250,-1.250,-1.250,-1.250,-1.250,-1.250,-1.250,-1.250,-0.135,1.190,1.190,1.349
AVGO,2025-11-20,53,L,C,3.433,2.427,2.605,2.605,2.724,2.724,2.842,2.842,2.724,2.724,2.724,2.724,2.605,2.605,2.427,3.516,3.516,3.742,2.427,2.605,2.605,2.724,2.724,2.842,2.842,2.724,2.724,2.724,2.724,2.605,2.605,2.427,3.516,3.516,3.742
AVGO,2025-11-21,16,S,C,-1.000,-1.250,-1.250,-1.250,-1.250,-1.250,-1.250,-1.250,-1.250,-1.250,-1.250,-1.250,-1.250,-1.250,-1.250,2.611,19.627,20.238,-1.250,-1.250,-1.250,-1.250,-1.250,-1.250,-1.250,-1.250,-1.250,-1.250,-1.250,-1.250,-1.250,-1.250,2.611,19.627,20.238
AVGO,2026-01-06,8,S,S,-1.000,-1.250,-1.250,-1.250,-1.250,-1.250,-1.250,-1.250,-1.250,-1.250,-1.250,-1.250,-1.250,-1.250,-0.130,2.688,2.688,3.290,-1.250,-1.250,-1.250,-1.250,-1.250,-1.250,-1.250,-1.250,-1.250,-1.250,-1.250,-1.250,-1.250,-0.130,2.688,2.688,3.290
AVGO,2026-01-07,28,S,C,-1.000,-0.295,-1.250,-1.250,-1.250,-1.250,-1.250,-1.250,-1.250,-1.250,-1.250,-1.250,-1.250,-1.250,-0.295,1.301,1.301,1.654,-0.295,-1.250,-1.250,-1.250,-1.250,-1.250,-1.250,-1.250,-1.250,-1.250,-1.250,-1.250,-1.250,-0.295,1.301,1.301,1.654
AVGO,2026-02-04,69,S,A,-1.000,-1.250,-1.250,-1.250,-1.250,-1.250,-1.250,-1.250,-1.250,-1.250,-1.250,-1.250,-1.250,-1.250,-0.700,-0.700,3.000,3.522,-1.250,-1.250,-1.250,-1.250,-1.250,-1.250,-1.250,-1.250,-1.250,-1.250,-1.250,-1.250,-1.250,-0.700,-0.700,14.426,14.609
AVGO,2026-02-12,34,S,A,1.792,0.583,0.862,0.862,1.049,1.049,1.235,1.235,1.049,1.049,1.049,1.049,0.862,0.862,-0.722,4.250,4.250,4.556,0.583,0.862,0.862,1.049,1.049,1.235,1.235,1.049,1.049,1.049,1.049,0.862,0.862,-0.722,13.293,13.293,13.653
AVGO,2026-02-24,37,S,C,-1.000,-1.250,-1.250,-1.250,-1.250,-1.250,-1.250,-1.250,-1.250,-1.250,-1.250,-1.250,-1.250,-1.250,-0.500,0.263,0.263,0.782,-1.250,-1.250,-1.250,-1.250,-1.250,-1.250,-1.250,-1.250,-1.250,-1.250,-1.250,-1.250,-1.250,-0.500,0.263,0.263,0.782
AVGO,2026-03-05,85,L,C,-1.000,0.546,0.546,0.546,0.546,0.546,0.546,0.546,0.546,0.546,0.546,0.546,0.546,0.546,0.546,0.649,0.649,1.031,-0.108,-1.000,-1.000,-1.000,-1.000,-1.000,-1.000,-1.000,-1.000,-1.000,-1.000,-1.000,-1.000,-0.108,0.670,2.804,2.959
AVGO,2026-03-10,12,L,C,6.008,3.373,3.884,3.884,4.225,4.225,4.565,4.565,4.381,4.381,4.675,4.675,4.560,4.560,3.373,6.280,6.280,6.881,3.373,3.884,3.884,4.225,4.225,4.565,4.565,4.381,4.381,4.675,4.675,4.560,4.560,3.373,6.280,6.280,6.881
AVGO,2026-03-13,9,S,S,-1.000,-1.250,-1.250,-1.250,-1.250,-1.250,-1.250,-1.250,-1.250,-1.250,-1.250,-1.250,-1.250,-1.250,-1.250,0.158,9.735,9.855,-1.250,-1.250,-1.250,-1.250,-1.250,-1.250,-1.250,-1.250,-1.250,-1.250,-1.250,-1.250,-1.250,-1.250,0.158,16.865,16.934
AVGO,2026-03-25,60,S,A,6.100,0.436,2.839,2.839,2.839,2.839,2.839,2.839,2.839,2.839,2.839,2.839,2.839,2.839,0.436,2.839,2.839,3.081,0.436,7.487,7.487,7.338,7.338,7.189,7.189,6.410,6.410,6.054,6.054,5.561,5.561,0.436,8.145,8.145,8.276
AVGO,2026-04-10,42,L,C,7.993,5.550,6.030,6.030,6.350,6.350,6.670,6.670,5.963,5.963,5.930,5.930,5.400,5.400,5.550,9.708,9.708,10.250,5.550,6.030,6.030,6.350,6.350,6.670,6.670,5.963,5.963,5.930,5.930,5.400,5.400,5.550,11.033,11.033,11.217
AVGO,2026-04-13,78,L,C,0.886,-0.386,0.309,0.309,0.772,0.772,1.235,1.235,0.772,0.772,0.772,0.772,0.309,0.309,-0.386,2.307,2.307,2.596,-0.386,0.309,0.309,0.772,0.772,1.235,1.235,0.772,0.772,0.772,0.772,0.309,0.309,-0.386,2.307,10.333,11.333
AVGO,2026-05-01,81,L,A,5.082,0.870,1.452,1.452,1.452,1.452,1.452,1.452,1.452,1.452,1.452,1.452,1.452,1.452,0.870,1.877,1.877,2.151,0.870,5.109,5.109,5.230,5.230,5.352,5.352,4.999,4.999,5.060,5.060,4.853,4.853,0.870,5.671,5.671,5.849
AVGO,2026-05-04,20,L,C,-1.000,-1.000,-1.000,-1.000,-1.000,-1.000,-1.000,-1.000,-1.000,-1.000,-1.000,-1.000,-1.000,-1.000,-0.482,1.361,1.361,1.458,-1.000,-1.000,-1.000,-1.000,-1.000,-1.000,-1.000,-1.000,-1.000,-1.000,-1.000,-1.000,-1.000,-0.482,1.361,1.361,1.458
AVGO,2026-05-12,23,L,S,-1.000,-1.000,-1.000,-1.000,-1.000,-1.000,-1.000,-1.000,-1.000,-1.000,-1.000,-1.000,-1.000,-1.000,-0.432,0.870,0.870,1.358,-1.000,-1.000,-1.000,-1.000,-1.000,-1.000,-1.000,-1.000,-1.000,-1.000,-1.000,-1.000,-1.000,-0.432,0.870,0.870,1.358
AVGO,2026-05-13,25,S,C,-1.000,-0.927,-1.085,-1.085,-1.085,-1.085,-1.085,-1.085,-1.085,-1.085,-1.085,-1.085,-1.085,-1.085,-0.061,0.720,0.720,1.451,-0.927,-1.085,-1.085,-1.085,-1.085,-1.085,-1.085,-1.085,-1.085,-1.085,-1.085,-1.085,-1.085,-0.061,0.720,0.720,1.451
AVGO,2026-05-18,7,S,C,3.542,2.076,2.203,2.203,2.288,2.288,2.373,2.373,2.769,2.769,2.673,2.673,2.781,2.781,-0.153,6.569,6.569,6.667,2.076,2.203,2.203,2.288,2.288,2.373,2.373,2.769,2.769,2.673,2.673,2.781,2.781,-0.153,6.569,6.813,7.542
AVGO,2026-07-08,21,L,S,4.647,6.098,5.964,5.964,5.875,5.875,5.786,5.786,5.350,5.350,5.236,5.236,5.005,5.005,6.098,12.118,12.118,12.864,6.098,5.964,5.964,5.875,5.875,5.786,5.786,5.350,5.350,5.236,5.236,5.005,5.005,6.098,19.750,19.750,20.061
AVGO,2026-08-05,7,L,C,2.184,0.148,0.519,0.519,0.767,0.767,1.014,1.014,0.767,0.767,0.767,0.767,0.519,0.519,0.148,1.894,1.894,2.218,0.148,0.519,0.519,0.767,0.767,1.014,1.014,0.767,0.767,0.767,0.767,0.519,0.519,0.148,1.894,1.894,2.218
AVGO,2026-08-10,44,L,S,-1.000,-1.222,-1.222,-1.222,-1.222,-1.222,-1.222,-1.222,-1.222,-1.222,-1.222,-1.222,-1.222,-1.222,-0.191,0.333,0.333,0.475,-1.222,-1.222,-1.222,-1.222,-1.222,-1.222,-1.222,-1.222,-1.222,-1.222,-1.222,-1.222,-1.222,-0.191,0.333,0.333,0.475
UBER,2025-07-17,52,S,C,-1.000,0.592,-1.250,-1.250,-1.250,-1.250,-1.250,-1.250,-1.250,-1.250,-1.250,-1.250,-1.250,-1.250,0.592,1.474,1.474,1.737,0.592,-1.250,-1.250,-1.250,-1.250,-1.250,-1.250,-1.250,-1.250,-1.250,-1.250,-1.250,-1.250,0.592,1.474,1.474,1.737
UBER,2025-07-18,5,S,C,4.406,5.467,5.107,5.107,4.867,4.867,4.627,4.627,4.500,4.500,4.480,4.480,4.527,4.527,-0.867,8.100,8.100,8.833,5.467,5.107,5.107,4.867,4.867,4.627,4.627,4.500,4.500,4.480,4.480,4.527,4.527,-0.867,8.100,8.100,8.833
UBER,2025-08-15,30,L,C,1.612,2.384,2.069,2.069,1.858,1.858,1.648,1.648,1.858,1.858,1.858,1.858,2.069,2.069,2.384,4.278,4.278,4.389,2.384,2.069,2.069,1.858,1.858,1.648,1.648,1.858,1.858,1.858,1.858,2.069,2.069,2.384,4.278,4.278,4.389
UBER,2025-08-19,32,L,A,3.955,4.135,4.452,4.452,4.663,4.663,4.874,4.874,4.629,4.629,4.809,4.809,4.671,4.671,-0.667,5.238,5.238,5.551,4.135,4.452,4.452,4.663,4.663,4.874,4.874,4.629,4.629,4.809,4.809,4.671,4.671,-0.667,8.286,8.286,8.500
UBER,2025-10-10,23,S,A,-1.000,-1.053,-1.053,-1.053,-1.053,-1.053,-1.053,-1.053,-1.053,-1.053,-1.053,-1.053,-1.053,-1.053,0.000,0.000,6.421,7.474,-1.053,-1.053,-1.053,-1.053,-1.053,-1.053,-1.053,-1.053,-1.053,-1.053,-1.053,-1.053,-1.053,0.000,0.000,14.000,14.263
UBER,2025-10-13,40,S,C,-1.000,-0.050,-1.250,-1.250,-1.250,-1.250,-1.250,-1.250,-1.250,-1.250,-1.250,-1.250,-1.250,-1.250,-0.050,1.775,3.775,4.050,-0.050,-1.250,-1.250,-1.250,-1.250,-1.250,-1.250,-1.250,-1.250,-1.250,-1.250,-1.250,-1.250,-0.050,1.775,4.075,4.200
UBER,2025-10-15,24,S,C,4.252,0.567,-1.000,-1.000,-1.000,-1.000,-1.000,-1.000,-1.000,-1.000,-1.000,-1.000,-1.000,-1.000,0.567,2.056,3.097,3.556,0.567,-1.000,-1.000,-1.000,-1.000,-1.000,-1.000,-1.000,-1.000,-1.000,-1.000,-1.000,-1.000,0.567,2.056,12.333,12.389
UBER,2025-11-12,14,L,C,-1.000,0.112,-1.000,-1.000,-1.000,-1.000,-1.000,-1.000,-1.000,-1.000,-1.000,-1.000,-1.000,-1.000,0.112,2.158,2.158,2.211,0.112,-1.000,-1.000,-1.000,-1.000,-1.000,-1.000,-1.000,-1.000,-1.000,-1.000,-1.000,-1.000,0.112,2.158,2.158,2.211
UBER,2025-12-10,11,S,C,5.278,12.528,9.703,9.703,7.819,7.819,5.936,5.936,5.688,5.688,4.608,4.608,4.886,4.886,12.528,15.500,15.500,15.944,12.528,9.703,9.703,7.819,7.819,5.936,5.936,5.688,5.688,4.608,4.608,4.886,4.886,12.528,25.806,25.806,26.278
UBER,2026-01-08,70,L,C,6.846,0.769,4.232,4.232,4.232,4.232,4.232,4.232,4.232,4.232,4.232,4.232,4.232,4.232,-0.538,4.346,4.346,5.154,0.769,7.215,7.215,7.000,7.000,6.785,6.785,6.115,6.115,5.785,5.785,5.392,5.392,-0.538,17.154,17.154,17.154
UBER,2026-01-12,45,S,C,-1.000,-1.250,-1.250,-1.250,-1.250,-1.250,-1.250,-1.250,-1.250,-1.250,-1.250,-1.250,-1.250,-1.250,-0.257,-0.179,-0.179,0.143,-1.250,-1.250,-1.250,-1.250,-1.250,-1.250,-1.250,-1.250,-1.250,-1.250,-1.250,-1.250,-1.250,-0.257,-0.179,1.107,1.357
UBER,2026-02-04,16,S,A,3.688,7.625,5.938,5.938,4.813,4.813,3.688,3.688,3.906,3.906,3.563,3.563,4.063,4.063,7.625,12.001,12.001,12.249,7.625,5.938,5.938,4.813,4.813,3.688,3.688,3.906,3.906,3.563,3.563,4.063,4.063,7.625,12.001,12.001,12.249
UBER,2026-02-11,16,S,C,-1.000,-1.044,-1.044,-1.044,-1.044,-1.044,-1.044,-1.044,-1.044,-1.044,-1.044,-1.044,-1.044,-1.044,-0.278,0.944,4.736,5.028,-1.044,-1.044,-1.044,-1.044,-1.044,-1.044,-1.044,-1.044,-1.044,-1.044,-1.044,-1.044,-1.044,-0.278,0.944,10.167,10.278
UBER,2026-02-13,20,S,A,5.141,3.364,3.036,3.036,2.818,2.818,2.600,2.600,2.977,2.977,3.273,3.273,3.718,3.718,3.364,16.455,16.455,16.636,3.364,3.036,3.036,2.818,2.818,2.600,2.600,2.977,2.977,3.273,3.273,3.718,3.718,3.364,16.455,16.455,16.636
UBER,2026-02-26,8,L,A,3.316,5.914,4.822,4.822,4.095,4.095,3.367,3.367,3.616,3.616,3.529,3.529,3.974,3.974,5.914,8.414,8.414,8.552,5.914,4.822,4.822,4.095,4.095,3.367,3.367,3.616,3.616,3.529,3.529,3.974,3.974,5.914,8.414,8.414,8.552
UBER,2026-03-06,24,S,C,-1.000,-1.167,-1.167,-1.167,-1.167,-1.167,-1.167,-1.167,-1.167,-1.167,-1.167,-1.167,-1.167,-1.167,0.000,0.000,0.000,0.625,-1.167,-1.167,-1.167,-1.167,-1.167,-1.167,-1.167,-1.167,-1.167,-1.167,-1.167,-1.167,-1.167,0.000,0.000,0.000,0.625
UBER,2026-03-10,45,S,C,-1.000,-0.864,-1.250,-1.250,-1.250,-1.250,-1.250,-1.250,-1.250,-1.250,-1.250,-1.250,-1.250,-1.250,-0.136,0.091,0.091,0.409,-0.864,-1.250,-1.250,-1.250,-1.250,-1.250,-1.250,-1.250,-1.250,-1.250,-1.250,-1.250,-1.250,-0.136,0.091,3.182,3.455
UBER,2026-03-17,12,L,A,5.108,3.000,3.488,3.488,3.813,3.813,4.138,4.138,4.063,4.063,4.413,4.413,4.388,4.388,3.000,6.458,6.458,7.479,3.000,3.488,3.488,3.813,3.813,4.138,4.138,4.063,4.063,4.413,4.413,4.388,4.388,3.000,6.458,8.208,8.250
UBER,2026-03-20,16,S,C,0.554,0.568,0.596,0.596,0.615,0.615,0.634,0.634,0.615,0.615,0.615,0.615,0.596,0.596,0.568,1.459,1.459,1.486,0.568,0.596,0.596,0.615,0.615,0.634,0.634,0.615,0.615,0.615,0.615,0.596,0.596,0.568,1.459,1.459,1.486
UBER,2026-03-30,40,S,A,-1.000,0.222,-1.000,-1.000,-1.000,-1.000,-1.000,-1.000,-1.000,-1.000,-1.000,-1.000,-1.000,-1.000,-0.333,1.222,1.222,1.694,0.222,-1.000,-1.000,-1.000,-1.000,-1.000,-1.000,-1.000,-1.000,-1.000,-1.000,-1.000,-1.000,-0.333,1.222,1.222,1.694
UBER,2026-04-17,19,L,C,2.468,4.312,3.750,3.750,3.375,3.375,3.000,3.000,3.297,3.297,3.450,3.450,3.862,3.862,4.312,6.875,6.875,7.375,4.312,3.750,3.750,3.375,3.375,3.000,3.000,3.297,3.297,3.450,3.450,3.862,3.862,4.312,6.875,6.875,7.375
UBER,2026-04-30,53,S,A,-1.000,-0.556,-1.250,-1.250,-1.250,-1.250,-1.250,-1.250,-1.250,-1.250,-1.250,-1.250,-1.250,-1.250,-0.223,0.861,0.861,0.917,-0.556,-1.250,-1.250,-1.250,-1.250,-1.250,-1.250,-1.250,-1.250,-1.250,-1.250,-1.250,-1.250,-0.223,0.861,0.861,0.917
UBER,2026-06-08,6,S,C,-1.000,-0.632,-1.250,-1.250,-1.250,-1.250,-1.250,-1.250,-1.250,-1.250,-1.250,-1.250,-1.250,-1.250,-0.474,1.421,1.421,1.632,-0.632,-1.250,-1.250,-1.250,-1.250,-1.250,-1.250,-1.250,-1.250,-1.250,-1.250,-1.250,-1.250,-0.474,1.421,1.421,1.632
UBER,2026-06-15,27,L,A,-1.000,-1.250,-1.250,-1.250,-1.250,-1.250,-1.250,-1.250,-1.250,-1.250,-1.250,-1.250,-1.250,-1.250,-0.499,1.458,9.250,9.583,-1.250,-1.250,-1.250,-1.250,-1.250,-1.250,-1.250,-1.250,-1.250,-1.250,-1.250,-1.250,-1.250,-0.499,1.458,14.167,14.417
UBER,2026-06-26,11,L,C,-1.000,-1.250,-1.250,-1.250,-1.250,-1.250,-1.250,-1.250,-1.250,-1.250,-1.250,-1.250,-1.250,-1.250,-0.421,-0.053,7.532,7.579,-1.250,-1.250,-1.250,-1.250,-1.250,-1.250,-1.250,-1.250,-1.250,-1.250,-1.250,-1.250,-1.250,-0.421,-0.053,17.895,18.000
UBER,2026-07-27,9,S,C,-1.000,-1.035,-1.035,-1.035,-1.035,-1.035,-1.035,-1.035,-1.035,-1.035,-1.035,-1.035,-1.035,-1.035,-0.221,0.116,0.116,0.302,-1.035,-1.035,-1.035,-1.035,-1.035,-1.035,-1.035,-1.035,-1.035,-1.035,-1.035,-1.035,-1.035,-0.221,0.116,0.116,0.302
BABA,2024-10-14,16,L,S,2.891,1.062,1.428,1.428,1.672,1.672,1.916,1.916,1.672,1.672,1.672,1.672,1.428,1.428,1.062,3.687,3.687,4.031,1.062,1.428,1.428,1.672,1.672,1.916,1.916,1.672,1.672,1.672,1.672,1.428,1.428,1.062,3.687,3.687,4.031
BABA,2025-02-10,6,L,S,1.100,-1.250,-0.419,0.288,0.135,0.640,0.689,0.992,0.135,0.640,0.135,0.640,-0.419,0.288,-0.240,2.440,10.280,10.480,-1.250,-0.419,0.288,0.135,0.640,0.689,0.992,0.135,0.640,0.135,0.640,-0.419,0.288,-0.240,2.440,15.240,15.560
BABA,2025-02-19,17,L,C,-1.000,-0.333,-1.138,-1.138,-1.138,-1.138,-1.138,-1.138,-1.138,-1.138,-1.138,-1.138,-1.138,-1.138,-0.333,2.048,2.048,2.222,-0.333,-1.138,-1.138,-1.138,-1.138,-1.138,-1.138,-1.138,-1.138,-1.138,-1.138,-1.138,-1.138,-0.333,2.048,2.048,2.222
BABA,2025-02-20,50,L,A,-1.000,-1.250,-1.250,-1.250,-1.250,-1.250,-1.250,-1.250,-1.250,-1.250,-1.250,-1.250,-1.250,-1.250,-0.295,-0.295,-0.295,0.716,-1.250,-1.250,-1.250,-1.250,-1.250,-1.250,-1.250,-1.250,-1.250,-1.250,-1.250,-1.250,-1.250,-0.295,-0.295,-0.295,0.716
BABA,2025-02-21,18,L,C,-1.000,-1.250,-1.250,-1.250,-1.250,-1.250,-1.250,-1.250,-1.250,-1.250,-1.250,-1.250,-1.250,-1.250,-0.650,0.919,4.000,4.500,-1.250,-1.250,-1.250,-1.250,-1.250,-1.250,-1.250,-1.250,-1.250,-1.250,-1.250,-1.250,-1.250,-0.650,0.919,4.000,4.500
BABA,2025-02-25,38,S,C,-1.000,-0.357,-1.250,-1.250,-1.250,-1.250,-1.250,-1.250,-1.250,-1.250,-1.250,-1.250,-1.250,-1.250,-0.690,1.167,1.167,1.476,-0.357,-1.250,-1.250,-1.250,-1.250,-1.250,-1.250,-1.250,-1.250,-1.250,-1.250,-1.250,-1.250,-0.690,1.167,1.167,1.476
BABA,2025-03-03,22,S,A,3.759,2.069,1.955,1.955,1.879,1.879,1.803,1.803,2.362,2.362,2.266,2.266,2.534,2.534,2.069,3.759,3.759,4.379,2.069,1.955,1.955,1.879,1.879,1.803,1.803,2.362,2.362,2.266,2.266,2.534,2.534,2.069,3.759,12.000,12.655
BABA,2025-04-01,12,S,C,0.769,-0.904,-0.494,-0.494,-0.221,-0.221,0.052,0.052,-0.221,-0.221,-0.221,-0.221,-0.494,-0.494,-0.500,1.882,1.882,2.115,-0.904,-0.494,-0.494,-0.221,-0.221,0.052,0.052,-0.221,-0.221,-0.221,-0.221,-0.494,-0.494,-0.500,1.882,3.423,3.692
BABA,2025-04-10,8,L,S,-1.000,-1.250,-1.250,-1.250,-1.250,-1.250,-1.250,-1.250,-1.250,-1.250,-1.250,-1.250,-1.250,-1.250,-0.400,-0.400,3.036,4.036,-1.250,-1.250,-1.250,-1.250,-1.250,-1.250,-1.250,-1.250,-1.250,-1.250,-1.250,-1.250,-1.250,-0.400,-0.400,3.036,4.036
BABA,2025-12-10,11,S,C,-1.000,-1.250,-1.250,-1.250,-1.250,-1.250,-1.250,-1.250,-1.250,-1.250,-1.250,-1.250,-1.250,-1.250,-1.250,-1.250,2.366,2.446,-1.250,-1.250,-1.250,-1.250,-1.250,-1.250,-1.250,-1.250,-1.250,-1.250,-1.250,-1.250,-1.250,-1.250,-1.250,3.135,3.568
BABA,2026-01-15,60,L,C,5.318,-0.489,2.633,2.633,2.633,2.633,2.633,2.633,2.633,2.633,2.633,2.633,2.633,2.633,-0.489,2.733,2.733,2.911,-0.489,4.971,4.971,5.056,5.056,5.140,5.140,4.844,4.844,4.918,4.918,4.764,4.764,-0.489,6.689,6.689,6.689
BABA,2026-02-05,39,S,C,2.021,2.333,2.448,2.448,2.524,2.524,2.600,2.600,2.524,2.524,2.524,2.524,2.448,2.448,2.333,5.286,5.286,5.810,2.333,2.448,2.448,2.524,2.524,2.600,2.600,2.524,2.524,2.524,2.524,2.448,2.448,2.333,5.286,5.286,5.810
BABA,2026-04-07,75,S,C,1.548,5.844,4.334,4.334,3.327,3.327,2.320,2.320,2.866,2.866,2.789,2.789,3.527,3.527,5.844,5.844,5.844,5.857,6.333,4.676,4.676,3.571,3.571,2.467,2.467,2.988,2.988,2.838,2.838,3.576,3.576,6.333,11.929,11.929,12.381
BABA,2026-05-14,69,L,A,-1.000,-1.196,-1.196,-1.196,-1.196,-1.196,-1.196,-1.196,-1.196,-1.196,-1.196,-1.196,-1.196,-1.196,-0.643,-0.643,-0.393,-0.192,-1.196,-1.196,-1.196,-1.196,-1.196,-1.196,-1.196,-1.196,-1.196,-1.196,-1.196,-1.196,-1.196,-0.643,-0.643,0.351,0.607
BABA,2026-06-09,56,S,S,3.432,-0.583,1.682,1.682,1.761,1.761,1.841,1.841,1.761,1.761,1.761,1.761,1.682,1.682,-0.292,3.625,3.625,3.917,-0.583,1.682,1.682,1.761,1.761,1.841,1.841,1.761,1.761,1.761,1.761,1.682,1.682,-0.292,11.063,11.063,11.292
BABA,2026-07-02,17,L,A,0.274,-0.037,0.496,0.496,0.851,0.851,1.207,1.207,0.851,0.851,0.851,0.851,0.496,0.496,-0.037,1.903,1.903,1.963,-0.037,0.496,0.496,0.851,0.851,1.207,1.207,0.851,0.851,0.851,0.851,0.496,0.496,-0.037,1.903,1.903,1.963
CRM,2025-06-02,32,S,A,0.549,0.578,0.740,0.740,0.848,0.848,0.955,0.955,0.848,0.848,0.848,0.848,0.740,0.740,0.578,1.462,1.462,1.656,0.578,0.740,0.740,0.848,0.848,0.955,0.955,0.848,0.848,0.848,0.848,0.740,0.740,0.578,1.462,1.462,1.656
CRM,2025-08-20,29,L,A,-1.000,-1.038,-1.038,-1.038,-1.038,-1.038,-1.038,-1.038,-1.038,-1.038,-1.038,-1.038,-1.038,-1.038,-0.513,0.628,0.628,0.974,-1.038,-1.038,-1.038,-1.038,-1.038,-1.038,-1.038,-1.038,-1.038,-1.038,-1.038,-1.038,-1.038,-0.513,0.628,3.833,4.026
CRM,2025-12-05,18,L,C,2.687,0.562,1.666,1.666,2.401,2.401,3.136,3.136,3.260,3.260,3.976,3.976,4.028,4.028,0.562,11.779,11.779,12.167,0.562,1.666,1.666,2.401,2.401,3.136,3.136,3.260,3.260,3.976,3.976,4.028,4.028,0.562,14.083,14.083,14.542
CRM,2025-12-11,9,L,C,1.149,-0.260,0.112,0.112,0.360,0.360,0.608,0.608,0.360,0.360,0.360,0.360,0.112,0.112,-0.260,1.175,1.175,2.571,-0.260,0.112,0.112,0.360,0.360,0.608,0.608,0.360,0.360,0.360,0.360,0.112,0.112,-0.260,1.175,1.175,2.571
CRM,2026-01-15,15,S,S,1.786,1.346,1.435,1.435,1.494,1.494,1.553,1.553,1.494,1.494,1.494,1.494,1.435,1.435,1.346,2.210,2.210,2.475,1.346,1.435,1.435,1.494,1.494,1.553,1.553,1.494,1.494,1.494,1.494,1.435,1.435,1.346,6.469,6.469,6.506
CRM,2026-01-23,44,L,C,-1.000,-0.190,-1.250,-1.250,-1.250,-1.250,-1.250,-1.250,-1.250,-1.250,-1.250,-1.250,-1.250,-1.250,-0.071,1.107,1.107,1.262,-0.190,-1.250,-1.250,-1.250,-1.250,-1.250,-1.250,-1.250,-1.250,-1.250,-1.250,-1.250,-1.250,-0.071,1.107,2.833,3.333
CRM,2026-02-27,63,L,C,2.103,-0.241,0.054,-0.414,0.251,-0.083,0.448,0.247,0.251,-0.083,0.251,-0.083,0.054,-0.414,-0.910,2.462,2.462,2.615,-0.241,0.054,-0.414,0.251,-0.083,0.448,0.247,0.251,-0.083,0.251,-0.083,0.054,-0.414,-0.910,2.462,9.782,10.103
CRM,2026-03-19,53,S,S,-1.000,-1.250,-1.250,-1.250,-1.250,-1.250,-1.250,-1.250,-1.250,-1.250,-1.250,-1.250,-1.250,-1.250,-0.548,0.839,0.839,0.968,-1.250,-1.250,-1.250,-1.250,-1.250,-1.250,-1.250,-1.250,-1.250,-1.250,-1.250,-1.250,-1.250,-0.548,0.839,5.226,5.419
CRM,2026-04-09,45,S,C,0.143,3.804,6.643,6.643,6.643,6.643,6.643,6.643,6.643,6.643,6.643,6.643,6.643,6.643,-0.143,6.643,6.643,7.036,3.804,0.143,0.143,0.143,0.143,0.143,0.143,0.143,0.143,0.143,0.143,0.143,0.143,-0.143,12.107,12.107,12.357
CRM,2026-04-20,11,L,C,3.105,5.884,5.570,5.570,5.360,5.360,5.151,5.151,4.890,4.890,4.807,4.807,4.740,4.740,-0.423,8.186,8.186,8.628,5.884,5.570,5.570,5.360,5.360,5.151,5.151,4.890,4.890,4.807,4.807,4.740,4.740,-0.423,8.186,8.186,8.628
CRM,2026-04-30,44,S,C,-1.000,-1.250,-1.250,-1.250,-1.250,-1.250,-1.250,-1.250,-1.250,-1.250,-1.250,-1.250,-1.250,-1.250,-0.550,0.379,0.379,0.759,-1.250,-1.250,-1.250,-1.250,-1.250,-1.250,-1.250,-1.250,-1.250,-1.250,-1.250,-1.250,-1.250,-0.550,0.379,1.483,1.517
CRM,2026-05-27,67,L,C,0.662,-0.135,-1.250,-1.250,-1.250,-1.250,-1.250,-1.250,-1.250,-1.250,-1.250,-1.250,-1.250,-1.250,-0.135,1.243,1.243,1.324,-0.135,-1.250,-1.250,-1.250,-1.250,-1.250,-1.250,-1.250,-1.250,-1.250,-1.250,-1.250,-1.250,-0.135,1.243,1.243,1.324
CRM,2026-06-01,35,L,C,2.562,1.510,1.620,1.620,1.693,1.693,1.766,1.766,1.693,1.693,1.693,1.693,1.620,1.620,1.510,9.979,9.979,10.063,1.510,1.620,1.620,1.693,1.693,1.766,1.766,1.693,1.693,1.693,1.693,1.620,1.620,1.510,12.188,12.188,12.333
CRM,2026-06-23,25,S,C,-1.000,-1.250,-1.250,-1.250,-1.250,-1.250,-1.250,-1.250,-1.250,-1.250,-1.250,-1.250,-1.250,-1.250,-0.241,-0.241,1.552,2.138,-1.250,-1.250,-1.250,-1.250,-1.250,-1.250,-1.250,-1.250,-1.250,-1.250,-1.250,-1.250,-1.250,-0.241,-0.241,1.552,2.138
CRM,2026-07-10,30,S,A,-1.000,-1.250,-1.250,-1.250,-1.250,-1.250,-1.250,-1.250,-1.250,-1.250,-1.250,-1.250,-1.250,-1.250,-0.962,0.827,7.846,8.346,-1.250,-1.250,-1.250,-1.250,-1.250,-1.250,-1.250,-1.250,-1.250,-1.250,-1.250,-1.250,-1.250,-0.962,0.827,7.846,8.346
CRM,2026-07-14,15,L,A,4.838,10.912,8.468,8.468,6.838,6.838,5.209,5.209,5.110,5.110,4.274,4.274,4.621,4.621,10.912,11.324,11.324,11.676,10.559,8.221,8.221,6.662,6.662,5.103,5.103,5.022,5.022,4.238,4.238,4.585,4.585,10.559,18.897,18.897,19.000
CRM,2026-07-28,15,L,C,4.196,1.845,2.306,2.306,2.613,2.613,2.920,2.920,2.613,2.613,2.613,2.613,2.306,2.306,-0.214,6.494,6.494,6.714,1.845,2.306,2.306,2.613,2.613,2.920,2.920,2.613,2.613,2.613,2.613,2.306,2.306,-0.214,11.060,11.060,11.333
CRM,2026-08-07,24,L,C,6.368,4.237,5.029,5.029,5.013,5.013,4.997,4.997,5.013,5.013,5.013,5.013,5.029,5.029,4.237,9.000,9.000,9.263,4.237,5.029,5.029,5.013,5.013,4.997,4.997,5.013,5.013,5.013,5.013,5.029,5.029,4.237,9.000,9.000,9.263
TSM,2025-07-29,16,L,C,0.549,-0.634,-0.429,-0.583,-0.293,-0.402,-0.156,-0.222,-0.293,-0.402,-0.293,-0.402,-0.429,-0.583,-0.854,0.622,1.512,1.878,-0.634,-0.429,-0.583,-0.293,-0.402,-0.156,-0.222,-0.293,-0.402,-0.293,-0.402,-0.429,-0.583,-0.854,0.622,1.512,1.878
TSM,2025-09-09,26,L,S,0.680,-0.371,-0.276,-0.025,-0.213,-0.034,-0.151,-0.043,-0.213,-0.034,-0.213,-0.034,-0.276,-0.025,-0.056,1.107,1.107,1.360,-0.371,-0.276,-0.025,-0.213,-0.034,-0.151,-0.043,-0.213,-0.034,-0.213,-0.034,-0.276,-0.025,-0.056,1.107,3.896,4.000
TSM,2025-09-22,10,L,A,-1.000,-1.250,-1.250,-1.250,-1.250,-1.250,-1.250,-1.250,-1.250,-1.250,-1.250,-1.250,-1.250,-1.250,0.000,0.488,5.233,5.791,-1.250,-1.250,-1.250,-1.250,-1.250,-1.250,-1.250,-1.250,-1.250,-1.250,-1.250,-1.250,-1.250,0.000,0.488,20.488,20.767
TSM,2025-10-03,13,L,A,0.597,0.489,0.879,0.879,1.139,1.139,1.399,1.399,1.139,1.139,1.139,1.139,0.879,0.879,0.489,1.818,3.449,3.493,0.489,0.879,0.879,1.139,1.139,1.399,1.399,1.139,1.139,1.139,1.139,0.879,0.879,0.489,1.818,3.449,3.493
TSM,2025-10-21,25,S,A,-1.000,-1.132,-1.132,-1.132,-1.132,-1.132,-1.132,-1.132,-1.132,-1.132,-1.132,-1.132,-1.132,-1.132,-0.289,-0.289,1.404,1.561,-1.132,-1.132,-1.132,-1.132,-1.132,-1.132,-1.132,-1.132,-1.132,-1.132,-1.132,-1.132,-1.132,-0.289,-0.289,4.123,4.149
TSM,2025-11-07,16,S,C,4.545,-0.918,1.928,1.928,2.450,2.450,2.972,2.972,3.164,3.164,3.021,3.021,2.785,2.785,-0.327,8.073,8.073,8.400,-0.918,1.928,1.928,2.450,2.450,2.972,2.972,3.164,3.164,3.021,3.021,2.785,2.785,-0.327,11.773,11.773,12.491
TSM,2025-11-13,71,S,C,2.837,4.384,4.283,4.283,4.215,4.215,4.148,4.148,4.119,4.119,4.262,4.262,4.352,4.352,4.384,6.395,6.395,6.756,8.047,6.847,6.847,6.047,6.047,5.247,5.247,5.035,5.035,4.628,4.628,4.719,4.719,8.047,10.628,10.628,10.837
TSM,2025-11-21,75,S,C,-1.000,-1.250,-1.250,-1.250,-1.250,-1.250,-1.250,-1.250,-1.250,-1.250,-1.250,-1.250,-1.250,-1.250,-0.735,-0.735,2.204,3.061,-1.250,-1.250,-1.250,-1.250,-1.250,-1.250,-1.250,-1.250,-1.250,-1.250,-1.250,-1.250,-1.250,-0.735,-0.735,2.388,3.061
TSM,2025-12-16,12,S,C,0.717,-0.833,-0.853,-0.853,-0.847,-0.847,-0.842,-0.842,-0.847,-0.847,-0.847,-0.847,-0.853,-0.853,-0.146,1.208,4.229,4.514,-0.833,-0.853,-0.853,-0.847,-0.847,-0.842,-0.842,-0.847,-0.847,-0.847,-0.847,-0.853,-0.853,-0.146,1.208,4.229,4.514
TSM,2026-01-30,15,L,C,-1.000,-1.250,-1.250,-1.250,-1.250,-1.250,-1.250,-1.250,-1.250,-1.250,-1.250,-1.250,-1.250,-1.250,-0.491,0.698,0.698,1.547,-1.250,-1.250,-1.250,-1.250,-1.250,-1.250,-1.250,-1.250,-1.250,-1.250,-1.250,-1.250,-1.250,-0.491,0.698,0.698,1.547
TSM,2026-02-04,42,S,C,0.811,-0.398,0.065,0.065,0.374,0.374,0.683,0.683,0.374,0.374,0.374,0.374,0.065,0.065,-0.382,2.520,2.520,2.602,-0.398,0.065,0.065,0.374,0.374,0.683,0.683,0.374,0.374,0.374,0.374,0.065,0.065,-0.382,10.337,10.337,10.577
TSM,2026-02-17,29,S,C,0.588,-1.250,-0.984,-0.249,-0.807,-0.282,-0.630,-0.315,-0.807,-0.282,-0.807,-0.282,-0.984,-0.249,-0.365,0.212,0.435,1.682,-1.250,-0.984,-0.249,-0.807,-0.282,-0.630,-0.315,-0.807,-0.282,-0.807,-0.282,-0.984,-0.249,-0.365,0.212,0.435,1.682
TSM,2026-02-23,78,L,C,-1.000,-1.250,-1.250,-1.250,-1.250,-1.250,-1.250,-1.250,-1.250,-1.250,-1.250,-1.250,-1.250,-1.250,-0.917,0.200,0.200,0.478,-1.250,-1.250,-1.250,-1.250,-1.250,-1.250,-1.250,-1.250,-1.250,-1.250,-1.250,-1.250,-1.250,-0.917,0.200,0.200,0.478
TSM,2026-03-24,57,L,C,-1.000,-1.141,-1.141,-1.141,-1.141,-1.141,-1.141,-1.141,-1.141,-1.141,-1.141,-1.141,-1.141,-1.141,-0.106,-0.106,2.070,2.482,-1.141,-1.141,-1.141,-1.141,-1.141,-1.141,-1.141,-1.141,-1.141,-1.141,-1.141,-1.141,-1.141,-0.106,-0.106,5.753,5.871
TSM,2026-03-27,36,S,A,-1.000,-1.250,-1.250,-1.250,-1.250,-1.250,-1.250,-1.250,-1.250,-1.250,-1.250,-1.250,-1.250,-1.250,-0.899,-0.730,1.388,1.629,-1.250,-1.250,-1.250,-1.250,-1.250,-1.250,-1.250,-1.250,-1.250,-1.250,-1.250,-1.250,-1.250,-0.899,-0.730,1.388,1.629
TSM,2026-03-30,20,S,A,1.697,2.119,2.681,2.681,3.055,3.055,3.429,3.429,3.055,3.055,3.055,3.055,2.681,2.681,2.119,6.560,6.560,6.743,2.119,2.681,2.681,3.055,3.055,3.429,3.429,3.055,3.055,3.055,3.055,2.681,2.681,2.119,8.606,8.606,8.706
TSM,2026-04-01,14,L,C,-1.000,-0.823,-1.250,-1.250,-1.250,-1.250,-1.250,-1.250,-1.250,-1.250,-1.250,-1.250,-1.250,-1.250,-0.274,1.508,3.855,3.935,-0.823,-1.250,-1.250,-1.250,-1.250,-1.250,-1.250,-1.250,-1.250,-1.250,-1.250,-1.250,-1.250,-0.274,1.508,4.613,4.742
TSM,2026-04-02,11,L,C,2.434,3.649,3.166,3.166,2.844,2.844,2.523,2.523,2.932,2.932,2.915,2.915,3.272,3.272,-0.245,7.250,7.250,7.384,3.649,3.166,3.166,2.844,2.844,2.523,2.523,2.932,2.932,2.915,2.915,3.272,3.272,-0.245,7.250,7.250,7.384
TSM,2026-05-11,20,S,C,0.877,0.050,0.440,0.440,0.700,0.700,0.960,0.960,0.700,0.700,0.700,0.700,0.440,0.440,0.050,1.692,1.692,2.069,0.050,0.440,0.440,0.700,0.700,0.960,0.960,0.700,0.700,0.700,0.700,0.440,0.440,0.050,1.692,1.692,2.069
TSM,2026-05-13,12,S,C,3.042,0.017,1.632,1.632,2.708,2.708,3.785,3.785,3.704,3.704,4.502,4.502,4.322,4.322,0.017,5.595,5.595,5.883,0.017,1.632,1.632,2.708,2.708,3.785,3.785,3.704,3.704,4.502,4.502,4.322,4.322,0.017,5.595,5.595,5.883
TSM,2026-05-15,45,L,A,0.160,0.056,0.069,0.069,0.077,0.077,0.086,0.086,0.077,0.077,0.077,0.077,0.069,0.069,0.056,0.173,0.173,0.240,0.056,0.069,0.069,0.077,0.077,0.086,0.086,0.077,0.077,0.077,0.077,0.069,0.069,0.056,0.434,0.434,0.439
TSM,2026-05-18,37,S,S,-1.000,-1.117,-1.117,-1.117,-1.117,-1.117,-1.117,-1.117,-1.117,-1.117,-1.117,-1.117,-1.117,-1.117,-0.052,0.422,6.506,6.948,-1.117,-1.117,-1.117,-1.117,-1.117,-1.117,-1.117,-1.117,-1.117,-1.117,-1.117,-1.117,-1.117,-0.052,0.422,10.481,10.597
TSM,2026-05-21,10,L,S,1.848,-0.672,0.912,0.912,1.015,1.015,1.118,1.118,1.015,1.015,1.015,1.015,0.912,0.912,-0.051,2.490,2.490,2.818,-0.672,0.912,0.912,1.015,1.015,1.118,1.118,1.015,1.015,1.015,1.015,0.912,0.912,-0.051,2.490,6.222,6.525
TSM,2026-06-10,46,L,C,2.734,2.133,2.220,2.220,2.277,2.277,2.335,2.335,2.744,2.744,2.651,2.651,2.780,2.780,2.133,5.289,5.289,5.500,2.133,2.220,2.220,2.277,2.277,2.335,2.335,2.744,2.744,2.651,2.651,2.780,2.780,2.133,5.289,5.289,5.500
TSM,2026-07-20,46,S,C,1.889,-0.160,0.259,0.259,0.538,0.538,0.817,0.817,0.538,0.538,0.538,0.538,0.259,0.259,-0.160,2.368,4.167,4.528,-0.160,0.259,0.259,0.538,0.538,0.817,0.817,0.538,0.538,0.538,0.538,0.259,0.259,-0.160,2.368,4.167,4.611
TSM,2026-07-22,21,L,C,0.451,0.272,0.127,0.127,0.031,0.031,-0.066,-0.066,0.031,0.031,0.031,0.031,0.127,0.127,-0.372,3.678,3.678,3.977,0.272,0.127,0.127,0.031,0.031,-0.066,-0.066,0.031,0.031,0.031,0.031,0.127,0.127,-0.372,6.522,6.522,6.800
TSM,2026-07-28,12,S,C,2.681,-1.250,-0.730,-0.730,-0.383,-0.383,-0.036,-0.036,-0.383,-0.383,-0.383,-0.383,-0.730,-0.730,-1.250,2.813,5.250,5.469,-1.250,-0.730,-0.730,-0.383,-0.383,-0.036,-0.036,-0.383,-0.383,-0.383,-0.383,-0.730,-0.730,-1.250,2.813,5.250,5.469
