policy,dim,slice,n,mean_r,median_r,win_rate,worst,max_consec_losers,sd,ci_lo,ci_hi,trading_days,trades_per_year,ann_dollars,thin,retired
flat_1r,ALL,all trades,905,-0.010470,1.000000,0.543646,-1.250000,10,1.104085,-0.082404,0.061464,229,995.895,-10426.62,0,0
flat_1r,symbol,AAPL,19,0.400490,1.000000,0.736842,-1.250000,2,0.966403,-0.034058,0.835037,18,266.000,106530.22,1,0
flat_1r,symbol,AMD,64,0.023077,1.000000,0.562500,-1.250000,5,1.108471,-0.248498,0.294653,50,322.560,7443.85,0,0
flat_1r,symbol,AMZN,20,0.550000,1.000000,0.800000,-1.250000,2,0.900000,0.155558,0.944442,20,252.000,138600.00,0,0
flat_1r,symbol,AVGO,46,0.226936,1.000000,0.652174,-1.250000,3,1.059120,-0.079135,0.533007,43,269.581,61177.66,0,0
flat_1r,symbol,BABA,9,-0.500000,-1.250000,0.333333,-1.250000,4,1.060660,-1.192965,0.192965,9,252.000,-126000.00,1,0
flat_1r,symbol,COIN,76,-0.053235,1.000000,0.526316,-1.250000,8,1.111086,-0.303038,0.196567,67,285.851,-15217.35,0,0
flat_1r,symbol,CRM,37,-0.070292,1.000000,0.513514,-1.250000,4,1.101061,-0.425078,0.284494,33,282.545,-19860.75,0,0
flat_1r,symbol,GOOGL,20,-0.223462,-1.145868,0.450000,-1.250000,3,1.107066,-0.708656,0.261731,20,252.000,-56312.54,0,0
flat_1r,symbol,HOOD,49,-0.089703,1.000000,0.510204,-1.250000,5,1.112951,-0.401329,0.221924,46,268.435,-24079.30,0,0
flat_1r,symbol,INTC,28,0.116071,1.000000,0.607143,-1.250000,3,1.098867,-0.290955,0.523098,28,252.000,29250.00,0,0
flat_1r,symbol,IREN,66,-0.084995,1.000000,0.515152,-1.250000,5,1.118775,-0.354909,0.184920,63,264.000,-22438.56,0,0
flat_1r,symbol,MARA,1,-1.250000,-1.250000,0.000000,-1.250000,1,0.000000,-1.250000,-1.250000,1,252.000,-315000.00,1,0
flat_1r,symbol,META,38,0.131455,1.000000,0.605263,-1.250000,3,1.076682,-0.210880,0.473790,35,273.600,35966.11,0,0
flat_1r,symbol,MSFT,30,-0.115781,-0.016129,0.500000,-1.250000,4,1.116465,-0.515303,0.283741,27,280.000,-32418.72,0,0
flat_1r,symbol,MU,72,-0.018540,1.000000,0.541667,-1.250000,5,1.108279,-0.274539,0.237460,64,283.500,-5256.02,0,0
flat_1r,symbol,NFLX,19,-0.125046,-1.026316,0.473684,-1.250000,4,1.069542,-0.605971,0.355878,19,252.000,-31511.61,1,0
flat_1r,symbol,NVDA,39,-0.019859,1.000000,0.538462,-1.250000,4,1.102598,-0.365911,0.326192,34,289.059,-5740.55,0,0
flat_1r,symbol,ORCL,59,-0.238365,-1.094349,0.440678,-1.250000,9,1.100545,-0.519191,0.042462,46,323.217,-77043.61,0,0
flat_1r,symbol,PLTR,61,0.056840,1.000000,0.573770,-1.250000,3,1.095120,-0.217983,0.331663,57,269.684,15328.93,0,0
flat_1r,symbol,QQQ,9,0.281999,1.000000,0.666667,-1.250000,1,1.016311,-0.381991,0.945989,9,252.000,71063.80,1,0
flat_1r,symbol,SOFI,4,-0.071589,-0.034483,0.500000,-1.217391,2,1.072873,-1.123005,0.979827,4,252.000,-18040.48,1,0
flat_1r,symbol,TSLA,71,-0.064923,1.000000,0.521127,-1.250000,6,1.111472,-0.323461,0.193616,61,293.311,-19042.59,0,0
flat_1r,symbol,TSM,42,-0.214386,-1.019771,0.428571,-1.250000,7,1.072496,-0.538746,0.109974,39,271.385,-58181.15,0,0
flat_1r,symbol,UBER,26,0.328557,1.000000,0.692308,-1.250000,3,1.008411,-0.059064,0.716178,26,252.000,82796.39,0,0
flat_1r,pool,equity,540,0.001292,1.000000,0.550000,-1.250000,10,1.103877,-0.091814,0.094399,212,641.887,829.50,0,0
flat_1r,pool,index,9,0.281999,1.000000,0.666667,-1.250000,1,1.016311,-0.381991,0.945989,9,252.000,71063.80,1,0
flat_1r,pool,other,356,-0.035705,1.000000,0.530899,-1.250000,6,1.105167,-0.150509,0.079100,184,487.565,-17408.29,0,0
flat_1r,month,2025-08,22,0.088807,1.000000,0.590909,-1.250000,5,1.095711,-0.369061,0.546676,4,1386.000,123086.90,0,0
flat_1r,month,2025-09,50,-0.049628,1.000000,0.520000,-1.250000,5,1.094215,-0.352929,0.253673,17,741.176,-36783.27,0,0
flat_1r,month,2025-10,64,-0.008247,1.000000,0.546875,-1.250000,4,1.108352,-0.279793,0.263299,22,733.091,-6045.98,0,0
flat_1r,month,2025-11,78,0.024594,1.000000,0.564103,-1.250000,4,1.110101,-0.221767,0.270954,18,1092.000,26856.34,0,0
flat_1r,month,2025-12,66,0.151880,1.000000,0.621212,-1.250000,4,1.086325,-0.110206,0.413966,20,831.600,126303.47,0,0
flat_1r,month,2026-01,63,-0.011544,1.000000,0.539683,-1.250000,4,1.096790,-0.282381,0.259294,19,835.579,-9645.64,0,0
flat_1r,month,2026-02,85,-0.013612,1.000000,0.541176,-1.250000,6,1.102143,-0.247918,0.220695,19,1127.368,-15345.57,0,0
flat_1r,month,2026-03,89,-0.143643,-1.012876,0.483146,-1.250000,8,1.106790,-0.373590,0.086303,21,1068.000,-153411.20,0,0
flat_1r,month,2026-04,69,0.035601,1.000000,0.565217,-1.250000,5,1.100542,-0.224079,0.295281,20,869.400,30951.52,0,0
flat_1r,month,2026-05,92,-0.079525,1.000000,0.510870,-1.250000,8,1.108921,-0.306127,0.147076,19,1220.211,-97037.73,0,0
flat_1r,month,2026-06,93,-0.027133,1.000000,0.537634,-1.250000,5,1.108253,-0.252377,0.198111,21,1116.000,-30280.46,0,0
flat_1r,month,2026-07,100,-0.096329,0.364067,0.500000,-1.250000,5,1.101504,-0.312224,0.119565,21,1200.000,-115595.26,0,0
flat_1r,month,2026-08,34,0.333023,1.000000,0.705882,-1.250000,4,1.013161,-0.007538,0.673585,8,1071.000,356667.98,0,0
flat_1r,quarter,2025-Q3,72,-0.007328,1.000000,0.541667,-1.250000,5,1.096528,-0.260614,0.245957,21,864.000,-6331.81,0,0
flat_1r,quarter,2025-Q4,208,0.054878,1.000000,0.576923,-1.250000,4,1.104136,-0.095176,0.204932,60,873.600,47941.20,0,0
flat_1r,quarter,2026-Q1,237,-0.061893,1.000000,0.518987,-1.250000,8,1.104294,-0.202486,0.078701,59,1012.271,-62652.00,0,0
flat_1r,quarter,2026-Q2,254,-0.029068,1.000000,0.535433,-1.250000,10,1.107337,-0.165250,0.107114,60,1066.800,-31009.60,0,0
flat_1r,quarter,2026-Q3,134,0.012611,1.000000,0.552239,-1.250000,5,1.095817,-0.172931,0.198153,29,1164.414,14684.26,0,0
flat_1r,setup,break_and_retest,801,-0.008434,1.000000,0.544320,-1.250000,12,1.103419,-0.084849,0.067981,220,917.509,-7738.23,0,0
flat_1r,setup,one_candle_rule,102,-0.024210,1.000000,0.539216,-1.250000,4,1.108673,-0.239369,0.190949,77,333.818,-8081.63,0,0
flat_1r,setup,reentry_84_rule,2,-0.125000,-0.125000,0.500000,-1.250000,1,1.125000,-1.684170,1.434170,2,252.000,-31500.00,1,0
flat_1r,grade,A,7,-0.285714,-1.250000,0.428571,-1.250000,3,1.113461,-1.110578,0.539149,5,352.800,-100800.00,1,0
flat_1r,grade,A+,3,-1.250000,-1.250000,0.000000,-1.250000,3,0.000000,-1.250000,-1.250000,2,378.000,-472500.00,1,0
flat_1r,grade,B,622,0.116400,1.000000,0.601286,-1.250000,7,1.085606,0.031084,0.201717,216,725.667,84467.67,0,0
flat_1r,grade,C,273,-0.278849,-1.116279,0.421245,-1.250000,10,1.093859,-0.408608,-0.149091,157,438.191,-122189.26,0,0
flat_1r,alert_only,actioned,632,0.105460,1.000000,0.596519,-1.250000,9,1.088190,0.020620,0.190301,216,737.333,77759.34,0,0
flat_1r,alert_only,alert_only,273,-0.278849,-1.116279,0.421245,-1.250000,10,1.093859,-0.408608,-0.149091,157,438.191,-122189.26,0,0
flat_1r,trend_qqq,aligned,487,0.065128,1.000000,0.577002,-1.250000,12,1.093668,-0.032008,0.162263,188,652.787,42514.55,0,0
flat_1r,trend_qqq,flat,99,0.021332,1.000000,0.555556,-1.250000,7,1.099552,-0.195266,0.237930,50,498.960,10643.84,0,0
flat_1r,trend_qqq,opposed,316,-0.146532,-1.038728,0.484177,-1.250000,9,1.109800,-0.268897,-0.024167,150,530.880,-77790.83,0,0
flat_1r,trend_qqq,unknown,3,1.000000,1.000000,1.000000,1.000000,0,0.000000,1.000000,1.000000,1,756.000,756000.00,1,0
flat_1r,session_third,09:30-10:00,905,-0.010470,1.000000,0.543646,-1.250000,10,1.104085,-0.082404,0.061464,229,995.895,-10426.62,0,0
flat_1r,side,long,436,0.010793,1.000000,0.552752,-1.250000,11,1.102447,-0.092690,0.114276,182,603.692,6515.73,0,0
flat_1r,side,short,469,-0.030236,1.000000,0.535181,-1.250000,13,1.105238,-0.130265,0.069793,175,675.360,-20420.34,0,0
flat_1r,symbol|pool,AAPL|equity,19,0.400490,1.000000,0.736842,-1.250000,2,0.966403,-0.034058,0.835037,18,266.000,106530.22,1,0
flat_1r,symbol|pool,AMD|equity,64,0.023077,1.000000,0.562500,-1.250000,5,1.108471,-0.248498,0.294653,50,322.560,7443.85,0,0
flat_1r,symbol|pool,AMZN|equity,20,0.550000,1.000000,0.800000,-1.250000,2,0.900000,0.155558,0.944442,20,252.000,138600.00,0,0
flat_1r,symbol|pool,AVGO|other,46,0.226936,1.000000,0.652174,-1.250000,3,1.059120,-0.079135,0.533007,43,269.581,61177.66,0,0
flat_1r,symbol|pool,BABA|other,9,-0.500000,-1.250000,0.333333,-1.250000,4,1.060660,-1.192965,0.192965,9,252.000,-126000.00,1,0
flat_1r,symbol|pool,COIN|other,76,-0.053235,1.000000,0.526316,-1.250000,8,1.111086,-0.303038,0.196567,67,285.851,-15217.35,0,0
flat_1r,symbol|pool,CRM|other,37,-0.070292,1.000000,0.513514,-1.250000,4,1.101061,-0.425078,0.284494,33,282.545,-19860.75,0,0
flat_1r,symbol|pool,GOOGL|equity,20,-0.223462,-1.145868,0.450000,-1.250000,3,1.107066,-0.708656,0.261731,20,252.000,-56312.54,0,0
flat_1r,symbol|pool,HOOD|other,49,-0.089703,1.000000,0.510204,-1.250000,5,1.112951,-0.401329,0.221924,46,268.435,-24079.30,0,0
flat_1r,symbol|pool,INTC|equity,28,0.116071,1.000000,0.607143,-1.250000,3,1.098867,-0.290955,0.523098,28,252.000,29250.00,0,0
flat_1r,symbol|pool,IREN|other,66,-0.084995,1.000000,0.515152,-1.250000,5,1.118775,-0.354909,0.184920,63,264.000,-22438.56,0,0
flat_1r,symbol|pool,MARA|other,1,-1.250000,-1.250000,0.000000,-1.250000,1,0.000000,-1.250000,-1.250000,1,252.000,-315000.00,1,0
flat_1r,symbol|pool,META|equity,38,0.131455,1.000000,0.605263,-1.250000,3,1.076682,-0.210880,0.473790,35,273.600,35966.11,0,0
flat_1r,symbol|pool,MSFT|equity,30,-0.115781,-0.016129,0.500000,-1.250000,4,1.116465,-0.515303,0.283741,27,280.000,-32418.72,0,0
flat_1r,symbol|pool,MU|equity,72,-0.018540,1.000000,0.541667,-1.250000,5,1.108279,-0.274539,0.237460,64,283.500,-5256.02,0,0
flat_1r,symbol|pool,NFLX|equity,19,-0.125046,-1.026316,0.473684,-1.250000,4,1.069542,-0.605971,0.355878,19,252.000,-31511.61,1,0
flat_1r,symbol|pool,NVDA|equity,39,-0.019859,1.000000,0.538462,-1.250000,4,1.102598,-0.365911,0.326192,34,289.059,-5740.55,0,0
flat_1r,symbol|pool,ORCL|equity,59,-0.238365,-1.094349,0.440678,-1.250000,9,1.100545,-0.519191,0.042462,46,323.217,-77043.61,0,0
flat_1r,symbol|pool,PLTR|equity,61,0.056840,1.000000,0.573770,-1.250000,3,1.095120,-0.217983,0.331663,57,269.684,15328.93,0,0
flat_1r,symbol|pool,QQQ|index,9,0.281999,1.000000,0.666667,-1.250000,1,1.016311,-0.381991,0.945989,9,252.000,71063.80,1,0
flat_1r,symbol|pool,SOFI|other,4,-0.071589,-0.034483,0.500000,-1.217391,2,1.072873,-1.123005,0.979827,4,252.000,-18040.48,1,0
flat_1r,symbol|pool,TSLA|equity,71,-0.064923,1.000000,0.521127,-1.250000,6,1.111472,-0.323461,0.193616,61,293.311,-19042.59,0,0
flat_1r,symbol|pool,TSM|other,42,-0.214386,-1.019771,0.428571,-1.250000,7,1.072496,-0.538746,0.109974,39,271.385,-58181.15,0,0
flat_1r,symbol|pool,UBER|other,26,0.328557,1.000000,0.692308,-1.250000,3,1.008411,-0.059064,0.716178,26,252.000,82796.39,0,0
flat_1r,symbol|month,AAPL|2025-08,1,1.000000,1.000000,1.000000,1.000000,0,0.000000,1.000000,1.000000,1,252.000,252000.00,1,0
flat_1r,symbol|month,AAPL|2025-09,1,1.000000,1.000000,1.000000,1.000000,0,0.000000,1.000000,1.000000,1,252.000,252000.00,1,0
flat_1r,symbol|month,AAPL|2026-01,3,-0.500000,-1.250000,0.333333,-1.250000,2,1.060660,-1.700250,0.700250,3,252.000,-126000.00,1,0
flat_1r,symbol|month,AAPL|2026-02,1,1.000000,1.000000,1.000000,1.000000,0,0.000000,1.000000,1.000000,1,252.000,252000.00,1,0
flat_1r,symbol|month,AAPL|2026-03,1,1.000000,1.000000,1.000000,1.000000,0,0.000000,1.000000,1.000000,1,252.000,252000.00,1,0
flat_1r,symbol|month,AAPL|2026-05,2,-0.025735,-0.025735,0.500000,-1.051471,1,1.025735,-1.447332,1.395861,2,252.000,-6485.29,1,0
flat_1r,symbol|month,AAPL|2026-06,5,0.550000,1.000000,0.800000,-1.250000,1,0.900000,-0.238885,1.338885,4,315.000,173250.00,1,0
flat_1r,symbol|month,AAPL|2026-07,4,0.437500,1.000000,0.750000,-1.250000,1,0.974279,-0.517293,1.392293,4,252.000,110250.00,1,0
flat_1r,symbol|month,AAPL|2026-08,1,0.660772,0.660772,1.000000,0.660772,0,0.000000,0.660772,0.660772,1,252.000,166514.47,1,0
flat_1r,symbol|month,AMD|2025-09,1,1.000000,1.000000,1.000000,1.000000,0,0.000000,1.000000,1.000000,1,252.000,252000.00,1,0
flat_1r,symbol|month,AMD|2025-10,5,0.550000,1.000000,0.800000,-1.250000,1,0.900000,-0.238885,1.338885,5,252.000,138600.00,1,0
flat_1r,symbol|month,AMD|2025-11,10,-0.551055,-1.250000,0.300000,-1.250000,4,1.017821,-1.181906,0.079797,6,420.000,-231442.92,1,0
flat_1r,symbol|month,AMD|2025-12,5,0.100000,1.000000,0.600000,-1.250000,2,1.102270,-0.866183,1.066183,2,630.000,63000.00,1,0
flat_1r,symbol|month,AMD|2026-01,6,-0.125000,-0.125000,0.500000,-1.250000,2,1.125000,-1.025187,0.775187,5,302.400,-37800.00,1,0
flat_1r,symbol|month,AMD|2026-02,3,0.250000,1.000000,0.666667,-1.250000,1,1.060660,-0.950250,1.450250,3,252.000,63000.00,1,0
flat_1r,symbol|month,AMD|2026-03,5,-0.752500,-1.250000,0.200000,-1.250000,4,0.881065,-1.524787,0.019787,4,315.000,-237037.50,1,0
flat_1r,symbol|month,AMD|2026-04,5,0.100000,1.000000,0.600000,-1.250000,1,1.102270,-0.866183,1.066183,5,252.000,25200.00,1,0
flat_1r,symbol|month,AMD|2026-05,6,0.250000,1.000000,0.666667,-1.250000,2,1.060660,-0.598705,1.098705,5,302.400,75600.00,1,0
flat_1r,symbol|month,AMD|2026-06,7,0.357143,1.000000,0.714286,-1.250000,2,1.016446,-0.395851,1.110137,6,294.000,105000.00,1,0
flat_1r,symbol|month,AMD|2026-07,8,0.156250,1.000000,0.625000,-1.250000,2,1.089277,-0.598580,0.911080,6,336.000,52500.00,1,0
flat_1r,symbol|month,AMD|2026-08,3,0.250000,1.000000,0.666667,-1.250000,1,1.060660,-0.950250,1.450250,2,378.000,94500.00,1,0
flat_1r,symbol|month,AMZN|2025-08,1,-1.250000,-1.250000,0.000000,-1.250000,1,0.000000,-1.250000,-1.250000,1,252.000,-315000.00,1,0
flat_1r,symbol|month,AMZN|2025-11,3,-0.500000,-1.250000,0.333333,-1.250000,1,1.060660,-1.700250,0.700250,3,252.000,-126000.00,1,0
flat_1r,symbol|month,AMZN|2026-01,1,1.000000,1.000000,1.000000,1.000000,0,0.000000,1.000000,1.000000,1,252.000,252000.00,1,0
flat_1r,symbol|month,AMZN|2026-02,4,1.000000,1.000000,1.000000,1.000000,0,0.000000,1.000000,1.000000,4,252.000,252000.00,1,0
flat_1r,symbol|month,AMZN|2026-03,3,0.250000,1.000000,0.666667,-1.250000,1,1.060660,-0.950250,1.450250,3,252.000,63000.00,1,0
flat_1r,symbol|month,AMZN|2026-04,1,1.000000,1.000000,1.000000,1.000000,0,0.000000,1.000000,1.000000,1,252.000,252000.00,1,0
flat_1r,symbol|month,AMZN|2026-05,3,1.000000,1.000000,1.000000,1.000000,0,0.000000,1.000000,1.000000,3,252.000,252000.00,1,0
flat_1r,symbol|month,AMZN|2026-06,3,1.000000,1.000000,1.000000,1.000000,0,0.000000,1.000000,1.000000,3,252.000,252000.00,1,0
flat_1r,symbol|month,AMZN|2026-07,1,1.000000,1.000000,1.000000,1.000000,0,0.000000,1.000000,1.000000,1,252.000,252000.00,1,0
flat_1r,symbol|month,AVGO|2025-08,1,1.000000,1.000000,1.000000,1.000000,0,0.000000,1.000000,1.000000,1,252.000,252000.00,1,0
flat_1r,symbol|month,AVGO|2025-09,1,1.000000,1.000000,1.000000,1.000000,0,0.000000,1.000000,1.000000,1,252.000,252000.00,1,0
flat_1r,symbol|month,AVGO|2025-10,1,1.000000,1.000000,1.000000,1.000000,0,0.000000,1.000000,1.000000,1,252.000,252000.00,1,0
flat_1r,symbol|month,AVGO|2025-11,2,1.000000,1.000000,1.000000,1.000000,0,0.000000,1.000000,1.000000,2,252.000,252000.00,1,0
flat_1r,symbol|month,AVGO|2025-12,4,-0.687500,-1.250000,0.250000,-1.250000,3,0.974279,-1.642293,0.267293,4,252.000,-173250.00,1,0
flat_1r,symbol|month,AVGO|2026-01,5,1.000000,1.000000,1.000000,1.000000,0,0.000000,1.000000,1.000000,5,252.000,252000.00,1,0
flat_1r,symbol|month,AVGO|2026-02,7,-0.263718,-1.096026,0.428571,-1.250000,2,1.095572,-1.075329,0.547893,6,294.000,-77533.08,1,0
flat_1r,symbol|month,AVGO|2026-03,5,0.122000,1.000000,0.600000,-1.250000,2,1.075888,-0.821058,1.065058,5,252.000,30744.00,1,0
flat_1r,symbol|month,AVGO|2026-04,5,-0.350000,-1.250000,0.400000,-1.250000,2,1.102270,-1.316183,0.616183,4,315.000,-110250.00,1,0
flat_1r,symbol|month,AVGO|2026-05,8,0.740634,1.000000,0.875000,-1.074930,1,0.686218,0.265109,1.216159,7,288.000,213302.54,1,0
flat_1r,symbol|month,AVGO|2026-06,2,-0.125000,-0.125000,0.500000,-1.250000,1,1.125000,-1.684170,1.434170,2,252.000,-31500.00,1,0
flat_1r,symbol|month,AVGO|2026-07,2,1.000000,1.000000,1.000000,1.000000,0,0.000000,1.000000,1.000000,2,252.000,252000.00,1,0
flat_1r,symbol|month,AVGO|2026-08,3,-0.500000,-1.250000,0.333333,-1.250000,1,1.060660,-1.700250,0.700250,3,252.000,-126000.00,1,0
flat_1r,symbol|month,BABA|2025-11,1,1.000000,1.000000,1.000000,1.000000,0,0.000000,1.000000,1.000000,1,252.000,252000.00,1,0
flat_1r,symbol|month,BABA|2025-12,1,-1.250000,-1.250000,0.000000,-1.250000,1,0.000000,-1.250000,-1.250000,1,252.000,-315000.00,1,0
flat_1r,symbol|month,BABA|2026-01,1,1.000000,1.000000,1.000000,1.000000,0,0.000000,1.000000,1.000000,1,252.000,252000.00,1,0
flat_1r,symbol|month,BABA|2026-02,1,-1.250000,-1.250000,0.000000,-1.250000,1,0.000000,-1.250000,-1.250000,1,252.000,-315000.00,1,0
flat_1r,symbol|month,BABA|2026-04,1,-1.250000,-1.250000,0.000000,-1.250000,1,0.000000,-1.250000,-1.250000,1,252.000,-315000.00,1,0
flat_1r,symbol|month,BABA|2026-05,1,-1.250000,-1.250000,0.000000,-1.250000,1,0.000000,-1.250000,-1.250000,1,252.000,-315000.00,1,0
flat_1r,symbol|month,BABA|2026-06,1,-1.250000,-1.250000,0.000000,-1.250000,1,0.000000,-1.250000,-1.250000,1,252.000,-315000.00,1,0
flat_1r,symbol|month,BABA|2026-07,2,-0.125000,-0.125000,0.500000,-1.250000,1,1.125000,-1.684170,1.434170,2,252.000,-31500.00,1,0
flat_1r,symbol|month,COIN|2025-08,4,0.437500,1.000000,0.750000,-1.250000,1,0.974279,-0.517293,1.392293,3,336.000,147000.00,1,0
flat_1r,symbol|month,COIN|2025-09,5,1.000000,1.000000,1.000000,1.000000,0,0.000000,1.000000,1.000000,3,420.000,420000.00,1,0
flat_1r,symbol|month,COIN|2025-10,6,0.625000,1.000000,0.833333,-1.250000,1,0.838525,-0.045960,1.295960,6,252.000,157500.00,1,0
flat_1r,symbol|month,COIN|2025-11,4,1.000000,1.000000,1.000000,1.000000,0,0.000000,1.000000,1.000000,4,252.000,252000.00,1,0
flat_1r,symbol|month,COIN|2025-12,10,-0.125000,-0.125000,0.500000,-1.250000,4,1.125000,-0.822282,0.572282,9,280.000,-35000.00,1,0
flat_1r,symbol|month,COIN|2026-01,2,-0.054545,-0.054545,0.500000,-1.109091,1,1.054545,-1.516071,1.406980,2,252.000,-13745.45,1,0
flat_1r,symbol|month,COIN|2026-02,8,-0.406250,-1.250000,0.375000,-1.250000,5,1.089277,-1.161080,0.348580,7,288.000,-117000.00,1,0
flat_1r,symbol|month,COIN|2026-03,7,-0.262072,-1.084507,0.428571,-1.250000,2,1.094328,-1.072762,0.548617,6,294.000,-77049.30,1,0
flat_1r,symbol|month,COIN|2026-04,9,-0.704698,-1.208355,0.222222,-1.250000,4,0.913941,-1.301806,-0.107590,7,324.000,-228322.21,1,0
flat_1r,symbol|month,COIN|2026-05,6,-0.875000,-1.250000,0.166667,-1.250000,4,0.838525,-1.545960,-0.204040,6,252.000,-220500.00,1,0
flat_1r,symbol|month,COIN|2026-06,7,-0.251429,-1.010000,0.428571,-1.250000,2,1.086612,-1.056402,0.553545,6,294.000,-73920.00,1,0
flat_1r,symbol|month,COIN|2026-07,7,0.035714,1.000000,0.571429,-1.250000,1,1.113461,-0.789149,0.860578,7,252.000,9000.00,1,0
flat_1r,symbol|month,COIN|2026-08,1,1.000000,1.000000,1.000000,1.000000,0,0.000000,1.000000,1.000000,1,252.000,252000.00,1,0
flat_1r,symbol|month,CRM|2025-08,2,-0.125000,-0.125000,0.500000,-1.250000,1,1.125000,-1.684170,1.434170,2,252.000,-31500.00,1,0
flat_1r,symbol|month,CRM|2025-09,2,-0.125000,-0.125000,0.500000,-1.250000,1,1.125000,-1.684170,1.434170,2,252.000,-31500.00,1,0
flat_1r,symbol|month,CRM|2025-10,2,-0.050000,-0.050000,0.500000,-1.100000,1,1.050000,-1.505226,1.405226,2,252.000,-12600.00,1,0
flat_1r,symbol|month,CRM|2025-11,1,-1.071144,-1.071144,0.000000,-1.071144,1,0.000000,-1.071144,-1.071144,1,252.000,-269928.29,1,0
flat_1r,symbol|month,CRM|2025-12,2,1.000000,1.000000,1.000000,1.000000,0,0.000000,1.000000,1.000000,2,252.000,252000.00,1,0
flat_1r,symbol|month,CRM|2026-01,3,0.333333,1.000000,0.666667,-1.000000,1,0.942809,-0.733556,1.400222,2,378.000,126000.00,1,0
flat_1r,symbol|month,CRM|2026-02,4,0.437500,1.000000,0.750000,-1.250000,1,0.974279,-0.517293,1.392293,3,336.000,147000.00,1,0
flat_1r,symbol|month,CRM|2026-03,4,-0.686538,-1.248077,0.250000,-1.250000,3,0.973725,-1.640789,0.267712,4,252.000,-173007.69,1,0
flat_1r,symbol|month,CRM|2026-04,3,1.000000,1.000000,1.000000,1.000000,0,0.000000,1.000000,1.000000,3,252.000,252000.00,1,0
flat_1r,symbol|month,CRM|2026-05,4,-0.644817,-1.164634,0.250000,-1.250000,3,0.952190,-1.577963,0.288329,4,252.000,-162493.90,1,0
flat_1r,symbol|month,CRM|2026-06,4,-0.682264,-1.239527,0.250000,-1.250000,2,0.971293,-1.634131,0.269604,3,336.000,-229240.54,1,0
flat_1r,symbol|month,CRM|2026-07,5,-0.325038,-1.125192,0.400000,-1.250000,2,1.082849,-1.274197,0.624120,4,315.000,-102387.12,1,0
flat_1r,symbol|month,CRM|2026-08,1,1.000000,1.000000,1.000000,1.000000,0,0.000000,1.000000,1.000000,1,252.000,252000.00,1,0
flat_1r,symbol|month,GOOGL|2025-08,1,1.000000,1.000000,1.000000,1.000000,0,0.000000,1.000000,1.000000,1,252.000,252000.00,1,0
flat_1r,symbol|month,GOOGL|2025-09,2,1.000000,1.000000,1.000000,1.000000,0,0.000000,1.000000,1.000000,2,252.000,252000.00,1,0
flat_1r,symbol|month,GOOGL|2025-10,1,-1.231481,-1.231481,0.000000,-1.231481,1,0.000000,-1.231481,-1.231481,1,252.000,-310333.33,1,0
flat_1r,symbol|month,GOOGL|2025-12,1,1.000000,1.000000,1.000000,1.000000,0,0.000000,1.000000,1.000000,1,252.000,252000.00,1,0
flat_1r,symbol|month,GOOGL|2026-01,2,-1.248016,-1.248016,0.000000,-1.250000,2,0.001984,-1.250766,-1.245266,2,252.000,-314500.00,1,0
flat_1r,symbol|month,GOOGL|2026-02,1,1.000000,1.000000,1.000000,1.000000,0,0.000000,1.000000,1.000000,1,252.000,252000.00,1,0
flat_1r,symbol|month,GOOGL|2026-03,2,-0.065359,-0.065359,0.500000,-1.130719,1,1.065359,-1.541872,1.411153,2,252.000,-16470.59,1,0
flat_1r,symbol|month,GOOGL|2026-04,1,-1.250000,-1.250000,0.000000,-1.250000,1,0.000000,-1.250000,-1.250000,1,252.000,-315000.00,1,0
flat_1r,symbol|month,GOOGL|2026-05,4,-0.125000,-0.125000,0.500000,-1.250000,2,1.125000,-1.227500,0.977500,4,252.000,-31500.00,1,0
flat_1r,symbol|month,GOOGL|2026-06,2,-0.080508,-0.080508,0.500000,-1.161017,1,1.080508,-1.578017,1.417000,2,252.000,-20288.14,1,0
flat_1r,symbol|month,GOOGL|2026-07,1,-1.250000,-1.250000,0.000000,-1.250000,1,0.000000,-1.250000,-1.250000,1,252.000,-315000.00,1,0
flat_1r,symbol|month,GOOGL|2026-08,2,-1.225000,-1.225000,0.000000,-1.250000,2,0.025000,-1.259648,-1.190352,2,252.000,-308700.00,1,0
flat_1r,symbol|month,HOOD|2025-08,3,-0.500000,-1.250000,0.333333,-1.250000,1,1.060660,-1.700250,0.700250,3,252.000,-126000.00,1,0
flat_1r,symbol|month,HOOD|2025-09,5,-0.323333,-1.116667,0.400000,-1.250000,2,1.081593,-1.271392,0.624725,5,252.000,-81480.00,1,0
flat_1r,symbol|month,HOOD|2025-10,5,0.100000,1.000000,0.600000,-1.250000,1,1.102270,-0.866183,1.066183,4,315.000,31500.00,1,0
flat_1r,symbol|month,HOOD|2025-11,6,-0.875000,-1.250000,0.166667,-1.250000,5,0.838525,-1.545960,-0.204040,5,302.400,-264600.00,1,0
flat_1r,symbol|month,HOOD|2025-12,1,1.000000,1.000000,1.000000,1.000000,0,0.000000,1.000000,1.000000,1,252.000,252000.00,1,0
flat_1r,symbol|month,HOOD|2026-01,4,-1.250000,-1.250000,0.000000,-1.250000,4,0.000000,-1.250000,-1.250000,4,252.000,-315000.00,1,0
flat_1r,symbol|month,HOOD|2026-02,5,0.596154,1.000000,0.800000,-1.019231,1,0.807692,-0.111820,1.304127,5,252.000,150230.77,1,0
flat_1r,symbol|month,HOOD|2026-03,4,-0.125000,-0.125000,0.500000,-1.250000,1,1.125000,-1.227500,0.977500,4,252.000,-31500.00,1,0
flat_1r,symbol|month,HOOD|2026-04,3,-0.500000,-1.250000,0.333333,-1.250000,2,1.060660,-1.700250,0.700250,3,252.000,-126000.00,1,0
flat_1r,symbol|month,HOOD|2026-05,1,1.000000,1.000000,1.000000,1.000000,0,0.000000,1.000000,1.000000,1,252.000,252000.00,1,0
flat_1r,symbol|month,HOOD|2026-06,5,0.575690,1.000000,0.800000,-1.121552,1,0.848621,-0.168159,1.319539,4,315.000,181342.22,1,0
flat_1r,symbol|month,HOOD|2026-07,5,0.550000,1.000000,0.800000,-1.250000,1,0.900000,-0.238885,1.338885,5,252.000,138600.00,1,0
flat_1r,symbol|month,HOOD|2026-08,2,-0.068989,-0.068989,0.500000,-1.137979,1,1.068989,-1.550533,1.412554,2,252.000,-17385.31,1,0
flat_1r,symbol|month,INTC|2025-09,1,1.000000,1.000000,1.000000,1.000000,0,0.000000,1.000000,1.000000,1,252.000,252000.00,1,0
flat_1r,symbol|month,INTC|2025-11,3,0.250000,1.000000,0.666667,-1.250000,1,1.060660,-0.950250,1.450250,3,252.000,63000.00,1,0
flat_1r,symbol|month,INTC|2025-12,1,1.000000,1.000000,1.000000,1.000000,0,0.000000,1.000000,1.000000,1,252.000,252000.00,1,0
flat_1r,symbol|month,INTC|2026-01,2,-0.125000,-0.125000,0.500000,-1.250000,1,1.125000,-1.684170,1.434170,2,252.000,-31500.00,1,0
flat_1r,symbol|month,INTC|2026-02,1,1.000000,1.000000,1.000000,1.000000,0,0.000000,1.000000,1.000000,1,252.000,252000.00,1,0
flat_1r,symbol|month,INTC|2026-03,1,1.000000,1.000000,1.000000,1.000000,0,0.000000,1.000000,1.000000,1,252.000,252000.00,1,0
flat_1r,symbol|month,INTC|2026-04,2,-1.250000,-1.250000,0.000000,-1.250000,2,0.000000,-1.250000,-1.250000,2,252.000,-315000.00,1,0
flat_1r,symbol|month,INTC|2026-05,3,0.250000,1.000000,0.666667,-1.250000,1,1.060660,-0.950250,1.450250,3,252.000,63000.00,1,0
flat_1r,symbol|month,INTC|2026-06,8,-0.125000,-0.125000,0.500000,-1.250000,2,1.125000,-0.904585,0.654585,8,252.000,-31500.00,1,0
flat_1r,symbol|month,INTC|2026-07,5,0.100000,1.000000,0.600000,-1.250000,1,1.102270,-0.866183,1.066183,5,252.000,25200.00,1,0
flat_1r,symbol|month,INTC|2026-08,1,1.000000,1.000000,1.000000,1.000000,0,0.000000,1.000000,1.000000,1,252.000,252000.00,1,0
flat_1r,symbol|month,IREN|2025-09,5,-0.758594,-1.206016,0.200000,-1.250000,4,0.881320,-1.531105,0.013916,5,252.000,-191165.80,1,0
flat_1r,symbol|month,IREN|2025-10,8,-0.687500,-1.250000,0.250000,-1.250000,3,0.974279,-1.362641,-0.012359,7,288.000,-198000.00,1,0
flat_1r,symbol|month,IREN|2025-11,6,0.625000,1.000000,0.833333,-1.250000,1,0.838525,-0.045960,1.295960,6,252.000,157500.00,1,0
flat_1r,symbol|month,IREN|2025-12,6,-0.500000,-1.250000,0.333333,-1.250000,2,1.060660,-1.348705,0.348705,5,302.400,-151200.00,1,0
flat_1r,symbol|month,IREN|2026-01,6,0.625000,1.000000,0.833333,-1.250000,1,0.838525,-0.045960,1.295960,6,252.000,157500.00,1,0
flat_1r,symbol|month,IREN|2026-02,7,-0.259524,-1.066667,0.428571,-1.250000,2,1.092429,-1.068807,0.549759,6,294.000,-76300.00,1,0
flat_1r,symbol|month,IREN|2026-03,8,0.156250,1.000000,0.625000,-1.250000,2,1.089277,-0.598580,0.911080,8,252.000,39375.00,1,0
flat_1r,symbol|month,IREN|2026-04,2,1.000000,1.000000,1.000000,1.000000,0,0.000000,1.000000,1.000000,2,252.000,252000.00,1,0
flat_1r,symbol|month,IREN|2026-05,6,-0.125000,-0.125000,0.500000,-1.250000,2,1.125000,-1.025187,0.775187,6,252.000,-31500.00,1,0
flat_1r,symbol|month,IREN|2026-06,6,-0.125000,-0.125000,0.500000,-1.250000,2,1.125000,-1.025187,0.775187,6,252.000,-31500.00,1,0
flat_1r,symbol|month,IREN|2026-07,5,-0.350000,-1.250000,0.400000,-1.250000,3,1.102270,-1.316183,0.616183,5,252.000,-88200.00,1,0
flat_1r,symbol|month,IREN|2026-08,1,1.000000,1.000000,1.000000,1.000000,0,0.000000,1.000000,1.000000,1,252.000,252000.00,1,0
flat_1r,symbol|month,MARA|2025-10,1,-1.250000,-1.250000,0.000000,-1.250000,1,0.000000,-1.250000,-1.250000,1,252.000,-315000.00,1,0
flat_1r,symbol|month,META|2025-08,3,1.000000,1.000000,1.000000,1.000000,0,0.000000,1.000000,1.000000,2,378.000,378000.00,1,0
flat_1r,symbol|month,META|2025-10,5,1.000000,1.000000,1.000000,1.000000,0,0.000000,1.000000,1.000000,4,315.000,315000.00,1,0
flat_1r,symbol|month,META|2025-11,2,-0.125000,-0.125000,0.500000,-1.250000,1,1.125000,-1.684170,1.434170,2,252.000,-31500.00,1,0
flat_1r,symbol|month,META|2026-01,3,-0.500000,-1.250000,0.333333,-1.250000,1,1.060660,-1.700250,0.700250,3,252.000,-126000.00,1,0
flat_1r,symbol|month,META|2026-02,5,0.103634,1.000000,0.600000,-1.250000,1,1.097835,-0.858661,1.065929,5,252.000,26115.77,1,0
flat_1r,symbol|month,META|2026-03,3,-0.455515,-1.152778,0.333333,-1.213768,2,1.029506,-1.620511,0.709480,3,252.000,-114789.86,1,0
flat_1r,symbol|month,META|2026-04,2,-0.125000,-0.125000,0.500000,-1.250000,1,1.125000,-1.684170,1.434170,2,252.000,-31500.00,1,0
flat_1r,symbol|month,META|2026-05,1,1.000000,1.000000,1.000000,1.000000,0,0.000000,1.000000,1.000000,1,252.000,252000.00,1,0
flat_1r,symbol|month,META|2026-06,4,-0.087694,-0.050388,0.500000,-1.250000,2,1.088973,-1.154887,0.979499,4,252.000,-22098.84,1,0
flat_1r,symbol|month,META|2026-07,7,0.099206,1.000000,0.571429,-1.250000,2,1.042511,-0.673097,0.871509,6,294.000,29166.67,1,0
flat_1r,symbol|month,META|2026-08,3,-0.500000,-1.250000,0.333333,-1.250000,2,1.060660,-1.700250,0.700250,3,252.000,-126000.00,1,0
flat_1r,symbol|month,MSFT|2025-10,1,-1.250000,-1.250000,0.000000,-1.250000,1,0.000000,-1.250000,-1.250000,1,252.000,-315000.00,1,0
flat_1r,symbol|month,MSFT|2025-11,3,0.250000,1.000000,0.666667,-1.250000,1,1.060660,-0.950250,1.450250,3,252.000,63000.00,1,0
flat_1r,symbol|month,MSFT|2026-02,4,-0.125000,-0.125000,0.500000,-1.250000,2,1.125000,-1.227500,0.977500,3,336.000,-42000.00,1,0
flat_1r,symbol|month,MSFT|2026-03,2,-1.250000,-1.250000,0.000000,-1.250000,2,0.000000,-1.250000,-1.250000,2,252.000,-315000.00,1,0
flat_1r,symbol|month,MSFT|2026-04,3,1.000000,1.000000,1.000000,1.000000,0,0.000000,1.000000,1.000000,3,252.000,252000.00,1,0
flat_1r,symbol|month,MSFT|2026-05,5,-0.350000,-1.250000,0.400000,-1.250000,2,1.102270,-1.316183,0.616183,4,315.000,-110250.00,1,0
flat_1r,symbol|month,MSFT|2026-06,2,-0.125000,-0.125000,0.500000,-1.250000,1,1.125000,-1.684170,1.434170,2,252.000,-31500.00,1,0
flat_1r,symbol|month,MSFT|2026-07,8,-0.371679,-1.111717,0.375000,-1.250000,4,1.064589,-1.109402,0.366043,7,288.000,-107043.64,1,0
flat_1r,symbol|month,MSFT|2026-08,2,1.000000,1.000000,1.000000,1.000000,0,0.000000,1.000000,1.000000,2,252.000,252000.00,1,0
flat_1r,symbol|month,MU|2025-08,1,-1.250000,-1.250000,0.000000,-1.250000,1,0.000000,-1.250000,-1.250000,1,252.000,-315000.00,1,0
flat_1r,symbol|month,MU|2025-09,3,-0.446078,-1.088235,0.333333,-1.250000,1,1.024662,-1.605593,0.713436,3,252.000,-112411.76,1,0
flat_1r,symbol|month,MU|2025-10,1,-1.250000,-1.250000,0.000000,-1.250000,1,0.000000,-1.250000,-1.250000,1,252.000,-315000.00,1,0
flat_1r,symbol|month,MU|2025-11,6,0.250000,1.000000,0.666667,-1.250000,1,1.060660,-0.598705,1.098705,4,378.000,94500.00,1,0
flat_1r,symbol|month,MU|2025-12,7,0.035714,1.000000,0.571429,-1.250000,2,1.113461,-0.789149,0.860578,6,294.000,10500.00,1,0
flat_1r,symbol|month,MU|2026-01,4,-0.018750,0.000000,0.500000,-1.075000,2,1.019095,-1.017463,0.979963,4,252.000,-4725.00,1,0
flat_1r,symbol|month,MU|2026-02,6,0.250000,1.000000,0.666667,-1.250000,1,1.060660,-0.598705,1.098705,5,302.400,75600.00,1,0
flat_1r,symbol|month,MU|2026-03,12,0.250000,1.000000,0.666667,-1.250000,2,1.060660,-0.350125,0.850125,11,274.909,68727.27,1,0
flat_1r,symbol|month,MU|2026-04,10,0.125000,1.000000,0.600000,-1.250000,2,1.073837,-0.540571,0.790571,8,315.000,39375.00,1,0
flat_1r,symbol|month,MU|2026-05,9,-0.242487,-1.182380,0.444444,-1.250000,3,1.111497,-0.968665,0.483691,9,252.000,-61106.65,1,0
flat_1r,symbol|month,MU|2026-06,5,0.102151,1.000000,0.600000,-1.250000,2,1.099641,-0.861727,1.066029,5,252.000,25742.01,1,0
flat_1r,symbol|month,MU|2026-07,7,-0.607143,-1.250000,0.285714,-1.250000,5,1.016446,-1.360137,0.145851,6,294.000,-178500.00,1,0
flat_1r,symbol|month,MU|2026-08,1,1.000000,1.000000,1.000000,1.000000,0,0.000000,1.000000,1.000000,1,252.000,252000.00,1,0
flat_1r,symbol|month,NFLX|2025-08,1,-1.250000,-1.250000,0.000000,-1.250000,1,0.000000,-1.250000,-1.250000,1,252.000,-315000.00,1,0
flat_1r,symbol|month,NFLX|2025-09,2,1.000000,1.000000,1.000000,1.000000,0,0.000000,1.000000,1.000000,2,252.000,252000.00,1,0
flat_1r,symbol|month,NFLX|2025-10,1,-1.048649,-1.048649,0.000000,-1.048649,1,0.000000,-1.048649,-1.048649,1,252.000,-264259.46,1,0
flat_1r,symbol|month,NFLX|2025-12,1,1.000000,1.000000,1.000000,1.000000,0,0.000000,1.000000,1.000000,1,252.000,252000.00,1,0
flat_1r,symbol|month,NFLX|2026-01,1,-1.028571,-1.028571,0.000000,-1.028571,1,0.000000,-1.028571,-1.028571,1,252.000,-259200.00,1,0
flat_1r,symbol|month,NFLX|2026-02,2,-0.013158,-0.013158,0.500000,-1.026316,1,1.013158,-1.417323,1.391007,2,252.000,-3315.79,1,0
flat_1r,symbol|month,NFLX|2026-03,3,-0.388480,-1.062500,0.333333,-1.102941,2,0.981943,-1.499653,0.722692,3,252.000,-97897.06,1,0
flat_1r,symbol|month,NFLX|2026-04,2,-1.178449,-1.178449,0.000000,-1.250000,2,0.071551,-1.277614,-1.079285,2,252.000,-296969.19,1,0
flat_1r,symbol|month,NFLX|2026-06,4,0.437500,1.000000,0.750000,-1.250000,1,0.974279,-0.517293,1.392293,4,252.000,110250.00,1,0
flat_1r,symbol|month,NFLX|2026-07,2,-0.125000,-0.125000,0.500000,-1.250000,1,1.125000,-1.684170,1.434170,2,252.000,-31500.00,1,0
flat_1r,symbol|month,NVDA|2025-09,4,-1.116508,-1.089492,0.000000,-1.250000,4,0.081196,-1.196081,-1.036936,3,336.000,-375146.85,1,0
flat_1r,symbol|month,NVDA|2025-10,1,1.000000,1.000000,1.000000,1.000000,0,0.000000,1.000000,1.000000,1,252.000,252000.00,1,0
flat_1r,symbol|month,NVDA|2025-11,4,0.437500,1.000000,0.750000,-1.250000,1,0.974279,-0.517293,1.392293,2,504.000,220500.00,1,0
flat_1r,symbol|month,NVDA|2025-12,3,0.250000,1.000000,0.666667,-1.250000,1,1.060660,-0.950250,1.450250,3,252.000,63000.00,1,0
flat_1r,symbol|month,NVDA|2026-01,2,-0.112625,-0.112625,0.500000,-1.225250,1,1.112625,-1.654645,1.429395,2,252.000,-28381.50,1,0
flat_1r,symbol|month,NVDA|2026-02,3,-1.205426,-1.250000,0.000000,-1.250000,3,0.063037,-1.276759,-1.134094,3,252.000,-303767.44,1,0
flat_1r,symbol|month,NVDA|2026-03,4,-0.116739,-0.108478,0.500000,-1.250000,2,1.116800,-1.211203,0.977725,4,252.000,-29418.22,1,0
flat_1r,symbol|month,NVDA|2026-05,3,0.250000,1.000000,0.666667,-1.250000,1,1.060660,-0.950250,1.450250,3,252.000,63000.00,1,0
flat_1r,symbol|month,NVDA|2026-06,3,0.250000,1.000000,0.666667,-1.250000,1,1.060660,-0.950250,1.450250,3,252.000,63000.00,1,0
flat_1r,symbol|month,NVDA|2026-07,9,0.000000,1.000000,0.555556,-1.250000,2,1.118034,-0.730449,0.730449,7,324.000,0.00,1,0
flat_1r,symbol|month,NVDA|2026-08,3,1.000000,1.000000,1.000000,1.000000,0,0.000000,1.000000,1.000000,3,252.000,252000.00,1,0
flat_1r,symbol|month,ORCL|2025-09,11,-0.387955,-1.021234,0.363636,-1.250000,3,1.052724,-1.010075,0.234165,7,396.000,-153630.10,1,0
flat_1r,symbol|month,ORCL|2025-10,3,0.250000,1.000000,0.666667,-1.250000,1,1.060660,-0.950250,1.450250,3,252.000,63000.00,1,0
flat_1r,symbol|month,ORCL|2025-11,3,1.000000,1.000000,1.000000,1.000000,0,0.000000,1.000000,1.000000,3,252.000,252000.00,1,0
flat_1r,symbol|month,ORCL|2025-12,7,0.376246,1.000000,0.714286,-1.250000,1,0.986889,-0.354852,1.107344,5,352.800,132739.53,1,0
flat_1r,symbol|month,ORCL|2026-01,3,-0.442405,-1.077216,0.333333,-1.250000,2,1.022371,-1.599327,0.714516,3,252.000,-111486.12,1,0
flat_1r,symbol|month,ORCL|2026-02,3,-1.203704,-1.250000,0.000000,-1.250000,3,0.065473,-1.277793,-1.129614,2,378.000,-455000.00,1,0
flat_1r,symbol|month,ORCL|2026-03,5,-1.229412,-1.250000,0.000000,-1.250000,5,0.041176,-1.265505,-1.193319,4,315.000,-387264.71,1,0
flat_1r,symbol|month,ORCL|2026-04,5,0.131130,1.000000,0.600000,-1.250000,1,1.065281,-0.802630,1.064891,5,252.000,33044.83,1,0
flat_1r,symbol|month,ORCL|2026-05,11,-0.022727,1.000000,0.545455,-1.250000,2,1.120342,-0.684807,0.639352,8,346.500,-7875.00,1,0
flat_1r,symbol|month,ORCL|2026-06,5,-1.250000,-1.250000,0.000000,-1.250000,5,0.000000,-1.250000,-1.250000,4,315.000,-393750.00,1,0
flat_1r,symbol|month,ORCL|2026-07,1,1.000000,1.000000,1.000000,1.000000,0,0.000000,1.000000,1.000000,1,252.000,252000.00,1,0
flat_1r,symbol|month,ORCL|2026-08,2,-0.125000,-0.125000,0.500000,-1.250000,1,1.125000,-1.684170,1.434170,1,504.000,-63000.00,1,0
flat_1r,symbol|month,PLTR|2025-08,1,1.000000,1.000000,1.000000,1.000000,0,0.000000,1.000000,1.000000,1,252.000,252000.00,1,0
flat_1r,symbol|month,PLTR|2025-10,5,1.000000,1.000000,1.000000,1.000000,0,0.000000,1.000000,1.000000,5,252.000,252000.00,1,0
flat_1r,symbol|month,PLTR|2025-11,6,-0.500000,-1.250000,0.333333,-1.250000,3,1.060660,-1.348705,0.348705,4,378.000,-189000.00,1,0
flat_1r,symbol|month,PLTR|2025-12,2,1.000000,1.000000,1.000000,1.000000,0,0.000000,1.000000,1.000000,2,252.000,252000.00,1,0
flat_1r,symbol|month,PLTR|2026-01,8,0.176190,1.000000,0.625000,-1.250000,1,1.064530,-0.561491,0.913872,8,252.000,44400.00,1,0
flat_1r,symbol|month,PLTR|2026-02,4,-0.615720,-1.106441,0.250000,-1.250000,2,0.937701,-1.534668,0.303227,4,252.000,-155161.54,1,0
flat_1r,symbol|month,PLTR|2026-03,6,-0.481918,-1.195755,0.333333,-1.250000,2,1.048576,-1.320954,0.357117,5,302.400,-145732.08,1,0
flat_1r,symbol|month,PLTR|2026-04,5,0.550000,1.000000,0.800000,-1.250000,1,0.900000,-0.238885,1.338885,5,252.000,138600.00,1,0
flat_1r,symbol|month,PLTR|2026-05,7,-0.596639,-1.250000,0.285714,-1.250000,2,1.010109,-1.344938,0.151660,6,294.000,-175411.76,1,0
flat_1r,symbol|month,PLTR|2026-06,7,0.066227,1.000000,0.571429,-1.250000,1,1.078857,-0.733002,0.865455,7,252.000,16689.13,1,0
flat_1r,symbol|month,PLTR|2026-07,6,-0.104165,-0.062496,0.500000,-1.250000,2,1.104951,-0.988311,0.779980,6,252.000,-26249.67,1,0
flat_1r,symbol|month,PLTR|2026-08,4,1.000000,1.000000,1.000000,1.000000,0,0.000000,1.000000,1.000000,4,252.000,252000.00,1,0
flat_1r,symbol|month,QQQ|2025-08,1,-1.069150,-1.069150,0.000000,-1.069150,1,0.000000,-1.069150,-1.069150,1,252.000,-269425.76,1,0
flat_1r,symbol|month,QQQ|2025-10,1,1.000000,1.000000,1.000000,1.000000,0,0.000000,1.000000,1.000000,1,252.000,252000.00,1,0
flat_1r,symbol|month,QQQ|2025-11,1,1.000000,1.000000,1.000000,1.000000,0,0.000000,1.000000,1.000000,1,252.000,252000.00,1,0
flat_1r,symbol|month,QQQ|2025-12,1,1.000000,1.000000,1.000000,1.000000,0,0.000000,1.000000,1.000000,1,252.000,252000.00,1,0
flat_1r,symbol|month,QQQ|2026-01,1,1.000000,1.000000,1.000000,1.000000,0,0.000000,1.000000,1.000000,1,252.000,252000.00,1,0
flat_1r,symbol|month,QQQ|2026-02,1,1.000000,1.000000,1.000000,1.000000,0,0.000000,1.000000,1.000000,1,252.000,252000.00,1,0
flat_1r,symbol|month,QQQ|2026-06,3,-0.464286,-1.142857,0.333333,-1.250000,1,1.036330,-1.637003,0.708432,3,252.000,-117000.00,1,0
flat_1r,symbol|month,SOFI|2025-10,1,1.000000,1.000000,1.000000,1.000000,0,0.000000,1.000000,1.000000,1,252.000,252000.00,1,0
flat_1r,symbol|month,SOFI|2026-02,1,1.000000,1.000000,1.000000,1.000000,0,0.000000,1.000000,1.000000,1,252.000,252000.00,1,0
flat_1r,symbol|month,SOFI|2026-05,1,-1.217391,-1.217391,0.000000,-1.217391,1,0.000000,-1.217391,-1.217391,1,252.000,-306782.61,1,0
flat_1r,symbol|month,SOFI|2026-07,1,-1.068966,-1.068966,0.000000,-1.068966,1,0.000000,-1.068966,-1.068966,1,252.000,-269379.31,1,0
flat_1r,symbol|month,TSLA|2025-08,2,-0.113545,-0.113545,0.500000,-1.227090,1,1.113545,-1.656839,1.429750,1,504.000,-57226.65,1,0
flat_1r,symbol|month,TSLA|2025-09,3,-0.500000,-1.250000,0.333333,-1.250000,2,1.060660,-1.700250,0.700250,3,252.000,-126000.00,1,0
flat_1r,symbol|month,TSLA|2025-10,8,-0.682935,-1.250000,0.250000,-1.250000,6,0.971715,-1.356299,-0.009571,6,336.000,-229466.29,1,0
flat_1r,symbol|month,TSLA|2025-11,10,0.325000,1.000000,0.700000,-1.250000,1,1.031080,-0.314070,0.964070,8,315.000,102375.00,1,0
flat_1r,symbol|month,TSLA|2025-12,11,0.399124,1.000000,0.727273,-1.250000,2,0.981574,-0.180949,0.979197,9,308.000,122930.20,1,0
flat_1r,symbol|month,TSLA|2026-01,3,-1.208538,-1.200615,0.000000,-1.250000,3,0.031127,-1.243762,-1.173315,3,252.000,-304551.64,1,0
flat_1r,symbol|month,TSLA|2026-02,5,-0.350000,-1.250000,0.400000,-1.250000,2,1.102270,-1.316183,0.616183,5,252.000,-88200.00,1,0
flat_1r,symbol|month,TSLA|2026-03,4,0.437500,1.000000,0.750000,-1.250000,1,0.974279,-0.517293,1.392293,4,252.000,110250.00,1,0
flat_1r,symbol|month,TSLA|2026-04,5,0.100000,1.000000,0.600000,-1.250000,1,1.102270,-0.866183,1.066183,5,252.000,25200.00,1,0
flat_1r,symbol|month,TSLA|2026-05,6,-0.125000,-0.125000,0.500000,-1.250000,3,1.125000,-1.025187,0.775187,4,378.000,-47250.00,1,0
flat_1r,symbol|month,TSLA|2026-06,4,-0.077646,-0.047138,0.500000,-1.216306,2,1.078509,-1.134584,0.979293,4,252.000,-19566.69,1,0
flat_1r,symbol|month,TSLA|2026-07,7,-0.553302,-1.110738,0.285714,-1.250000,5,0.984864,-1.282899,0.176296,7,252.000,-139431.98,1,0
flat_1r,symbol|month,TSLA|2026-08,3,1.000000,1.000000,1.000000,1.000000,0,0.000000,1.000000,1.000000,2,378.000,378000.00,1,0
flat_1r,symbol|month,TSM|2025-09,3,0.250000,1.000000,0.666667,-1.250000,1,1.060660,-0.950250,1.450250,3,252.000,63000.00,1,0
flat_1r,symbol|month,TSM|2025-10,3,-0.460526,-1.131579,0.333333,-1.250000,2,1.033879,-1.630471,0.709418,3,252.000,-116052.63,1,0
flat_1r,symbol|month,TSM|2025-11,6,-0.875000,-1.250000,0.166667,-1.250000,5,0.838525,-1.545960,-0.204040,5,302.400,-264600.00,1,0
flat_1r,symbol|month,TSM|2025-12,2,-0.125000,-0.125000,0.500000,-1.250000,1,1.125000,-1.684170,1.434170,2,252.000,-31500.00,1,0
flat_1r,symbol|month,TSM|2026-01,1,1.000000,1.000000,1.000000,1.000000,0,0.000000,1.000000,1.000000,1,252.000,252000.00,1,0
flat_1r,symbol|month,TSM|2026-02,4,-0.631667,-1.138333,0.250000,-1.250000,3,0.946445,-1.559183,0.295850,3,336.000,-212240.00,1,0
flat_1r,symbol|month,TSM|2026-03,5,0.597425,1.000000,0.800000,-1.012876,1,0.805150,-0.108320,1.303170,4,315.000,188188.84,1,0
flat_1r,symbol|month,TSM|2026-04,3,1.000000,1.000000,1.000000,1.000000,0,0.000000,1.000000,1.000000,3,252.000,252000.00,1,0
flat_1r,symbol|month,TSM|2026-05,5,-0.106885,-0.202086,0.400000,-1.250000,3,0.971357,-0.958318,0.744547,5,252.000,-26935.08,1,0
flat_1r,symbol|month,TSM|2026-06,3,-1.223958,-1.250000,0.000000,-1.250000,3,0.036828,-1.265634,-1.182283,3,252.000,-308437.50,1,0
flat_1r,symbol|month,TSM|2026-07,6,-0.312801,-0.688402,0.333333,-1.250000,4,0.985963,-1.101735,0.476134,6,252.000,-78825.76,1,0
flat_1r,symbol|month,TSM|2026-08,1,-1.250000,-1.250000,0.000000,-1.250000,1,0.000000,-1.250000,-1.250000,1,252.000,-315000.00,1,0
flat_1r,symbol|month,UBER|2025-09,1,1.000000,1.000000,1.000000,1.000000,0,0.000000,1.000000,1.000000,1,252.000,252000.00,1,0
flat_1r,symbol|month,UBER|2025-10,5,-0.760526,-1.250000,0.200000,-1.250000,3,0.883576,-1.535015,0.013962,5,252.000,-191652.63,1,0
flat_1r,symbol|month,UBER|2025-11,1,1.000000,1.000000,1.000000,1.000000,0,0.000000,1.000000,1.000000,1,252.000,252000.00,1,0
flat_1r,symbol|month,UBER|2025-12,1,1.000000,1.000000,1.000000,1.000000,0,0.000000,1.000000,1.000000,1,252.000,252000.00,1,0
flat_1r,symbol|month,UBER|2026-01,2,1.000000,1.000000,1.000000,1.000000,0,0.000000,1.000000,1.000000,2,252.000,252000.00,1,0
flat_1r,symbol|month,UBER|2026-02,5,1.000000,1.000000,1.000000,1.000000,0,0.000000,1.000000,1.000000,5,252.000,252000.00,1,0
flat_1r,symbol|month,UBER|2026-03,5,-0.324000,-1.120000,0.400000,-1.250000,2,1.082083,-1.272488,0.624488,5,252.000,-81648.00,1,0
flat_1r,symbol|month,UBER|2026-04,2,1.000000,1.000000,1.000000,1.000000,0,0.000000,1.000000,1.000000,2,252.000,252000.00,1,0
flat_1r,symbol|month,UBER|2026-06,3,1.000000,1.000000,1.000000,1.000000,0,0.000000,1.000000,1.000000,3,252.000,252000.00,1,0
flat_1r,symbol|month,UBER|2026-07,1,-1.034884,-1.034884,0.000000,-1.034884,1,0.000000,-1.034884,-1.034884,1,252.000,-260790.70,1,0
flat_1r,symbol|quarter,AAPL|2025-Q3,2,1.000000,1.000000,1.000000,1.000000,0,0.000000,1.000000,1.000000,2,252.000,252000.00,1,0
flat_1r,symbol|quarter,AAPL|2026-Q1,5,0.100000,1.000000,0.600000,-1.250000,2,1.102270,-0.866183,1.066183,5,252.000,25200.00,1,0
flat_1r,symbol|quarter,AAPL|2026-Q2,7,0.385504,1.000000,0.714286,-1.250000,1,0.973051,-0.335342,1.106350,6,294.000,113338.24,1,0
flat_1r,symbol|quarter,AAPL|2026-Q3,5,0.482154,1.000000,0.800000,-1.250000,1,0.875986,-0.285681,1.249990,5,252.000,121502.89,1,0
flat_1r,symbol|quarter,AMD|2025-Q3,1,1.000000,1.000000,1.000000,1.000000,0,0.000000,1.000000,1.000000,1,252.000,252000.00,1,0
flat_1r,symbol|quarter,AMD|2025-Q4,20,-0.113027,-0.005273,0.500000,-1.250000,4,1.114186,-0.601341,0.375286,13,387.692,-43819.81,0,0
flat_1r,symbol|quarter,AMD|2026-Q1,14,-0.268750,-1.131250,0.428571,-1.250000,5,1.100373,-0.845161,0.307661,12,294.000,-79012.50,1,0
flat_1r,symbol|quarter,AMD|2026-Q2,18,0.250000,1.000000,0.666667,-1.250000,2,1.060660,-0.240000,0.740000,16,283.500,70875.00,1,0
flat_1r,symbol|quarter,AMD|2026-Q3,11,0.181818,1.000000,0.636364,-1.250000,2,1.082353,-0.457811,0.821448,8,346.500,63000.00,1,0
flat_1r,symbol|quarter,AMZN|2025-Q3,1,-1.250000,-1.250000,0.000000,-1.250000,1,0.000000,-1.250000,-1.250000,1,252.000,-315000.00,1,0
flat_1r,symbol|quarter,AMZN|2025-Q4,3,-0.500000,-1.250000,0.333333,-1.250000,1,1.060660,-1.700250,0.700250,3,252.000,-126000.00,1,0
flat_1r,symbol|quarter,AMZN|2026-Q1,8,0.718750,1.000000,0.875000,-1.250000,1,0.744118,0.203103,1.234397,8,252.000,181125.00,1,0
flat_1r,symbol|quarter,AMZN|2026-Q2,7,1.000000,1.000000,1.000000,1.000000,0,0.000000,1.000000,1.000000,7,252.000,252000.00,1,0
flat_1r,symbol|quarter,AMZN|2026-Q3,1,1.000000,1.000000,1.000000,1.000000,0,0.000000,1.000000,1.000000,1,252.000,252000.00,1,0
flat_1r,symbol|quarter,AVGO|2025-Q3,2,1.000000,1.000000,1.000000,1.000000,0,0.000000,1.000000,1.000000,2,252.000,252000.00,1,0
flat_1r,symbol|quarter,AVGO|2025-Q4,7,0.035714,1.000000,0.571429,-1.250000,3,1.113461,-0.789149,0.860578,7,252.000,9000.00,1,0
flat_1r,symbol|quarter,AVGO|2026-Q1,17,0.221410,1.000000,0.647059,-1.250000,2,1.054890,-0.280053,0.722873,16,267.750,59282.60,1,0
flat_1r,symbol|quarter,AVGO|2026-Q2,15,0.261671,1.000000,0.666667,-1.250000,2,1.044937,-0.267140,0.790482,13,290.769,76085.98,1,0
flat_1r,symbol|quarter,AVGO|2026-Q3,5,0.100000,1.000000,0.600000,-1.250000,1,1.102270,-0.866183,1.066183,5,252.000,25200.00,1,0
flat_1r,symbol|quarter,BABA|2025-Q4,2,-0.125000,-0.125000,0.500000,-1.250000,1,1.125000,-1.684170,1.434170,2,252.000,-31500.00,1,0
flat_1r,symbol|quarter,BABA|2026-Q1,2,-0.125000,-0.125000,0.500000,-1.250000,1,1.125000,-1.684170,1.434170,2,252.000,-31500.00,1,0
flat_1r,symbol|quarter,BABA|2026-Q2,3,-1.250000,-1.250000,0.000000,-1.250000,3,0.000000,-1.250000,-1.250000,3,252.000,-315000.00,1,0
flat_1r,symbol|quarter,BABA|2026-Q3,2,-0.125000,-0.125000,0.500000,-1.250000,1,1.125000,-1.684170,1.434170,2,252.000,-31500.00,1,0
flat_1r,symbol|quarter,COIN|2025-Q3,9,0.750000,1.000000,0.888889,-1.250000,1,0.707107,0.288024,1.211976,6,378.000,283500.00,1,0
flat_1r,symbol|quarter,COIN|2025-Q4,20,0.325000,1.000000,0.700000,-1.250000,4,1.031080,-0.126891,0.776891,19,265.263,86210.53,0,0
flat_1r,symbol|quarter,COIN|2026-Q1,17,-0.305506,-1.109091,0.411765,-1.250000,5,1.093283,-0.825220,0.214208,15,285.600,-87252.45,1,0
flat_1r,symbol|quarter,COIN|2026-Q2,22,-0.606922,-1.250000,0.272727,-1.250000,8,0.986345,-1.019089,-0.194755,19,291.789,-177093.44,0,0
flat_1r,symbol|quarter,COIN|2026-Q3,8,0.156250,1.000000,0.625000,-1.250000,1,1.089277,-0.598580,0.911080,8,252.000,39375.00,1,0
flat_1r,symbol|quarter,CRM|2025-Q3,4,-0.125000,-0.125000,0.500000,-1.250000,1,1.125000,-1.227500,0.977500,4,252.000,-31500.00,1,0
flat_1r,symbol|quarter,CRM|2025-Q4,5,0.165771,1.000000,0.600000,-1.100000,1,1.021758,-0.729839,1.061382,5,252.000,41774.34,1,0
flat_1r,symbol|quarter,CRM|2026-Q1,11,0.000350,1.000000,0.545455,-1.250000,4,1.097120,-0.648007,0.648706,9,308.000,107.69,1,0
flat_1r,symbol|quarter,CRM|2026-Q2,11,-0.209847,-1.079268,0.454545,-1.250000,3,1.105400,-0.863097,0.443402,10,277.200,-58169.72,1,0
flat_1r,symbol|quarter,CRM|2026-Q3,6,-0.104199,-0.062596,0.500000,-1.250000,2,1.104982,-0.988369,0.779971,5,302.400,-31509.69,1,0
flat_1r,symbol|quarter,GOOGL|2025-Q3,3,1.000000,1.000000,1.000000,1.000000,0,0.000000,1.000000,1.000000,3,252.000,252000.00,1,0
flat_1r,symbol|quarter,GOOGL|2025-Q4,2,-0.115741,-0.115741,0.500000,-1.231481,1,1.115741,-1.662079,1.430597,2,252.000,-29166.67,1,0
flat_1r,symbol|quarter,GOOGL|2026-Q1,5,-0.325350,-1.130719,0.400000,-1.250000,2,1.082992,-1.274634,0.623934,5,252.000,-81988.24,1,0
flat_1r,symbol|quarter,GOOGL|2026-Q2,7,-0.273002,-1.161017,0.428571,-1.250000,2,1.102837,-1.089996,0.543991,7,252.000,-68796.61,1,0
flat_1r,symbol|quarter,GOOGL|2026-Q3,3,-1.233333,-1.250000,0.000000,-1.250000,3,0.023570,-1.260006,-1.206661,3,252.000,-310800.00,1,0
flat_1r,symbol|quarter,HOOD|2025-Q3,8,-0.389583,-1.183333,0.375000,-1.250000,2,1.077192,-1.136039,0.356873,8,252.000,-98175.00,1,0
flat_1r,symbol|quarter,HOOD|2025-Q4,12,-0.312500,-1.250000,0.416667,-1.250000,5,1.109265,-0.940126,0.315126,10,302.400,-94500.00,1,0
flat_1r,symbol|quarter,HOOD|2026-Q1,13,-0.193787,-1.019231,0.461538,-1.250000,4,1.106819,-0.795461,0.407887,13,252.000,-48834.32,1,0
flat_1r,symbol|quarter,HOOD|2026-Q2,9,0.264272,1.000000,0.666667,-1.250000,2,1.041064,-0.415890,0.944434,8,283.500,74921.11,1,0
flat_1r,symbol|quarter,HOOD|2026-Q3,7,0.373146,1.000000,0.714286,-1.250000,1,0.991595,-0.361438,1.107730,7,252.000,94032.77,1,0
flat_1r,symbol|quarter,INTC|2025-Q3,1,1.000000,1.000000,1.000000,1.000000,0,0.000000,1.000000,1.000000,1,252.000,252000.00,1,0
flat_1r,symbol|quarter,INTC|2025-Q4,4,0.437500,1.000000,0.750000,-1.250000,1,0.974279,-0.517293,1.392293,4,252.000,110250.00,1,0
flat_1r,symbol|quarter,INTC|2026-Q1,4,0.437500,1.000000,0.750000,-1.250000,1,0.974279,-0.517293,1.392293,4,252.000,110250.00,1,0
flat_1r,symbol|quarter,INTC|2026-Q2,13,-0.211538,-1.250000,0.461538,-1.250000,2,1.121667,-0.821283,0.398206,13,252.000,-53307.69,1,0
flat_1r,symbol|quarter,INTC|2026-Q3,6,0.250000,1.000000,0.666667,-1.250000,1,1.060660,-0.598705,1.098705,6,252.000,63000.00,1,0
flat_1r,symbol|quarter,IREN|2025-Q3,5,-0.758594,-1.206016,0.200000,-1.250000,4,0.881320,-1.531105,0.013916,5,252.000,-191165.80,1,0
flat_1r,symbol|quarter,IREN|2025-Q4,20,-0.237500,-1.250000,0.450000,-1.250000,3,1.119361,-0.728082,0.253082,18,280.000,-66500.00,0,0
flat_1r,symbol|quarter,IREN|2026-Q1,21,0.151587,1.000000,0.619048,-1.250000,2,1.082165,-0.311263,0.614437,20,264.600,40110.00,0,0
flat_1r,symbol|quarter,IREN|2026-Q2,14,0.035714,1.000000,0.571429,-1.250000,2,1.113461,-0.547552,0.618981,14,252.000,9000.00,1,0
flat_1r,symbol|quarter,IREN|2026-Q3,6,-0.125000,-0.125000,0.500000,-1.250000,3,1.125000,-1.025187,0.775187,6,252.000,-31500.00,1,0
flat_1r,symbol|quarter,MARA|2025-Q4,1,-1.250000,-1.250000,0.000000,-1.250000,1,0.000000,-1.250000,-1.250000,1,252.000,-315000.00,1,0
flat_1r,symbol|quarter,META|2025-Q3,3,1.000000,1.000000,1.000000,1.000000,0,0.000000,1.000000,1.000000,2,378.000,378000.00,1,0
flat_1r,symbol|quarter,META|2025-Q4,7,0.678571,1.000000,0.857143,-1.250000,1,0.787336,0.095305,1.261838,6,294.000,199500.00,1,0
flat_1r,symbol|quarter,META|2026-Q1,11,-0.213489,-1.152778,0.454545,-1.250000,2,1.108057,-0.868308,0.441331,11,252.000,-53799.16,1,0
flat_1r,symbol|quarter,META|2026-Q2,7,0.057032,1.000000,0.571429,-1.250000,2,1.089819,-0.750317,0.864381,7,252.000,14372.09,1,0
flat_1r,symbol|quarter,META|2026-Q3,10,-0.080556,0.000000,0.500000,-1.250000,2,1.083365,-0.752032,0.590921,9,280.000,-22555.56,1,0
flat_1r,symbol|quarter,MSFT|2025-Q4,4,-0.125000,-0.125000,0.500000,-1.250000,2,1.125000,-1.227500,0.977500,4,252.000,-31500.00,1,0
flat_1r,symbol|quarter,MSFT|2026-Q1,6,-0.500000,-1.250000,0.333333,-1.250000,2,1.060660,-1.348705,0.348705,5,302.400,-151200.00,1,0
flat_1r,symbol|quarter,MSFT|2026-Q2,10,0.100000,1.000000,0.600000,-1.250000,3,1.102270,-0.583194,0.783194,9,280.000,28000.00,1,0
flat_1r,symbol|quarter,MSFT|2026-Q3,10,-0.097343,-0.016129,0.500000,-1.250000,4,1.098963,-0.778488,0.583801,9,280.000,-27256.17,1,0
flat_1r,symbol|quarter,MU|2025-Q3,4,-0.647059,-1.169118,0.250000,-1.250000,2,0.953220,-1.581215,0.287097,4,252.000,-163058.82,1,0
flat_1r,symbol|quarter,MU|2025-Q4,14,0.035714,1.000000,0.571429,-1.250000,2,1.113461,-0.547552,0.618981,11,320.727,11454.55,1,0
flat_1r,symbol|quarter,MU|2026-Q1,22,0.201136,1.000000,0.636364,-1.250000,2,1.058313,-0.241105,0.643377,20,277.200,55755.00,0,0
flat_1r,symbol|quarter,MU|2026-Q2,24,-0.017568,1.000000,0.541667,-1.250000,5,1.107293,-0.460577,0.425442,22,274.909,-4829.54,0,0
flat_1r,symbol|quarter,MU|2026-Q3,8,-0.406250,-1.250000,0.375000,-1.250000,5,1.089277,-1.161080,0.348580,7,288.000,-117000.00,1,0
flat_1r,symbol|quarter,NFLX|2025-Q3,3,0.250000,1.000000,0.666667,-1.250000,1,1.060660,-0.950250,1.450250,3,252.000,63000.00,1,0
flat_1r,symbol|quarter,NFLX|2025-Q4,2,-0.024324,-0.024324,0.500000,-1.048649,1,1.024324,-1.443965,1.395317,2,252.000,-6129.73,1,0
flat_1r,symbol|quarter,NFLX|2026-Q1,6,-0.370055,-1.027444,0.333333,-1.102941,2,0.969108,-1.145503,0.405393,6,252.000,-93253.79,1,0
flat_1r,symbol|quarter,NFLX|2026-Q2,6,-0.101150,-0.053449,0.500000,-1.250000,2,1.102182,-0.983079,0.780780,6,252.000,-25489.73,1,0
flat_1r,symbol|quarter,NFLX|2026-Q3,2,-0.125000,-0.125000,0.500000,-1.250000,1,1.125000,-1.684170,1.434170,2,252.000,-31500.00,1,0
flat_1r,symbol|quarter,NVDA|2025-Q3,4,-1.116508,-1.089492,0.000000,-1.250000,4,0.081196,-1.196081,-1.036936,3,336.000,-375146.85,1,0
flat_1r,symbol|quarter,NVDA|2025-Q4,8,0.437500,1.000000,0.750000,-1.250000,1,0.974279,-0.237641,1.112641,6,336.000,147000.00,1,0
flat_1r,symbol|quarter,NVDA|2026-Q1,9,-0.478721,-1.216956,0.333333,-1.250000,3,1.046329,-1.162322,0.204881,9,252.000,-120637.58,1,0
flat_1r,symbol|quarter,NVDA|2026-Q2,6,0.250000,1.000000,0.666667,-1.250000,1,1.060660,-0.598705,1.098705,6,252.000,63000.00,1,0
flat_1r,symbol|quarter,NVDA|2026-Q3,12,0.250000,1.000000,0.666667,-1.250000,2,1.060660,-0.350125,0.850125,10,302.400,75600.00,1,0
flat_1r,symbol|quarter,ORCL|2025-Q3,11,-0.387955,-1.021234,0.363636,-1.250000,3,1.052724,-1.010075,0.234165,7,396.000,-153630.10,1,0
flat_1r,symbol|quarter,ORCL|2025-Q4,13,0.491055,1.000000,0.769231,-1.250000,1,0.929695,-0.014332,0.996443,11,297.818,146245.24,1,0
flat_1r,symbol|quarter,ORCL|2026-Q1,11,-1.007762,-1.250000,0.090909,-1.250000,8,0.637949,-1.384766,-0.630758,9,308.000,-310390.80,1,0
flat_1r,symbol|quarter,ORCL|2026-Q2,21,-0.278302,-1.250000,0.428571,-1.250000,6,1.107520,-0.751996,0.195392,17,311.294,-86633.87,0,0
flat_1r,symbol|quarter,ORCL|2026-Q3,3,0.250000,1.000000,0.666667,-1.250000,1,1.060660,-0.950250,1.450250,2,378.000,94500.00,1,0
flat_1r,symbol|quarter,PLTR|2025-Q3,1,1.000000,1.000000,1.000000,1.000000,0,0.000000,1.000000,1.000000,1,252.000,252000.00,1,0
flat_1r,symbol|quarter,PLTR|2025-Q4,13,0.307692,1.000000,0.692308,-1.250000,3,1.038462,-0.256822,0.872206,11,297.818,91636.36,1,0
flat_1r,symbol|quarter,PLTR|2026-Q1,18,-0.219159,-1.045238,0.444444,-1.250000,3,1.092238,-0.723748,0.285429,17,266.824,-58476.86,1,0
flat_1r,symbol|quarter,PLTR|2026-Q2,19,-0.050678,1.000000,0.526316,-1.250000,3,1.108009,-0.548900,0.447544,18,266.000,-13480.37,1,0
flat_1r,symbol|quarter,PLTR|2026-Q3,10,0.337501,1.000000,0.700000,-1.250000,2,1.012499,-0.290052,0.965054,10,252.000,85050.20,1,0
flat_1r,symbol|quarter,QQQ|2025-Q3,1,-1.069150,-1.069150,0.000000,-1.069150,1,0.000000,-1.069150,-1.069150,1,252.000,-269425.76,1,0
flat_1r,symbol|quarter,QQQ|2025-Q4,3,1.000000,1.000000,1.000000,1.000000,0,0.000000,1.000000,1.000000,3,252.000,252000.00,1,0
flat_1r,symbol|quarter,QQQ|2026-Q1,2,1.000000,1.000000,1.000000,1.000000,0,0.000000,1.000000,1.000000,2,252.000,252000.00,1,0
flat_1r,symbol|quarter,QQQ|2026-Q2,3,-0.464286,-1.142857,0.333333,-1.250000,1,1.036330,-1.637003,0.708432,3,252.000,-117000.00,1,0
flat_1r,symbol|quarter,SOFI|2025-Q4,1,1.000000,1.000000,1.000000,1.000000,0,0.000000,1.000000,1.000000,1,252.000,252000.00,1,0
flat_1r,symbol|quarter,SOFI|2026-Q1,1,1.000000,1.000000,1.000000,1.000000,0,0.000000,1.000000,1.000000,1,252.000,252000.00,1,0
flat_1r,symbol|quarter,SOFI|2026-Q2,1,-1.217391,-1.217391,0.000000,-1.217391,1,0.000000,-1.217391,-1.217391,1,252.000,-306782.61,1,0
flat_1r,symbol|quarter,SOFI|2026-Q3,1,-1.068966,-1.068966,0.000000,-1.068966,1,0.000000,-1.068966,-1.068966,1,252.000,-269379.31,1,0
flat_1r,symbol|quarter,TSLA|2025-Q3,5,-0.345418,-1.227090,0.400000,-1.250000,3,1.098561,-1.308349,0.617513,4,315.000,-108806.66,1,0
flat_1r,symbol|quarter,TSLA|2025-Q4,29,0.075065,1.000000,0.586207,-1.250000,6,1.101093,-0.325692,0.475822,23,317.739,23851.04,0,0
flat_1r,symbol|quarter,TSLA|2026-Q1,12,-0.302135,-1.187807,0.416667,-1.250000,4,1.100726,-0.924929,0.320660,12,252.000,-76137.91,1,0
flat_1r,symbol|quarter,TSLA|2026-Q2,15,-0.037372,1.000000,0.533333,-1.250000,3,1.109606,-0.598910,0.524166,13,290.769,-10866.67,1,0
flat_1r,symbol|quarter,TSLA|2026-Q3,10,-0.087311,-0.022599,0.500000,-1.250000,5,1.088874,-0.762202,0.587580,9,280.000,-24447.10,1,0
flat_1r,symbol|quarter,TSM|2025-Q3,3,0.250000,1.000000,0.666667,-1.250000,1,1.060660,-0.950250,1.450250,3,252.000,63000.00,1,0
flat_1r,symbol|quarter,TSM|2025-Q4,11,-0.625598,-1.250000,0.272727,-1.250000,5,0.996032,-1.214215,-0.036981,10,277.200,-173415.79,1,0
flat_1r,symbol|quarter,TSM|2026-Q1,10,0.146046,1.000000,0.600000,-1.250000,3,1.048412,-0.503766,0.795858,8,315.000,46004.42,1,0
flat_1r,symbol|quarter,TSM|2026-Q2,11,-0.109664,-0.202086,0.454545,-1.250000,3,1.050576,-0.730514,0.511187,11,252.000,-27635.26,1,0
flat_1r,symbol|quarter,TSM|2026-Q3,7,-0.446686,-1.104938,0.285714,-1.250000,4,0.969948,-1.165234,0.271862,7,252.000,-112564.94,1,0
flat_1r,symbol|quarter,UBER|2025-Q3,1,1.000000,1.000000,1.000000,1.000000,0,0.000000,1.000000,1.000000,1,252.000,252000.00,1,0
flat_1r,symbol|quarter,UBER|2025-Q4,7,-0.257519,-1.052632,0.428571,-1.250000,3,1.090958,-1.065712,0.550674,7,252.000,-64894.74,1,0
flat_1r,symbol|quarter,UBER|2026-Q1,12,0.448333,1.000000,0.750000,-1.250000,2,0.956006,-0.092578,0.989245,12,252.000,112980.00,1,0
flat_1r,symbol|quarter,UBER|2026-Q2,5,1.000000,1.000000,1.000000,1.000000,0,0.000000,1.000000,1.000000,5,252.000,252000.00,1,0
flat_1r,symbol|quarter,UBER|2026-Q3,1,-1.034884,-1.034884,0.000000,-1.034884,1,0.000000,-1.034884,-1.034884,1,252.000,-260790.70,1,0
flat_1r,symbol|setup,AAPL|break_and_retest,14,0.347093,1.000000,0.714286,-1.250000,2,0.983546,-0.168120,0.862306,14,252.000,87467.42,1,0
flat_1r,symbol|setup,AAPL|one_candle_rule,5,0.550000,1.000000,0.800000,-1.250000,1,0.900000,-0.238885,1.338885,4,315.000,173250.00,1,0
flat_1r,symbol|setup,AMD|break_and_retest,56,0.084410,1.000000,0.589286,-1.250000,5,1.097561,-0.203059,0.371879,44,320.727,27072.56,0,0
flat_1r,symbol|setup,AMD|one_candle_rule,8,-0.406250,-1.250000,0.375000,-1.250000,3,1.089277,-1.161080,0.348580,7,288.000,-117000.00,1,0
flat_1r,symbol|setup,AMZN|break_and_retest,18,0.625000,1.000000,0.833333,-1.250000,2,0.838525,0.237621,1.012379,18,252.000,157500.00,1,0
flat_1r,symbol|setup,AMZN|one_candle_rule,2,-0.125000,-0.125000,0.500000,-1.250000,1,1.125000,-1.684170,1.434170,2,252.000,-31500.00,1,0
flat_1r,symbol|setup,AVGO|break_and_retest,40,0.279726,1.000000,0.675000,-1.250000,2,1.038647,-0.042154,0.601606,37,272.432,76206.47,0,0
flat_1r,symbol|setup,AVGO|one_candle_rule,6,-0.125000,-0.125000,0.500000,-1.250000,2,1.125000,-1.025187,0.775187,6,252.000,-31500.00,1,0
flat_1r,symbol|setup,BABA|break_and_retest,9,-0.500000,-1.250000,0.333333,-1.250000,4,1.060660,-1.192965,0.192965,9,252.000,-126000.00,1,0
flat_1r,symbol|setup,COIN|break_and_retest,71,-0.095717,1.000000,0.507042,-1.250000,8,1.112195,-0.354423,0.162990,65,275.262,-26347.11,0,0
flat_1r,symbol|setup,COIN|one_candle_rule,5,0.550000,1.000000,0.800000,-1.250000,1,0.900000,-0.238885,1.338885,5,252.000,138600.00,1,0
flat_1r,symbol|setup,CRM|break_and_retest,34,-0.036161,1.000000,0.529412,-1.250000,3,1.100478,-0.406073,0.333751,31,276.387,-9994.37,0,0
flat_1r,symbol|setup,CRM|one_candle_rule,3,-0.457115,-1.125192,0.333333,-1.246154,2,1.031519,-1.624389,0.710158,3,252.000,-115193.08,1,0
flat_1r,symbol|setup,GOOGL|break_and_retest,17,-0.175751,-1.130719,0.470588,-1.250000,3,1.108960,-0.702917,0.351415,17,252.000,-44289.26,1,0
flat_1r,symbol|setup,GOOGL|one_candle_rule,3,-0.493827,-1.231481,0.333333,-1.250000,1,1.056322,-1.689168,0.701514,3,252.000,-124444.44,1,0
flat_1r,symbol|setup,HOOD|break_and_retest,49,-0.089703,1.000000,0.510204,-1.250000,5,1.112951,-0.401329,0.221924,46,268.435,-24079.30,0,0
flat_1r,symbol|setup,INTC|break_and_retest,28,0.116071,1.000000,0.607143,-1.250000,3,1.098867,-0.290955,0.523098,28,252.000,29250.00,0,0
flat_1r,symbol|setup,IREN|break_and_retest,66,-0.084995,1.000000,0.515152,-1.250000,5,1.118775,-0.354909,0.184920,63,264.000,-22438.56,0,0
flat_1r,symbol|setup,MARA|break_and_retest,1,-1.250000,-1.250000,0.000000,-1.250000,1,0.000000,-1.250000,-1.250000,1,252.000,-315000.00,1,0
flat_1r,symbol|setup,META|break_and_retest,24,-0.002463,1.000000,0.541667,-1.250000,3,1.091485,-0.439148,0.434222,22,274.909,-677.06,0,0
flat_1r,symbol|setup,META|one_candle_rule,14,0.361029,1.000000,0.714286,-1.250000,2,1.010334,-0.168217,0.890274,13,271.385,97977.64,1,0
flat_1r,symbol|setup,MSFT|break_and_retest,16,0.032910,1.000000,0.562500,-1.250000,5,1.097714,-0.504970,0.570790,15,268.800,8846.30,1,0
flat_1r,symbol|setup,MSFT|one_candle_rule,13,-0.211538,-1.250000,0.461538,-1.250000,3,1.121667,-0.821283,0.398206,12,273.000,-57750.00,1,0
flat_1r,symbol|setup,MSFT|reentry_84_rule,1,-1.250000,-1.250000,0.000000,-1.250000,1,0.000000,-1.250000,-1.250000,1,252.000,-315000.00,1,0
flat_1r,symbol|setup,MU|break_and_retest,68,-0.012277,1.000000,0.544118,-1.250000,5,1.106969,-0.275387,0.250832,61,280.918,-3448.94,0,0
flat_1r,symbol|setup,MU|one_candle_rule,4,-0.125000,-0.125000,0.500000,-1.250000,2,1.125000,-1.227500,0.977500,4,252.000,-31500.00,1,0
flat_1r,symbol|setup,NFLX|break_and_retest,19,-0.125046,-1.026316,0.473684,-1.250000,4,1.069542,-0.605971,0.355878,19,252.000,-31511.61,1,0
flat_1r,symbol|setup,NVDA|break_and_retest,34,-0.103662,-0.018525,0.500000,-1.250000,5,1.104811,-0.475031,0.267706,31,276.387,-28650.93,0,0
flat_1r,symbol|setup,NVDA|one_candle_rule,5,0.550000,1.000000,0.800000,-1.250000,1,0.900000,-0.238885,1.338885,5,252.000,138600.00,1,0
flat_1r,symbol|setup,ORCL|break_and_retest,54,-0.188838,-1.049225,0.462963,-1.250000,9,1.105154,-0.483607,0.105932,44,309.273,-58402.36,0,0
flat_1r,symbol|setup,ORCL|one_candle_rule,5,-0.773256,-1.250000,0.200000,-1.250000,3,0.888139,-1.551744,0.005233,5,252.000,-194860.47,1,0
flat_1r,symbol|setup,PLTR|break_and_retest,57,0.067698,1.000000,0.578947,-1.250000,3,1.094058,-0.216329,0.351724,53,271.019,18347.34,0,0
flat_1r,symbol|setup,PLTR|one_candle_rule,4,-0.097877,-0.070755,0.500000,-1.250000,2,1.098547,-1.174454,0.978699,4,252.000,-24665.09,1,0
flat_1r,symbol|setup,QQQ|break_and_retest,4,0.464286,1.000000,0.750000,-1.142857,1,0.927884,-0.445041,1.373612,4,252.000,117000.00,1,0
flat_1r,symbol|setup,QQQ|one_candle_rule,5,0.136170,1.000000,0.600000,-1.250000,1,1.059516,-0.792537,1.064877,5,252.000,34314.85,1,0
flat_1r,symbol|setup,SOFI|break_and_retest,4,-0.071589,-0.034483,0.500000,-1.217391,2,1.072873,-1.123005,0.979827,4,252.000,-18040.48,1,0
flat_1r,symbol|setup,TSLA|break_and_retest,55,-0.055061,1.000000,0.527273,-1.250000,5,1.114609,-0.349637,0.239515,50,277.200,-15262.97,0,0
flat_1r,symbol|setup,TSLA|one_candle_rule,15,-0.172077,-1.045198,0.466667,-1.250000,2,1.097582,-0.727530,0.383377,15,252.000,-43363.30,1,0
flat_1r,symbol|setup,TSLA|reentry_84_rule,1,1.000000,1.000000,1.000000,1.000000,0,0.000000,1.000000,1.000000,1,252.000,252000.00,1,0
flat_1r,symbol|setup,TSM|break_and_retest,37,-0.263280,-1.082340,0.405405,-1.250000,7,1.066539,-0.606942,0.080383,36,259.000,-68189.45,0,0
flat_1r,symbol|setup,TSM|one_candle_rule,5,0.147425,1.000000,0.600000,-1.250000,1,1.046876,-0.770202,1.065052,5,252.000,37151.07,1,0
flat_1r,symbol|setup,UBER|break_and_retest,26,0.328557,1.000000,0.692308,-1.250000,3,1.008411,-0.059064,0.716178,26,252.000,82796.39,0,0
flat_1r,symbol|grade,AAPL|B,11,0.578118,1.000000,0.818182,-1.250000,1,0.821765,0.092486,1.063751,11,252.000,145685.81,1,0
flat_1r,symbol|grade,AAPL|C,8,0.156250,1.000000,0.625000,-1.250000,2,1.089277,-0.598580,0.911080,8,252.000,39375.00,1,0
flat_1r,symbol|grade,AMD|A+,2,-1.250000,-1.250000,0.000000,-1.250000,2,0.000000,-1.250000,-1.250000,1,504.000,-630000.00,1,0
flat_1r,symbol|grade,AMD|B,36,0.250000,1.000000,0.666667,-1.250000,5,1.060660,-0.096482,0.596482,35,259.200,64800.00,0,0
flat_1r,symbol|grade,AMD|C,26,-0.193194,-1.011523,0.461538,-1.250000,4,1.106379,-0.618472,0.232084,24,273.000,-52741.98,0,0
flat_1r,symbol|grade,AMZN|B,14,0.678571,1.000000,0.857143,-1.250000,1,0.787336,0.266140,1.091003,14,252.000,171000.00,1,0
flat_1r,symbol|grade,AMZN|C,6,0.250000,1.000000,0.666667,-1.250000,1,1.060660,-0.598705,1.098705,6,252.000,63000.00,1,0
flat_1r,symbol|grade,AVGO|B,25,0.556159,1.000000,0.800000,-1.250000,2,0.888109,0.208020,0.904298,25,252.000,140152.06,0,0
flat_1r,symbol|grade,AVGO|C,21,-0.164997,-1.074930,0.476190,-1.250000,3,1.111538,-0.640409,0.310416,20,264.600,-43658.11,0,0
flat_1r,symbol|grade,BABA|B,9,-0.500000,-1.250000,0.333333,-1.250000,4,1.060660,-1.192965,0.192965,9,252.000,-126000.00,1,0
flat_1r,symbol|grade,COIN|B,54,0.013224,1.000000,0.555556,-1.250000,9,1.104044,-0.281249,0.307697,53,256.755,3395.43,0,0
flat_1r,symbol|grade,COIN|C,22,-0.216364,-1.130000,0.454545,-1.250000,4,1.111463,-0.680815,0.248087,20,277.200,-59976.00,0,0
flat_1r,symbol|grade,CRM|A,1,1.000000,1.000000,1.000000,1.000000,0,0.000000,1.000000,1.000000,1,252.000,252000.00,1,0
flat_1r,symbol|grade,CRM|B,21,0.151374,1.000000,0.619048,-1.250000,3,1.082406,-0.311579,0.614327,21,252.000,38146.27,0,0
flat_1r,symbol|grade,CRM|C,15,-0.451978,-1.100000,0.333333,-1.250000,3,1.029242,-0.972846,0.068890,15,252.000,-113898.43,1,0
flat_1r,symbol|grade,GOOGL|B,12,-0.113186,-0.065359,0.500000,-1.250000,3,1.113607,-0.743268,0.516896,12,252.000,-28522.88,1,0
flat_1r,symbol|grade,GOOGL|C,8,-0.388877,-1.180508,0.375000,-1.250000,3,1.076200,-1.134646,0.356892,8,252.000,-97997.03,1,0
flat_1r,symbol|grade,HOOD|B,43,-0.084777,1.000000,0.511628,-1.250000,4,1.111171,-0.416903,0.247348,43,252.000,-21363.90,0,0
flat_1r,symbol|grade,HOOD|C,6,-0.125000,-0.125000,0.500000,-1.250000,3,1.125000,-1.025187,0.775187,5,302.400,-37800.00,1,0
flat_1r,symbol|grade,INTC|B,26,0.134615,1.000000,0.615385,-1.250000,2,1.094635,-0.286149,0.555379,26,252.000,33923.08,0,0
flat_1r,symbol|grade,INTC|C,2,-0.125000,-0.125000,0.500000,-1.250000,1,1.125000,-1.684170,1.434170,2,252.000,-31500.00,1,0
flat_1r,symbol|grade,IREN|B,55,-0.016430,1.000000,0.545455,-1.250000,3,1.113895,-0.310817,0.277958,55,252.000,-4140.24,0,0
flat_1r,symbol|grade,IREN|C,11,-0.427820,-1.250000,0.363636,-1.250000,3,1.079400,-1.065704,0.210065,11,252.000,-107810.54,1,0
flat_1r,symbol|grade,MARA|B,1,-1.250000,-1.250000,0.000000,-1.250000,1,0.000000,-1.250000,-1.250000,1,252.000,-315000.00,1,0
flat_1r,symbol|grade,META|A+,1,-1.250000,-1.250000,0.000000,-1.250000,1,0.000000,-1.250000,-1.250000,1,252.000,-315000.00,1,0
flat_1r,symbol|grade,META|B,23,0.236560,1.000000,0.652174,-1.250000,2,1.046323,-0.191059,0.664180,22,263.455,62322.94,0,0
flat_1r,symbol|grade,META|C,14,0.057457,1.000000,0.571429,-1.250000,2,1.089951,-0.513494,0.628409,13,271.385,15593.02,1,0
flat_1r,symbol|grade,MSFT|A,2,-1.250000,-1.250000,0.000000,-1.250000,2,0.000000,-1.250000,-1.250000,1,504.000,-630000.00,1,0
flat_1r,symbol|grade,MSFT|B,19,-0.065789,1.000000,0.526316,-1.250000,3,1.123441,-0.570950,0.439371,19,252.000,-16578.95,1,0
flat_1r,symbol|grade,MSFT|C,9,0.030729,1.000000,0.555556,-1.250000,2,1.085304,-0.678336,0.739795,9,252.000,7743.83,1,0
flat_1r,symbol|grade,MU|B,47,0.289309,1.000000,0.680851,-1.250000,4,1.038531,-0.007602,0.586220,47,252.000,72905.85,0,0
flat_1r,symbol|grade,MU|C,25,-0.597295,-1.250000,0.280000,-1.250000,4,0.998328,-0.988640,-0.205951,23,273.913,-163606.95,0,0
flat_1r,symbol|grade,NFLX|B,19,-0.125046,-1.026316,0.473684,-1.250000,4,1.069542,-0.605971,0.355878,19,252.000,-31511.61,1,0
flat_1r,symbol|grade,NVDA|A,1,-1.250000,-1.250000,0.000000,-1.250000,1,0.000000,-1.250000,-1.250000,1,252.000,-315000.00,1,0
flat_1r,symbol|grade,NVDA|B,24,0.172366,1.000000,0.625000,-1.250000,4,1.069439,-0.255499,0.600230,24,252.000,43436.16,0,0
flat_1r,symbol|grade,NVDA|C,14,-0.261521,-1.093023,0.428571,-1.250000,2,1.093706,-0.834440,0.311397,14,252.000,-65903.34,1,0
flat_1r,symbol|grade,ORCL|B,38,-0.103414,0.000000,0.500000,-1.250000,7,1.104738,-0.454670,0.247842,38,252.000,-26060.34,0,0
flat_1r,symbol|grade,ORCL|C,21,-0.482561,-1.250000,0.333333,-1.250000,4,1.049706,-0.931528,-0.033595,17,311.294,-150218.41,0,0
flat_1r,symbol|grade,PLTR|B,49,0.004727,1.000000,0.551020,-1.250000,4,1.103430,-0.304233,0.313688,48,257.250,1216.14,0,0
flat_1r,symbol|grade,PLTR|C,12,0.269634,1.000000,0.666667,-1.250000,2,1.033593,-0.315176,0.854445,12,252.000,67947.83,1,0
flat_1r,symbol|grade,QQQ|B,6,0.267857,1.000000,0.666667,-1.250000,1,1.035868,-0.561010,1.096724,6,252.000,67500.00,1,0
flat_1r,symbol|grade,QQQ|C,3,0.310283,1.000000,0.666667,-1.069150,1,0.975407,-0.793493,1.414060,3,252.000,78191.41,1,0
flat_1r,symbol|grade,SOFI|B,4,-0.071589,-0.034483,0.500000,-1.217391,2,1.072873,-1.123005,0.979827,4,252.000,-18040.48,1,0
flat_1r,symbol|grade,TSLA|A,3,0.250000,1.000000,0.666667,-1.250000,1,1.060660,-0.950250,1.450250,2,378.000,94500.00,1,0
flat_1r,symbol|grade,TSLA|B,34,0.215824,1.000000,0.647059,-1.250000,3,1.062118,-0.141193,0.572842,34,252.000,54387.74,0,0
flat_1r,symbol|grade,TSLA|C,34,-0.373457,-1.215329,0.382353,-1.250000,5,1.081490,-0.736986,-0.009928,34,252.000,-94111.21,0,0
flat_1r,symbol|grade,TSM|B,26,0.186514,1.000000,0.615385,-1.250000,3,1.046996,-0.215938,0.588966,25,262.080,48881.67,0,0
flat_1r,symbol|grade,TSM|C,16,-0.865850,-1.250000,0.125000,-1.250000,7,0.743304,-1.230069,-0.501631,15,268.800,-232740.45,1,0
flat_1r,symbol|grade,UBER|B,26,0.328557,1.000000,0.692308,-1.250000,3,1.008411,-0.059064,0.716178,26,252.000,82796.39,0,0
flat_1r,symbol|alert_only,AAPL|actioned,11,0.578118,1.000000,0.818182,-1.250000,1,0.821765,0.092486,1.063751,11,252.000,145685.81,1,0
flat_1r,symbol|alert_only,AAPL|alert_only,8,0.156250,1.000000,0.625000,-1.250000,2,1.089277,-0.598580,0.911080,8,252.000,39375.00,1,0
flat_1r,symbol|alert_only,AMD|actioned,38,0.171053,1.000000,0.631579,-1.250000,5,1.085347,-0.174038,0.516143,35,273.600,46800.00,0,0
flat_1r,symbol|alert_only,AMD|alert_only,26,-0.193194,-1.011523,0.461538,-1.250000,4,1.106379,-0.618472,0.232084,24,273.000,-52741.98,0,0
flat_1r,symbol|alert_only,AMZN|actioned,14,0.678571,1.000000,0.857143,-1.250000,1,0.787336,0.266140,1.091003,14,252.000,171000.00,1,0
flat_1r,symbol|alert_only,AMZN|alert_only,6,0.250000,1.000000,0.666667,-1.250000,1,1.060660,-0.598705,1.098705,6,252.000,63000.00,1,0
flat_1r,symbol|alert_only,AVGO|actioned,25,0.556159,1.000000,0.800000,-1.250000,2,0.888109,0.208020,0.904298,25,252.000,140152.06,0,0
flat_1r,symbol|alert_only,AVGO|alert_only,21,-0.164997,-1.074930,0.476190,-1.250000,3,1.111538,-0.640409,0.310416,20,264.600,-43658.11,0,0
flat_1r,symbol|alert_only,BABA|actioned,9,-0.500000,-1.250000,0.333333,-1.250000,4,1.060660,-1.192965,0.192965,9,252.000,-126000.00,1,0
flat_1r,symbol|alert_only,COIN|actioned,54,0.013224,1.000000,0.555556,-1.250000,9,1.104044,-0.281249,0.307697,53,256.755,3395.43,0,0
flat_1r,symbol|alert_only,COIN|alert_only,22,-0.216364,-1.130000,0.454545,-1.250000,4,1.111463,-0.680815,0.248087,20,277.200,-59976.00,0,0
flat_1r,symbol|alert_only,CRM|actioned,22,0.189948,1.000000,0.636364,-1.250000,3,1.072192,-0.258092,0.637988,22,252.000,47866.90,0,0
flat_1r,symbol|alert_only,CRM|alert_only,15,-0.451978,-1.100000,0.333333,-1.250000,3,1.029242,-0.972846,0.068890,15,252.000,-113898.43,1,0
flat_1r,symbol|alert_only,GOOGL|actioned,12,-0.113186,-0.065359,0.500000,-1.250000,3,1.113607,-0.743268,0.516896,12,252.000,-28522.88,1,0
flat_1r,symbol|alert_only,GOOGL|alert_only,8,-0.388877,-1.180508,0.375000,-1.250000,3,1.076200,-1.134646,0.356892,8,252.000,-97997.03,1,0
flat_1r,symbol|alert_only,HOOD|actioned,43,-0.084777,1.000000,0.511628,-1.250000,4,1.111171,-0.416903,0.247348,43,252.000,-21363.90,0,0
flat_1r,symbol|alert_only,HOOD|alert_only,6,-0.125000,-0.125000,0.500000,-1.250000,3,1.125000,-1.025187,0.775187,5,302.400,-37800.00,1,0
flat_1r,symbol|alert_only,INTC|actioned,26,0.134615,1.000000,0.615385,-1.250000,2,1.094635,-0.286149,0.555379,26,252.000,33923.08,0,0
flat_1r,symbol|alert_only,INTC|alert_only,2,-0.125000,-0.125000,0.500000,-1.250000,1,1.125000,-1.684170,1.434170,2,252.000,-31500.00,1,0
flat_1r,symbol|alert_only,IREN|actioned,55,-0.016430,1.000000,0.545455,-1.250000,3,1.113895,-0.310817,0.277958,55,252.000,-4140.24,0,0
flat_1r,symbol|alert_only,IREN|alert_only,11,-0.427820,-1.250000,0.363636,-1.250000,3,1.079400,-1.065704,0.210065,11,252.000,-107810.54,1,0
flat_1r,symbol|alert_only,MARA|actioned,1,-1.250000,-1.250000,0.000000,-1.250000,1,0.000000,-1.250000,-1.250000,1,252.000,-315000.00,1,0
flat_1r,symbol|alert_only,META|actioned,24,0.174620,1.000000,0.625000,-1.250000,2,1.066497,-0.252067,0.601308,23,262.957,45917.59,0,0
flat_1r,symbol|alert_only,META|alert_only,14,0.057457,1.000000,0.571429,-1.250000,2,1.089951,-0.513494,0.628409,13,271.385,15593.02,1,0
flat_1r,symbol|alert_only,MSFT|actioned,21,-0.178571,-1.250000,0.476190,-1.250000,4,1.123724,-0.659196,0.302053,20,264.600,-47250.00,0,0
flat_1r,symbol|alert_only,MSFT|alert_only,9,0.030729,1.000000,0.555556,-1.250000,2,1.085304,-0.678336,0.739795,9,252.000,7743.83,1,0
flat_1r,symbol|alert_only,MU|actioned,47,0.289309,1.000000,0.680851,-1.250000,4,1.038531,-0.007602,0.586220,47,252.000,72905.85,0,0
flat_1r,symbol|alert_only,MU|alert_only,25,-0.597295,-1.250000,0.280000,-1.250000,4,0.998328,-0.988640,-0.205951,23,273.913,-163606.95,0,0
flat_1r,symbol|alert_only,NFLX|actioned,19,-0.125046,-1.026316,0.473684,-1.250000,4,1.069542,-0.605971,0.355878,19,252.000,-31511.61,1,0
flat_1r,symbol|alert_only,NVDA|actioned,25,0.115471,1.000000,0.600000,-1.250000,4,1.084269,-0.309562,0.540505,25,252.000,29098.72,0,0
flat_1r,symbol|alert_only,NVDA|alert_only,14,-0.261521,-1.093023,0.428571,-1.250000,2,1.093706,-0.834440,0.311397,14,252.000,-65903.34,1,0
flat_1r,symbol|alert_only,ORCL|actioned,38,-0.103414,0.000000,0.500000,-1.250000,7,1.104738,-0.454670,0.247842,38,252.000,-26060.34,0,0
flat_1r,symbol|alert_only,ORCL|alert_only,21,-0.482561,-1.250000,0.333333,-1.250000,4,1.049706,-0.931528,-0.033595,17,311.294,-150218.41,0,0
flat_1r,symbol|alert_only,PLTR|actioned,49,0.004727,1.000000,0.551020,-1.250000,4,1.103430,-0.304233,0.313688,48,257.250,1216.14,0,0
flat_1r,symbol|alert_only,PLTR|alert_only,12,0.269634,1.000000,0.666667,-1.250000,2,1.033593,-0.315176,0.854445,12,252.000,67947.83,1,0
flat_1r,symbol|alert_only,QQQ|actioned,6,0.267857,1.000000,0.666667,-1.250000,1,1.035868,-0.561010,1.096724,6,252.000,67500.00,1,0
flat_1r,symbol|alert_only,QQQ|alert_only,3,0.310283,1.000000,0.666667,-1.069150,1,0.975407,-0.793493,1.414060,3,252.000,78191.41,1,0
flat_1r,symbol|alert_only,SOFI|actioned,4,-0.071589,-0.034483,0.500000,-1.217391,2,1.072873,-1.123005,0.979827,4,252.000,-18040.48,1,0
flat_1r,symbol|alert_only,TSLA|actioned,37,0.218595,1.000000,0.648649,-1.250000,4,1.062041,-0.123618,0.560808,36,259.000,56616.20,0,0
flat_1r,symbol|alert_only,TSLA|alert_only,34,-0.373457,-1.215329,0.382353,-1.250000,5,1.081490,-0.736986,-0.009928,34,252.000,-94111.21,0,0
flat_1r,symbol|alert_only,TSM|actioned,26,0.186514,1.000000,0.615385,-1.250000,3,1.046996,-0.215938,0.588966,25,262.080,48881.67,0,0
flat_1r,symbol|alert_only,TSM|alert_only,16,-0.865850,-1.250000,0.125000,-1.250000,7,0.743304,-1.230069,-0.501631,15,268.800,-232740.45,1,0
flat_1r,symbol|alert_only,UBER|actioned,26,0.328557,1.000000,0.692308,-1.250000,3,1.008411,-0.059064,0.716178,26,252.000,82796.39,0,0
flat_1r,symbol|trend_qqq,AAPL|aligned,9,0.522059,1.000000,0.777778,-1.250000,1,0.895370,-0.062916,1.107034,8,283.500,148003.68,1,0
flat_1r,symbol|trend_qqq,AAPL|flat,1,1.000000,1.000000,1.000000,1.000000,0,0.000000,1.000000,1.000000,1,252.000,252000.00,1,0
flat_1r,symbol|trend_qqq,AAPL|opposed,9,0.212308,1.000000,0.666667,-1.250000,2,1.039147,-0.466602,0.891218,9,252.000,53501.61,1,0
flat_1r,symbol|trend_qqq,AMD|aligned,33,0.120833,1.000000,0.606061,-1.250000,3,1.091195,-0.251474,0.493141,28,297.000,35887.50,0,0
flat_1r,symbol|trend_qqq,AMD|flat,9,0.250000,1.000000,0.666667,-1.250000,2,1.060660,-0.442965,0.942965,8,283.500,70875.00,1,0
flat_1r,symbol|trend_qqq,AMD|opposed,22,-0.216388,-1.130273,0.454545,-1.250000,5,1.111481,-0.680847,0.248070,17,326.118,-70568.09,0,0
flat_1r,symbol|trend_qqq,AMZN|aligned,7,0.678571,1.000000,0.857143,-1.250000,1,0.787336,0.095305,1.261838,7,252.000,171000.00,1,0
flat_1r,symbol|trend_qqq,AMZN|flat,1,1.000000,1.000000,1.000000,1.000000,0,0.000000,1.000000,1.000000,1,252.000,252000.00,1,0
flat_1r,symbol|trend_qqq,AMZN|opposed,12,0.437500,1.000000,0.750000,-1.250000,2,0.974279,-0.113750,0.988750,12,252.000,110250.00,1,0
flat_1r,symbol|trend_qqq,AVGO|aligned,25,0.460000,1.000000,0.760000,-1.250000,3,0.960937,0.083313,0.836687,24,262.500,120750.00,0,0
flat_1r,symbol|trend_qqq,AVGO|flat,8,0.170000,1.000000,0.625000,-1.250000,1,1.071996,-0.572855,0.912855,8,252.000,42840.00,1,0
flat_1r,symbol|trend_qqq,AVGO|opposed,13,-0.186227,-1.074930,0.461538,-1.250000,2,1.099594,-0.783974,0.411519,12,273.000,-50840.06,1,0
flat_1r,symbol|trend_qqq,BABA|aligned,6,-0.500000,-1.250000,0.333333,-1.250000,4,1.060660,-1.348705,0.348705,6,252.000,-126000.00,1,0
flat_1r,symbol|trend_qqq,BABA|opposed,3,-0.500000,-1.250000,0.333333,-1.250000,2,1.060660,-1.700250,0.700250,3,252.000,-126000.00,1,0
flat_1r,symbol|trend_qqq,COIN|aligned,34,0.020504,1.000000,0.558824,-1.250000,5,1.103365,-0.350378,0.391386,29,295.448,6057.89,0,0
flat_1r,symbol|trend_qqq,COIN|flat,12,0.078125,1.000000,0.583333,-1.250000,2,1.091851,-0.539648,0.695898,10,302.400,23625.00,1,0
flat_1r,symbol|trend_qqq,COIN|opposed,30,-0.189351,-1.090260,0.466667,-1.250000,7,1.113215,-0.587710,0.209008,30,252.000,-47716.36,0,0
flat_1r,symbol|trend_qqq,CRM|aligned,20,0.131027,1.000000,0.600000,-1.250000,2,1.066053,-0.336192,0.598245,17,296.471,38845.56,0,0
flat_1r,symbol|trend_qqq,CRM|flat,1,1.000000,1.000000,1.000000,1.000000,0,0.000000,1.000000,1.000000,1,252.000,252000.00,1,0
flat_1r,symbol|trend_qqq,CRM|opposed,16,-0.388834,-1.185673,0.375000,-1.250000,4,1.076667,-0.916401,0.138733,15,268.800,-104518.62,1,0
flat_1r,symbol|trend_qqq,GOOGL|aligned,9,-0.241946,-1.200000,0.444444,-1.250000,2,1.110921,-0.967747,0.483856,9,252.000,-60970.37,1,0
flat_1r,symbol|trend_qqq,GOOGL|flat,1,1.000000,1.000000,1.000000,1.000000,0,0.000000,1.000000,1.000000,1,252.000,252000.00,1,0
flat_1r,symbol|trend_qqq,GOOGL|opposed,10,-0.329174,-1.145868,0.400000,-1.250000,3,1.085953,-1.002254,0.343907,10,252.000,-82951.74,1,0
flat_1r,symbol|trend_qqq,HOOD|aligned,29,-0.142946,-1.019231,0.482759,-1.250000,4,1.105372,-0.545260,0.259369,28,261.000,-37308.85,0,0
flat_1r,symbol|trend_qqq,HOOD|flat,5,-0.350000,-1.250000,0.400000,-1.250000,3,1.102270,-1.316183,0.616183,4,315.000,-110250.00,1,0
flat_1r,symbol|trend_qqq,HOOD|opposed,15,0.100000,1.000000,0.600000,-1.250000,3,1.102270,-0.457826,0.657826,15,252.000,25200.00,1,0
flat_1r,symbol|trend_qqq,INTC|aligned,19,0.407895,1.000000,0.736842,-1.250000,1,0.990782,-0.037615,0.853404,19,252.000,102789.47,1,0
flat_1r,symbol|trend_qqq,INTC|flat,1,-1.250000,-1.250000,0.000000,-1.250000,1,0.000000,-1.250000,-1.250000,1,252.000,-315000.00,1,0
flat_1r,symbol|trend_qqq,INTC|opposed,7,-0.607143,-1.250000,0.285714,-1.250000,2,1.016446,-1.360137,0.145851,7,252.000,-153000.00,1,0
flat_1r,symbol|trend_qqq,INTC|unknown,1,1.000000,1.000000,1.000000,1.000000,0,0.000000,1.000000,1.000000,1,252.000,252000.00,1,0
flat_1r,symbol|trend_qqq,IREN|aligned,40,-0.012500,1.000000,0.550000,-1.250000,3,1.119361,-0.359394,0.334394,38,265.263,-3315.79,0,0
flat_1r,symbol|trend_qqq,IREN|flat,7,-0.279431,-1.206016,0.428571,-1.250000,3,1.108113,-1.100332,0.541471,7,252.000,-70416.56,1,0
flat_1r,symbol|trend_qqq,IREN|opposed,19,-0.165980,-1.066667,0.473684,-1.250000,3,1.107292,-0.663879,0.331919,18,266.000,-44150.72,1,0
flat_1r,symbol|trend_qqq,MARA|aligned,1,-1.250000,-1.250000,0.000000,-1.250000,1,0.000000,-1.250000,-1.250000,1,252.000,-315000.00,1,0
flat_1r,symbol|trend_qqq,META|aligned,22,0.104167,1.000000,0.590909,-1.250000,2,1.078285,-0.346420,0.554753,20,277.200,28875.00,0,0
flat_1r,symbol|trend_qqq,META|flat,4,1.000000,1.000000,1.000000,1.000000,0,0.000000,1.000000,1.000000,4,252.000,252000.00,1,0
flat_1r,symbol|trend_qqq,META|opposed,12,-0.108031,-0.050388,0.500000,-1.250000,2,1.108670,-0.735320,0.519258,11,274.909,-29698.73,1,0
flat_1r,symbol|trend_qqq,MSFT|aligned,10,-0.125000,-0.125000,0.500000,-1.250000,2,1.125000,-0.822282,0.572282,9,280.000,-35000.00,1,0
flat_1r,symbol|trend_qqq,MSFT|flat,2,-0.125000,-0.125000,0.500000,-1.250000,1,1.125000,-1.684170,1.434170,2,252.000,-31500.00,1,0
flat_1r,symbol|trend_qqq,MSFT|opposed,17,-0.174908,-1.032258,0.470588,-1.250000,4,1.108838,-0.702016,0.352200,15,285.600,-49953.70,1,0
flat_1r,symbol|trend_qqq,MSFT|unknown,1,1.000000,1.000000,1.000000,1.000000,0,0.000000,1.000000,1.000000,1,252.000,252000.00,1,0
flat_1r,symbol|trend_qqq,MU|aligned,44,0.189716,1.000000,0.636364,-1.250000,3,1.072428,-0.127166,0.506598,39,284.308,53937.81,0,0
flat_1r,symbol|trend_qqq,MU|flat,7,0.071429,1.000000,0.571429,-1.250000,3,1.074994,-0.724938,0.867795,6,294.000,21000.00,1,0
flat_1r,symbol|trend_qqq,MU|opposed,21,-0.484875,-1.250000,0.333333,-1.250000,4,1.051322,-0.934533,-0.035217,20,264.600,-128297.99,0,0
flat_1r,symbol|trend_qqq,NFLX|aligned,13,-0.147387,-1.026316,0.461538,-1.250000,2,1.065001,-0.726329,0.431554,13,252.000,-37141.62,1,0
flat_1r,symbol|trend_qqq,NFLX|flat,3,-0.452299,-1.106898,0.333333,-1.250000,2,1.028591,-1.616260,0.711661,3,252.000,-113979.46,1,0
flat_1r,symbol|trend_qqq,NFLX|opposed,3,0.299020,1.000000,0.666667,-1.102941,1,0.991336,-0.822783,1.420822,3,252.000,75352.94,1,0
flat_1r,symbol|trend_qqq,NVDA|aligned,24,0.264445,1.000000,0.666667,-1.250000,3,1.041197,-0.152121,0.681010,21,288.000,76160.04,0,0
flat_1r,symbol|trend_qqq,NVDA|flat,3,-0.488985,-1.216956,0.333333,-1.250000,2,1.052958,-1.680519,0.702549,3,252.000,-123224.30,1,0
flat_1r,symbol|trend_qqq,NVDA|opposed,12,-0.471186,-1.167233,0.333333,-1.250000,5,1.041805,-1.060643,0.118271,10,302.400,-142486.67,1,0
flat_1r,symbol|trend_qqq,ORCL|aligned,37,-0.263180,-1.147059,0.432432,-1.250000,5,1.103634,-0.618795,0.092435,29,321.517,-84617.05,0,0
flat_1r,symbol|trend_qqq,ORCL|flat,10,-0.111628,-0.058140,0.500000,-1.250000,3,1.112271,-0.801021,0.577765,10,252.000,-28130.23,1,0
flat_1r,symbol|trend_qqq,ORCL|opposed,12,-0.267463,-1.049225,0.416667,-1.250000,3,1.073524,-0.874867,0.339940,11,274.909,-73528.12,1,0
flat_1r,symbol|trend_qqq,PLTR|aligned,30,-0.098076,0.000000,0.500000,-1.250000,5,1.099257,-0.491440,0.295289,29,260.690,-25567.28,0,0
flat_1r,symbol|trend_qqq,PLTR|flat,6,1.000000,1.000000,1.000000,1.000000,0,0.000000,1.000000,1.000000,6,252.000,252000.00,1,0
flat_1r,symbol|trend_qqq,PLTR|opposed,24,-0.024603,1.000000,0.541667,-1.250000,2,1.114294,-0.470414,0.421207,22,274.909,-6763.64,0,0
flat_1r,symbol|trend_qqq,PLTR|unknown,1,1.000000,1.000000,1.000000,1.000000,0,0.000000,1.000000,1.000000,1,252.000,252000.00,1,0
flat_1r,symbol|trend_qqq,QQQ|aligned,6,0.642857,1.000000,0.833333,-1.142857,1,0.798596,0.003847,1.281867,6,252.000,162000.00,1,0
flat_1r,symbol|trend_qqq,QQQ|opposed,3,-0.439717,-1.069150,0.333333,-1.250000,1,1.020707,-1.594755,0.715322,3,252.000,-110808.59,1,0
flat_1r,symbol|trend_qqq,SOFI|aligned,1,1.000000,1.000000,1.000000,1.000000,0,0.000000,1.000000,1.000000,1,252.000,252000.00,1,0
flat_1r,symbol|trend_qqq,SOFI|flat,1,-1.217391,-1.217391,0.000000,-1.217391,1,0.000000,-1.217391,-1.217391,1,252.000,-306782.61,1,0
flat_1r,symbol|trend_qqq,SOFI|opposed,2,-0.034483,-0.034483,0.500000,-1.068966,1,1.034483,-1.468203,1.399237,2,252.000,-8689.66,1,0
flat_1r,symbol|trend_qqq,TSLA|aligned,33,-0.140916,-1.094276,0.484848,-1.250000,4,1.107466,-0.518774,0.236943,28,297.000,-41851.99,0,0
flat_1r,symbol|trend_qqq,TSLA|flat,9,-0.500000,-1.250000,0.333333,-1.250000,3,1.060660,-1.192965,0.192965,8,283.500,-141750.00,1,0
flat_1r,symbol|trend_qqq,TSLA|opposed,29,0.156576,1.000000,0.620690,-1.250000,2,1.079519,-0.236329,0.549481,25,292.320,45770.30,0,0
flat_1r,symbol|trend_qqq,TSM|aligned,21,-0.203594,-1.012876,0.428571,-1.250000,4,1.061232,-0.657490,0.250302,20,264.600,-53870.96,0,0
flat_1r,symbol|trend_qqq,TSM|flat,5,-0.140417,-0.202086,0.400000,-1.250000,2,1.006703,-1.022831,0.741997,5,252.000,-35385.14,1,0
flat_1r,symbol|trend_qqq,TSM|opposed,16,-0.251667,-1.138333,0.437500,-1.250000,5,1.105121,-0.793176,0.289842,14,288.000,-72480.00,1,0
flat_1r,symbol|trend_qqq,UBER|aligned,14,0.693937,1.000000,0.857143,-1.250000,1,0.750800,0.300644,1.087230,14,252.000,174872.09,1,0
flat_1r,symbol|trend_qqq,UBER|flat,3,-0.456667,-1.120000,0.333333,-1.250000,2,1.031385,-1.623789,0.710456,3,252.000,-115080.00,1,0
flat_1r,symbol|trend_qqq,UBER|opposed,9,0.021930,1.000000,0.555556,-1.250000,4,1.094999,-0.693470,0.737329,9,252.000,5526.32,1,0
flat_1r,symbol|side,AAPL|long,10,0.569853,1.000000,0.800000,-1.250000,1,0.861439,0.035928,1.103778,10,252.000,143602.94,1,0
flat_1r,symbol|side,AAPL|short,9,0.212308,1.000000,0.666667,-1.250000,2,1.039147,-0.466602,0.891218,8,283.500,60189.31,1,0
flat_1r,symbol|side,AMD|long,31,0.136694,1.000000,0.612903,-1.250000,5,1.087071,-0.245984,0.519371,25,312.480,42714.00,0,0
flat_1r,symbol|side,AMD|short,33,-0.083653,1.000000,0.515152,-1.250000,4,1.117733,-0.465015,0.297709,25,332.640,-27826.30,0,0
flat_1r,symbol|side,AMZN|long,6,0.625000,1.000000,0.833333,-1.250000,1,0.838525,-0.045960,1.295960,6,252.000,157500.00,1,0
flat_1r,symbol|side,AMZN|short,14,0.517857,1.000000,0.785714,-1.250000,1,0.923233,0.034238,1.001476,14,252.000,130500.00,1,0
flat_1r,symbol|side,AVGO|long,28,0.120000,1.000000,0.607143,-1.250000,3,1.094163,-0.285284,0.525284,26,271.385,32566.15,0,0
flat_1r,symbol|side,AVGO|short,18,0.393280,1.000000,0.722222,-1.250000,2,0.979234,-0.059103,0.845663,17,266.824,104936.43,1,0
flat_1r,symbol|side,BABA|long,4,-0.125000,-0.125000,0.500000,-1.250000,1,1.125000,-1.227500,0.977500,4,252.000,-31500.00,1,0
flat_1r,symbol|side,BABA|short,5,-0.800000,-1.250000,0.200000,-1.250000,4,0.900000,-1.588885,-0.011115,5,252.000,-201600.00,1,0
flat_1r,symbol|side,COIN|long,39,-0.201420,-1.084507,0.461538,-1.250000,6,1.112954,-0.550721,0.147882,34,289.059,-58222.09,0,0
flat_1r,symbol|side,COIN|short,37,0.102959,1.000000,0.594595,-1.250000,7,1.087471,-0.247448,0.453366,34,274.235,28234.97,0,0
flat_1r,symbol|side,CRM|long,21,-0.054975,1.000000,0.523810,-1.250000,5,1.107331,-0.528588,0.418638,19,278.526,-15312.00,0,0
flat_1r,symbol|side,CRM|short,16,-0.090396,0.000000,0.500000,-1.250000,3,1.092450,-0.625697,0.444905,14,288.000,-26034.05,1,0
flat_1r,symbol|side,GOOGL|long,10,-0.122751,-0.115741,0.500000,-1.250000,3,1.122763,-0.818647,0.573144,10,252.000,-30933.33,1,0
flat_1r,symbol|side,GOOGL|short,10,-0.324174,-1.145868,0.400000,-1.250000,5,1.081809,-0.994686,0.346338,10,252.000,-81691.74,1,0
flat_1r,symbol|side,HOOD|long,22,-0.199792,-1.067949,0.454545,-1.250000,5,1.096699,-0.658074,0.258489,21,264.000,-52745.14,0,0
flat_1r,symbol|side,HOOD|short,27,-0.000000,1.000000,0.555556,-1.250000,6,1.118034,-0.421725,0.421725,25,272.160,-0.00,0,0
flat_1r,symbol|side,INTC|long,12,-0.125000,-0.125000,0.500000,-1.250000,3,1.125000,-0.761529,0.511529,12,252.000,-31500.00,1,0
flat_1r,symbol|side,INTC|short,16,0.296875,1.000000,0.687500,-1.250000,2,1.042903,-0.214147,0.807897,16,252.000,74812.50,1,0
flat_1r,symbol|side,IREN|long,29,-0.001482,1.000000,0.551724,-1.250000,6,1.111436,-0.406003,0.403039,28,261.000,-386.75,0,0
flat_1r,symbol|side,IREN|short,37,-0.150450,-1.066667,0.486486,-1.250000,3,1.120150,-0.511388,0.210487,35,266.400,-40080.00,0,0
flat_1r,symbol|side,MARA|short,1,-1.250000,-1.250000,0.000000,-1.250000,1,0.000000,-1.250000,-1.250000,1,252.000,-315000.00,1,0
flat_1r,symbol|side,META|long,21,0.468915,1.000000,0.761905,-1.250000,2,0.950223,0.062498,0.875332,19,278.526,130605.26,0,0
flat_1r,symbol|side,META|short,17,-0.285408,-1.055556,0.411765,-1.250000,4,1.077695,-0.797711,0.226896,16,267.750,-76417.88,1,0
flat_1r,symbol|side,MSFT|long,15,-0.350000,-1.250000,0.400000,-1.250000,5,1.102270,-0.907826,0.207826,13,290.769,-101769.23,1,0
flat_1r,symbol|side,MSFT|short,15,0.118438,1.000000,0.600000,-1.250000,2,1.080865,-0.428556,0.665431,14,270.000,31978.18,1,0
flat_1r,symbol|side,MU|long,34,-0.046930,1.000000,0.529412,-1.250000,3,1.111114,-0.420417,0.326557,32,267.750,-12565.47,0,0
flat_1r,symbol|side,MU|short,38,0.006862,1.000000,0.552632,-1.250000,2,1.105119,-0.344515,0.358239,33,290.182,1991.21,0,0
flat_1r,symbol|side,NFLX|long,9,-0.217760,-1.102941,0.444444,-1.250000,4,1.090486,-0.930211,0.494691,9,252.000,-54875.51,1,0
flat_1r,symbol|side,NFLX|short,10,-0.041604,-0.013158,0.500000,-1.250000,3,1.043314,-0.688256,0.605049,10,252.000,-10484.10,1,0
flat_1r,symbol|side,NVDA|long,20,0.011474,1.000000,0.550000,-1.250000,3,1.093891,-0.467944,0.490893,17,296.471,3401.82,0,0
flat_1r,symbol|side,NVDA|short,19,-0.052842,1.000000,0.526316,-1.250000,4,1.110735,-0.552290,0.446605,17,281.647,-14882.92,1,0
flat_1r,symbol|side,ORCL|long,29,-0.310805,-1.250000,0.413793,-1.250000,5,1.101690,-0.711779,0.090170,22,332.182,-103243.69,0,0
flat_1r,symbol|side,ORCL|short,30,-0.168339,-1.010617,0.466667,-1.250000,5,1.094890,-0.560141,0.223462,24,315.000,-53026.87,0,0
flat_1r,symbol|side,PLTR|long,31,0.011504,1.000000,0.548387,-1.250000,6,1.090567,-0.372405,0.395412,30,260.400,2995.52,0,0
flat_1r,symbol|side,PLTR|short,30,0.103688,1.000000,0.600000,-1.250000,3,1.097841,-0.289169,0.496546,27,280.000,29032.71,0,0
flat_1r,symbol|side,QQQ|long,2,1.000000,1.000000,1.000000,1.000000,0,0.000000,1.000000,1.000000,2,252.000,252000.00,1,0
flat_1r,symbol|side,QQQ|short,7,0.076856,1.000000,0.571429,-1.250000,1,1.067062,-0.713635,0.867347,7,252.000,19367.75,1,0
flat_1r,symbol|side,SOFI|long,2,-0.034483,-0.034483,0.500000,-1.068966,1,1.034483,-1.468203,1.399237,2,252.000,-8689.66,1,0
flat_1r,symbol|side,SOFI|short,2,-0.108696,-0.108696,0.500000,-1.217391,1,1.108696,-1.645269,1.427878,2,252.000,-27391.30,1,0
flat_1r,symbol|side,TSLA|long,31,-0.001211,1.000000,0.548387,-1.250000,4,1.103982,-0.389842,0.387420,28,279.000,-337.86,0,0
flat_1r,symbol|side,TSLA|short,40,-0.114299,-0.047138,0.500000,-1.250000,5,1.114741,-0.459761,0.231162,33,305.455,-34913.28,0,0
flat_1r,symbol|side,TSM|long,21,0.146548,1.000000,0.571429,-1.250000,4,1.021287,-0.290264,0.583360,20,264.600,38776.59,0,0
flat_1r,symbol|side,TSM|short,21,-0.575321,-1.250000,0.285714,-1.250000,5,0.998460,-1.002369,-0.148272,19,278.526,-160241.93,0,0
flat_1r,symbol|side,UBER|long,9,0.750000,1.000000,0.888889,-1.250000,1,0.707107,0.288024,1.211976,9,252.000,189000.00,1,0
flat_1r,symbol|side,UBER|short,17,0.105440,1.000000,0.588235,-1.250000,2,1.070855,-0.403612,0.614492,17,252.000,26570.95,1,0
flat_1r,pool|month,equity|2025-08,11,0.183901,1.000000,0.636364,-1.250000,2,1.079614,-0.454110,0.821912,4,693.000,127443.34,1,0
flat_1r,pool|month,equity|2025-09,28,-0.163278,-1.010617,0.464286,-1.250000,3,1.085359,-0.565300,0.238745,15,470.400,-76805.77,0,0
flat_1r,pool|month,equity|2025-10,31,0.137303,1.000000,0.612903,-1.250000,3,1.086083,-0.245027,0.519633,21,372.000,51076.64,0,0
flat_1r,pool|month,equity|2025-11,50,0.014789,1.000000,0.560000,-1.250000,5,1.111960,-0.293431,0.323009,15,840.000,12422.83,0,0
flat_1r,pool|month,equity|2025-12,38,0.355897,1.000000,0.710526,-1.250000,3,1.009443,0.034941,0.676853,17,563.294,200474.67,0,0
flat_1r,pool|month,equity|2026-01,38,-0.272846,-1.076108,0.421053,-1.250000,5,1.087279,-0.618551,0.072858,18,532.000,-145154.24,0,0
flat_1r,pool|month,equity|2026-02,42,-0.052343,1.000000,0.523810,-1.250000,4,1.104993,-0.386531,0.281845,18,588.000,-30777.85,0,0
flat_1r,pool|month,equity|2026-03,51,-0.214328,-1.102941,0.450980,-1.250000,6,1.101654,-0.516682,0.088026,19,676.421,-144976.00,0,0
flat_1r,pool|month,equity|2026-04,41,0.080457,1.000000,0.585366,-1.250000,4,1.093578,-0.254287,0.415202,20,516.600,41564.29,0,0
flat_1r,pool|month,equity|2026-05,60,-0.044339,1.000000,0.533333,-1.250000,6,1.116783,-0.326924,0.238246,18,840.000,-37244.50,0,0
flat_1r,pool|month,equity|2026-06,59,0.057660,1.000000,0.576271,-1.250000,4,1.099436,-0.222883,0.338204,19,782.526,45120.82,0,0
flat_1r,pool|month,equity|2026-07,66,-0.106471,0.000000,0.500000,-1.250000,5,1.107730,-0.373721,0.160779,20,831.600,-88541.37,0,0
flat_1r,pool|month,equity|2026-08,25,0.448431,1.000000,0.760000,-1.250000,4,0.952090,0.075212,0.821650,8,787.500,353139.31,0,0
flat_1r,pool|month,index|2025-08,1,-1.069150,-1.069150,0.000000,-1.069150,1,0.000000,-1.069150,-1.069150,1,252.000,-269425.76,1,0
flat_1r,pool|month,index|2025-10,1,1.000000,1.000000,1.000000,1.000000,0,0.000000,1.000000,1.000000,1,252.000,252000.00,1,0
flat_1r,pool|month,index|2025-11,1,1.000000,1.000000,1.000000,1.000000,0,0.000000,1.000000,1.000000,1,252.000,252000.00,1,0
flat_1r,pool|month,index|2025-12,1,1.000000,1.000000,1.000000,1.000000,0,0.000000,1.000000,1.000000,1,252.000,252000.00,1,0
flat_1r,pool|month,index|2026-01,1,1.000000,1.000000,1.000000,1.000000,0,0.000000,1.000000,1.000000,1,252.000,252000.00,1,0
flat_1r,pool|month,index|2026-02,1,1.000000,1.000000,1.000000,1.000000,0,0.000000,1.000000,1.000000,1,252.000,252000.00,1,0
flat_1r,pool|month,index|2026-06,3,-0.464286,-1.142857,0.333333,-1.250000,1,1.036330,-1.637003,0.708432,3,252.000,-117000.00,1,0
flat_1r,pool|month,other|2025-08,10,0.100000,1.000000,0.600000,-1.250000,3,1.102270,-0.583194,0.783194,4,630.000,63000.00,1,0
flat_1r,pool|month,other|2025-09,22,0.095016,1.000000,0.590909,-1.250000,2,1.088353,-0.359777,0.549810,12,462.000,43897.58,0,0
flat_1r,pool|month,other|2025-10,32,-0.180757,-1.076316,0.468750,-1.250000,3,1.110011,-0.565356,0.203843,18,448.000,-80978.95,0,0
flat_1r,pool|month,other|2025-11,27,0.006624,1.000000,0.555556,-1.250000,4,1.111117,-0.412491,0.425740,13,523.385,3467.05,0,0
flat_1r,pool|month,other|2025-12,27,-0.166667,-1.250000,0.481481,-1.250000,4,1.124228,-0.590728,0.257395,16,425.250,-70875.00,0,0
flat_1r,pool|month,other|2026-01,24,0.360038,1.000000,0.708333,-1.250000,3,0.998572,-0.039474,0.759550,15,403.200,145167.27,0,0
flat_1r,pool|month,other|2026-02,42,0.000986,1.000000,0.547619,-1.250000,4,1.100534,-0.331854,0.333826,15,705.600,695.69,0,0
flat_1r,pool|month,other|2026-03,38,-0.048777,1.000000,0.526316,-1.250000,6,1.106572,-0.400616,0.303062,16,598.500,-29193.20,0,0
flat_1r,pool|month,other|2026-04,28,-0.030082,1.000000,0.535714,-1.250000,3,1.107388,-0.440264,0.380101,16,441.000,-13265.96,0,0
flat_1r,pool|month,other|2026-05,32,-0.145500,-0.638508,0.468750,-1.250000,4,1.090974,-0.523504,0.232503,17,474.353,-69018.58,0,0
flat_1r,pool|month,other|2026-06,31,-0.146209,-1.010000,0.483871,-1.250000,5,1.110785,-0.537235,0.244817,19,411.158,-60115.01,0,0
flat_1r,pool|month,other|2026-07,34,-0.076643,0.364067,0.500000,-1.250000,5,1.089047,-0.442712,0.289427,17,504.000,-38627.82,0,0
flat_1r,pool|month,other|2026-08,9,0.012447,1.000000,0.555556,-1.250000,1,1.104591,-0.709220,0.734113,6,378.000,4704.90,1,0
flat_1r,pool|quarter,equity|2025-Q3,39,-0.065355,1.000000,0.512821,-1.250000,3,1.094945,-0.409005,0.278294,19,517.263,-33805.96,0,0
flat_1r,pool|quarter,equity|2025-Q4,119,0.155630,1.000000,0.621849,-1.250000,5,1.083245,-0.039000,0.350259,53,565.811,88057.01,0,0
flat_1r,pool|quarter,equity|2026-Q1,131,-0.179369,-1.028571,0.465649,-1.250000,6,1.102297,-0.368133,0.009395,55,600.218,-107660.39,0,0
flat_1r,pool|quarter,equity|2026-Q2,160,0.025252,1.000000,0.562500,-1.250000,10,1.105834,-0.146098,0.196603,57,707.368,17862.81,0,0
flat_1r,pool|quarter,equity|2026-Q3,91,0.045974,1.000000,0.571429,-1.250000,5,1.095602,-0.179132,0.271081,28,819.000,37653.11,0,0
flat_1r,pool|quarter,index|2025-Q3,1,-1.069150,-1.069150,0.000000,-1.069150,1,0.000000,-1.069150,-1.069150,1,252.000,-269425.76,1,0
flat_1r,pool|quarter,index|2025-Q4,3,1.000000,1.000000,1.000000,1.000000,0,0.000000,1.000000,1.000000,3,252.000,252000.00,1,0
flat_1r,pool|quarter,index|2026-Q1,2,1.000000,1.000000,1.000000,1.000000,0,0.000000,1.000000,1.000000,2,252.000,252000.00,1,0
flat_1r,pool|quarter,index|2026-Q2,3,-0.464286,-1.142857,0.333333,-1.250000,1,1.036330,-1.637003,0.708432,3,252.000,-117000.00,1,0
flat_1r,pool|quarter,other|2025-Q3,32,0.096574,1.000000,0.593750,-1.250000,3,1.092724,-0.282036,0.475183,16,504.000,48673.19,0,0
flat_1r,pool|quarter,other|2025-Q4,86,-0.117504,-0.026316,0.500000,-1.250000,4,1.118013,-0.353799,0.118790,47,461.106,-54181.90,0,0
flat_1r,pool|quarter,other|2026-Q1,104,0.065661,1.000000,0.576923,-1.250000,6,1.092303,-0.144273,0.275595,46,569.739,37409.85,0,0
flat_1r,pool|quarter,other|2026-Q2,91,-0.110228,-0.202086,0.494505,-1.250000,5,1.104102,-0.337081,0.116625,52,441.000,-48610.70,0,0
flat_1r,pool|quarter,other|2026-Q3,43,-0.057996,1.000000,0.511628,-1.250000,5,1.092920,-0.384667,0.268675,23,471.130,-27323.64,0,0
flat_1r,pool|setup,equity|break_and_retest,460,0.011878,1.000000,0.554348,-1.250000,7,1.101695,-0.088801,0.112557,197,588.426,6989.29,0,0
flat_1r,pool|setup,equity|one_candle_rule,78,-0.057898,1.000000,0.525641,-1.250000,5,1.114067,-0.305138,0.189343,66,297.818,-17242.97,0,0
flat_1r,pool|setup,equity|reentry_84_rule,2,-0.125000,-0.125000,0.500000,-1.250000,1,1.125000,-1.684170,1.434170,2,252.000,-31500.00,1,0
flat_1r,pool|setup,index|break_and_retest,4,0.464286,1.000000,0.750000,-1.142857,1,0.927884,-0.445041,1.373612,4,252.000,117000.00,1,0
flat_1r,pool|setup,index|one_candle_rule,5,0.136170,1.000000,0.600000,-1.250000,1,1.059516,-0.792537,1.064877,5,252.000,34314.85,1,0
flat_1r,pool|setup,other|break_and_retest,337,-0.041770,1.000000,0.528190,-1.250000,6,1.105724,-0.159826,0.076286,180,471.800,-19707.23,0,0
flat_1r,pool|setup,other|one_candle_rule,19,0.071883,1.000000,0.578947,-1.250000,2,1.089645,-0.418081,0.561847,18,266.000,19120.90,1,0
flat_1r,pool|grade,equity|A,6,-0.500000,-1.250000,0.333333,-1.250000,3,1.060660,-1.348705,0.348705,4,378.000,-189000.00,1,0
flat_1r,pool|grade,equity|A+,3,-1.250000,-1.250000,0.000000,-1.250000,3,0.000000,-1.250000,-1.250000,2,378.000,-472500.00,1,0
flat_1r,pool|grade,equity|B,352,0.142586,1.000000,0.613636,-1.250000,7,1.079531,0.029809,0.255363,183,484.721,69114.54,0,0
flat_1r,pool|grade,equity|C,179,-0.238785,-1.110738,0.441341,-1.250000,7,1.102306,-0.400270,-0.077300,121,372.793,-89017.41,0,0
flat_1r,pool|grade,index|B,6,0.267857,1.000000,0.666667,-1.250000,1,1.035868,-0.561010,1.096724,6,252.000,67500.00,1,0
flat_1r,pool|grade,index|C,3,0.310283,1.000000,0.666667,-1.069150,1,0.975407,-0.793493,1.414060,3,252.000,78191.41,1,0
flat_1r,pool|grade,other|A,1,1.000000,1.000000,1.000000,1.000000,0,0.000000,1.000000,1.000000,1,252.000,252000.00,1,0
flat_1r,pool|grade,other|B,264,0.078043,1.000000,0.583333,-1.250000,5,1.093421,-0.053856,0.209942,161,413.217,32248.80,0,0
flat_1r,pool|grade,other|C,91,-0.377079,-1.140000,0.373626,-1.250000,8,1.069520,-0.596827,-0.157332,78,294.000,-110861.30,0,0
flat_1r,pool|alert_only,equity|actioned,361,0.120333,1.000000,0.603878,-1.250000,9,1.085133,0.008393,0.232273,184,494.413,59494.35,0,0
flat_1r,pool|alert_only,equity|alert_only,179,-0.238785,-1.110738,0.441341,-1.250000,7,1.102306,-0.400270,-0.077300,121,372.793,-89017.41,0,0
flat_1r,pool|alert_only,index|actioned,6,0.267857,1.000000,0.666667,-1.250000,1,1.035868,-0.561010,1.096724,6,252.000,67500.00,1,0
flat_1r,pool|alert_only,index|alert_only,3,0.310283,1.000000,0.666667,-1.069150,1,0.975407,-0.793493,1.414060,3,252.000,78191.41,1,0
flat_1r,pool|alert_only,other|actioned,265,0.081522,1.000000,0.584906,-1.250000,5,1.092819,-0.050055,0.213100,162,412.222,33605.29,0,0
flat_1r,pool|alert_only,other|alert_only,91,-0.377079,-1.140000,0.373626,-1.250000,8,1.069520,-0.596827,-0.157332,78,294.000,-110861.30,0,0
flat_1r,pool|trend_qqq,equity|aligned,290,0.053442,1.000000,0.572414,-1.250000,8,1.096176,-0.072723,0.179607,152,480.789,25694.34,0,0
flat_1r,pool|trend_qqq,equity|flat,57,0.101927,1.000000,0.596491,-1.250000,7,1.092620,-0.181726,0.385581,31,463.355,47228.59,0,0
flat_1r,pool|trend_qqq,equity|opposed,190,-0.124264,-1.005273,0.494737,-1.250000,7,1.110118,-0.282116,0.033587,113,423.717,-52652.85,0,0
flat_1r,pool|trend_qqq,equity|unknown,3,1.000000,1.000000,1.000000,1.000000,0,0.000000,1.000000,1.000000,1,756.000,756000.00,1,0
flat_1r,pool|trend_qqq,index|aligned,6,0.642857,1.000000,0.833333,-1.142857,1,0.798596,0.003847,1.281867,6,252.000,162000.00,1,0
flat_1r,pool|trend_qqq,index|opposed,3,-0.439717,-1.069150,0.333333,-1.250000,1,1.020707,-1.594755,0.715322,3,252.000,-110808.59,1,0
flat_1r,pool|trend_qqq,other|aligned,191,0.064722,1.000000,0.575916,-1.250000,5,1.092986,-0.090286,0.219730,119,404.471,26178.11,0,0
flat_1r,pool|trend_qqq,other|flat,42,-0.088047,0.398957,0.500000,-1.250000,4,1.099482,-0.420569,0.244474,31,341.419,-30061.10,0,0
flat_1r,pool|trend_qqq,other|opposed,123,-0.173778,-1.068966,0.471545,-1.250000,6,1.109771,-0.369905,0.022349,92,336.913,-58548.11,0,0
flat_1r,pool|side,equity|long,259,0.013651,1.000000,0.555985,-1.250000,12,1.104461,-0.120860,0.148161,147,444.000,6060.86,0,0
flat_1r,pool|side,equity|short,281,-0.010098,1.000000,0.544484,-1.250000,8,1.103216,-0.139091,0.118894,141,502.213,-5071.58,0,0
flat_1r,pool|side,index|long,2,1.000000,1.000000,1.000000,1.000000,0,0.000000,1.000000,1.000000,2,252.000,252000.00,1,0
flat_1r,pool|side,index|short,7,0.076856,1.000000,0.571429,-1.250000,1,1.067062,-0.713635,0.867347,7,252.000,19367.75,1,0
flat_1r,pool|side,other|long,175,-0.004741,1.000000,0.542857,-1.250000,5,1.100574,-0.167804,0.158322,115,383.478,-1818.12,0,0
flat_1r,pool|side,other|short,181,-0.065642,1.000000,0.519337,-1.250000,5,1.108768,-0.227173,0.095890,114,400.105,-26263.52,0,0
flat_1r,month|quarter,2025-08|2025-Q3,22,0.088807,1.000000,0.590909,-1.250000,5,1.095711,-0.369061,0.546676,4,1386.000,123086.90,0,0
flat_1r,month|quarter,2025-09|2025-Q3,50,-0.049628,1.000000,0.520000,-1.250000,5,1.094215,-0.352929,0.253673,17,741.176,-36783.27,0,0
flat_1r,month|quarter,2025-10|2025-Q4,64,-0.008247,1.000000,0.546875,-1.250000,4,1.108352,-0.279793,0.263299,22,733.091,-6045.98,0,0
flat_1r,month|quarter,2025-11|2025-Q4,78,0.024594,1.000000,0.564103,-1.250000,4,1.110101,-0.221767,0.270954,18,1092.000,26856.34,0,0
flat_1r,month|quarter,2025-12|2025-Q4,66,0.151880,1.000000,0.621212,-1.250000,4,1.086325,-0.110206,0.413966,20,831.600,126303.47,0,0
flat_1r,month|quarter,2026-01|2026-Q1,63,-0.011544,1.000000,0.539683,-1.250000,4,1.096790,-0.282381,0.259294,19,835.579,-9645.64,0,0
flat_1r,month|quarter,2026-02|2026-Q1,85,-0.013612,1.000000,0.541176,-1.250000,6,1.102143,-0.247918,0.220695,19,1127.368,-15345.57,0,0
flat_1r,month|quarter,2026-03|2026-Q1,89,-0.143643,-1.012876,0.483146,-1.250000,8,1.106790,-0.373590,0.086303,21,1068.000,-153411.20,0,0
flat_1r,month|quarter,2026-04|2026-Q2,69,0.035601,1.000000,0.565217,-1.250000,5,1.100542,-0.224079,0.295281,20,869.400,30951.52,0,0
flat_1r,month|quarter,2026-05|2026-Q2,92,-0.079525,1.000000,0.510870,-1.250000,8,1.108921,-0.306127,0.147076,19,1220.211,-97037.73,0,0
flat_1r,month|quarter,2026-06|2026-Q2,93,-0.027133,1.000000,0.537634,-1.250000,5,1.108253,-0.252377,0.198111,21,1116.000,-30280.46,0,0
flat_1r,month|quarter,2026-07|2026-Q3,100,-0.096329,0.364067,0.500000,-1.250000,5,1.101504,-0.312224,0.119565,21,1200.000,-115595.26,0,0
flat_1r,month|quarter,2026-08|2026-Q3,34,0.333023,1.000000,0.705882,-1.250000,4,1.013161,-0.007538,0.673585,8,1071.000,356667.98,0,0
flat_1r,month|setup,2025-08|break_and_retest,15,-0.050000,1.000000,0.533333,-1.250000,5,1.122497,-0.618062,0.518062,4,945.000,-47250.00,1,0
flat_1r,month|setup,2025-08|one_candle_rule,7,0.386251,1.000000,0.714286,-1.227090,1,0.971339,-0.333327,1.105830,3,588.000,227115.86,1,0
flat_1r,month|setup,2025-09|break_and_retest,46,-0.091987,0.000000,0.500000,-1.250000,5,1.093824,-0.408087,0.224113,15,772.800,-71087.70,0,0
flat_1r,month|setup,2025-09|one_candle_rule,4,0.437500,1.000000,0.750000,-1.250000,1,0.974279,-0.517293,1.392293,4,252.000,110250.00,1,0
flat_1r,month|setup,2025-10|break_and_retest,54,0.013031,1.000000,0.555556,-1.250000,4,1.104277,-0.281504,0.307566,21,648.000,8443.89,0,0
flat_1r,month|setup,2025-10|one_candle_rule,10,-0.123148,-0.115741,0.500000,-1.250000,3,1.123160,-0.819290,0.572994,8,315.000,-38791.67,1,0
flat_1r,month|setup,2025-11|break_and_retest,71,0.023497,1.000000,0.563380,-1.250000,4,1.109764,-0.234644,0.281639,17,1052.471,24730.25,0,0
flat_1r,month|setup,2025-11|one_candle_rule,7,0.035714,1.000000,0.571429,-1.250000,2,1.113461,-0.789149,0.860578,5,352.800,12600.00,1,0
flat_1r,month|setup,2025-12|break_and_retest,55,0.182259,1.000000,0.636364,-1.250000,4,1.081775,-0.103640,0.468157,19,729.474,132952.88,0,0
flat_1r,month|setup,2025-12|one_candle_rule,11,-0.000013,1.000000,0.545455,-1.250000,3,1.096242,-0.647851,0.647825,8,346.500,-4.42,1,0
flat_1r,month|setup,2026-01|break_and_retest,57,0.038557,1.000000,0.561404,-1.250000,4,1.089353,-0.244248,0.321362,18,798.000,30768.49,0,0
flat_1r,month|setup,2026-01|one_candle_rule,6,-0.487500,-1.212500,0.333333,-1.250000,3,1.052156,-1.329400,0.354400,6,252.000,-122850.00,1,0
flat_1r,month|setup,2026-02|break_and_retest,78,-0.047118,1.000000,0.525641,-1.250000,5,1.103687,-0.292055,0.197820,18,1092.000,-51452.48,0,0
flat_1r,month|setup,2026-02|one_candle_rule,7,0.359739,1.000000,0.714286,-1.250000,1,1.012354,-0.390224,1.109701,6,294.000,105763.14,1,0
flat_1r,month|setup,2026-03|break_and_retest,76,-0.137105,-1.037500,0.486842,-1.250000,12,1.108512,-0.386329,0.112119,20,957.600,-131291.49,0,0
flat_1r,month|setup,2026-03|one_candle_rule,13,-0.181870,-1.012876,0.461538,-1.250000,2,1.095887,-0.777601,0.413861,10,327.600,-59580.53,1,0
flat_1r,month|setup,2026-04|break_and_retest,62,0.035588,1.000000,0.564516,-1.250000,4,1.099074,-0.237994,0.309170,20,781.200,27801.52,0,0
flat_1r,month|setup,2026-04|one_candle_rule,7,0.035714,1.000000,0.571429,-1.250000,3,1.113461,-0.789149,0.860578,5,352.800,12600.00,1,0
flat_1r,month|setup,2026-05|break_and_retest,81,-0.031683,1.000000,0.530864,-1.250000,10,1.103843,-0.272076,0.208709,18,1134.000,-35928.71,0,0
flat_1r,month|setup,2026-05|one_candle_rule,9,-0.500000,-1.250000,0.333333,-1.250000,2,1.060660,-1.192965,0.192965,7,324.000,-162000.00,1,0
flat_1r,month|setup,2026-05|reentry_84_rule,2,-0.125000,-0.125000,0.500000,-1.250000,1,1.125000,-1.684170,1.434170,2,252.000,-31500.00,1,0
flat_1r,month|setup,2026-06|break_and_retest,81,-0.012634,1.000000,0.543210,-1.250000,5,1.105014,-0.253282,0.228013,21,972.000,-12280.46,0,0
flat_1r,month|setup,2026-06|one_candle_rule,12,-0.125000,-0.125000,0.500000,-1.250000,3,1.125000,-0.761529,0.511529,8,378.000,-47250.00,1,0
flat_1r,month|setup,2026-07|break_and_retest,94,-0.121942,-0.635933,0.489362,-1.250000,5,1.103682,-0.345061,0.101177,21,1128.000,-137550.58,0,0
flat_1r,month|setup,2026-07|one_candle_rule,6,0.304935,1.000000,0.666667,-1.125192,1,0.983242,-0.481822,1.091692,5,302.400,92212.34,1,0
flat_1r,month|setup,2026-08|break_and_retest,31,0.341058,1.000000,0.709677,-1.250000,3,1.008083,-0.013814,0.695930,8,976.500,333042.98,0,0
flat_1r,month|setup,2026-08|one_candle_rule,3,0.250000,1.000000,0.666667,-1.250000,1,1.060660,-0.950250,1.450250,2,378.000,94500.00,1,0
flat_1r,month|grade,2025-08|B,13,0.134615,1.000000,0.615385,-1.250000,4,1.094635,-0.460435,0.729666,4,819.000,110250.00,1,0
flat_1r,month|grade,2025-08|C,9,0.022640,1.000000,0.555556,-1.250000,2,1.093883,-0.692030,0.737310,4,567.000,12836.90,1,0
flat_1r,month|grade,2025-09|B,30,0.060396,1.000000,0.566667,-1.250000,2,1.076206,-0.324720,0.445511,15,504.000,30439.50,0,0
flat_1r,month|grade,2025-09|C,20,-0.214664,-1.045501,0.450000,-1.250000,4,1.100247,-0.696869,0.267540,12,420.000,-90159.00,0,0
flat_1r,month|grade,2025-10|B,47,0.147175,1.000000,0.617021,-1.250000,3,1.083176,-0.162500,0.456850,21,564.000,83006.86,0,0
flat_1r,month|grade,2025-10|C,17,-0.437945,-1.213483,0.352941,-1.250000,8,1.062807,-0.943171,0.067281,14,306.000,-134011.12,1,0
flat_1r,month|grade,2025-11|A+,2,-1.250000,-1.250000,0.000000,-1.250000,2,0.000000,-1.250000,-1.250000,1,504.000,-630000.00,1,0
flat_1r,month|grade,2025-11|B,52,0.311132,1.000000,0.692308,-1.250000,3,1.033581,0.030201,0.592062,16,819.000,254816.98,0,0
flat_1r,month|grade,2025-11|C,24,-0.490023,-1.250000,0.333333,-1.250000,3,1.054668,-0.911978,-0.068068,12,504.000,-246971.46,0,0
flat_1r,month|grade,2025-12|B,42,0.304148,1.000000,0.690476,-1.250000,3,1.039314,-0.010176,0.618473,19,557.053,169426.57,0,0
flat_1r,month|grade,2025-12|C,24,-0.114589,-0.058140,0.500000,-1.250000,5,1.115078,-0.560713,0.331535,13,465.231,-53310.41,0,0
flat_1r,month|grade,2026-01|A,1,-1.250000,-1.250000,0.000000,-1.250000,1,0.000000,-1.250000,-1.250000,1,252.000,-315000.00,1,0
flat_1r,month|grade,2026-01|B,49,0.052826,1.000000,0.571429,-1.250000,5,1.094672,-0.253682,0.359334,18,686.000,36238.66,0,0
flat_1r,month|grade,2026-01|C,13,-0.158902,-1.000000,0.461538,-1.250000,6,1.075948,-0.743794,0.425990,9,364.000,-57840.33,1,0
flat_1r,month|grade,2026-02|B,59,0.032900,1.000000,0.559322,-1.250000,3,1.091198,-0.245541,0.311341,19,782.526,25745.14,0,0
flat_1r,month|grade,2026-02|C,26,-0.119158,-0.058140,0.500000,-1.250000,4,1.119440,-0.549457,0.311141,16,409.500,-48795.22,0,0
flat_1r,month|grade,2026-03|B,65,-0.056292,1.000000,0.523077,-1.250000,5,1.106986,-0.325409,0.212825,19,862.105,-48529.49,0,0
flat_1r,month|grade,2026-03|C,24,-0.380221,-1.176884,0.375000,-1.250000,6,1.071062,-0.808735,0.048293,16,378.000,-143723.44,0,0
flat_1r,month|grade,2026-04|A,1,1.000000,1.000000,1.000000,1.000000,0,0.000000,1.000000,1.000000,1,252.000,252000.00,1,0
flat_1r,month|grade,2026-04|B,50,0.024129,1.000000,0.560000,-1.250000,3,1.101755,-0.281261,0.329520,19,663.158,16001.60,0,0
flat_1r,month|grade,2026-04|C,18,0.013889,1.000000,0.555556,-1.250000,3,1.103883,-0.496079,0.523857,11,412.364,5727.27,1,0
flat_1r,month|grade,2026-05|A,4,-0.125000,-0.125000,0.500000,-1.250000,2,1.125000,-1.227500,0.977500,2,504.000,-63000.00,1,0
flat_1r,month|grade,2026-05|B,57,-0.081534,1.000000,0.508772,-1.250000,6,1.109241,-0.369502,0.206434,18,798.000,-65063.86,0,0
flat_1r,month|grade,2026-05|C,31,-0.069965,1.000000,0.516129,-1.250000,4,1.106076,-0.459333,0.319403,16,488.250,-34160.46,0,0
flat_1r,month|grade,2026-06|A,1,-1.250000,-1.250000,0.000000,-1.250000,1,0.000000,-1.250000,-1.250000,1,252.000,-315000.00,1,0
flat_1r,month|grade,2026-06|B,70,0.143580,1.000000,0.614286,-1.250000,3,1.081293,-0.109729,0.396889,21,840.000,120607.35,0,0
flat_1r,month|grade,2026-06|C,22,-0.514727,-1.239527,0.318182,-1.250000,7,1.036064,-0.947670,-0.081783,12,462.000,-237803.66,0,0
flat_1r,month|grade,2026-07|B,65,0.180240,1.000000,0.630769,-1.250000,4,1.072250,-0.080433,0.440913,19,862.105,155385.89,0,0
flat_1r,month|grade,2026-07|C,35,-0.609958,-1.217175,0.257143,-1.250000,8,0.962048,-0.928685,-0.291231,16,551.250,-336239.52,0,0
flat_1r,month|grade,2026-08|A+,1,-1.250000,-1.250000,0.000000,-1.250000,1,0.000000,-1.250000,-1.250000,1,252.000,-315000.00,1,0
flat_1r,month|grade,2026-08|B,23,0.598817,1.000000,0.826087,-1.250000,1,0.838522,0.256123,0.941511,8,724.500,433842.98,0,0
flat_1r,month|grade,2026-08|C,10,-0.120000,-0.100000,0.500000,-1.250000,2,1.120089,-0.814239,0.574239,6,420.000,-50400.00,1,0
flat_1r,month|alert_only,2025-08|actioned,13,0.134615,1.000000,0.615385,-1.250000,4,1.094635,-0.460435,0.729666,4,819.000,110250.00,1,0
flat_1r,month|alert_only,2025-08|alert_only,9,0.022640,1.000000,0.555556,-1.250000,2,1.093883,-0.692030,0.737310,4,567.000,12836.90,1,0
flat_1r,month|alert_only,2025-09|actioned,30,0.060396,1.000000,0.566667,-1.250000,2,1.076206,-0.324720,0.445511,15,504.000,30439.50,0,0
flat_1r,month|alert_only,2025-09|alert_only,20,-0.214664,-1.045501,0.450000,-1.250000,4,1.100247,-0.696869,0.267540,12,420.000,-90159.00,0,0
flat_1r,month|alert_only,2025-10|actioned,47,0.147175,1.000000,0.617021,-1.250000,3,1.083176,-0.162500,0.456850,21,564.000,83006.86,0,0
flat_1r,month|alert_only,2025-10|alert_only,17,-0.437945,-1.213483,0.352941,-1.250000,8,1.062807,-0.943171,0.067281,14,306.000,-134011.12,1,0
flat_1r,month|alert_only,2025-11|actioned,54,0.253312,1.000000,0.666667,-1.250000,3,1.056241,-0.028411,0.535035,16,850.500,215441.98,0,0
flat_1r,month|alert_only,2025-11|alert_only,24,-0.490023,-1.250000,0.333333,-1.250000,3,1.054668,-0.911978,-0.068068,12,504.000,-246971.46,0,0
flat_1r,month|alert_only,2025-12|actioned,42,0.304148,1.000000,0.690476,-1.250000,3,1.039314,-0.010176,0.618473,19,557.053,169426.57,0,0
flat_1r,month|alert_only,2025-12|alert_only,24,-0.114589,-0.058140,0.500000,-1.250000,5,1.115078,-0.560713,0.331535,13,465.231,-53310.41,0,0
flat_1r,month|alert_only,2026-01|actioned,50,0.026770,1.000000,0.560000,-1.250000,5,1.098912,-0.277833,0.331372,18,700.000,18738.66,0,0
flat_1r,month|alert_only,2026-01|alert_only,13,-0.158902,-1.000000,0.461538,-1.250000,6,1.075948,-0.743794,0.425990,9,364.000,-57840.33,1,0
flat_1r,month|alert_only,2026-02|actioned,59,0.032900,1.000000,0.559322,-1.250000,3,1.091198,-0.245541,0.311341,19,782.526,25745.14,0,0
flat_1r,month|alert_only,2026-02|alert_only,26,-0.119158,-0.058140,0.500000,-1.250000,4,1.119440,-0.549457,0.311141,16,409.500,-48795.22,0,0
flat_1r,month|alert_only,2026-03|actioned,65,-0.056292,1.000000,0.523077,-1.250000,5,1.106986,-0.325409,0.212825,19,862.105,-48529.49,0,0
flat_1r,month|alert_only,2026-03|alert_only,24,-0.380221,-1.176884,0.375000,-1.250000,6,1.071062,-0.808735,0.048293,16,378.000,-143723.44,0,0
flat_1r,month|alert_only,2026-04|actioned,51,0.043264,1.000000,0.568627,-1.250000,3,1.099259,-0.258433,0.344961,19,676.421,29264.76,0,0
flat_1r,month|alert_only,2026-04|alert_only,18,0.013889,1.000000,0.555556,-1.250000,3,1.103883,-0.496079,0.523857,11,412.364,5727.27,1,0
flat_1r,month|alert_only,2026-05|actioned,61,-0.084384,1.000000,0.508197,-1.250000,6,1.110333,-0.363025,0.194257,18,854.000,-72063.86,0,0
flat_1r,month|alert_only,2026-05|alert_only,31,-0.069965,1.000000,0.516129,-1.250000,4,1.106076,-0.459333,0.319403,16,488.250,-34160.46,0,0
flat_1r,month|alert_only,2026-06|actioned,71,0.123952,1.000000,0.605634,-1.250000,3,1.086138,-0.128693,0.376598,21,852.000,105607.35,0,0
flat_1r,month|alert_only,2026-06|alert_only,22,-0.514727,-1.239527,0.318182,-1.250000,7,1.036064,-0.947670,-0.081783,12,462.000,-237803.66,0,0
flat_1r,month|alert_only,2026-07|actioned,65,0.180240,1.000000,0.630769,-1.250000,4,1.072250,-0.080433,0.440913,19,862.105,155385.89,0,0
flat_1r,month|alert_only,2026-07|alert_only,35,-0.609958,-1.217175,0.257143,-1.250000,8,0.962048,-0.928685,-0.291231,16,551.250,-336239.52,0,0
flat_1r,month|alert_only,2026-08|actioned,24,0.521783,1.000000,0.791667,-1.250000,2,0.900172,0.161639,0.881927,8,756.000,394467.98,0,0
flat_1r,month|alert_only,2026-08|alert_only,10,-0.120000,-0.100000,0.500000,-1.250000,2,1.120089,-0.814239,0.574239,6,420.000,-50400.00,1,0
flat_1r,month|trend_qqq,2025-08|aligned,10,0.102291,1.000000,0.600000,-1.250000,2,1.099482,-0.579175,0.783757,3,840.000,85924.45,1,0
flat_1r,month|trend_qqq,2025-08|flat,1,1.000000,1.000000,1.000000,1.000000,0,0.000000,1.000000,1.000000,1,252.000,252000.00,1,0
flat_1r,month|trend_qqq,2025-08|opposed,11,-0.006286,1.000000,0.545455,-1.250000,4,1.103410,-0.658360,0.645787,4,693.000,-4356.44,1,0
flat_1r,month|trend_qqq,2025-09|aligned,25,-0.139529,-1.000000,0.480000,-1.250000,5,1.096780,-0.569467,0.290409,12,525.000,-73252.65,0,0
flat_1r,month|trend_qqq,2025-09|flat,8,0.442998,1.000000,0.750000,-1.250000,1,0.964818,-0.225587,1.111583,4,504.000,223271.01,1,0
flat_1r,month|trend_qqq,2025-09|opposed,17,-0.149246,-1.021234,0.470588,-1.250000,3,1.085547,-0.665282,0.366791,12,357.000,-53280.65,1,0
flat_1r,month|trend_qqq,2025-10|aligned,34,0.083479,1.000000,0.588235,-1.250000,3,1.096079,-0.284954,0.451912,19,450.947,37644.70,0,0
flat_1r,month|trend_qqq,2025-10|flat,14,0.196429,1.000000,0.642857,-1.250000,1,1.078104,-0.368317,0.761174,8,441.000,86625.00,1,0
flat_1r,month|trend_qqq,2025-10|opposed,16,-0.382257,-1.156742,0.375000,-1.250000,4,1.072093,-0.907583,0.143069,10,403.200,-154126.09,1,0
flat_1r,month|trend_qqq,2025-11|aligned,36,0.192468,1.000000,0.638889,-1.250000,2,1.074499,-0.158535,0.543471,11,824.727,158733.79,0,0
flat_1r,month|trend_qqq,2025-11|flat,8,0.156250,1.000000,0.625000,-1.250000,2,1.089277,-0.598580,0.911080,3,672.000,105000.00,1,0
flat_1r,month|trend_qqq,2025-11|opposed,34,-0.184134,-1.130273,0.470588,-1.250000,9,1.117125,-0.559641,0.191374,11,778.909,-143423.41,0,0
flat_1r,month|trend_qqq,2025-12|aligned,37,0.152442,1.000000,0.621622,-1.250000,3,1.086506,-0.197654,0.502538,15,621.600,94758.12,0,0
flat_1r,month|trend_qqq,2025-12|flat,10,-0.111628,-0.058140,0.500000,-1.250000,3,1.112271,-0.801021,0.577765,5,504.000,-56260.47,1,0
flat_1r,month|trend_qqq,2025-12|opposed,19,0.289474,1.000000,0.684211,-1.250000,2,1.045866,-0.180805,0.759753,12,399.000,115500.00,1,0
flat_1r,month|trend_qqq,2026-01|aligned,32,0.038294,1.000000,0.562500,-1.250000,3,1.092051,-0.340083,0.416670,18,448.000,17155.56,0,0
flat_1r,month|trend_qqq,2026-01|flat,5,1.000000,1.000000,1.000000,1.000000,0,0.000000,1.000000,1.000000,5,252.000,252000.00,1,0
flat_1r,month|trend_qqq,2026-01|opposed,26,-0.267410,-1.083846,0.423077,-1.250000,3,1.087085,-0.685272,0.150453,14,468.000,-125147.66,0,0
flat_1r,month|trend_qqq,2026-02|aligned,39,-0.131403,-1.000000,0.487179,-1.250000,5,1.104460,-0.478039,0.215233,15,655.200,-86095.08,0,0
flat_1r,month|trend_qqq,2026-02|flat,7,0.357143,1.000000,0.714286,-1.250000,1,1.016446,-0.395851,1.110137,3,588.000,210000.00,1,0
flat_1r,month|trend_qqq,2026-02|opposed,39,0.037633,1.000000,0.564103,-1.250000,4,1.095911,-0.306320,0.381586,16,614.250,23116.27,0,0
flat_1r,month|trend_qqq,2026-03|aligned,49,0.104822,1.000000,0.591837,-1.250000,4,1.079285,-0.197378,0.407022,18,686.000,71907.80,0,0
flat_1r,month|trend_qqq,2026-03|flat,14,-0.748354,-1.250000,0.214286,-1.250000,7,0.913960,-1.227115,-0.269593,5,705.600,-528038.58,1,0
flat_1r,month|trend_qqq,2026-03|opposed,26,-0.286292,-1.172244,0.423077,-1.250000,5,1.102054,-0.709908,0.137324,12,546.000,-156315.22,0,0
flat_1r,month|trend_qqq,2026-04|aligned,38,0.176245,1.000000,0.631579,-1.250000,2,1.078832,-0.166774,0.519263,17,563.294,99277.57,0,0
flat_1r,month|trend_qqq,2026-04|flat,13,-0.339954,-1.062500,0.384615,-1.250000,5,1.062082,-0.917308,0.237401,6,546.000,-185614.73,1,0
flat_1r,month|trend_qqq,2026-04|opposed,18,0.009921,1.000000,0.555556,-1.250000,3,1.107642,-0.501784,0.521625,10,453.600,4500.00,1,0
flat_1r,month|trend_qqq,2026-05|aligned,52,-0.113261,-0.025735,0.500000,-1.250000,6,1.114018,-0.416054,0.189533,18,728.000,-82453.69,0,0
flat_1r,month|trend_qqq,2026-05|flat,7,0.511503,1.000000,0.714286,-1.217391,2,0.818660,-0.094969,1.117975,4,441.000,225572.93,1,0
flat_1r,month|trend_qqq,2026-05|opposed,33,-0.151737,-1.074930,0.484848,-1.250000,4,1.117779,-0.533114,0.229641,13,639.692,-97064.77,0,0
flat_1r,month|trend_qqq,2026-06|aligned,66,0.094522,1.000000,0.590909,-1.250000,5,1.088988,-0.168207,0.357250,20,831.600,78604.10,0,0
flat_1r,month|trend_qqq,2026-06|flat,4,-0.125000,-0.125000,0.500000,-1.250000,1,1.125000,-1.227500,0.977500,3,336.000,-42000.00,1,0
flat_1r,month|trend_qqq,2026-06|opposed,23,-0.359208,-1.250000,0.391304,-1.250000,4,1.090312,-0.804806,0.086389,12,483.000,-173497.64,0,0
flat_1r,month|trend_qqq,2026-07|aligned,51,0.026076,1.000000,0.549020,-1.250000,12,1.083419,-0.271274,0.323425,15,856.800,22341.51,0,0
flat_1r,month|trend_qqq,2026-07|flat,7,-0.285714,-1.250000,0.428571,-1.250000,3,1.113461,-1.110578,0.539149,2,882.000,-252000.00,1,0
flat_1r,month|trend_qqq,2026-07|opposed,42,-0.213400,-1.057082,0.452381,-1.250000,6,1.104083,-0.547313,0.120513,18,588.000,-125479.06,0,0
flat_1r,month|trend_qqq,2026-08|aligned,18,0.509001,1.000000,0.777778,-1.250000,1,0.918831,0.084523,0.933480,7,648.000,329832.77,1,0
flat_1r,month|trend_qqq,2026-08|flat,1,1.000000,1.000000,1.000000,1.000000,0,0.000000,1.000000,1.000000,1,252.000,252000.00,1,0
flat_1r,month|trend_qqq,2026-08|opposed,12,-0.153269,-0.294614,0.500000,-1.250000,5,1.100368,-0.775861,0.469323,6,504.000,-77247.59,1,0
flat_1r,month|trend_qqq,2026-08|unknown,3,1.000000,1.000000,1.000000,1.000000,0,0.000000,1.000000,1.000000,1,756.000,756000.00,1,0
flat_1r,month|side,2025-08|long,13,0.134615,1.000000,0.615385,-1.250000,3,1.094635,-0.460435,0.729666,4,819.000,110250.00,1,0
flat_1r,month|side,2025-08|short,9,0.022640,1.000000,0.555556,-1.250000,2,1.093883,-0.692030,0.737310,3,756.000,17115.86,1,0
flat_1r,month|side,2025-09|long,31,0.083005,1.000000,0.580645,-1.250000,4,1.080111,-0.297223,0.463232,16,488.250,40527.00,0,0
flat_1r,month|side,2025-09|short,19,-0.266029,-1.021234,0.421053,-1.250000,4,1.082502,-0.752782,0.220723,12,399.000,-106145.62,1,0
flat_1r,month|side,2025-10|long,32,0.161516,1.000000,0.625000,-1.250000,3,1.082773,-0.213646,0.536678,16,504.000,81404.17,0,0
flat_1r,month|side,2025-10|short,32,-0.178011,-1.050640,0.468750,-1.250000,4,1.107633,-0.561786,0.205764,17,474.353,-84439.90,0,0
flat_1r,month|side,2025-11|long,15,-0.050000,1.000000,0.533333,-1.250000,2,1.122497,-0.618062,0.518062,8,472.500,-23625.00,1,0
flat_1r,month|side,2025-11|short,63,0.042354,1.000000,0.571429,-1.250000,4,1.106389,-0.230854,0.315562,13,1221.231,51724.17,0,0
flat_1r,month|side,2025-12|long,29,0.387926,1.000000,0.724138,-1.250000,3,0.992083,0.026845,0.749007,16,456.750,177185.29,0,0
flat_1r,month|side,2025-12|short,37,-0.033129,1.000000,0.540541,-1.250000,4,1.120592,-0.394209,0.327951,15,621.600,-20593.01,0,0
flat_1r,month|side,2026-01|long,29,0.161664,1.000000,0.620690,-1.250000,2,1.073125,-0.228914,0.552241,15,487.200,78762.47,0,0
flat_1r,month|side,2026-01|short,34,-0.159279,-1.000000,0.470588,-1.250000,4,1.095141,-0.527397,0.208838,17,504.000,-80276.72,0,0
flat_1r,month|side,2026-02|long,38,-0.221373,-1.022949,0.447368,-1.250000,5,1.100708,-0.571348,0.128601,14,684.000,-151419.18,0,0
flat_1r,month|side,2026-02|short,47,0.154365,1.000000,0.617021,-1.250000,3,1.074318,-0.152777,0.461508,16,740.250,114268.91,0,0
flat_1r,month|side,2026-03|long,40,-0.100686,-0.006250,0.500000,-1.250000,7,1.101845,-0.442151,0.240779,17,592.941,-59701.00,0,0
flat_1r,month|side,2026-03|short,49,-0.178711,-1.062500,0.469388,-1.250000,7,1.109578,-0.489392,0.131971,18,686.000,-122595.46,0,0
flat_1r,month|side,2026-04|long,42,0.098149,1.000000,0.595238,-1.250000,3,1.094191,-0.232772,0.429070,16,661.500,64925.39,0,0
flat_1r,month|side,2026-04|short,27,-0.061695,1.000000,0.518519,-1.250000,4,1.103325,-0.477872,0.354481,12,567.000,-34981.32,0,0
flat_1r,month|side,2026-05|long,53,-0.160664,-1.051471,0.471698,-1.250000,6,1.106083,-0.458451,0.137123,19,702.947,-112938.51,0,0
flat_1r,month|side,2026-05|short,39,0.030740,1.000000,0.564103,-1.250000,4,1.103244,-0.315514,0.376995,13,756.000,23239.60,0,0
flat_1r,month|side,2026-06|long,36,-0.299311,-1.172894,0.416667,-1.250000,5,1.098601,-0.658187,0.059565,15,604.800,-181023.37,0,0
flat_1r,month|side,2026-06|short,57,0.144769,1.000000,0.614035,-1.250000,4,1.079510,-0.135481,0.425019,17,844.941,122321.23,0,0
flat_1r,month|side,2026-07|long,54,0.028182,1.000000,0.555556,-1.250000,3,1.094606,-0.263774,0.320137,18,756.000,21305.26,0,0
flat_1r,month|side,2026-07|short,46,-0.242494,-1.045220,0.434783,-1.250000,13,1.091572,-0.557944,0.072955,16,724.500,-175687.20,0,0
flat_1r,month|side,2026-08|long,24,0.254668,1.000000,0.666667,-1.250000,4,1.054276,-0.167131,0.676466,8,756.000,192528.67,0,0
flat_1r,month|side,2026-08|short,10,0.521077,1.000000,0.800000,-1.250000,1,0.878858,-0.023644,1.065799,6,420.000,218852.41,1,0
flat_1r,quarter|setup,2025-Q3|break_and_retest,61,-0.081662,1.000000,0.508197,-1.250000,5,1.101093,-0.357984,0.194659,19,809.053,-66069.24,0,0
flat_1r,quarter|setup,2025-Q3|one_candle_rule,11,0.404887,1.000000,0.727273,-1.250000,2,0.972722,-0.169954,0.979729,7,396.000,160335.37,1,0
flat_1r,quarter|setup,2025-Q4|break_and_retest,180,0.068868,1.000000,0.583333,-1.250000,4,1.102209,-0.092154,0.229889,57,795.789,54804.22,0,0
flat_1r,quarter|setup,2025-Q4|one_candle_rule,28,-0.035058,1.000000,0.535714,-1.250000,3,1.112251,-0.447041,0.376926,21,336.000,-11779.46,0,0
flat_1r,quarter|setup,2026-Q1|break_and_retest,211,-0.056386,1.000000,0.521327,-1.250000,12,1.103762,-0.205319,0.092547,56,949.500,-53538.25,0,0
flat_1r,quarter|setup,2026-Q1|one_candle_rule,26,-0.106582,-0.006438,0.500000,-1.250000,4,1.107583,-0.532324,0.319159,22,297.818,-31742.11,0,0
flat_1r,quarter|setup,2026-Q2|break_and_retest,224,-0.006175,1.000000,0.544643,-1.250000,10,1.103281,-0.150659,0.138308,59,956.746,-5908.07,0,0
flat_1r,quarter|setup,2026-Q2|one_candle_rule,28,-0.205357,-1.250000,0.464286,-1.250000,4,1.122126,-0.620999,0.210284,20,352.800,-72450.00,0,0
flat_1r,quarter|setup,2026-Q2|reentry_84_rule,2,-0.125000,-0.125000,0.500000,-1.250000,1,1.125000,-1.684170,1.434170,2,252.000,-31500.00,1,0
flat_1r,quarter|setup,2026-Q3|break_and_retest,125,-0.007118,1.000000,0.544000,-1.250000,5,1.099102,-0.199799,0.185563,29,1086.207,-7731.66,0,0
flat_1r,quarter|setup,2026-Q3|one_candle_rule,9,0.286623,1.000000,0.666667,-1.250000,1,1.010040,-0.373269,0.946516,7,324.000,92865.96,1,0
flat_1r,quarter|grade,2025-Q3|B,43,0.082834,1.000000,0.581395,-1.250000,4,1.082347,-0.240676,0.406345,19,570.316,47241.71,0,0
flat_1r,quarter|grade,2025-Q3|C,29,-0.141018,-1.021234,0.482759,-1.250000,4,1.103749,-0.542742,0.260706,16,456.750,-64410.03,0,0
flat_1r,quarter|grade,2025-Q4|A+,2,-1.250000,-1.250000,0.000000,-1.250000,2,0.000000,-1.250000,-1.250000,1,504.000,-630000.00,1,0
flat_1r,quarter|grade,2025-Q4|B,141,0.254399,1.000000,0.666667,-1.250000,3,1.054789,0.080294,0.428505,56,634.500,161416.44,0,0
flat_1r,quarter|grade,2025-Q4|C,65,-0.337781,-1.250000,0.400000,-1.250000,8,1.093071,-0.603515,-0.072046,39,420.000,-141867.91,0,0
flat_1r,quarter|grade,2026-Q1|A,1,-1.250000,-1.250000,0.000000,-1.250000,1,0.000000,-1.250000,-1.250000,1,252.000,-315000.00,1,0
flat_1r,quarter|grade,2026-Q1|B,173,0.005032,1.000000,0.549133,-1.250000,5,1.099194,-0.158765,0.168830,56,778.500,3917.74,0,0
flat_1r,quarter|grade,2026-Q1|C,63,-0.226812,-1.012876,0.444444,-1.250000,6,1.098987,-0.498192,0.044569,41,387.220,-87825.89,0,0
flat_1r,quarter|grade,2026-Q2|A,6,-0.125000,-0.125000,0.500000,-1.250000,3,1.125000,-1.025187,0.775187,4,378.000,-47250.00,1,0
flat_1r,quarter|grade,2026-Q2|B,177,0.037343,1.000000,0.564972,-1.250000,7,1.100269,-0.124752,0.199437,58,769.034,28717.85,0,0
flat_1r,quarter|grade,2026-Q2|C,71,-0.186520,-1.074930,0.464789,-1.250000,7,1.106886,-0.443992,0.070952,39,458.769,-85569.52,0,0
flat_1r,quarter|grade,2026-Q3|A+,1,-1.250000,-1.250000,0.000000,-1.250000,1,0.000000,-1.250000,-1.250000,1,252.000,-315000.00,1,0
flat_1r,quarter|grade,2026-Q3|B,88,0.289641,1.000000,0.681818,-1.250000,4,1.032870,0.073837,0.505445,27,821.333,237891.70,0,0
flat_1r,quarter|grade,2026-Q3|C,45,-0.501079,-1.200000,0.311111,-1.250000,8,1.019879,-0.799067,-0.203091,22,515.455,-258283.29,0,0
flat_1r,quarter|alert_only,2025-Q3|actioned,43,0.082834,1.000000,0.581395,-1.250000,4,1.082347,-0.240676,0.406345,19,570.316,47241.71,0,0
flat_1r,quarter|alert_only,2025-Q3|alert_only,29,-0.141018,-1.021234,0.482759,-1.250000,4,1.103749,-0.542742,0.260706,16,456.750,-64410.03,0,0
flat_1r,quarter|alert_only,2025-Q4|actioned,143,0.233359,1.000000,0.657343,-1.250000,3,1.062182,0.059264,0.407454,56,643.500,150166.44,0,0
flat_1r,quarter|alert_only,2025-Q4|alert_only,65,-0.337781,-1.250000,0.400000,-1.250000,8,1.093071,-0.603515,-0.072046,39,420.000,-141867.91,0,0
flat_1r,quarter|alert_only,2026-Q1|actioned,174,-0.002180,1.000000,0.545977,-1.250000,5,1.100129,-0.165646,0.161285,56,783.000,-1707.26,0,0
flat_1r,quarter|alert_only,2026-Q1|alert_only,63,-0.226812,-1.012876,0.444444,-1.250000,6,1.098987,-0.498192,0.044569,41,387.220,-87825.89,0,0
flat_1r,quarter|alert_only,2026-Q2|actioned,183,0.032020,1.000000,0.562842,-1.250000,9,1.101468,-0.127569,0.191609,58,795.103,25459.23,0,0
flat_1r,quarter|alert_only,2026-Q2|alert_only,71,-0.186520,-1.074930,0.464789,-1.250000,7,1.106886,-0.443992,0.070952,39,458.769,-85569.52,0,0
flat_1r,quarter|alert_only,2026-Q3|actioned,89,0.272342,1.000000,0.674157,-1.250000,4,1.039792,0.056315,0.488368,27,830.667,226225.03,0,0
flat_1r,quarter|alert_only,2026-Q3|alert_only,45,-0.501079,-1.200000,0.311111,-1.250000,8,1.019879,-0.799067,-0.203091,22,515.455,-258283.29,0,0
flat_1r,quarter|trend_qqq,2025-Q3|aligned,35,-0.070437,1.000000,0.514286,-1.250000,5,1.102976,-0.435854,0.294979,15,588.000,-41417.23,0,0
flat_1r,quarter|trend_qqq,2025-Q3|flat,9,0.504887,1.000000,0.777778,-1.250000,1,0.926329,-0.100315,1.110089,5,453.600,229016.81,1,0
flat_1r,quarter|trend_qqq,2025-Q3|opposed,28,-0.093083,-0.010617,0.500000,-1.250000,4,1.094828,-0.498613,0.312447,16,441.000,-41049.60,0,0
flat_1r,quarter|trend_qqq,2025-Q4|aligned,107,0.143995,1.000000,0.616822,-1.250000,3,1.086455,-0.061866,0.349857,45,599.200,86282.06,0,0
flat_1r,quarter|trend_qqq,2025-Q4|flat,32,0.090116,1.000000,0.593750,-1.250000,3,1.100230,-0.291094,0.471327,16,504.000,45418.60,0,0
flat_1r,quarter|trend_qqq,2025-Q4|opposed,69,-0.099662,1.000000,0.507246,-1.250000,9,1.116422,-0.363088,0.163765,33,526.909,-52512.68,0,0
flat_1r,quarter|trend_qqq,2026-Q1|aligned,120,0.010308,1.000000,0.550000,-1.250000,5,1.095672,-0.185733,0.206349,51,592.941,6112.04,0,0
flat_1r,quarter|trend_qqq,2026-Q1|flat,26,-0.114498,-0.060000,0.500000,-1.250000,7,1.114919,-0.543059,0.314063,13,504.000,-57707.15,0,0
flat_1r,quarter|trend_qqq,2026-Q1|opposed,91,-0.142072,-1.026667,0.483516,-1.250000,5,1.106185,-0.369353,0.085209,42,546.000,-77571.18,0,0
flat_1r,quarter|trend_qqq,2026-Q2|aligned,156,0.045168,1.000000,0.570513,-1.250000,9,1.101133,-0.127628,0.217964,55,714.764,32284.26,0,0
flat_1r,quarter|trend_qqq,2026-Q2|flat,24,-0.055786,0.398957,0.500000,-1.250000,5,1.075093,-0.485913,0.374340,13,465.231,-25953.59,0,0
flat_1r,quarter|trend_qqq,2026-Q2|opposed,74,-0.176899,-1.087852,0.472973,-1.250000,4,1.115435,-0.431046,0.077248,35,532.800,-94251.82,0,0
flat_1r,quarter|trend_qqq,2026-Q3|aligned,69,0.152056,1.000000,0.608696,-1.250000,12,1.064329,-0.099079,0.403191,22,790.364,120179.64,0,0
flat_1r,quarter|trend_qqq,2026-Q3|flat,8,-0.125000,-0.125000,0.500000,-1.250000,3,1.125000,-0.904585,0.654585,3,672.000,-84000.00,1,0
flat_1r,quarter|trend_qqq,2026-Q3|opposed,54,-0.200037,-1.057082,0.462963,-1.250000,6,1.103542,-0.494377,0.094302,24,567.000,-113421.19,0,0
flat_1r,quarter|trend_qqq,2026-Q3|unknown,3,1.000000,1.000000,1.000000,1.000000,0,0.000000,1.000000,1.000000,1,756.000,756000.00,1,0
flat_1r,quarter|side,2025-Q3|long,44,0.098253,1.000000,0.590909,-1.250000,4,1.084678,-0.222249,0.418755,20,554.400,54471.60,0,0
flat_1r,quarter|side,2025-Q3|short,28,-0.173243,-1.010617,0.464286,-1.250000,4,1.094508,-0.578654,0.232169,15,470.400,-81493.33,0,0
flat_1r,quarter|side,2025-Q4|long,76,0.206163,1.000000,0.644737,-1.250000,3,1.069712,-0.034338,0.446663,40,478.800,98710.78,0,0
flat_1r,quarter|side,2025-Q4|short,132,-0.032226,1.000000,0.537879,-1.250000,4,1.114198,-0.222304,0.157852,45,739.200,-23821.32,0,0
flat_1r,quarter|side,2026-Q1|long,107,-0.072443,1.000000,0.514019,-1.250000,7,1.104207,-0.281668,0.136783,46,586.174,-42464.10,0,0
flat_1r,quarter|side,2026-Q1|short,130,-0.053209,1.000000,0.523077,-1.250000,7,1.104290,-0.243040,0.136622,51,642.353,-34178.82,0,0
flat_1r,quarter|side,2026-Q2|long,131,-0.115787,-0.202086,0.496183,-1.250000,11,1.111414,-0.306113,0.074538,50,660.240,-76447.52,0,0
flat_1r,quarter|side,2026-Q2|short,123,0.063292,1.000000,0.577236,-1.250000,4,1.095454,-0.130305,0.256889,42,738.000,46709.52,0,0
flat_1r,quarter|side,2026-Q3|long,78,0.097870,1.000000,0.589744,-1.250000,4,1.087393,-0.143452,0.339191,26,756.000,73989.39,0,0
flat_1r,quarter|side,2026-Q3|short,56,-0.106142,-0.169614,0.500000,-1.250000,13,1.096452,-0.393321,0.181036,22,641.455,-68085.49,0,0
flat_1r,setup|grade,break_and_retest|A,3,0.250000,1.000000,0.666667,-1.250000,1,1.060660,-0.950250,1.450250,3,252.000,63000.00,1,0
flat_1r,setup|grade,break_and_retest|A+,3,-1.250000,-1.250000,0.000000,-1.250000,3,0.000000,-1.250000,-1.250000,2,378.000,-472500.00,1,0
flat_1r,setup|grade,break_and_retest|B,583,0.130272,1.000000,0.607204,-1.250000,7,1.081884,0.042451,0.218094,210,699.600,91138.62,0,0
flat_1r,setup|grade,break_and_retest|C,212,-0.375964,-1.203008,0.377358,-1.250000,11,1.074589,-0.520618,-0.231310,135,395.733,-148781.64,0,0
flat_1r,setup|grade,one_candle_rule|A,2,-1.250000,-1.250000,0.000000,-1.250000,2,0.000000,-1.250000,-1.250000,2,252.000,-315000.00,1,0
flat_1r,setup|grade,one_candle_rule|B,39,-0.090974,1.000000,0.512821,-1.250000,3,1.119494,-0.442329,0.260381,37,265.622,-24164.69,0,0
flat_1r,setup|grade,one_candle_rule|C,61,0.058666,1.000000,0.573770,-1.250000,4,1.093187,-0.215672,0.333003,51,301.412,17682.51,0,0
flat_1r,setup|grade,reentry_84_rule|A,2,-0.125000,-0.125000,0.500000,-1.250000,1,1.125000,-1.684170,1.434170,2,252.000,-31500.00,1,0
flat_1r,setup|alert_only,break_and_retest|actioned,589,0.123852,1.000000,0.604414,-1.250000,7,1.083519,0.036347,0.211358,211,703.450,87123.75,0,0
flat_1r,setup|alert_only,break_and_retest|alert_only,212,-0.375964,-1.203008,0.377358,-1.250000,11,1.074589,-0.520618,-0.231310,135,395.733,-148781.64,0,0
flat_1r,setup|alert_only,one_candle_rule|actioned,41,-0.147512,-1.141509,0.487805,-1.250000,3,1.120029,-0.490353,0.195330,39,264.923,-39079.33,0,0
flat_1r,setup|alert_only,one_candle_rule|alert_only,61,0.058666,1.000000,0.573770,-1.250000,4,1.093187,-0.215672,0.333003,51,301.412,17682.51,0,0
flat_1r,setup|alert_only,reentry_84_rule|actioned,2,-0.125000,-0.125000,0.500000,-1.250000,1,1.125000,-1.684170,1.434170,2,252.000,-31500.00,1,0
flat_1r,setup|trend_qqq,break_and_retest|aligned,440,0.071339,1.000000,0.579545,-1.250000,12,1.092200,-0.030716,0.173393,182,609.231,43461.72,0,0
flat_1r,setup|trend_qqq,break_and_retest|flat,86,0.028816,1.000000,0.558140,-1.250000,7,1.097606,-0.203166,0.260797,47,461.106,13287.12,0,0
flat_1r,setup|trend_qqq,break_and_retest|opposed,272,-0.160378,-1.059649,0.477941,-1.250000,9,1.108970,-0.292171,-0.028585,138,496.696,-79658.97,0,0
flat_1r,setup|trend_qqq,break_and_retest|unknown,3,1.000000,1.000000,1.000000,1.000000,0,0.000000,1.000000,1.000000,1,756.000,756000.00,1,0
flat_1r,setup|trend_qqq,one_candle_rule|aligned,46,0.034308,1.000000,0.565217,-1.250000,2,1.101761,-0.284086,0.352702,36,322.000,11047.28,0,0
flat_1r,setup|trend_qqq,one_candle_rule|flat,13,-0.028175,1.000000,0.538462,-1.250000,2,1.111072,-0.632161,0.575810,11,297.818,-8391.12,1,0
flat_1r,setup|trend_qqq,one_candle_rule|opposed,43,-0.085611,1.000000,0.511628,-1.250000,5,1.111959,-0.417973,0.246750,36,301.000,-25769.04,0,0
flat_1r,setup|trend_qqq,reentry_84_rule|aligned,1,-1.250000,-1.250000,0.000000,-1.250000,1,0.000000,-1.250000,-1.250000,1,252.000,-315000.00,1,0
flat_1r,setup|trend_qqq,reentry_84_rule|opposed,1,1.000000,1.000000,1.000000,1.000000,0,0.000000,1.000000,1.000000,1,252.000,252000.00,1,0
flat_1r,setup|side,break_and_retest|long,381,0.007993,1.000000,0.551181,-1.250000,11,1.102367,-0.102700,0.118686,171,561.474,4487.79,0,0
flat_1r,setup|side,break_and_retest|short,420,-0.023335,1.000000,0.538095,-1.250000,13,1.104160,-0.128935,0.082264,166,637.590,-14878.46,0,0
flat_1r,setup|side,one_candle_rule|long,54,0.053898,1.000000,0.574074,-1.250000,4,1.098993,-0.239227,0.347024,45,302.400,16298.90,0,0
flat_1r,setup|side,one_candle_rule|short,48,-0.112081,-0.006438,0.500000,-1.250000,3,1.112930,-0.426931,0.202768,39,310.154,-34762.47,0,0
flat_1r,setup|side,reentry_84_rule|long,1,-1.250000,-1.250000,0.000000,-1.250000,1,0.000000,-1.250000,-1.250000,1,252.000,-315000.00,1,0
flat_1r,setup|side,reentry_84_rule|short,1,1.000000,1.000000,1.000000,1.000000,0,0.000000,1.000000,1.000000,1,252.000,252000.00,1,0
flat_1r,grade|alert_only,A|actioned,7,-0.285714,-1.250000,0.428571,-1.250000,3,1.113461,-1.110578,0.539149,5,352.800,-100800.00,1,0
flat_1r,grade|alert_only,A+|actioned,3,-1.250000,-1.250000,0.000000,-1.250000,3,0.000000,-1.250000,-1.250000,2,378.000,-472500.00,1,0
flat_1r,grade|alert_only,B|actioned,622,0.116400,1.000000,0.601286,-1.250000,7,1.085606,0.031084,0.201717,216,725.667,84467.67,0,0
flat_1r,grade|alert_only,C|alert_only,273,-0.278849,-1.116279,0.421245,-1.250000,10,1.093859,-0.408608,-0.149091,157,438.191,-122189.26,0,0
flat_1r,grade|trend_qqq,A|aligned,4,-0.687500,-1.250000,0.250000,-1.250000,2,0.974279,-1.642293,0.267293,3,336.000,-231000.00,1,0
flat_1r,grade|trend_qqq,A|opposed,3,0.250000,1.000000,0.666667,-1.250000,1,1.060660,-0.950250,1.450250,2,378.000,94500.00,1,0
flat_1r,grade|trend_qqq,A+|opposed,3,-1.250000,-1.250000,0.000000,-1.250000,3,0.000000,-1.250000,-1.250000,2,378.000,-472500.00,1,0
flat_1r,grade|trend_qqq,B|aligned,363,0.182719,1.000000,0.630854,-1.250000,6,1.069257,0.072721,0.292717,172,531.837,97176.69,0,0
flat_1r,grade|trend_qqq,B|flat,62,0.045551,1.000000,0.564516,-1.250000,4,1.094681,-0.226937,0.318039,43,363.349,16550.94,0,0
flat_1r,grade|trend_qqq,B|opposed,195,0.006409,1.000000,0.553846,-1.250000,5,1.104549,-0.148624,0.161442,124,396.290,2539.81,0,0
flat_1r,grade|trend_qqq,B|unknown,2,1.000000,1.000000,1.000000,1.000000,0,0.000000,1.000000,1.000000,1,504.000,504000.00,1,0
flat_1r,grade|trend_qqq,C|aligned,120,-0.265498,-1.107838,0.425000,-1.250000,7,1.092717,-0.461010,-0.069986,85,355.765,-94454.77,0,0
flat_1r,grade|trend_qqq,C|flat,37,-0.019251,1.000000,0.540541,-1.250000,4,1.106479,-0.375783,0.337281,22,423.818,-8159.01,0,0
flat_1r,grade|trend_qqq,C|opposed,115,-0.387424,-1.213483,0.373913,-1.250000,6,1.073652,-0.583657,-0.191192,85,340.941,-132088.94,0,0
flat_1r,grade|trend_qqq,C|unknown,1,1.000000,1.000000,1.000000,1.000000,0,0.000000,1.000000,1.000000,1,252.000,252000.00,1,0
flat_1r,grade|side,A|long,2,-1.250000,-1.250000,0.000000,-1.250000,2,0.000000,-1.250000,-1.250000,1,504.000,-630000.00,1,0
flat_1r,grade|side,A|short,5,0.100000,1.000000,0.600000,-1.250000,1,1.102270,-0.866183,1.066183,4,315.000,31500.00,1,0
flat_1r,grade|side,A+|long,1,-1.250000,-1.250000,0.000000,-1.250000,1,0.000000,-1.250000,-1.250000,1,252.000,-315000.00,1,0
flat_1r,grade|side,A+|short,2,-1.250000,-1.250000,0.000000,-1.250000,2,0.000000,-1.250000,-1.250000,1,504.000,-630000.00,1,0
flat_1r,grade|side,B|long,287,0.145858,1.000000,0.613240,-1.250000,6,1.077931,0.021147,0.270569,155,466.606,68058.28,0,0
flat_1r,grade|side,B|short,335,0.091163,1.000000,0.591045,-1.250000,9,1.091506,-0.025722,0.208048,156,541.154,49333.23,0,0
flat_1r,grade|side,C|long,146,-0.228804,-1.116279,0.445205,-1.250000,7,1.104314,-0.407936,-0.049673,108,340.667,-77946.02,0,0
flat_1r,grade|side,C|short,127,-0.336381,-1.110738,0.393701,-1.250000,9,1.078852,-0.524017,-0.148745,87,367.862,-123741.89,0,0
flat_1r,alert_only|trend_qqq,actioned|aligned,367,0.173234,1.000000,0.626703,-1.250000,8,1.072082,0.063548,0.282920,172,537.698,93147.62,0,0
flat_1r,alert_only|trend_qqq,actioned|flat,62,0.045551,1.000000,0.564516,-1.250000,4,1.094681,-0.226937,0.318039,43,363.349,16550.94,0,0
flat_1r,alert_only|trend_qqq,actioned|opposed,201,-0.008708,1.000000,0.547264,-1.250000,7,1.106625,-0.161696,0.144281,124,408.484,-3556.97,0,0
flat_1r,alert_only|trend_qqq,actioned|unknown,2,1.000000,1.000000,1.000000,1.000000,0,0.000000,1.000000,1.000000,1,504.000,504000.00,1,0
flat_1r,alert_only|trend_qqq,alert_only|aligned,120,-0.265498,-1.107838,0.425000,-1.250000,7,1.092717,-0.461010,-0.069986,85,355.765,-94454.77,0,0
flat_1r,alert_only|trend_qqq,alert_only|flat,37,-0.019251,1.000000,0.540541,-1.250000,4,1.106479,-0.375783,0.337281,22,423.818,-8159.01,0,0
flat_1r,alert_only|trend_qqq,alert_only|opposed,115,-0.387424,-1.213483,0.373913,-1.250000,6,1.073652,-0.583657,-0.191192,85,340.941,-132088.94,0,0
flat_1r,alert_only|trend_qqq,alert_only|unknown,1,1.000000,1.000000,1.000000,1.000000,0,0.000000,1.000000,1.000000,1,252.000,252000.00,1,0
flat_1r,alert_only|side,actioned|long,290,0.131418,1.000000,0.606897,-1.250000,8,1.081602,0.006931,0.255905,155,471.484,61961.50,0,0
flat_1r,alert_only|side,actioned|short,342,0.083449,1.000000,0.587719,-1.250000,9,1.093263,-0.032420,0.199318,156,552.462,46102.46,0,0
flat_1r,alert_only|side,alert_only|long,146,-0.228804,-1.116279,0.445205,-1.250000,7,1.104314,-0.407936,-0.049673,108,340.667,-77946.02,0,0
flat_1r,alert_only|side,alert_only|short,127,-0.336381,-1.110738,0.393701,-1.250000,9,1.078852,-0.524017,-0.148745,87,367.862,-123741.89,0,0
flat_1r,trend_qqq|side,aligned|long,231,0.004950,1.000000,0.549784,-1.250000,12,1.102111,-0.137176,0.147077,99,588.000,2910.87,0,0
flat_1r,trend_qqq|side,aligned|short,256,0.119428,1.000000,0.601562,-1.250000,10,1.083127,-0.013255,0.252111,97,665.072,79428.44,0,0
flat_1r,trend_qqq|side,flat|long,60,0.127770,1.000000,0.600000,-1.250000,5,1.076573,-0.144640,0.400181,36,420.000,53663.55,0,0
flat_1r,trend_qqq|side,flat|short,39,-0.142419,-1.000000,0.487179,-1.250000,6,1.114317,-0.492149,0.207310,24,409.500,-58320.65,0,0
flat_1r,trend_qqq|side,opposed|long,144,-0.035444,1.000000,0.534722,-1.250000,6,1.110774,-0.216871,0.145982,73,497.096,-17619.19,0,0
flat_1r,trend_qqq|side,opposed|short,172,-0.239535,-1.086621,0.441860,-1.250000,9,1.100393,-0.403988,-0.075083,83,522.217,-125089.43,0,0
flat_1r,trend_qqq|side,unknown|long,1,1.000000,1.000000,1.000000,1.000000,0,0.000000,1.000000,1.000000,1,252.000,252000.00,1,0
flat_1r,trend_qqq|side,unknown|short,2,1.000000,1.000000,1.000000,1.000000,0,0.000000,1.000000,1.000000,1,504.000,504000.00,1,0
flat_2r,ALL,all trades,905,0.046444,-1.138298,0.391160,-1.250000,14,1.562657,-0.055368,0.148255,229,995.895,46253.03,0,0
flat_2r,symbol,AAPL,19,0.412755,0.660772,0.526316,-1.250000,3,1.560650,-0.288998,1.114509,18,266.000,109792.93,1,0
flat_2r,symbol,AMD,64,0.185209,-1.158183,0.437500,-1.250000,6,1.601254,-0.207099,0.577516,50,322.560,59740.93,0,0
flat_2r,symbol,AMZN,20,0.008987,-1.171528,0.400000,-1.250000,4,1.531160,-0.662073,0.680048,20,252.000,2264.79,0,0
flat_2r,symbol,AVGO,46,0.311158,-1.000000,0.478261,-1.250000,3,1.577873,-0.144826,0.767141,43,269.581,83882.40,0,0
flat_2r,symbol,BABA,9,-0.166667,-1.250000,0.333333,-1.250000,4,1.532065,-1.167616,0.834282,9,252.000,-42000.00,1,0
flat_2r,symbol,COIN,76,-0.073118,-1.238445,0.355263,-1.250000,8,1.539999,-0.419352,0.273116,67,285.851,-20900.78,0,0
flat_2r,symbol,CRM,37,-0.068492,-1.100000,0.351351,-1.250000,5,1.524068,-0.559581,0.422596,33,282.545,-19352.23,0,0
flat_2r,symbol,GOOGL,20,0.064038,-1.180508,0.400000,-1.250000,4,1.580998,-0.628866,0.756941,20,252.000,16137.46,0,0
flat_2r,symbol,HOOD,49,0.089610,-1.213675,0.408163,-1.250000,5,1.587053,-0.354765,0.533985,46,268.435,24054.48,0,0
flat_2r,symbol,INTC,28,0.287946,-0.843750,0.464286,-1.250000,4,1.600723,-0.304970,0.880863,28,252.000,72562.50,0,0
flat_2r,symbol,IREN,66,0.043261,-1.250000,0.393939,-1.250000,9,1.578238,-0.337504,0.424025,63,264.000,11420.83,0,0
flat_2r,symbol,MARA,1,-1.250000,-1.250000,0.000000,-1.250000,1,0.000000,-1.250000,-1.250000,1,252.000,-315000.00,1,0
flat_2r,symbol,META,38,0.309087,-1.027778,0.473684,-1.250000,3,1.605010,-0.201233,0.819406,35,273.600,84566.11,0,0
flat_2r,symbol,MSFT,30,0.026553,-1.220588,0.366667,-1.250000,5,1.526966,-0.519865,0.572971,27,280.000,7434.74,0,0
flat_2r,symbol,MU,72,0.034995,-1.210813,0.388889,-1.250000,8,1.568683,-0.327353,0.397342,64,283.500,9920.99,0,0
flat_2r,symbol,NFLX,19,-0.163893,-1.062500,0.315789,-1.250000,4,1.472182,-0.825867,0.498081,19,252.000,-41301.08,1,0
flat_2r,symbol,NVDA,39,-0.130328,-1.109216,0.333333,-1.250000,10,1.507740,-0.603534,0.342878,34,289.059,-37672.43,0,0
flat_2r,symbol,ORCL,59,-0.058987,-1.202176,0.355932,-1.250000,9,1.534532,-0.450554,0.332580,46,323.217,-19065.52,0,0
flat_2r,symbol,PLTR,61,0.050206,-1.141509,0.393443,-1.250000,9,1.571177,-0.344084,0.444497,57,269.684,13539.81,0,0
flat_2r,symbol,QQQ,9,-0.004070,-1.069150,0.333333,-1.250000,4,1.458390,-0.956886,0.948745,9,252.000,-1025.75,1,0
flat_2r,symbol,SOFI,4,-0.384089,-1.143178,0.250000,-1.250000,2,1.378145,-1.734671,0.966493,4,252.000,-96790.48,1,0
flat_2r,symbol,TSLA,71,0.003574,-1.213483,0.380282,-1.250000,6,1.564549,-0.360355,0.367502,61,293.311,1048.19,0,0
flat_2r,symbol,TSM,42,-0.250101,-1.250000,0.285714,-1.250000,11,1.439152,-0.685350,0.185149,39,271.385,-67873.46,0,0
flat_2r,symbol,UBER,26,0.287347,-1.030955,0.461538,-1.250000,4,1.587145,-0.322732,0.897426,26,252.000,72411.36,0,0
flat_2r,pool,equity,540,0.066518,-1.139904,0.398148,-1.250000,10,1.568133,-0.065746,0.198782,212,641.887,42696.80,0,0
flat_2r,pool,index,9,-0.004070,-1.069150,0.333333,-1.250000,4,1.458390,-0.956886,0.948745,9,252.000,-1025.75,1,0
flat_2r,pool,other,356,0.017271,-1.138989,0.382022,-1.250000,9,1.556384,-0.144405,0.178948,184,487.565,8420.95,0,0
flat_2r,month,2025-08,22,0.111437,-1.035653,0.409091,-1.250000,5,1.573104,-0.545922,0.768795,4,1386.000,154451.12,0,0
flat_2r,month,2025-09,50,-0.306568,-1.216453,0.280000,-1.250000,8,1.439905,-0.705689,0.092554,17,741.176,-227220.81,0,0
flat_2r,month,2025-10,64,-0.143618,-1.242647,0.328125,-1.250000,8,1.505770,-0.512532,0.225296,22,733.091,-105285.00,0,0
flat_2r,month,2025-11,78,0.300433,-1.051837,0.474359,-1.250000,5,1.615036,-0.057986,0.658852,18,1092.000,328072.68,0,0
flat_2r,month,2025-12,66,0.247754,-1.125070,0.454545,-1.250000,6,1.602531,-0.138871,0.634380,20,831.600,206032.40,0,0
flat_2r,month,2026-01,63,0.072176,-1.077216,0.396825,-1.250000,5,1.565203,-0.314330,0.458682,19,835.579,60308.87,0,0
flat_2r,month,2026-02,85,0.151652,-1.096026,0.423529,-1.250000,9,1.585416,-0.185394,0.488699,19,1127.368,170968.22,0,0
flat_2r,month,2026-03,89,-0.265752,-1.250000,0.292135,-1.250000,14,1.459002,-0.568874,0.037370,21,1068.000,-283823.20,0,0
flat_2r,month,2026-04,69,0.165221,-1.076336,0.434783,-1.250000,6,1.562510,-0.203463,0.533906,20,869.400,143643.51,0,0
flat_2r,month,2026-05,92,0.051905,-1.179425,0.391304,-1.250000,8,1.566356,-0.268171,0.371980,19,1220.211,63334.46,0,0
flat_2r,month,2026-06,93,-0.065080,-1.173913,0.354839,-1.250000,10,1.535783,-0.377216,0.247056,21,1116.000,-72629.36,0,0
flat_2r,month,2026-07,100,-0.043827,-1.125092,0.360000,-1.250000,5,1.536853,-0.345050,0.257396,21,1200.000,-52592.07,0,0
flat_2r,month,2026-08,34,0.729068,2.000000,0.617647,-1.250000,4,1.551038,0.207706,1.250429,8,1071.000,780831.78,0,0
flat_2r,quarter,2025-Q3,72,-0.178844,-1.204096,0.319444,-1.250000,8,1.494333,-0.524017,0.166329,21,864.000,-154521.40,0,0
flat_2r,quarter,2025-Q4,208,0.147087,-1.175169,0.423077,-1.250000,8,1.590185,-0.069022,0.363195,60,873.600,128494.77,0,0
flat_2r,quarter,2026-Q1,237,-0.026221,-1.141509,0.367089,-1.250000,14,1.545173,-0.222946,0.170504,59,1012.271,-26542.75,0,0
flat_2r,quarter,2026-Q2,254,0.039855,-1.170207,0.389764,-1.250000,10,1.556866,-0.151611,0.231320,60,1066.800,42516.80,0,0
flat_2r,quarter,2026-Q3,134,0.152281,-1.072435,0.425373,-1.250000,5,1.576751,-0.114692,0.419253,29,1164.414,177317.96,0,0
flat_2r,setup,break_and_retest,801,0.060278,-1.131579,0.395755,-1.250000,13,1.565559,-0.048142,0.168698,220,917.509,55305.63,0,0
flat_2r,setup,one_candle_rule,102,-0.068639,-1.207972,0.352941,-1.250000,10,1.532927,-0.366132,0.228855,77,333.818,-22912.91,0,0
flat_2r,setup,reentry_84_rule,2,0.375000,0.375000,0.500000,-1.250000,1,1.625000,-1.877135,2.627135,2,252.000,94500.00,1,0
flat_2r,grade,A,7,-0.321429,-1.250000,0.285714,-1.250000,3,1.468200,-1.409087,0.766229,5,352.800,-113400.00,1,0
flat_2r,grade,A+,3,-1.250000,-1.250000,0.000000,-1.250000,3,0.000000,-1.250000,-1.250000,2,378.000,-472500.00,1,0
flat_2r,grade,B,622,0.189860,-1.084936,0.435691,-1.250000,11,1.587666,0.065087,0.314633,216,725.667,137774.90,0,0
flat_2r,grade,C,273,-0.256635,-1.246269,0.296703,-1.250000,24,1.461476,-0.430002,-0.083268,157,438.191,-112454.99,0,0
flat_2r,alert_only,actioned,632,0.177362,-1.091256,0.431962,-1.250000,11,1.586586,0.053664,0.301060,216,737.333,130774.90,0,0
flat_2r,alert_only,alert_only,273,-0.256635,-1.246269,0.296703,-1.250000,24,1.461476,-0.430002,-0.083268,157,438.191,-112454.99,0,0
flat_2r,trend_qqq,aligned,487,0.141285,-1.076336,0.418891,-1.250000,12,1.574871,0.001411,0.281159,188,652.787,92228.85,0,0
flat_2r,trend_qqq,flat,99,0.166240,-1.106898,0.424242,-1.250000,7,1.579791,-0.144959,0.477439,50,498.960,82946.99,0,0
flat_2r,trend_qqq,opposed,316,-0.155797,-1.250000,0.332278,-1.250000,10,1.514485,-0.322782,0.011188,150,530.880,-82709.53,0,0
flat_2r,trend_qqq,unknown,3,2.000000,2.000000,1.000000,2.000000,0,0.000000,2.000000,2.000000,1,756.000,1512000.00,1,0
flat_2r,session_third,09:30-10:00,905,0.046444,-1.138298,0.391160,-1.250000,14,1.562657,-0.055368,0.148255,229,995.895,46253.03,0,0
flat_2r,side,long,436,0.036783,-1.144284,0.387615,-1.250000,12,1.557931,-0.109455,0.183022,182,603.692,22205.86,0,0
flat_2r,side,short,469,0.055424,-1.130719,0.394456,-1.250000,15,1.566985,-0.086395,0.197243,175,675.360,37431.30,0,0
flat_2r,symbol|pool,AAPL|equity,19,0.412755,0.660772,0.526316,-1.250000,3,1.560650,-0.288998,1.114509,18,266.000,109792.93,1,0
flat_2r,symbol|pool,AMD|equity,64,0.185209,-1.158183,0.437500,-1.250000,6,1.601254,-0.207099,0.577516,50,322.560,59740.93,0,0
flat_2r,symbol|pool,AMZN|equity,20,0.008987,-1.171528,0.400000,-1.250000,4,1.531160,-0.662073,0.680048,20,252.000,2264.79,0,0
flat_2r,symbol|pool,AVGO|other,46,0.311158,-1.000000,0.478261,-1.250000,3,1.577873,-0.144826,0.767141,43,269.581,83882.40,0,0
flat_2r,symbol|pool,BABA|other,9,-0.166667,-1.250000,0.333333,-1.250000,4,1.532065,-1.167616,0.834282,9,252.000,-42000.00,1,0
flat_2r,symbol|pool,COIN|other,76,-0.073118,-1.238445,0.355263,-1.250000,8,1.539999,-0.419352,0.273116,67,285.851,-20900.78,0,0
flat_2r,symbol|pool,CRM|other,37,-0.068492,-1.100000,0.351351,-1.250000,5,1.524068,-0.559581,0.422596,33,282.545,-19352.23,0,0
flat_2r,symbol|pool,GOOGL|equity,20,0.064038,-1.180508,0.400000,-1.250000,4,1.580998,-0.628866,0.756941,20,252.000,16137.46,0,0
flat_2r,symbol|pool,HOOD|other,49,0.089610,-1.213675,0.408163,-1.250000,5,1.587053,-0.354765,0.533985,46,268.435,24054.48,0,0
flat_2r,symbol|pool,INTC|equity,28,0.287946,-0.843750,0.464286,-1.250000,4,1.600723,-0.304970,0.880863,28,252.000,72562.50,0,0
flat_2r,symbol|pool,IREN|other,66,0.043261,-1.250000,0.393939,-1.250000,9,1.578238,-0.337504,0.424025,63,264.000,11420.83,0,0
flat_2r,symbol|pool,MARA|other,1,-1.250000,-1.250000,0.000000,-1.250000,1,0.000000,-1.250000,-1.250000,1,252.000,-315000.00,1,0
flat_2r,symbol|pool,META|equity,38,0.309087,-1.027778,0.473684,-1.250000,3,1.605010,-0.201233,0.819406,35,273.600,84566.11,0,0
flat_2r,symbol|pool,MSFT|equity,30,0.026553,-1.220588,0.366667,-1.250000,5,1.526966,-0.519865,0.572971,27,280.000,7434.74,0,0
flat_2r,symbol|pool,MU|equity,72,0.034995,-1.210813,0.388889,-1.250000,8,1.568683,-0.327353,0.397342,64,283.500,9920.99,0,0
flat_2r,symbol|pool,NFLX|equity,19,-0.163893,-1.062500,0.315789,-1.250000,4,1.472182,-0.825867,0.498081,19,252.000,-41301.08,1,0
flat_2r,symbol|pool,NVDA|equity,39,-0.130328,-1.109216,0.333333,-1.250000,10,1.507740,-0.603534,0.342878,34,289.059,-37672.43,0,0
flat_2r,symbol|pool,ORCL|equity,59,-0.058987,-1.202176,0.355932,-1.250000,9,1.534532,-0.450554,0.332580,46,323.217,-19065.52,0,0
flat_2r,symbol|pool,PLTR|equity,61,0.050206,-1.141509,0.393443,-1.250000,9,1.571177,-0.344084,0.444497,57,269.684,13539.81,0,0
flat_2r,symbol|pool,QQQ|index,9,-0.004070,-1.069150,0.333333,-1.250000,4,1.458390,-0.956886,0.948745,9,252.000,-1025.75,1,0
flat_2r,symbol|pool,SOFI|other,4,-0.384089,-1.143178,0.250000,-1.250000,2,1.378145,-1.734671,0.966493,4,252.000,-96790.48,1,0
flat_2r,symbol|pool,TSLA|equity,71,0.003574,-1.213483,0.380282,-1.250000,6,1.564549,-0.360355,0.367502,61,293.311,1048.19,0,0
flat_2r,symbol|pool,TSM|other,42,-0.250101,-1.250000,0.285714,-1.250000,11,1.439152,-0.685350,0.185149,39,271.385,-67873.46,0,0
flat_2r,symbol|pool,UBER|other,26,0.287347,-1.030955,0.461538,-1.250000,4,1.587145,-0.322732,0.897426,26,252.000,72411.36,0,0
flat_2r,symbol|month,AAPL|2025-08,1,2.000000,2.000000,1.000000,2.000000,0,0.000000,2.000000,2.000000,1,252.000,504000.00,1,0
flat_2r,symbol|month,AAPL|2025-09,1,2.000000,2.000000,1.000000,2.000000,0,0.000000,2.000000,2.000000,1,252.000,504000.00,1,0
flat_2r,symbol|month,AAPL|2026-01,3,-0.166667,-1.250000,0.333333,-1.250000,2,1.532065,-1.900361,1.567028,3,252.000,-42000.00,1,0
flat_2r,symbol|month,AAPL|2026-02,1,2.000000,2.000000,1.000000,2.000000,0,0.000000,2.000000,2.000000,1,252.000,504000.00,1,0
flat_2r,symbol|month,AAPL|2026-03,1,-1.250000,-1.250000,0.000000,-1.250000,1,0.000000,-1.250000,-1.250000,1,252.000,-315000.00,1,0
flat_2r,symbol|month,AAPL|2026-05,2,-1.150735,-1.150735,0.000000,-1.250000,2,0.099265,-1.288309,-1.013161,2,252.000,-289985.29,1,0
flat_2r,symbol|month,AAPL|2026-06,5,0.096610,-1.016949,0.400000,-1.250000,3,1.556439,-1.267669,1.460889,4,315.000,30432.20,1,0
flat_2r,symbol|month,AAPL|2026-07,4,1.187500,2.000000,0.750000,-1.250000,1,1.407291,-0.191645,2.566645,4,252.000,299250.00,1,0
flat_2r,symbol|month,AAPL|2026-08,1,0.660772,0.660772,1.000000,0.660772,0,0.000000,0.660772,0.660772,1,252.000,166514.47,1,0
flat_2r,symbol|month,AMD|2025-09,1,-1.250000,-1.250000,0.000000,-1.250000,1,0.000000,-1.250000,-1.250000,1,252.000,-315000.00,1,0
flat_2r,symbol|month,AMD|2025-10,5,1.350000,2.000000,0.800000,-1.250000,1,1.300000,0.210500,2.489500,5,252.000,340200.00,1,0
flat_2r,symbol|month,AMD|2025-11,10,-0.576055,-1.250000,0.200000,-1.250000,4,1.289973,-1.375588,0.223479,6,420.000,-241942.92,1,0
flat_2r,symbol|month,AMD|2025-12,5,0.700000,2.000000,0.600000,-1.250000,2,1.592168,-0.695597,2.095597,2,630.000,441000.00,1,0
flat_2r,symbol|month,AMD|2026-01,6,-0.161882,-1.235645,0.333333,-1.250000,3,1.528715,-1.385108,1.061345,5,302.400,-48953.04,1,0
flat_2r,symbol|month,AMD|2026-02,3,0.916667,2.000000,0.666667,-1.250000,1,1.532065,-0.817028,2.650361,3,252.000,231000.00,1,0
flat_2r,symbol|month,AMD|2026-03,5,-1.202500,-1.250000,0.000000,-1.250000,5,0.095000,-1.285771,-1.119229,4,315.000,-378787.50,1,0
flat_2r,symbol|month,AMD|2026-04,5,0.700000,2.000000,0.600000,-1.250000,1,1.592168,-0.695597,2.095597,5,252.000,176400.00,1,0
flat_2r,symbol|month,AMD|2026-05,6,0.375000,0.375000,0.500000,-1.250000,2,1.625000,-0.925271,1.675271,5,302.400,113400.00,1,0
flat_2r,symbol|month,AMD|2026-06,7,0.629275,2.000000,0.571429,-1.250000,2,1.583499,-0.543797,1.802347,6,294.000,185006.83,1,0
flat_2r,symbol|month,AMD|2026-07,8,0.399096,0.471386,0.500000,-1.250000,2,1.601991,-0.711027,1.509220,6,336.000,134096.39,1,0
flat_2r,symbol|month,AMD|2026-08,3,-0.166667,-1.250000,0.333333,-1.250000,2,1.532065,-1.900361,1.567028,2,378.000,-63000.00,1,0
flat_2r,symbol|month,AMZN|2025-08,1,-1.250000,-1.250000,0.000000,-1.250000,1,0.000000,-1.250000,-1.250000,1,252.000,-315000.00,1,0
flat_2r,symbol|month,AMZN|2025-11,3,-1.250000,-1.250000,0.000000,-1.250000,3,0.000000,-1.250000,-1.250000,3,252.000,-315000.00,1,0
flat_2r,symbol|month,AMZN|2026-01,1,2.000000,2.000000,1.000000,2.000000,0,0.000000,2.000000,2.000000,1,252.000,504000.00,1,0
flat_2r,symbol|month,AMZN|2026-02,4,1.210432,2.000000,0.750000,-1.158273,1,1.367572,-0.129789,2.550653,4,252.000,305028.78,1,0
flat_2r,symbol|month,AMZN|2026-03,3,-0.166667,-1.250000,0.333333,-1.250000,2,1.532065,-1.900361,1.567028,3,252.000,-42000.00,1,0
flat_2r,symbol|month,AMZN|2026-04,1,0.901099,0.901099,1.000000,0.901099,0,0.000000,0.901099,0.901099,1,252.000,227076.92,1,0
flat_2r,symbol|month,AMZN|2026-05,3,-1.191027,-1.184783,0.000000,-1.250000,3,0.045815,-1.242872,-1.139182,3,252.000,-300138.76,1,0
flat_2r,symbol|month,AMZN|2026-06,3,-0.163333,-1.240000,0.333333,-1.250000,2,1.529713,-1.894367,1.567700,3,252.000,-41160.00,1,0
flat_2r,symbol|month,AMZN|2026-07,1,2.000000,2.000000,1.000000,2.000000,0,0.000000,2.000000,2.000000,1,252.000,504000.00,1,0
flat_2r,symbol|month,AVGO|2025-08,1,-1.002155,-1.002155,0.000000,-1.002155,1,0.000000,-1.002155,-1.002155,1,252.000,-252543.10,1,0
flat_2r,symbol|month,AVGO|2025-09,1,2.000000,2.000000,1.000000,2.000000,0,0.000000,2.000000,2.000000,1,252.000,504000.00,1,0
flat_2r,symbol|month,AVGO|2025-10,1,-1.250000,-1.250000,0.000000,-1.250000,1,0.000000,-1.250000,-1.250000,1,252.000,-315000.00,1,0
flat_2r,symbol|month,AVGO|2025-11,2,2.000000,2.000000,1.000000,2.000000,0,0.000000,2.000000,2.000000,2,252.000,504000.00,1,0
flat_2r,symbol|month,AVGO|2025-12,4,-0.437500,-1.250000,0.250000,-1.250000,3,1.407291,-1.816645,0.941645,4,252.000,-110250.00,1,0
flat_2r,symbol|month,AVGO|2026-01,5,1.350000,2.000000,0.800000,-1.250000,1,1.300000,0.210500,2.489500,5,252.000,340200.00,1,0
flat_2r,symbol|month,AVGO|2026-02,7,0.164853,-1.096026,0.428571,-1.250000,2,1.590082,-1.013096,1.342803,6,294.000,48466.92,1,0
flat_2r,symbol|month,AVGO|2026-03,5,0.072000,-1.140000,0.400000,-1.250000,2,1.574718,-1.308301,1.452301,5,252.000,18144.00,1,0
flat_2r,symbol|month,AVGO|2026-04,5,-0.173944,-1.250000,0.400000,-1.250000,2,1.364633,-1.370097,1.022210,4,315.000,-54792.25,1,0
flat_2r,symbol|month,AVGO|2026-05,8,0.479963,0.500000,0.500000,-1.085366,2,1.520303,-0.573553,1.533479,7,288.000,138229.36,1,0
flat_2r,symbol|month,AVGO|2026-06,2,-1.209270,-1.209270,0.000000,-1.250000,2,0.040730,-1.265719,-1.152820,2,252.000,-304735.96,1,0
flat_2r,symbol|month,AVGO|2026-07,2,2.000000,2.000000,1.000000,2.000000,0,0.000000,2.000000,2.000000,2,252.000,504000.00,1,0
flat_2r,symbol|month,AVGO|2026-08,3,-0.166667,-1.250000,0.333333,-1.250000,1,1.532065,-1.900361,1.567028,3,252.000,-42000.00,1,0
flat_2r,symbol|month,BABA|2025-11,1,2.000000,2.000000,1.000000,2.000000,0,0.000000,2.000000,2.000000,1,252.000,504000.00,1,0
flat_2r,symbol|month,BABA|2025-12,1,-1.250000,-1.250000,0.000000,-1.250000,1,0.000000,-1.250000,-1.250000,1,252.000,-315000.00,1,0
flat_2r,symbol|month,BABA|2026-01,1,2.000000,2.000000,1.000000,2.000000,0,0.000000,2.000000,2.000000,1,252.000,504000.00,1,0
flat_2r,symbol|month,BABA|2026-02,1,-1.250000,-1.250000,0.000000,-1.250000,1,0.000000,-1.250000,-1.250000,1,252.000,-315000.00,1,0
flat_2r,symbol|month,BABA|2026-04,1,-1.250000,-1.250000,0.000000,-1.250000,1,0.000000,-1.250000,-1.250000,1,252.000,-315000.00,1,0
flat_2r,symbol|month,BABA|2026-05,1,-1.250000,-1.250000,0.000000,-1.250000,1,0.000000,-1.250000,-1.250000,1,252.000,-315000.00,1,0
flat_2r,symbol|month,BABA|2026-06,1,-1.250000,-1.250000,0.000000,-1.250000,1,0.000000,-1.250000,-1.250000,1,252.000,-315000.00,1,0
flat_2r,symbol|month,BABA|2026-07,2,0.375000,0.375000,0.500000,-1.250000,1,1.625000,-1.877135,2.627135,2,252.000,94500.00,1,0
flat_2r,symbol|month,COIN|2025-08,4,0.437500,0.500000,0.500000,-1.250000,1,1.564998,-1.096198,1.971198,3,336.000,147000.00,1,0
flat_2r,symbol|month,COIN|2025-09,5,-0.578960,-1.226891,0.200000,-1.250000,3,1.289830,-1.709546,0.551625,3,420.000,-243163.30,1,0
flat_2r,symbol|month,COIN|2025-10,6,0.410011,0.480032,0.500000,-1.250000,3,1.591530,-0.863479,1.683500,6,252.000,103322.71,1,0
flat_2r,symbol|month,COIN|2025-11,4,1.187500,2.000000,0.750000,-1.250000,1,1.407291,-0.191645,2.566645,4,252.000,299250.00,1,0
flat_2r,symbol|month,COIN|2025-12,10,0.375000,0.375000,0.500000,-1.250000,4,1.625000,-0.632185,1.382185,9,280.000,105000.00,1,0
flat_2r,symbol|month,COIN|2026-01,2,-1.179545,-1.179545,0.000000,-1.250000,2,0.070455,-1.277190,-1.081900,2,252.000,-297245.45,1,0
flat_2r,symbol|month,COIN|2026-02,8,-0.437500,-1.250000,0.250000,-1.250000,5,1.407291,-1.412703,0.537703,7,288.000,-126000.00,1,0
flat_2r,symbol|month,COIN|2026-03,7,-0.297787,-1.250000,0.285714,-1.250000,5,1.454324,-1.375165,0.779592,6,294.000,-87549.30,1,0
flat_2r,symbol|month,COIN|2026-04,9,-0.824291,-1.208355,0.111111,-1.250000,4,1.001687,-1.478726,-0.169856,7,324.000,-267070.30,1,0
flat_2r,symbol|month,COIN|2026-05,6,-0.708333,-1.250000,0.166667,-1.250000,4,1.211203,-1.677498,0.260831,6,252.000,-178500.00,1,0
flat_2r,symbol|month,COIN|2026-06,7,0.177143,-1.010000,0.428571,-1.250000,2,1.580594,-0.993778,1.348063,6,294.000,52080.00,1,0
flat_2r,symbol|month,COIN|2026-07,7,0.142857,-1.250000,0.428571,-1.250000,3,1.608333,-1.048613,1.334327,7,252.000,36000.00,1,0
flat_2r,symbol|month,COIN|2026-08,1,2.000000,2.000000,1.000000,2.000000,0,0.000000,2.000000,2.000000,1,252.000,504000.00,1,0
flat_2r,symbol|month,CRM|2025-08,2,0.375000,0.375000,0.500000,-1.250000,1,1.625000,-1.877135,2.627135,2,252.000,94500.00,1,0
flat_2r,symbol|month,CRM|2025-09,2,-1.250000,-1.250000,0.000000,-1.250000,2,0.000000,-1.250000,-1.250000,2,252.000,-315000.00,1,0
flat_2r,symbol|month,CRM|2025-10,2,-1.067933,-1.067933,0.000000,-1.100000,2,0.032067,-1.112375,-1.023491,2,252.000,-269119.23,1,0
flat_2r,symbol|month,CRM|2025-11,1,-1.071144,-1.071144,0.000000,-1.071144,1,0.000000,-1.071144,-1.071144,1,252.000,-269928.29,1,0
flat_2r,symbol|month,CRM|2025-12,2,0.375000,0.375000,0.500000,-1.250000,1,1.625000,-1.877135,2.627135,2,252.000,94500.00,1,0
flat_2r,symbol|month,CRM|2026-01,3,0.000000,-1.000000,0.333333,-1.000000,2,1.414214,-1.600333,1.600333,2,378.000,0.00,1,0
flat_2r,symbol|month,CRM|2026-02,4,0.400615,0.426230,0.500000,-1.250000,2,1.599795,-1.167185,1.968414,3,336.000,134606.56,1,0
flat_2r,symbol|month,CRM|2026-03,4,-0.436538,-1.248077,0.250000,-1.250000,3,1.406737,-1.815141,0.942064,4,252.000,-110007.69,1,0
flat_2r,symbol|month,CRM|2026-04,3,2.000000,2.000000,1.000000,2.000000,0,0.000000,2.000000,2.000000,3,252.000,504000.00,1,0
flat_2r,symbol|month,CRM|2026-05,4,-0.394817,-1.164634,0.250000,-1.250000,3,1.384404,-1.751533,0.961899,4,252.000,-99493.90,1,0
flat_2r,symbol|month,CRM|2026-06,4,-1.244764,-1.250000,0.000000,-1.250000,4,0.009070,-1.253652,-1.235875,3,336.000,-418240.54,1,0
flat_2r,symbol|month,CRM|2026-07,5,0.074962,-1.125192,0.400000,-1.250000,2,1.572448,-1.303350,1.453273,4,315.000,23612.88,1,0
flat_2r,symbol|month,CRM|2026-08,1,2.000000,2.000000,1.000000,2.000000,0,0.000000,2.000000,2.000000,1,252.000,504000.00,1,0
flat_2r,symbol|month,GOOGL|2025-08,1,2.000000,2.000000,1.000000,2.000000,0,0.000000,2.000000,2.000000,1,252.000,504000.00,1,0
flat_2r,symbol|month,GOOGL|2025-09,2,2.000000,2.000000,1.000000,2.000000,0,0.000000,2.000000,2.000000,2,252.000,504000.00,1,0
flat_2r,symbol|month,GOOGL|2025-10,1,-1.231481,-1.231481,0.000000,-1.231481,1,0.000000,-1.231481,-1.231481,1,252.000,-310333.33,1,0
flat_2r,symbol|month,GOOGL|2025-12,1,2.000000,2.000000,1.000000,2.000000,0,0.000000,2.000000,2.000000,1,252.000,504000.00,1,0
flat_2r,symbol|month,GOOGL|2026-01,2,-1.248016,-1.248016,0.000000,-1.250000,2,0.001984,-1.250766,-1.245266,2,252.000,-314500.00,1,0
flat_2r,symbol|month,GOOGL|2026-02,1,-1.250000,-1.250000,0.000000,-1.250000,1,0.000000,-1.250000,-1.250000,1,252.000,-315000.00,1,0
flat_2r,symbol|month,GOOGL|2026-03,2,0.434641,0.434641,0.500000,-1.130719,1,1.565359,-1.734837,2.604118,2,252.000,109529.41,1,0
flat_2r,symbol|month,GOOGL|2026-04,1,-1.250000,-1.250000,0.000000,-1.250000,1,0.000000,-1.250000,-1.250000,1,252.000,-315000.00,1,0
flat_2r,symbol|month,GOOGL|2026-05,4,0.375000,0.375000,0.500000,-1.250000,2,1.625000,-1.217500,1.967500,4,252.000,94500.00,1,0
flat_2r,symbol|month,GOOGL|2026-06,2,0.419492,0.419492,0.500000,-1.161017,1,1.580508,-1.770981,2.609965,2,252.000,105711.86,1,0
flat_2r,symbol|month,GOOGL|2026-07,1,-1.250000,-1.250000,0.000000,-1.250000,1,0.000000,-1.250000,-1.250000,1,252.000,-315000.00,1,0
flat_2r,symbol|month,GOOGL|2026-08,2,-1.225000,-1.225000,0.000000,-1.250000,2,0.025000,-1.259648,-1.190352,2,252.000,-308700.00,1,0
flat_2r,symbol|month,HOOD|2025-08,3,-0.166667,-1.250000,0.333333,-1.250000,1,1.532065,-1.900361,1.567028,3,252.000,-42000.00,1,0
flat_2r,symbol|month,HOOD|2025-09,5,-0.573333,-1.250000,0.200000,-1.250000,2,1.287703,-1.702054,0.555388,5,252.000,-144480.00,1,0
flat_2r,symbol|month,HOOD|2025-10,5,0.050000,-1.250000,0.400000,-1.250000,2,1.592168,-1.345597,1.445597,4,315.000,15750.00,1,0
flat_2r,symbol|month,HOOD|2025-11,6,-0.708333,-1.250000,0.166667,-1.250000,5,1.211203,-1.677498,0.260831,5,302.400,-214200.00,1,0
flat_2r,symbol|month,HOOD|2025-12,1,2.000000,2.000000,1.000000,2.000000,0,0.000000,2.000000,2.000000,1,252.000,504000.00,1,0
flat_2r,symbol|month,HOOD|2026-01,4,-1.250000,-1.250000,0.000000,-1.250000,4,0.000000,-1.250000,-1.250000,4,252.000,-315000.00,1,0
flat_2r,symbol|month,HOOD|2026-02,5,0.746154,2.000000,0.600000,-1.250000,1,1.537375,-0.601414,2.093722,5,252.000,188030.77,1,0
flat_2r,symbol|month,HOOD|2026-03,4,-0.437500,-1.250000,0.250000,-1.250000,2,1.407291,-1.816645,0.941645,4,252.000,-110250.00,1,0
flat_2r,symbol|month,HOOD|2026-04,3,-0.166667,-1.250000,0.333333,-1.250000,2,1.532065,-1.900361,1.567028,3,252.000,-42000.00,1,0
flat_2r,symbol|month,HOOD|2026-05,1,2.000000,2.000000,1.000000,2.000000,0,0.000000,2.000000,2.000000,1,252.000,504000.00,1,0
flat_2r,symbol|month,HOOD|2026-06,5,1.375690,2.000000,0.800000,-1.121552,1,1.248621,0.281225,2.470154,4,315.000,433342.22,1,0
flat_2r,symbol|month,HOOD|2026-07,5,0.707265,2.000000,0.600000,-1.250000,2,1.583312,-0.680569,2.095099,5,252.000,178230.77,1,0
flat_2r,symbol|month,HOOD|2026-08,2,0.431011,0.431011,0.500000,-1.137979,1,1.568989,-1.743498,2.605519,2,252.000,108614.69,1,0
flat_2r,symbol|month,INTC|2025-09,1,2.000000,2.000000,1.000000,2.000000,0,0.000000,2.000000,2.000000,1,252.000,504000.00,1,0
flat_2r,symbol|month,INTC|2025-11,3,0.916667,2.000000,0.666667,-1.250000,1,1.532065,-0.817028,2.650361,3,252.000,231000.00,1,0
flat_2r,symbol|month,INTC|2025-12,1,2.000000,2.000000,1.000000,2.000000,0,0.000000,2.000000,2.000000,1,252.000,504000.00,1,0
flat_2r,symbol|month,INTC|2026-01,2,0.375000,0.375000,0.500000,-1.250000,1,1.625000,-1.877135,2.627135,2,252.000,94500.00,1,0
flat_2r,symbol|month,INTC|2026-02,1,-1.250000,-1.250000,0.000000,-1.250000,1,0.000000,-1.250000,-1.250000,1,252.000,-315000.00,1,0
flat_2r,symbol|month,INTC|2026-03,1,-0.437500,-0.437500,0.000000,-0.437500,1,0.000000,-0.437500,-0.437500,1,252.000,-110250.00,1,0
flat_2r,symbol|month,INTC|2026-04,2,-1.250000,-1.250000,0.000000,-1.250000,2,0.000000,-1.250000,-1.250000,2,252.000,-315000.00,1,0
flat_2r,symbol|month,INTC|2026-05,3,0.916667,2.000000,0.666667,-1.250000,1,1.532065,-0.817028,2.650361,3,252.000,231000.00,1,0
flat_2r,symbol|month,INTC|2026-06,8,-0.031250,-1.250000,0.375000,-1.250000,2,1.573399,-1.121560,1.059060,8,252.000,-7875.00,1,0
flat_2r,symbol|month,INTC|2026-07,5,0.050000,-1.250000,0.400000,-1.250000,1,1.592168,-1.345597,1.445597,5,252.000,12600.00,1,0
flat_2r,symbol|month,INTC|2026-08,1,2.000000,2.000000,1.000000,2.000000,0,0.000000,2.000000,2.000000,1,252.000,504000.00,1,0
flat_2r,symbol|month,IREN|2025-09,5,-0.558594,-1.206016,0.200000,-1.250000,4,1.280688,-1.681167,0.563978,5,252.000,-140765.80,1,0
flat_2r,symbol|month,IREN|2025-10,8,-0.816000,-1.250000,0.125000,-1.250000,4,1.066826,-1.555272,-0.076728,7,288.000,-235008.00,1,0
flat_2r,symbol|month,IREN|2025-11,6,0.922101,2.000000,0.666667,-1.250000,1,1.524408,-0.297679,2.141882,6,252.000,232369.57,1,0
flat_2r,symbol|month,IREN|2025-12,6,-0.708333,-1.250000,0.166667,-1.250000,3,1.211203,-1.677498,0.260831,5,302.400,-214200.00,1,0
flat_2r,symbol|month,IREN|2026-01,6,0.916667,2.000000,0.666667,-1.250000,2,1.532065,-0.309240,2.142574,6,252.000,231000.00,1,0
flat_2r,symbol|month,IREN|2026-02,7,0.169048,-1.066667,0.428571,-1.250000,2,1.586786,-1.006460,1.344555,6,294.000,49700.00,1,0
flat_2r,symbol|month,IREN|2026-03,8,0.781250,2.000000,0.625000,-1.250000,2,1.573399,-0.309060,1.871560,8,252.000,196875.00,1,0
flat_2r,symbol|month,IREN|2026-04,2,0.375000,0.375000,0.500000,-1.250000,1,1.625000,-1.877135,2.627135,2,252.000,94500.00,1,0
flat_2r,symbol|month,IREN|2026-05,6,0.375000,0.375000,0.500000,-1.250000,2,1.625000,-0.925271,1.675271,6,252.000,94500.00,1,0
flat_2r,symbol|month,IREN|2026-06,6,-0.673294,-1.250000,0.166667,-1.250000,5,1.197995,-1.631890,0.285302,6,252.000,-169669.98,1,0
flat_2r,symbol|month,IREN|2026-07,5,-0.600000,-1.250000,0.200000,-1.250000,4,1.300000,-1.739500,0.539500,5,252.000,-151200.00,1,0
flat_2r,symbol|month,IREN|2026-08,1,2.000000,2.000000,1.000000,2.000000,0,0.000000,2.000000,2.000000,1,252.000,504000.00,1,0
flat_2r,symbol|month,MARA|2025-10,1,-1.250000,-1.250000,0.000000,-1.250000,1,0.000000,-1.250000,-1.250000,1,252.000,-315000.00,1,0
flat_2r,symbol|month,META|2025-08,3,0.916667,2.000000,0.666667,-1.250000,1,1.532065,-0.817028,2.650361,2,378.000,346500.00,1,0
flat_2r,symbol|month,META|2025-10,5,-0.600000,-1.250000,0.200000,-1.250000,3,1.300000,-1.739500,0.539500,4,315.000,-189000.00,1,0
flat_2r,symbol|month,META|2025-11,2,0.375000,0.375000,0.500000,-1.250000,1,1.625000,-1.877135,2.627135,2,252.000,94500.00,1,0
flat_2r,symbol|month,META|2026-01,3,-0.166667,-1.250000,0.333333,-1.250000,1,1.532065,-1.900361,1.567028,3,252.000,-42000.00,1,0
flat_2r,symbol|month,META|2026-02,5,0.703634,2.000000,0.600000,-1.250000,1,1.587728,-0.688071,2.095339,5,252.000,177315.77,1,0
flat_2r,symbol|month,META|2026-03,3,-0.122182,-1.152778,0.333333,-1.213768,2,1.500816,-1.820515,1.576151,3,252.000,-30789.86,1,0
flat_2r,symbol|month,META|2026-04,2,0.375000,0.375000,0.500000,-1.250000,1,1.625000,-1.877135,2.627135,2,252.000,94500.00,1,0
flat_2r,symbol|month,META|2026-05,1,2.000000,2.000000,1.000000,2.000000,0,0.000000,2.000000,2.000000,1,252.000,504000.00,1,0
flat_2r,symbol|month,META|2026-06,4,0.412306,0.449612,0.500000,-1.250000,2,1.588570,-1.144493,1.969105,4,252.000,103901.16,1,0
flat_2r,symbol|month,META|2026-07,7,0.670635,2.000000,0.571429,-1.250000,2,1.536621,-0.467710,1.808980,6,294.000,197166.67,1,0
flat_2r,symbol|month,META|2026-08,3,-0.166667,-1.250000,0.333333,-1.250000,2,1.532065,-1.900361,1.567028,3,252.000,-42000.00,1,0
flat_2r,symbol|month,MSFT|2025-10,1,-1.250000,-1.250000,0.000000,-1.250000,1,0.000000,-1.250000,-1.250000,1,252.000,-315000.00,1,0
flat_2r,symbol|month,MSFT|2025-11,3,0.916667,2.000000,0.666667,-1.250000,1,1.532065,-0.817028,2.650361,3,252.000,231000.00,1,0
flat_2r,symbol|month,MSFT|2026-02,4,-0.437500,-1.250000,0.250000,-1.250000,3,1.407291,-1.816645,0.941645,3,336.000,-147000.00,1,0
flat_2r,symbol|month,MSFT|2026-03,2,-1.250000,-1.250000,0.000000,-1.250000,2,0.000000,-1.250000,-1.250000,2,252.000,-315000.00,1,0
flat_2r,symbol|month,MSFT|2026-04,3,1.329588,2.000000,0.666667,-0.011236,1,0.948106,0.256705,2.402471,3,252.000,335056.18,1,0
flat_2r,symbol|month,MSFT|2026-05,5,0.050000,-1.250000,0.400000,-1.250000,2,1.592168,-1.345597,1.445597,4,315.000,15750.00,1,0
flat_2r,symbol|month,MSFT|2026-06,2,-0.734375,-0.734375,0.000000,-1.250000,2,0.515625,-1.448995,-0.019755,2,252.000,-185062.50,1,0
flat_2r,symbol|month,MSFT|2026-07,8,-0.402929,-1.220588,0.250000,-1.250000,5,1.389048,-1.365491,0.559632,7,288.000,-116043.64,1,0
flat_2r,symbol|month,MSFT|2026-08,2,2.000000,2.000000,1.000000,2.000000,0,0.000000,2.000000,2.000000,2,252.000,504000.00,1,0
flat_2r,symbol|month,MU|2025-08,1,-1.250000,-1.250000,0.000000,-1.250000,1,0.000000,-1.250000,-1.250000,1,252.000,-315000.00,1,0
flat_2r,symbol|month,MU|2025-09,3,-0.112745,-1.088235,0.333333,-1.250000,1,1.495395,-1.804944,1.579454,3,252.000,-28411.76,1,0
flat_2r,symbol|month,MU|2025-10,1,-1.250000,-1.250000,0.000000,-1.250000,1,0.000000,-1.250000,-1.250000,1,252.000,-315000.00,1,0
flat_2r,symbol|month,MU|2025-11,6,0.375000,0.375000,0.500000,-1.250000,2,1.625000,-0.925271,1.675271,4,378.000,141750.00,1,0
flat_2r,symbol|month,MU|2025-12,7,-0.321429,-1.250000,0.285714,-1.250000,5,1.468200,-1.409087,0.766229,6,294.000,-94500.00,1,0
flat_2r,symbol|month,MU|2026-01,4,-0.269840,-1.002181,0.250000,-1.075000,3,1.310831,-1.554455,1.014774,4,252.000,-67999.76,1,0
flat_2r,symbol|month,MU|2026-02,6,0.916667,2.000000,0.666667,-1.250000,1,1.532065,-0.309240,2.142574,5,302.400,277200.00,1,0
flat_2r,symbol|month,MU|2026-03,12,0.392059,0.477352,0.500000,-1.250000,4,1.608846,-0.518232,1.302349,11,274.909,107780.49,1,0
flat_2r,symbol|month,MU|2026-04,10,-0.250000,-1.250000,0.300000,-1.250000,4,1.474788,-1.164083,0.664083,8,315.000,-78750.00,1,0
flat_2r,symbol|month,MU|2026-05,9,-0.159153,-1.250000,0.333333,-1.250000,3,1.526891,-1.156722,0.838415,9,252.000,-40106.65,1,0
flat_2r,symbol|month,MU|2026-06,5,0.702151,2.000000,0.600000,-1.250000,2,1.589538,-0.691140,2.095442,5,252.000,176942.01,1,0
flat_2r,symbol|month,MU|2026-07,7,-0.763695,-1.250000,0.142857,-1.250000,6,1.129526,-1.600460,0.073070,6,294.000,-224526.29,1,0
flat_2r,symbol|month,MU|2026-08,1,2.000000,2.000000,1.000000,2.000000,0,0.000000,2.000000,2.000000,1,252.000,504000.00,1,0
flat_2r,symbol|month,NFLX|2025-08,1,-1.250000,-1.250000,0.000000,-1.250000,1,0.000000,-1.250000,-1.250000,1,252.000,-315000.00,1,0
flat_2r,symbol|month,NFLX|2025-09,2,0.375000,0.375000,0.500000,-1.250000,1,1.625000,-1.877135,2.627135,2,252.000,94500.00,1,0
flat_2r,symbol|month,NFLX|2025-10,1,-1.048649,-1.048649,0.000000,-1.048649,1,0.000000,-1.048649,-1.048649,1,252.000,-264259.46,1,0
flat_2r,symbol|month,NFLX|2025-12,1,-1.250000,-1.250000,0.000000,-1.250000,1,0.000000,-1.250000,-1.250000,1,252.000,-315000.00,1,0
flat_2r,symbol|month,NFLX|2026-01,1,-1.028571,-1.028571,0.000000,-1.028571,1,0.000000,-1.028571,-1.028571,1,252.000,-259200.00,1,0
flat_2r,symbol|month,NFLX|2026-02,2,0.486842,0.486842,0.500000,-1.026316,1,1.513158,-1.610288,2.583972,2,252.000,122684.21,1,0
flat_2r,symbol|month,NFLX|2026-03,3,-0.055147,-1.062500,0.333333,-1.102941,2,1.453302,-1.699713,1.589419,3,252.000,-13897.06,1,0
flat_2r,symbol|month,NFLX|2026-04,2,-1.178449,-1.178449,0.000000,-1.250000,2,0.071551,-1.277614,-1.079285,2,252.000,-296969.19,1,0
flat_2r,symbol|month,NFLX|2026-06,4,1.187500,2.000000,0.750000,-1.250000,1,1.407291,-0.191645,2.566645,4,252.000,299250.00,1,0
flat_2r,symbol|month,NFLX|2026-07,2,-1.244048,-1.244048,0.000000,-1.250000,2,0.005952,-1.252297,-1.235798,2,252.000,-313500.00,1,0
flat_2r,symbol|month,NVDA|2025-09,4,-1.116508,-1.089492,0.000000,-1.250000,4,0.081196,-1.196081,-1.036936,3,336.000,-375146.85,1,0
flat_2r,symbol|month,NVDA|2025-10,1,2.000000,2.000000,1.000000,2.000000,0,0.000000,2.000000,2.000000,1,252.000,504000.00,1,0
flat_2r,symbol|month,NVDA|2025-11,4,1.187500,2.000000,0.750000,-1.250000,1,1.407291,-0.191645,2.566645,2,504.000,598500.00,1,0
flat_2r,symbol|month,NVDA|2025-12,3,-0.101852,-1.055556,0.333333,-1.250000,2,1.488352,-1.786081,1.582377,3,252.000,-25666.67,1,0
flat_2r,symbol|month,NVDA|2026-01,2,-1.237625,-1.237625,0.000000,-1.250000,2,0.012375,-1.254776,-1.220474,2,252.000,-311881.50,1,0
flat_2r,symbol|month,NVDA|2026-02,3,-1.205426,-1.250000,0.000000,-1.250000,3,0.063037,-1.276759,-1.134094,3,252.000,-303767.44,1,0
flat_2r,symbol|month,NVDA|2026-03,4,-0.393700,-1.162400,0.250000,-1.250000,3,1.383004,-1.749044,0.961644,4,252.000,-99212.34,1,0
flat_2r,symbol|month,NVDA|2026-05,3,0.916667,2.000000,0.666667,-1.250000,1,1.532065,-0.817028,2.650361,3,252.000,231000.00,1,0
flat_2r,symbol|month,NVDA|2026-06,3,-0.166667,-1.250000,0.333333,-1.250000,2,1.532065,-1.900361,1.567028,3,252.000,-42000.00,1,0
flat_2r,symbol|month,NVDA|2026-07,9,-0.849430,-1.250000,0.111111,-1.250000,4,1.010031,-1.509317,-0.189543,7,324.000,-275215.34,1,0
flat_2r,symbol|month,NVDA|2026-08,3,2.000000,2.000000,1.000000,2.000000,0,0.000000,2.000000,2.000000,3,252.000,504000.00,1,0
flat_2r,symbol|month,ORCL|2025-09,11,-0.315425,-1.202176,0.272727,-1.250000,4,1.420528,-1.154904,0.524053,7,396.000,-124908.44,1,0
flat_2r,symbol|month,ORCL|2025-10,3,0.916667,2.000000,0.666667,-1.250000,1,1.532065,-0.817028,2.650361,3,252.000,231000.00,1,0
flat_2r,symbol|month,ORCL|2025-11,3,0.921791,2.000000,0.666667,-1.234626,1,1.524817,-0.803702,2.647285,3,252.000,232291.43,1,0
flat_2r,symbol|month,ORCL|2025-12,7,0.271975,-0.479896,0.428571,-1.250000,2,1.515802,-0.850947,1.394897,5,352.800,95952.78,1,0
flat_2r,symbol|month,ORCL|2026-01,3,-0.109072,-1.077216,0.333333,-1.250000,2,1.493006,-1.798568,1.580424,3,252.000,-27486.12,1,0
flat_2r,symbol|month,ORCL|2026-02,3,-1.203704,-1.250000,0.000000,-1.250000,3,0.065473,-1.277793,-1.129614,2,378.000,-455000.00,1,0
flat_2r,symbol|month,ORCL|2026-03,5,-1.229412,-1.250000,0.000000,-1.250000,5,0.041176,-1.265505,-1.193319,4,315.000,-387264.71,1,0
flat_2r,symbol|month,ORCL|2026-04,5,0.731130,2.000000,0.600000,-1.250000,1,1.554821,-0.631730,2.093991,5,252.000,184244.83,1,0
flat_2r,symbol|month,ORCL|2026-05,11,0.227273,-1.250000,0.454545,-1.250000,2,1.618271,-0.729064,1.183610,8,346.500,78750.00,1,0
flat_2r,symbol|month,ORCL|2026-06,5,-1.250000,-1.250000,0.000000,-1.250000,5,0.000000,-1.250000,-1.250000,4,315.000,-393750.00,1,0
flat_2r,symbol|month,ORCL|2026-07,1,2.000000,2.000000,1.000000,2.000000,0,0.000000,2.000000,2.000000,1,252.000,504000.00,1,0
flat_2r,symbol|month,ORCL|2026-08,2,0.375000,0.375000,0.500000,-1.250000,1,1.625000,-1.877135,2.627135,1,504.000,189000.00,1,0
flat_2r,symbol|month,PLTR|2025-08,1,2.000000,2.000000,1.000000,2.000000,0,0.000000,2.000000,2.000000,1,252.000,504000.00,1,0
flat_2r,symbol|month,PLTR|2025-10,5,0.702941,2.000000,0.600000,-1.250000,2,1.588573,-0.689504,2.095387,5,252.000,177141.18,1,0
flat_2r,symbol|month,PLTR|2025-11,6,-0.672088,-1.250000,0.166667,-1.250000,4,1.197630,-1.630392,0.286215,4,378.000,-254049.40,1,0
flat_2r,symbol|month,PLTR|2025-12,2,0.431572,0.431572,0.500000,-1.136856,1,1.568428,-1.742158,2.605302,2,252.000,108756.17,1,0
flat_2r,symbol|month,PLTR|2026-01,8,0.801190,2.000000,0.625000,-1.250000,1,1.548341,-0.271755,1.874136,8,252.000,201900.00,1,0
flat_2r,symbol|month,PLTR|2026-02,4,-0.365720,-1.106441,0.250000,-1.250000,2,1.369176,-1.707513,0.976072,4,252.000,-92161.54,1,0
flat_2r,symbol|month,PLTR|2026-03,6,-1.231918,-1.250000,0.000000,-1.250000,6,0.040432,-1.264271,-1.199566,5,302.400,-372532.08,1,0
flat_2r,symbol|month,PLTR|2026-04,5,0.050000,-1.250000,0.400000,-1.250000,2,1.592168,-1.345597,1.445597,5,252.000,12600.00,1,0
flat_2r,symbol|month,PLTR|2026-05,7,-0.310924,-1.250000,0.285714,-1.250000,2,1.461768,-1.393817,0.771969,6,294.000,-91411.76,1,0
flat_2r,symbol|month,PLTR|2026-06,7,0.173370,-1.112500,0.428571,-1.250000,2,1.582508,-0.998969,1.345708,7,252.000,43689.13,1,0
flat_2r,symbol|month,PLTR|2026-07,6,-0.145832,-1.187496,0.333333,-1.250000,2,1.517976,-1.360466,1.068802,6,252.000,-36749.67,1,0
flat_2r,symbol|month,PLTR|2026-08,4,1.187500,2.000000,0.750000,-1.250000,1,1.407291,-0.191645,2.566645,4,252.000,299250.00,1,0
flat_2r,symbol|month,QQQ|2025-08,1,-1.069150,-1.069150,0.000000,-1.069150,1,0.000000,-1.069150,-1.069150,1,252.000,-269425.76,1,0
flat_2r,symbol|month,QQQ|2025-10,1,-0.074627,-0.074627,0.000000,-0.074627,1,0.000000,-0.074627,-0.074627,1,252.000,-18805.97,1,0
flat_2r,symbol|month,QQQ|2025-11,1,2.000000,2.000000,1.000000,2.000000,0,0.000000,2.000000,2.000000,1,252.000,504000.00,1,0
flat_2r,symbol|month,QQQ|2025-12,1,2.000000,2.000000,1.000000,2.000000,0,0.000000,2.000000,2.000000,1,252.000,504000.00,1,0
flat_2r,symbol|month,QQQ|2026-01,1,2.000000,2.000000,1.000000,2.000000,0,0.000000,2.000000,2.000000,1,252.000,504000.00,1,0
flat_2r,symbol|month,QQQ|2026-02,1,-1.250000,-1.250000,0.000000,-1.250000,1,0.000000,-1.250000,-1.250000,1,252.000,-315000.00,1,0
flat_2r,symbol|month,QQQ|2026-06,3,-1.214286,-1.250000,0.000000,-1.250000,3,0.050508,-1.271440,-1.157131,3,252.000,-306000.00,1,0
flat_2r,symbol|month,SOFI|2025-10,1,-1.250000,-1.250000,0.000000,-1.250000,1,0.000000,-1.250000,-1.250000,1,252.000,-315000.00,1,0
flat_2r,symbol|month,SOFI|2026-02,1,2.000000,2.000000,1.000000,2.000000,0,0.000000,2.000000,2.000000,1,252.000,504000.00,1,0
flat_2r,symbol|month,SOFI|2026-05,1,-1.217391,-1.217391,0.000000,-1.217391,1,0.000000,-1.217391,-1.217391,1,252.000,-306782.61,1,0
flat_2r,symbol|month,SOFI|2026-07,1,-1.068966,-1.068966,0.000000,-1.068966,1,0.000000,-1.068966,-1.068966,1,252.000,-269379.31,1,0
flat_2r,symbol|month,TSLA|2025-08,2,-1.238545,-1.238545,0.000000,-1.250000,2,0.011455,-1.254421,-1.222669,1,504.000,-624226.65,1,0
flat_2r,symbol|month,TSLA|2025-09,3,-1.250000,-1.250000,0.000000,-1.250000,3,0.000000,-1.250000,-1.250000,3,252.000,-315000.00,1,0
flat_2r,symbol|month,TSLA|2025-10,8,-0.432935,-1.250000,0.250000,-1.250000,6,1.404705,-1.406347,0.540476,6,336.000,-145466.29,1,0
flat_2r,symbol|month,TSLA|2025-11,10,1.025000,2.000000,0.700000,-1.250000,1,1.489337,0.101899,1.948101,8,315.000,322875.00,1,0
flat_2r,symbol|month,TSLA|2025-12,11,0.830942,2.000000,0.636364,-1.250000,2,1.546787,-0.083151,1.745035,9,308.000,255930.20,1,0
flat_2r,symbol|month,TSLA|2026-01,3,-1.208538,-1.200615,0.000000,-1.250000,3,0.031127,-1.243762,-1.173315,3,252.000,-304551.64,1,0
flat_2r,symbol|month,TSLA|2026-02,5,-0.570455,-1.250000,0.200000,-1.250000,3,1.286500,-1.698122,0.557213,5,252.000,-143754.55,1,0
flat_2r,symbol|month,TSLA|2026-03,4,-0.437500,-1.250000,0.250000,-1.250000,2,1.407291,-1.816645,0.941645,4,252.000,-110250.00,1,0
flat_2r,symbol|month,TSLA|2026-04,5,0.050000,-1.250000,0.400000,-1.250000,2,1.592168,-1.345597,1.445597,5,252.000,12600.00,1,0
flat_2r,symbol|month,TSLA|2026-05,6,-0.166667,-1.250000,0.333333,-1.250000,3,1.532065,-1.392574,1.059240,4,378.000,-63000.00,1,0
flat_2r,symbol|month,TSLA|2026-06,4,0.422354,0.452862,0.500000,-1.216306,2,1.578235,-1.124316,1.969025,4,252.000,106433.31,1,0
flat_2r,symbol|month,TSLA|2026-07,7,-0.731873,-1.217175,0.142857,-1.250000,6,1.117761,-1.559922,0.096176,7,252.000,-184431.98,1,0
flat_2r,symbol|month,TSLA|2026-08,3,0.988506,2.000000,0.666667,-1.034483,1,1.430469,-0.630222,2.607234,2,378.000,373655.17,1,0
flat_2r,symbol|month,TSM|2025-09,3,-1.250000,-1.250000,0.000000,-1.250000,3,0.000000,-1.250000,-1.250000,3,252.000,-315000.00,1,0
flat_2r,symbol|month,TSM|2025-10,3,-0.127193,-1.131579,0.333333,-1.250000,2,1.504929,-1.830181,1.575795,3,252.000,-32052.63,1,0
flat_2r,symbol|month,TSM|2025-11,6,-0.708333,-1.250000,0.166667,-1.250000,5,1.211203,-1.677498,0.260831,5,302.400,-214200.00,1,0
flat_2r,symbol|month,TSM|2025-12,2,-1.250000,-1.250000,0.000000,-1.250000,2,0.000000,-1.250000,-1.250000,2,252.000,-315000.00,1,0
flat_2r,symbol|month,TSM|2026-01,1,-1.250000,-1.250000,0.000000,-1.250000,1,0.000000,-1.250000,-1.250000,1,252.000,-315000.00,1,0
flat_2r,symbol|month,TSM|2026-02,4,-0.381667,-1.138333,0.250000,-1.250000,3,1.378075,-1.732181,0.968847,3,336.000,-128240.00,1,0
flat_2r,symbol|month,TSM|2026-03,5,0.097425,-1.012876,0.400000,-1.250000,3,1.555857,-1.266344,1.461194,4,315.000,30688.84,1,0
flat_2r,symbol|month,TSM|2026-04,3,2.000000,2.000000,1.000000,2.000000,0,0.000000,2.000000,2.000000,3,252.000,504000.00,1,0
flat_2r,symbol|month,TSM|2026-05,5,0.293115,-0.202086,0.400000,-1.250000,3,1.438417,-0.967713,1.553943,5,252.000,73864.92,1,0
flat_2r,symbol|month,TSM|2026-06,3,-1.223958,-1.250000,0.000000,-1.250000,3,0.036828,-1.265634,-1.182283,3,252.000,-308437.50,1,0
flat_2r,symbol|month,TSM|2026-07,6,0.020533,-0.688402,0.333333,-1.250000,4,1.438591,-1.130580,1.171645,6,252.000,5174.24,1,0
flat_2r,symbol|month,TSM|2026-08,1,-1.250000,-1.250000,0.000000,-1.250000,1,0.000000,-1.250000,-1.250000,1,252.000,-315000.00,1,0
flat_2r,symbol|month,UBER|2025-09,1,2.000000,2.000000,1.000000,2.000000,0,0.000000,2.000000,2.000000,1,252.000,504000.00,1,0
flat_2r,symbol|month,UBER|2025-10,5,-0.560526,-1.250000,0.200000,-1.250000,3,1.282543,-1.684725,0.563672,5,252.000,-141252.63,1,0
flat_2r,symbol|month,UBER|2025-11,1,2.000000,2.000000,1.000000,2.000000,0,0.000000,2.000000,2.000000,1,252.000,504000.00,1,0
flat_2r,symbol|month,UBER|2025-12,1,2.000000,2.000000,1.000000,2.000000,0,0.000000,2.000000,2.000000,1,252.000,504000.00,1,0
flat_2r,symbol|month,UBER|2026-01,2,0.375000,0.375000,0.500000,-1.250000,1,1.625000,-1.877135,2.627135,2,252.000,94500.00,1,0
flat_2r,symbol|month,UBER|2026-02,5,1.391111,2.000000,0.800000,-1.044444,1,1.217778,0.323682,2.458540,5,252.000,350560.00,1,0
flat_2r,symbol|month,UBER|2026-03,5,-0.529405,-1.120000,0.200000,-1.250000,2,1.267504,-1.640422,0.581611,5,252.000,-133410.16,1,0
flat_2r,symbol|month,UBER|2026-04,2,2.000000,2.000000,1.000000,2.000000,0,0.000000,2.000000,2.000000,2,252.000,504000.00,1,0
flat_2r,symbol|month,UBER|2026-06,3,-1.250000,-1.250000,0.000000,-1.250000,3,0.000000,-1.250000,-1.250000,3,252.000,-315000.00,1,0
flat_2r,symbol|month,UBER|2026-07,1,-1.034884,-1.034884,0.000000,-1.034884,1,0.000000,-1.034884,-1.034884,1,252.000,-260790.70,1,0
flat_2r,symbol|quarter,AAPL|2025-Q3,2,2.000000,2.000000,1.000000,2.000000,0,0.000000,2.000000,2.000000,2,252.000,504000.00,1,0
flat_2r,symbol|quarter,AAPL|2026-Q1,5,0.050000,-1.250000,0.400000,-1.250000,2,1.592168,-1.345597,1.445597,5,252.000,12600.00,1,0
flat_2r,symbol|quarter,AAPL|2026-Q2,7,-0.259774,-1.051471,0.285714,-1.250000,3,1.432026,-1.320634,0.801086,6,294.000,-76373.63,1,0
flat_2r,symbol|quarter,AAPL|2026-Q3,5,1.082154,2.000000,0.800000,-1.250000,1,1.276231,-0.036512,2.200820,5,252.000,272702.89,1,0
flat_2r,symbol|quarter,AMD|2025-Q3,1,-1.250000,-1.250000,0.000000,-1.250000,1,0.000000,-1.250000,-1.250000,1,252.000,-315000.00,1,0
flat_2r,symbol|quarter,AMD|2025-Q4,20,0.224473,-1.130273,0.450000,-1.250000,4,1.606836,-0.479754,0.928700,13,387.692,87026.34,0,0
flat_2r,symbol|quarter,AMD|2026-Q1,14,-0.302414,-1.250000,0.285714,-1.250000,6,1.457404,-1.065848,0.461021,12,294.000,-88909.60,1,0
flat_2r,symbol|quarter,AMD|2026-Q2,18,0.564162,2.000000,0.555556,-1.250000,2,1.605679,-0.177623,1.305948,16,283.500,159940.06,1,0
flat_2r,symbol|quarter,AMD|2026-Q3,11,0.244797,-1.057229,0.454545,-1.250000,2,1.603152,-0.702605,1.192199,8,346.500,84822.29,1,0
flat_2r,symbol|quarter,AMZN|2025-Q3,1,-1.250000,-1.250000,0.000000,-1.250000,1,0.000000,-1.250000,-1.250000,1,252.000,-315000.00,1,0
flat_2r,symbol|quarter,AMZN|2025-Q4,3,-1.250000,-1.250000,0.000000,-1.250000,3,0.000000,-1.250000,-1.250000,3,252.000,-315000.00,1,0
flat_2r,symbol|quarter,AMZN|2026-Q1,8,0.792716,2.000000,0.625000,-1.250000,2,1.558822,-0.287493,1.872924,8,252.000,199764.39,1,0
flat_2r,symbol|quarter,AMZN|2026-Q2,7,-0.451712,-1.184783,0.285714,-1.250000,3,1.238992,-1.369570,0.466146,7,252.000,-113831.34,1,0
flat_2r,symbol|quarter,AMZN|2026-Q3,1,2.000000,2.000000,1.000000,2.000000,0,0.000000,2.000000,2.000000,1,252.000,504000.00,1,0
flat_2r,symbol|quarter,AVGO|2025-Q3,2,0.498922,0.498922,0.500000,-1.002155,1,1.501078,-1.581465,2.579310,2,252.000,125728.45,1,0
flat_2r,symbol|quarter,AVGO|2025-Q4,7,0.142857,-1.250000,0.428571,-1.250000,3,1.608333,-1.048613,1.334327,7,252.000,36000.00,1,0
flat_2r,symbol|quarter,AVGO|2026-Q1,17,0.486116,2.000000,0.529412,-1.250000,2,1.606213,-0.277429,1.249661,16,267.750,130157.60,1,0
flat_2r,symbol|quarter,AVGO|2026-Q2,15,0.036763,-1.000000,0.400000,-1.250000,3,1.476564,-0.710481,0.784007,13,290.769,10689.59,1,0
flat_2r,symbol|quarter,AVGO|2026-Q3,5,0.700000,2.000000,0.600000,-1.250000,1,1.592168,-0.695597,2.095597,5,252.000,176400.00,1,0
flat_2r,symbol|quarter,BABA|2025-Q4,2,0.375000,0.375000,0.500000,-1.250000,1,1.625000,-1.877135,2.627135,2,252.000,94500.00,1,0
flat_2r,symbol|quarter,BABA|2026-Q1,2,0.375000,0.375000,0.500000,-1.250000,1,1.625000,-1.877135,2.627135,2,252.000,94500.00,1,0
flat_2r,symbol|quarter,BABA|2026-Q2,3,-1.250000,-1.250000,0.000000,-1.250000,3,0.000000,-1.250000,-1.250000,3,252.000,-315000.00,1,0
flat_2r,symbol|quarter,BABA|2026-Q3,2,0.375000,0.375000,0.500000,-1.250000,1,1.625000,-1.877135,2.627135,2,252.000,94500.00,1,0
flat_2r,symbol|quarter,COIN|2025-Q3,9,-0.127200,-1.167910,0.333333,-1.250000,3,1.505957,-1.111092,0.856692,6,378.000,-48081.65,1,0
flat_2r,symbol|quarter,COIN|2025-Q4,20,0.548003,2.000000,0.550000,-1.250000,4,1.605854,-0.155793,1.251800,19,265.263,145365.07,0,0
flat_2r,symbol|quarter,COIN|2026-Q1,17,-0.467270,-1.250000,0.235294,-1.250000,7,1.369455,-1.118268,0.183727,15,285.600,-133452.45,1,0
flat_2r,symbol|quarter,COIN|2026-Q2,22,-0.474028,-1.250000,0.227273,-1.250000,8,1.343708,-1.035528,0.087472,19,291.789,-138316.43,0,0
flat_2r,symbol|quarter,COIN|2026-Q3,8,0.375000,0.375000,0.500000,-1.250000,3,1.625000,-0.751068,1.501068,8,252.000,94500.00,1,0
flat_2r,symbol|quarter,CRM|2025-Q3,4,-0.437500,-1.250000,0.250000,-1.250000,2,1.407291,-1.816645,0.941645,4,252.000,-110250.00,1,0
flat_2r,symbol|quarter,CRM|2025-Q4,5,-0.491402,-1.071144,0.200000,-1.250000,3,1.247837,-1.585180,0.602375,5,252.000,-123833.35,1,0
flat_2r,symbol|quarter,CRM|2026-Q1,11,-0.013063,-1.000000,0.363636,-1.250000,5,1.524210,-0.913814,0.887687,9,308.000,-4023.46,1,0
flat_2r,symbol|quarter,CRM|2026-Q2,11,-0.050757,-1.229054,0.363636,-1.250000,4,1.550940,-0.967303,0.865790,10,277.200,-14069.72,1,0
flat_2r,symbol|quarter,CRM|2026-Q3,6,0.395801,0.437404,0.500000,-1.250000,2,1.604738,-0.888257,1.679859,5,302.400,119690.31,1,0
flat_2r,symbol|quarter,GOOGL|2025-Q3,3,2.000000,2.000000,1.000000,2.000000,0,0.000000,2.000000,2.000000,3,252.000,504000.00,1,0
flat_2r,symbol|quarter,GOOGL|2025-Q4,2,0.384259,0.384259,0.500000,-1.231481,1,1.615741,-1.855043,2.623562,2,252.000,96833.33,1,0
flat_2r,symbol|quarter,GOOGL|2026-Q1,5,-0.575350,-1.246032,0.200000,-1.250000,4,1.288486,-1.704758,0.554058,5,252.000,-144988.24,1,0
flat_2r,symbol|quarter,GOOGL|2026-Q2,7,0.155569,-1.161017,0.428571,-1.250000,2,1.597590,-1.027942,1.339080,7,252.000,39203.39,1,0
flat_2r,symbol|quarter,GOOGL|2026-Q3,3,-1.233333,-1.250000,0.000000,-1.250000,3,0.023570,-1.260006,-1.206661,3,252.000,-310800.00,1,0
flat_2r,symbol|quarter,HOOD|2025-Q3,8,-0.420833,-1.250000,0.250000,-1.250000,3,1.398331,-1.389827,0.548161,8,252.000,-106050.00,1,0
flat_2r,symbol|quarter,HOOD|2025-Q4,12,-0.166667,-1.250000,0.333333,-1.250000,5,1.532065,-1.033514,0.700181,10,302.400,-50400.00,1,0
flat_2r,symbol|quarter,HOOD|2026-Q1,13,-0.232249,-1.250000,0.307692,-1.250000,4,1.489389,-1.041889,0.577392,13,252.000,-58526.63,1,0
flat_2r,symbol|quarter,HOOD|2026-Q2,9,0.930939,2.000000,0.666667,-1.250000,2,1.512285,-0.057088,1.918965,8,283.500,263921.11,1,0
flat_2r,symbol|quarter,HOOD|2026-Q3,7,0.628335,2.000000,0.571429,-1.250000,2,1.584157,-0.545225,1.801895,7,252.000,158340.46,1,0
flat_2r,symbol|quarter,INTC|2025-Q3,1,2.000000,2.000000,1.000000,2.000000,0,0.000000,2.000000,2.000000,1,252.000,504000.00,1,0
flat_2r,symbol|quarter,INTC|2025-Q4,4,1.187500,2.000000,0.750000,-1.250000,1,1.407291,-0.191645,2.566645,4,252.000,299250.00,1,0
flat_2r,symbol|quarter,INTC|2026-Q1,4,-0.234375,-0.843750,0.250000,-1.250000,2,1.331980,-1.539715,1.070965,4,252.000,-59062.50,1,0
flat_2r,symbol|quarter,INTC|2026-Q2,13,0.000000,-1.250000,0.384615,-1.250000,2,1.581139,-0.859517,0.859517,13,252.000,0.00,1,0
flat_2r,symbol|quarter,INTC|2026-Q3,6,0.375000,0.375000,0.500000,-1.250000,1,1.625000,-0.925271,1.675271,6,252.000,94500.00,1,0
flat_2r,symbol|quarter,IREN|2025-Q3,5,-0.558594,-1.206016,0.200000,-1.250000,4,1.280688,-1.681167,0.563978,5,252.000,-140765.80,1,0
flat_2r,symbol|quarter,IREN|2025-Q4,20,-0.262270,-1.250000,0.300000,-1.250000,4,1.481775,-0.911686,0.387147,18,280.000,-73435.48,0,0
flat_2r,symbol|quarter,IREN|2026-Q1,21,0.615873,2.000000,0.571429,-1.250000,3,1.598697,-0.067901,1.299647,20,264.600,162960.00,0,0
flat_2r,symbol|quarter,IREN|2026-Q2,14,-0.074269,-1.250000,0.357143,-1.250000,5,1.546976,-0.884624,0.736087,14,252.000,-18715.71,1,0
flat_2r,symbol|quarter,IREN|2026-Q3,6,-0.166667,-1.250000,0.333333,-1.250000,4,1.532065,-1.392574,1.059240,6,252.000,-42000.00,1,0
flat_2r,symbol|quarter,MARA|2025-Q4,1,-1.250000,-1.250000,0.000000,-1.250000,1,0.000000,-1.250000,-1.250000,1,252.000,-315000.00,1,0
flat_2r,symbol|quarter,META|2025-Q3,3,0.916667,2.000000,0.666667,-1.250000,1,1.532065,-0.817028,2.650361,2,378.000,346500.00,1,0
flat_2r,symbol|quarter,META|2025-Q4,7,-0.321429,-1.250000,0.285714,-1.250000,3,1.468200,-1.409087,0.766229,6,294.000,-94500.00,1,0
flat_2r,symbol|quarter,META|2026-Q1,11,0.241057,-1.152778,0.454545,-1.250000,2,1.605894,-0.707966,1.190079,11,252.000,60746.30,1,0
flat_2r,symbol|quarter,META|2026-Q2,7,0.628461,2.000000,0.571429,-1.250000,2,1.584387,-0.545269,1.802191,7,252.000,158372.09,1,0
flat_2r,symbol|quarter,META|2026-Q3,10,0.419444,0.500000,0.500000,-1.250000,2,1.582478,-0.561385,1.400274,9,280.000,117444.44,1,0
flat_2r,symbol|quarter,MSFT|2025-Q4,4,0.375000,0.375000,0.500000,-1.250000,2,1.625000,-1.217500,1.967500,4,252.000,94500.00,1,0
flat_2r,symbol|quarter,MSFT|2026-Q1,6,-0.708333,-1.250000,0.166667,-1.250000,3,1.211203,-1.677498,0.260831,5,302.400,-214200.00,1,0
flat_2r,symbol|quarter,MSFT|2026-Q2,10,0.277001,-0.114993,0.400000,-1.250000,4,1.467334,-0.632461,1.186464,9,280.000,77560.39,1,0
flat_2r,symbol|quarter,MSFT|2026-Q3,10,0.077657,-1.111717,0.400000,-1.250000,5,1.570801,-0.895936,1.051249,9,280.000,21743.83,1,0
flat_2r,symbol|quarter,MU|2025-Q3,4,-0.397059,-1.169118,0.250000,-1.250000,2,1.385517,-1.754866,0.960748,4,252.000,-100058.82,1,0
flat_2r,symbol|quarter,MU|2025-Q4,14,-0.089286,-1.250000,0.357143,-1.250000,5,1.557262,-0.905029,0.726458,11,320.727,-28636.36,1,0
flat_2r,symbol|quarter,MU|2026-Q1,22,0.414788,0.500000,0.500000,-1.250000,5,1.587013,-0.248382,1.077959,20,277.200,114979.32,0,0
flat_2r,symbol|quarter,MU|2026-Q2,24,-0.017568,-1.244623,0.375000,-1.250000,5,1.563601,-0.643138,0.608003,22,274.909,-4829.54,0,0
flat_2r,symbol|quarter,MU|2026-Q3,8,-0.418233,-1.250000,0.250000,-1.250000,6,1.397053,-1.386342,0.549876,7,288.000,-120451.11,1,0
flat_2r,symbol|quarter,NFLX|2025-Q3,3,-0.166667,-1.250000,0.333333,-1.250000,2,1.532065,-1.900361,1.567028,3,252.000,-42000.00,1,0
flat_2r,symbol|quarter,NFLX|2025-Q4,2,-1.149324,-1.149324,0.000000,-1.250000,2,0.100676,-1.288854,-1.009795,2,252.000,-289629.73,1,0
flat_2r,symbol|quarter,NFLX|2026-Q1,6,-0.036721,-1.027444,0.333333,-1.102941,2,1.440404,-1.189284,1.115842,6,252.000,-9253.79,1,0
flat_2r,symbol|quarter,NFLX|2026-Q2,6,0.398850,0.446551,0.500000,-1.250000,2,1.601860,-0.882905,1.680605,6,252.000,100510.27,1,0
flat_2r,symbol|quarter,NFLX|2026-Q3,2,-1.244048,-1.244048,0.000000,-1.250000,2,0.005952,-1.252297,-1.235798,2,252.000,-313500.00,1,0
flat_2r,symbol|quarter,NVDA|2025-Q3,4,-1.116508,-1.089492,0.000000,-1.250000,4,0.081196,-1.196081,-1.036936,3,336.000,-375146.85,1,0
flat_2r,symbol|quarter,NVDA|2025-Q4,8,0.805556,2.000000,0.625000,-1.250000,2,1.543042,-0.263718,1.874829,6,336.000,270666.67,1,0
flat_2r,symbol|quarter,NVDA|2026-Q1,9,-0.851814,-1.225250,0.111111,-1.250000,8,1.009693,-1.511481,-0.192148,9,252.000,-214657.19,1,0
flat_2r,symbol|quarter,NVDA|2026-Q2,6,0.375000,0.375000,0.500000,-1.250000,2,1.625000,-0.925271,1.675271,6,252.000,94500.00,1,0
flat_2r,symbol|quarter,NVDA|2026-Q3,12,-0.137073,-1.162037,0.333333,-1.250000,4,1.512442,-0.992817,0.718672,10,302.400,-41450.74,1,0
flat_2r,symbol|quarter,ORCL|2025-Q3,11,-0.315425,-1.202176,0.272727,-1.250000,4,1.420528,-1.154904,0.524053,7,396.000,-124908.44,1,0
flat_2r,symbol|quarter,ORCL|2025-Q4,13,0.570708,2.000000,0.538462,-1.250000,2,1.555486,-0.274864,1.416280,11,297.818,169967.11,1,0
flat_2r,symbol|quarter,ORCL|2026-Q1,11,-0.916853,-1.250000,0.090909,-1.250000,8,0.924484,-1.463189,-0.370518,9,308.000,-282390.80,1,0
flat_2r,symbol|quarter,ORCL|2026-Q2,21,-0.004493,-1.250000,0.380952,-1.250000,6,1.572792,-0.677187,0.668202,17,311.294,-1398.58,0,0
flat_2r,symbol|quarter,ORCL|2026-Q3,3,0.916667,2.000000,0.666667,-1.250000,1,1.532065,-0.817028,2.650361,2,378.000,346500.00,1,0
flat_2r,symbol|quarter,PLTR|2025-Q3,1,2.000000,2.000000,1.000000,2.000000,0,0.000000,2.000000,2.000000,1,252.000,504000.00,1,0
flat_2r,symbol|quarter,PLTR|2025-Q4,13,0.026563,-1.136856,0.384615,-1.250000,5,1.561258,-0.822146,0.875273,11,297.818,7910.97,1,0
flat_2r,symbol|quarter,PLTR|2026-Q1,18,-0.135826,-1.177196,0.333333,-1.250000,7,1.511643,-0.834170,0.562518,17,266.824,-36241.56,1,0
flat_2r,symbol|quarter,PLTR|2026-Q2,19,-0.037520,-1.176471,0.368421,-1.250000,3,1.556575,-0.737441,0.662401,18,266.000,-9980.37,1,0
flat_2r,symbol|quarter,PLTR|2026-Q3,10,0.387501,0.437504,0.500000,-1.250000,2,1.612887,-0.612177,1.387178,10,252.000,97650.20,1,0
flat_2r,symbol|quarter,QQQ|2025-Q3,1,-1.069150,-1.069150,0.000000,-1.069150,1,0.000000,-1.069150,-1.069150,1,252.000,-269425.76,1,0
flat_2r,symbol|quarter,QQQ|2025-Q4,3,1.308458,2.000000,0.666667,-0.074627,1,0.977988,0.201760,2.415156,3,252.000,329731.34,1,0
flat_2r,symbol|quarter,QQQ|2026-Q1,2,0.375000,0.375000,0.500000,-1.250000,1,1.625000,-1.877135,2.627135,2,252.000,94500.00,1,0
flat_2r,symbol|quarter,QQQ|2026-Q2,3,-1.214286,-1.250000,0.000000,-1.250000,3,0.050508,-1.271440,-1.157131,3,252.000,-306000.00,1,0
flat_2r,symbol|quarter,SOFI|2025-Q4,1,-1.250000,-1.250000,0.000000,-1.250000,1,0.000000,-1.250000,-1.250000,1,252.000,-315000.00,1,0
flat_2r,symbol|quarter,SOFI|2026-Q1,1,2.000000,2.000000,1.000000,2.000000,0,0.000000,2.000000,2.000000,1,252.000,504000.00,1,0
flat_2r,symbol|quarter,SOFI|2026-Q2,1,-1.217391,-1.217391,0.000000,-1.217391,1,0.000000,-1.217391,-1.217391,1,252.000,-306782.61,1,0
flat_2r,symbol|quarter,SOFI|2026-Q3,1,-1.068966,-1.068966,0.000000,-1.068966,1,0.000000,-1.068966,-1.068966,1,252.000,-269379.31,1,0
flat_2r,symbol|quarter,TSLA|2025-Q3,5,-1.245418,-1.250000,0.000000,-1.250000,5,0.009164,-1.253451,-1.237385,4,315.000,-392306.66,1,0
flat_2r,symbol|quarter,TSLA|2025-Q4,29,0.549203,2.000000,0.551724,-1.250000,6,1.609654,-0.036652,1.135057,23,317.739,174503.22,0,0
flat_2r,symbol|quarter,TSLA|2026-Q1,12,-0.685657,-1.250000,0.166667,-1.250000,5,1.201842,-1.365664,-0.005651,12,252.000,-172785.64,1,0
flat_2r,symbol|quarter,TSLA|2026-Q2,15,0.062628,-1.216306,0.400000,-1.250000,5,1.582309,-0.738131,0.863386,13,290.769,18210.25,1,0
flat_2r,symbol|quarter,TSLA|2026-Q3,10,-0.215759,-1.077968,0.300000,-1.250000,6,1.452578,-1.116076,0.684558,9,280.000,-60412.61,1,0
flat_2r,symbol|quarter,TSM|2025-Q3,3,-1.250000,-1.250000,0.000000,-1.250000,3,0.000000,-1.250000,-1.250000,3,252.000,-315000.00,1,0
flat_2r,symbol|quarter,TSM|2025-Q4,11,-0.648325,-1.250000,0.181818,-1.250000,7,1.248886,-1.386370,0.089719,10,277.200,-179715.79,1,0
flat_2r,symbol|quarter,TSM|2026-Q1,10,-0.228954,-1.138333,0.300000,-1.250000,4,1.461789,-1.134980,0.677072,8,315.000,-72120.58,1,0
flat_2r,symbol|quarter,TSM|2026-Q2,11,0.344882,-0.202086,0.454545,-1.250000,3,1.536369,-0.563054,1.252818,11,252.000,86910.19,1,0
flat_2r,symbol|quarter,TSM|2026-Q3,7,-0.160972,-1.104938,0.285714,-1.250000,4,1.404122,-1.201160,0.879216,7,252.000,-40564.94,1,0
flat_2r,symbol|quarter,UBER|2025-Q3,1,2.000000,2.000000,1.000000,2.000000,0,0.000000,2.000000,2.000000,1,252.000,504000.00,1,0
flat_2r,symbol|quarter,UBER|2025-Q4,7,0.171053,-1.052632,0.428571,-1.250000,3,1.585232,-1.003304,1.345409,7,252.000,43105.26,1,0
flat_2r,symbol|quarter,UBER|2026-Q1,12,0.421544,0.486486,0.500000,-1.250000,2,1.579957,-0.472401,1.315489,12,252.000,106229.10,1,0
flat_2r,symbol|quarter,UBER|2026-Q2,5,0.050000,-1.250000,0.400000,-1.250000,3,1.592168,-1.345597,1.445597,5,252.000,12600.00,1,0
flat_2r,symbol|quarter,UBER|2026-Q3,1,-1.034884,-1.034884,0.000000,-1.034884,1,0.000000,-1.034884,-1.034884,1,252.000,-260790.70,1,0
flat_2r,symbol|setup,AAPL|break_and_retest,14,0.310168,-0.178089,0.500000,-1.250000,3,1.536276,-0.494583,1.114919,14,252.000,78162.34,1,0
flat_2r,symbol|setup,AAPL|one_candle_rule,5,0.700000,2.000000,0.600000,-1.250000,2,1.592168,-0.695597,2.095597,4,315.000,220500.00,1,0
flat_2r,symbol|setup,AMD|break_and_retest,56,0.216131,-1.076152,0.446429,-1.250000,6,1.602810,-0.203670,0.635933,44,320.727,69319.24,0,0
flat_2r,symbol|setup,AMD|one_candle_rule,8,-0.031250,-1.250000,0.375000,-1.250000,3,1.573399,-1.121560,1.059060,7,288.000,-9000.00,1,0
flat_2r,symbol|setup,AMZN|break_and_retest,18,0.148875,-1.148286,0.444444,-1.250000,4,1.552179,-0.568195,0.865945,18,252.000,37516.43,1,0
flat_2r,symbol|setup,AMZN|one_candle_rule,2,-1.250000,-1.250000,0.000000,-1.250000,2,0.000000,-1.250000,-1.250000,2,252.000,-315000.00,1,0
flat_2r,symbol|setup,AVGO|break_and_retest,40,0.457832,1.440141,0.525000,-1.250000,3,1.575949,-0.030560,0.946223,37,272.432,124728.19,0,0
flat_2r,symbol|setup,AVGO|one_candle_rule,6,-0.666667,-1.250000,0.166667,-1.250000,5,1.196058,-1.623713,0.290379,6,252.000,-168000.00,1,0
flat_2r,symbol|setup,BABA|break_and_retest,9,-0.166667,-1.250000,0.333333,-1.250000,4,1.532065,-1.167616,0.834282,9,252.000,-42000.00,1,0
flat_2r,symbol|setup,COIN|break_and_retest,71,-0.087755,-1.250000,0.352113,-1.250000,8,1.539983,-0.445969,0.270459,65,275.262,-24155.63,0,0
flat_2r,symbol|setup,COIN|one_candle_rule,5,0.134733,-1.000000,0.400000,-1.250000,2,1.525138,-1.202110,1.471575,5,252.000,33952.67,1,0
flat_2r,symbol|setup,CRM|break_and_retest,34,-0.063614,-1.089634,0.352941,-1.250000,5,1.525856,-0.576511,0.449283,31,276.387,-17582.07,0,0
flat_2r,symbol|setup,CRM|one_candle_rule,3,-0.123782,-1.125192,0.333333,-1.246154,2,1.502552,-1.824080,1.576516,3,252.000,-31193.08,1,0
flat_2r,symbol|setup,GOOGL|break_and_retest,17,0.103661,-1.161017,0.411765,-1.250000,4,1.586921,-0.650714,0.858035,17,252.000,26122.50,1,0
flat_2r,symbol|setup,GOOGL|one_candle_rule,3,-0.160494,-1.231481,0.333333,-1.250000,1,1.527719,-1.889270,1.568282,3,252.000,-40444.44,1,0
flat_2r,symbol|setup,HOOD|break_and_retest,49,0.089610,-1.213675,0.408163,-1.250000,5,1.587053,-0.354765,0.533985,46,268.435,24054.48,0,0
flat_2r,symbol|setup,INTC|break_and_retest,28,0.287946,-0.843750,0.464286,-1.250000,4,1.600723,-0.304970,0.880863,28,252.000,72562.50,0,0
flat_2r,symbol|setup,IREN|break_and_retest,66,0.043261,-1.250000,0.393939,-1.250000,9,1.578238,-0.337504,0.424025,63,264.000,11420.83,0,0
flat_2r,symbol|setup,MARA|break_and_retest,1,-1.250000,-1.250000,0.000000,-1.250000,1,0.000000,-1.250000,-1.250000,1,252.000,-315000.00,1,0
flat_2r,symbol|setup,META|break_and_retest,24,0.268370,-1.027778,0.458333,-1.250000,3,1.594114,-0.369408,0.906149,22,274.909,73777.48,0,0
flat_2r,symbol|setup,META|one_candle_rule,14,0.378886,0.393116,0.500000,-1.250000,3,1.621141,-0.470320,1.228091,13,271.385,102823.79,1,0
flat_2r,symbol|setup,MSFT|break_and_retest,16,0.127911,-0.625504,0.375000,-1.250000,6,1.492600,-0.603463,0.859285,15,268.800,34382.54,1,0
flat_2r,symbol|setup,MSFT|one_candle_rule,13,0.000000,-1.250000,0.384615,-1.250000,3,1.581139,-0.859517,0.859517,12,273.000,0.00,1,0
flat_2r,symbol|setup,MSFT|reentry_84_rule,1,-1.250000,-1.250000,0.000000,-1.250000,1,0.000000,-1.250000,-1.250000,1,252.000,-315000.00,1,0
flat_2r,symbol|setup,MU|break_and_retest,68,0.062788,-1.139122,0.397059,-1.250000,8,1.573250,-0.311149,0.436726,61,280.918,17638.42,0,0
flat_2r,symbol|setup,MU|one_candle_rule,4,-0.437500,-1.250000,0.250000,-1.250000,3,1.407291,-1.816645,0.941645,4,252.000,-110250.00,1,0
flat_2r,symbol|setup,NFLX|break_and_retest,19,-0.163893,-1.062500,0.315789,-1.250000,4,1.472182,-0.825867,0.498081,19,252.000,-41301.08,1,0
flat_2r,symbol|setup,NVDA|break_and_retest,34,-0.166298,-1.166618,0.323529,-1.250000,9,1.499447,-0.670318,0.337721,31,276.387,-45962.76,0,0
flat_2r,symbol|setup,NVDA|one_candle_rule,5,0.114272,-1.070796,0.400000,-1.250000,2,1.540852,-1.236345,1.464889,5,252.000,28796.56,1,0
flat_2r,symbol|setup,ORCL|break_and_retest,54,0.047930,-1.129085,0.388889,-1.250000,9,1.561309,-0.368505,0.464366,44,309.273,14823.56,0,0
flat_2r,symbol|setup,ORCL|one_candle_rule,5,-1.213691,-1.250000,0.000000,-1.250000,5,0.052109,-1.259367,-1.168016,5,252.000,-305850.14,1,0
flat_2r,symbol|setup,PLTR|break_and_retest,57,0.082528,-1.136856,0.403509,-1.250000,8,1.577929,-0.327116,0.492171,53,271.019,22366.60,0,0
flat_2r,symbol|setup,PLTR|one_candle_rule,4,-0.410377,-1.195755,0.250000,-1.250000,2,1.392337,-1.774867,0.954113,4,252.000,-103415.09,1,0
flat_2r,symbol|setup,QQQ|break_and_retest,4,0.401786,0.428571,0.500000,-1.250000,2,1.598663,-1.164904,1.968476,4,252.000,101250.00,1,0
flat_2r,symbol|setup,QQQ|one_candle_rule,5,-0.328755,-1.069150,0.200000,-1.250000,2,1.243644,-1.418857,0.761347,5,252.000,-82846.35,1,0
flat_2r,symbol|setup,SOFI|break_and_retest,4,-0.384089,-1.143178,0.250000,-1.250000,2,1.378145,-1.734671,0.966493,4,252.000,-96790.48,1,0
flat_2r,symbol|setup,TSLA|break_and_retest,55,0.006089,-1.216306,0.381818,-1.250000,6,1.567594,-0.408205,0.420382,50,277.200,1687.78,0,0
flat_2r,symbol|setup,TSLA|one_candle_rule,15,-0.138743,-1.175000,0.333333,-1.250000,3,1.513290,-0.904574,0.627087,15,252.000,-34963.30,1,0
flat_2r,symbol|setup,TSLA|reentry_84_rule,1,2.000000,2.000000,1.000000,2.000000,0,0.000000,2.000000,2.000000,1,252.000,504000.00,1,0
flat_2r,symbol|setup,TSM|break_and_retest,37,-0.384901,-1.250000,0.243243,-1.250000,11,1.370992,-0.826665,0.056862,36,259.000,-99689.45,0,0
flat_2r,symbol|setup,TSM|one_candle_rule,5,0.747425,2.000000,0.600000,-1.250000,1,1.535916,-0.598865,2.093715,5,252.000,188351.07,1,0
flat_2r,symbol|setup,UBER|break_and_retest,26,0.287347,-1.030955,0.461538,-1.250000,4,1.587145,-0.322732,0.897426,26,252.000,72411.36,0,0
flat_2r,symbol|grade,AAPL|B,11,0.735668,2.000000,0.636364,-1.250000,2,1.469326,-0.132648,1.603985,11,252.000,185388.43,1,0
flat_2r,symbol|grade,AAPL|C,8,-0.031250,-1.250000,0.375000,-1.250000,5,1.573399,-1.121560,1.059060,8,252.000,-7875.00,1,0
flat_2r,symbol|grade,AMD|A+,2,-1.250000,-1.250000,0.000000,-1.250000,2,0.000000,-1.250000,-1.250000,1,504.000,-630000.00,1,0
flat_2r,symbol|grade,AMD|B,36,0.384658,0.471386,0.500000,-1.250000,6,1.615810,-0.143173,0.912489,35,259.200,99703.41,0,0
flat_2r,symbol|grade,AMD|C,26,0.019449,-1.235645,0.384615,-1.250000,4,1.566974,-0.582877,0.621774,24,273.000,5309.47,0,0
flat_2r,symbol|grade,AMZN|B,14,0.083553,-1.148286,0.428571,-1.250000,4,1.525211,-0.715401,0.882508,14,252.000,21055.41,1,0
flat_2r,symbol|grade,AMZN|C,6,-0.165000,-1.245000,0.333333,-1.250000,3,1.530890,-1.389967,1.059967,6,252.000,-41580.00,1,0
flat_2r,symbol|grade,AVGO|B,25,0.612658,2.000000,0.560000,-1.250000,3,1.566842,-0.001544,1.226860,25,252.000,154389.85,0,0
flat_2r,symbol|grade,AVGO|C,21,-0.047771,-1.168539,0.380952,-1.250000,3,1.514573,-0.695564,0.600023,20,264.600,-12640.16,0,0
flat_2r,symbol|grade,BABA|B,9,-0.166667,-1.250000,0.333333,-1.250000,4,1.532065,-1.167616,0.834282,9,252.000,-42000.00,1,0
flat_2r,symbol|grade,COIN|B,54,0.031431,-1.217623,0.388889,-1.250000,9,1.571161,-0.387632,0.450495,53,256.755,8070.14,0,0
flat_2r,symbol|grade,COIN|C,22,-0.329738,-1.250000,0.272727,-1.250000,6,1.428614,-0.926718,0.267241,20,277.200,-91403.50,0,0
flat_2r,symbol|grade,CRM|A,1,2.000000,2.000000,1.000000,2.000000,0,0.000000,2.000000,2.000000,1,252.000,504000.00,1,0
flat_2r,symbol|grade,CRM|B,21,0.168158,-1.071144,0.428571,-1.250000,5,1.587644,-0.510889,0.847204,21,252.000,42375.78,0,0
flat_2r,symbol|grade,CRM|C,15,-0.537702,-1.125192,0.200000,-1.250000,6,1.271561,-1.181201,0.105796,15,252.000,-135500.99,1,0
flat_2r,symbol|grade,GOOGL|B,12,0.386814,0.434641,0.500000,-1.250000,3,1.613476,-0.526096,1.299724,12,252.000,97477.12,1,0
flat_2r,symbol|grade,GOOGL|C,8,-0.420127,-1.225000,0.250000,-1.250000,3,1.397583,-1.388603,0.548348,8,252.000,-105872.03,1,0
flat_2r,symbol|grade,HOOD|B,43,0.049788,-1.213675,0.395349,-1.250000,6,1.577587,-0.421748,0.521325,43,252.000,12546.65,0,0
flat_2r,symbol|grade,HOOD|C,6,0.375000,0.375000,0.500000,-1.250000,3,1.625000,-0.925271,1.675271,5,302.400,113400.00,1,0
flat_2r,symbol|grade,INTC|B,26,0.375000,0.375000,0.500000,-1.250000,3,1.625000,-0.249630,0.999630,26,252.000,94500.00,0,0
flat_2r,symbol|grade,INTC|C,2,-0.843750,-0.843750,0.000000,-1.250000,2,0.406250,-1.406784,-0.280716,2,252.000,-212625.00,1,0
flat_2r,symbol|grade,IREN|B,55,0.064750,-1.250000,0.400000,-1.250000,8,1.580901,-0.353061,0.482560,55,252.000,16316.88,0,0
flat_2r,symbol|grade,IREN|C,11,-0.064183,-1.250000,0.363636,-1.250000,3,1.560424,-0.986335,0.857969,11,252.000,-16174.18,1,0
flat_2r,symbol|grade,MARA|B,1,-1.250000,-1.250000,0.000000,-1.250000,1,0.000000,-1.250000,-1.250000,1,252.000,-315000.00,1,0
flat_2r,symbol|grade,META|A+,1,-1.250000,-1.250000,0.000000,-1.250000,1,0.000000,-1.250000,-1.250000,1,252.000,-315000.00,1,0
flat_2r,symbol|grade,META|B,23,0.464821,2.000000,0.521739,-1.250000,2,1.604145,-0.190774,1.120416,22,263.455,122459.30,0,0
flat_2r,symbol|grade,META|C,14,0.164600,-1.106884,0.428571,-1.250000,2,1.590683,-0.668651,0.997851,13,271.385,44669.95,1,0
flat_2r,symbol|grade,MSFT|A,2,-1.250000,-1.250000,0.000000,-1.250000,2,0.000000,-1.250000,-1.250000,1,504.000,-630000.00,1,0
flat_2r,symbol|grade,MSFT|B,19,0.066843,-1.250000,0.368421,-1.250000,4,1.514632,-0.614219,0.747904,19,252.000,16844.40,1,0
flat_2r,symbol|grade,MSFT|C,9,0.225174,-1.032258,0.444444,-1.250000,4,1.588697,-0.812775,1.263123,9,252.000,56743.83,1,0
flat_2r,symbol|grade,MU|B,47,0.489397,2.000000,0.531915,-1.250000,4,1.610766,0.028886,0.949907,47,252.000,123328.02,0,0
flat_2r,symbol|grade,MU|C,25,-0.819282,-1.250000,0.120000,-1.250000,14,1.044631,-1.228777,-0.409786,23,273.913,-224411.89,0,0
flat_2r,symbol|grade,NFLX|B,19,-0.163893,-1.062500,0.315789,-1.250000,4,1.472182,-0.825867,0.498081,19,252.000,-41301.08,1,0
flat_2r,symbol|grade,NVDA|A,1,-1.250000,-1.250000,0.000000,-1.250000,1,0.000000,-1.250000,-1.250000,1,252.000,-315000.00,1,0
flat_2r,symbol|grade,NVDA|B,24,0.000434,-1.090006,0.375000,-1.250000,7,1.550170,-0.619763,0.620631,24,252.000,109.47,0,0
flat_2r,symbol|grade,NVDA|C,14,-0.274515,-1.112061,0.285714,-1.250000,4,1.439994,-1.028830,0.479800,14,252.000,-69177.85,1,0
flat_2r,symbol|grade,ORCL|B,38,0.160677,-1.085782,0.421053,-1.250000,7,1.573793,-0.339716,0.661071,38,252.000,40490.72,0,0
flat_2r,symbol|grade,ORCL|C,21,-0.456474,-1.250000,0.238095,-1.250000,6,1.374282,-1.044264,0.131316,17,311.294,-142097.73,0,0
flat_2r,symbol|grade,PLTR|B,49,0.032183,-1.141509,0.387755,-1.250000,8,1.566927,-0.406557,0.470923,48,257.250,8279.07,0,0
flat_2r,symbol|grade,PLTR|C,12,0.123801,-1.132195,0.416667,-1.250000,3,1.586290,-0.773727,1.021329,12,252.000,31197.83,1,0
flat_2r,symbol|grade,QQQ|B,6,0.047086,-0.608742,0.333333,-1.250000,3,1.438946,-1.104310,1.198482,6,252.000,11865.67,1,0
flat_2r,symbol|grade,QQQ|C,3,-0.106383,-1.069150,0.333333,-1.250000,1,1.491267,-1.793910,1.581144,3,252.000,-26808.59,1,0
flat_2r,symbol|grade,SOFI|B,4,-0.384089,-1.143178,0.250000,-1.250000,2,1.378145,-1.734671,0.966493,4,252.000,-96790.48,1,0
flat_2r,symbol|grade,TSLA|A,3,-0.166667,-1.250000,0.333333,-1.250000,2,1.532065,-1.900361,1.567028,2,378.000,-63000.00,1,0
flat_2r,symbol|grade,TSLA|B,34,0.198110,-1.138636,0.441176,-1.250000,5,1.601420,-0.340186,0.736407,34,252.000,49923.83,0,0
flat_2r,symbol|grade,TSLA|C,34,-0.175942,-1.222132,0.323529,-1.250000,8,1.505766,-0.682086,0.330202,34,252.000,-44337.38,0,0
flat_2r,symbol|grade,TSM|B,26,0.176899,-1.099271,0.423077,-1.250000,7,1.573880,-0.428081,0.781879,25,262.080,46361.67,0,0
flat_2r,symbol|grade,TSM|C,16,-0.943975,-1.250000,0.062500,-1.250000,9,0.796093,-1.334061,-0.553889,15,268.800,-253740.45,1,0
flat_2r,symbol|grade,UBER|B,26,0.287347,-1.030955,0.461538,-1.250000,4,1.587145,-0.322732,0.897426,26,252.000,72411.36,0,0
flat_2r,symbol|alert_only,AAPL|actioned,11,0.735668,2.000000,0.636364,-1.250000,2,1.469326,-0.132648,1.603985,11,252.000,185388.43,1,0
flat_2r,symbol|alert_only,AAPL|alert_only,8,-0.031250,-1.250000,0.375000,-1.250000,5,1.573399,-1.121560,1.059060,8,252.000,-7875.00,1,0
flat_2r,symbol|alert_only,AMD|actioned,38,0.298624,-1.076152,0.473684,-1.250000,6,1.614517,-0.214718,0.811966,35,273.600,81703.41,0,0
flat_2r,symbol|alert_only,AMD|alert_only,26,0.019449,-1.235645,0.384615,-1.250000,4,1.566974,-0.582877,0.621774,24,273.000,5309.47,0,0
flat_2r,symbol|alert_only,AMZN|actioned,14,0.083553,-1.148286,0.428571,-1.250000,4,1.525211,-0.715401,0.882508,14,252.000,21055.41,1,0
flat_2r,symbol|alert_only,AMZN|alert_only,6,-0.165000,-1.245000,0.333333,-1.250000,3,1.530890,-1.389967,1.059967,6,252.000,-41580.00,1,0
flat_2r,symbol|alert_only,AVGO|actioned,25,0.612658,2.000000,0.560000,-1.250000,3,1.566842,-0.001544,1.226860,25,252.000,154389.85,0,0
flat_2r,symbol|alert_only,AVGO|alert_only,21,-0.047771,-1.168539,0.380952,-1.250000,3,1.514573,-0.695564,0.600023,20,264.600,-12640.16,0,0
flat_2r,symbol|alert_only,BABA|actioned,9,-0.166667,-1.250000,0.333333,-1.250000,4,1.532065,-1.167616,0.834282,9,252.000,-42000.00,1,0
flat_2r,symbol|alert_only,COIN|actioned,54,0.031431,-1.217623,0.388889,-1.250000,9,1.571161,-0.387632,0.450495,53,256.755,8070.14,0,0
flat_2r,symbol|alert_only,COIN|alert_only,22,-0.329738,-1.250000,0.272727,-1.250000,6,1.428614,-0.926718,0.267241,20,277.200,-91403.50,0,0
flat_2r,symbol|alert_only,CRM|actioned,22,0.251423,-1.035572,0.454545,-1.250000,5,1.597384,-0.416081,0.918928,22,252.000,63358.70,0,0
flat_2r,symbol|alert_only,CRM|alert_only,15,-0.537702,-1.125192,0.200000,-1.250000,6,1.271561,-1.181201,0.105796,15,252.000,-135500.99,1,0
flat_2r,symbol|alert_only,GOOGL|actioned,12,0.386814,0.434641,0.500000,-1.250000,3,1.613476,-0.526096,1.299724,12,252.000,97477.12,1,0
flat_2r,symbol|alert_only,GOOGL|alert_only,8,-0.420127,-1.225000,0.250000,-1.250000,3,1.397583,-1.388603,0.548348,8,252.000,-105872.03,1,0
flat_2r,symbol|alert_only,HOOD|actioned,43,0.049788,-1.213675,0.395349,-1.250000,6,1.577587,-0.421748,0.521325,43,252.000,12546.65,0,0
flat_2r,symbol|alert_only,HOOD|alert_only,6,0.375000,0.375000,0.500000,-1.250000,3,1.625000,-0.925271,1.675271,5,302.400,113400.00,1,0
flat_2r,symbol|alert_only,INTC|actioned,26,0.375000,0.375000,0.500000,-1.250000,3,1.625000,-0.249630,0.999630,26,252.000,94500.00,0,0
flat_2r,symbol|alert_only,INTC|alert_only,2,-0.843750,-0.843750,0.000000,-1.250000,2,0.406250,-1.406784,-0.280716,2,252.000,-212625.00,1,0
flat_2r,symbol|alert_only,IREN|actioned,55,0.064750,-1.250000,0.400000,-1.250000,8,1.580901,-0.353061,0.482560,55,252.000,16316.88,0,0
flat_2r,symbol|alert_only,IREN|alert_only,11,-0.064183,-1.250000,0.363636,-1.250000,3,1.560424,-0.986335,0.857969,11,252.000,-16174.18,1,0
flat_2r,symbol|alert_only,MARA|actioned,1,-1.250000,-1.250000,0.000000,-1.250000,1,0.000000,-1.250000,-1.250000,1,252.000,-315000.00,1,0
flat_2r,symbol|alert_only,META|actioned,24,0.393370,0.472222,0.500000,-1.250000,2,1.607321,-0.249692,1.036433,23,262.957,103439.33,0,0
flat_2r,symbol|alert_only,META|alert_only,14,0.164600,-1.106884,0.428571,-1.250000,2,1.590683,-0.668651,0.997851,13,271.385,44669.95,1,0
flat_2r,symbol|alert_only,MSFT|actioned,21,-0.058571,-1.250000,0.333333,-1.250000,5,1.491658,-0.696564,0.579422,20,264.600,-15497.82,0,0
flat_2r,symbol|alert_only,MSFT|alert_only,9,0.225174,-1.032258,0.444444,-1.250000,4,1.588697,-0.812775,1.263123,9,252.000,56743.83,1,0
flat_2r,symbol|alert_only,MU|actioned,47,0.489397,2.000000,0.531915,-1.250000,4,1.610766,0.028886,0.949907,47,252.000,123328.02,0,0
flat_2r,symbol|alert_only,MU|alert_only,25,-0.819282,-1.250000,0.120000,-1.250000,14,1.044631,-1.228777,-0.409786,23,273.913,-224411.89,0,0
flat_2r,symbol|alert_only,NFLX|actioned,19,-0.163893,-1.062500,0.315789,-1.250000,4,1.472182,-0.825867,0.498081,19,252.000,-41301.08,1,0
flat_2r,symbol|alert_only,NVDA|actioned,25,-0.049583,-1.109216,0.360000,-1.250000,7,1.538488,-0.652670,0.553504,25,252.000,-12494.91,0,0
flat_2r,symbol|alert_only,NVDA|alert_only,14,-0.274515,-1.112061,0.285714,-1.250000,4,1.439994,-1.028830,0.479800,14,252.000,-69177.85,1,0
flat_2r,symbol|alert_only,ORCL|actioned,38,0.160677,-1.085782,0.421053,-1.250000,7,1.573793,-0.339716,0.661071,38,252.000,40490.72,0,0
flat_2r,symbol|alert_only,ORCL|alert_only,21,-0.456474,-1.250000,0.238095,-1.250000,6,1.374282,-1.044264,0.131316,17,311.294,-142097.73,0,0
flat_2r,symbol|alert_only,PLTR|actioned,49,0.032183,-1.141509,0.387755,-1.250000,8,1.566927,-0.406557,0.470923,48,257.250,8279.07,0,0
flat_2r,symbol|alert_only,PLTR|alert_only,12,0.123801,-1.132195,0.416667,-1.250000,3,1.586290,-0.773727,1.021329,12,252.000,31197.83,1,0
flat_2r,symbol|alert_only,QQQ|actioned,6,0.047086,-0.608742,0.333333,-1.250000,3,1.438946,-1.104310,1.198482,6,252.000,11865.67,1,0
flat_2r,symbol|alert_only,QQQ|alert_only,3,-0.106383,-1.069150,0.333333,-1.250000,1,1.491267,-1.793910,1.581144,3,252.000,-26808.59,1,0
flat_2r,symbol|alert_only,SOFI|actioned,4,-0.384089,-1.143178,0.250000,-1.250000,2,1.378145,-1.734671,0.966493,4,252.000,-96790.48,1,0
flat_2r,symbol|alert_only,TSLA|actioned,37,0.168534,-1.175000,0.432432,-1.250000,6,1.599012,-0.346703,0.683771,36,259.000,43650.29,0,0
flat_2r,symbol|alert_only,TSLA|alert_only,34,-0.175942,-1.222132,0.323529,-1.250000,8,1.505766,-0.682086,0.330202,34,252.000,-44337.38,0,0
flat_2r,symbol|alert_only,TSM|actioned,26,0.176899,-1.099271,0.423077,-1.250000,7,1.573880,-0.428081,0.781879,25,262.080,46361.67,0,0
flat_2r,symbol|alert_only,TSM|alert_only,16,-0.943975,-1.250000,0.062500,-1.250000,9,0.796093,-1.334061,-0.553889,15,268.800,-253740.45,1,0
flat_2r,symbol|alert_only,UBER|actioned,26,0.287347,-1.030955,0.461538,-1.250000,4,1.587145,-0.322732,0.897426,26,252.000,72411.36,0,0
flat_2r,symbol|trend_qqq,AAPL|aligned,9,0.577614,2.000000,0.555556,-1.250000,2,1.591308,-0.462040,1.617269,8,283.500,163753.68,1,0
flat_2r,symbol|trend_qqq,AAPL|flat,1,2.000000,2.000000,1.000000,2.000000,0,0.000000,2.000000,2.000000,1,252.000,504000.00,1,0
flat_2r,symbol|trend_qqq,AAPL|opposed,9,0.071536,-1.016949,0.444444,-1.250000,3,1.478541,-0.894444,1.037516,9,252.000,18027.03,1,0
flat_2r,symbol|trend_qqq,AMD|aligned,33,0.344361,-1.012500,0.484848,-1.250000,5,1.607113,-0.203974,0.892695,28,297.000,102275.15,0,0
flat_2r,symbol|trend_qqq,AMD|flat,9,0.916667,2.000000,0.666667,-1.250000,2,1.532065,-0.084282,1.917616,8,283.500,259875.00,1,0
flat_2r,symbol|trend_qqq,AMD|opposed,22,-0.352752,-1.250000,0.272727,-1.250000,10,1.441608,-0.955162,0.249658,17,326.118,-115038.68,0,0
flat_2r,symbol|trend_qqq,AMZN|aligned,7,0.914443,2.000000,0.714286,-1.250000,1,1.418427,-0.136343,1.965228,7,252.000,230439.56,1,0
flat_2r,symbol|trend_qqq,AMZN|flat,1,-1.250000,-1.250000,0.000000,-1.250000,1,0.000000,-1.250000,-1.250000,1,252.000,-315000.00,1,0
flat_2r,symbol|trend_qqq,AMZN|opposed,12,-0.414279,-1.212391,0.250000,-1.250000,6,1.394382,-1.203225,0.374666,12,252.000,-104398.43,1,0
flat_2r,symbol|trend_qqq,AVGO|aligned,25,0.555055,2.000000,0.560000,-1.250000,3,1.556326,-0.055025,1.165135,24,262.500,145701.95,0,0
flat_2r,symbol|trend_qqq,AVGO|flat,8,0.419731,0.498922,0.500000,-1.250000,2,1.581910,-0.676477,1.515939,8,252.000,105772.11,1,0
flat_2r,symbol|trend_qqq,AVGO|opposed,13,-0.224689,-1.250000,0.307692,-1.250000,4,1.484223,-1.031522,0.582144,12,273.000,-61340.06,1,0
flat_2r,symbol|trend_qqq,BABA|aligned,6,-0.166667,-1.250000,0.333333,-1.250000,4,1.532065,-1.392574,1.059240,6,252.000,-42000.00,1,0
flat_2r,symbol|trend_qqq,BABA|opposed,3,-0.166667,-1.250000,0.333333,-1.250000,2,1.532065,-1.900361,1.567028,3,252.000,-42000.00,1,0
flat_2r,symbol|trend_qqq,COIN|aligned,34,-0.076650,-1.217623,0.352941,-1.250000,6,1.535084,-0.592648,0.439349,29,295.448,-22646.01,0,0
flat_2r,symbol|trend_qqq,COIN|flat,12,0.126632,-1.115205,0.416667,-1.250000,2,1.584114,-0.769664,1.022929,10,302.400,38293.66,1,0
flat_2r,symbol|trend_qqq,COIN|opposed,30,-0.149015,-1.250000,0.333333,-1.250000,9,1.520481,-0.693112,0.395082,30,252.000,-37551.82,0,0
flat_2r,symbol|trend_qqq,CRM|aligned,20,0.266733,-1.000000,0.450000,-1.250000,3,1.569798,-0.421261,0.954728,17,296.471,79078.59,0,0
flat_2r,symbol|trend_qqq,CRM|flat,1,-1.147541,-1.147541,0.000000,-1.147541,1,0.000000,-1.147541,-1.147541,1,252.000,-289180.33,1,0
flat_2r,symbol|trend_qqq,CRM|opposed,16,-0.420084,-1.250000,0.250000,-1.250000,5,1.397943,-1.105076,0.264908,15,268.800,-112918.62,1,0
flat_2r,symbol|trend_qqq,GOOGL|aligned,9,0.202499,-1.200000,0.444444,-1.250000,2,1.607797,-0.847929,1.252926,9,252.000,51029.63,1,0
flat_2r,symbol|trend_qqq,GOOGL|flat,1,2.000000,2.000000,1.000000,2.000000,0,0.000000,2.000000,2.000000,1,252.000,504000.00,1,0
flat_2r,symbol|trend_qqq,GOOGL|opposed,10,-0.254174,-1.205508,0.300000,-1.250000,4,1.476243,-1.169159,0.660812,10,252.000,-64051.74,1,0
flat_2r,symbol|trend_qqq,HOOD|aligned,29,-0.219279,-1.250000,0.310345,-1.250000,9,1.489674,-0.761465,0.322907,28,261.000,-57231.93,0,0
flat_2r,symbol|trend_qqq,HOOD|flat,5,0.050000,-1.250000,0.400000,-1.250000,3,1.592168,-1.345597,1.445597,4,315.000,15750.00,1,0
flat_2r,symbol|trend_qqq,HOOD|opposed,15,0.700000,2.000000,0.600000,-1.250000,3,1.592168,-0.105748,1.505748,15,252.000,176400.00,1,0
flat_2r,symbol|trend_qqq,INTC|aligned,19,0.674342,2.000000,0.578947,-1.250000,3,1.564220,-0.029017,1.377701,19,252.000,169934.21,1,0
flat_2r,symbol|trend_qqq,INTC|flat,1,-1.250000,-1.250000,0.000000,-1.250000,1,0.000000,-1.250000,-1.250000,1,252.000,-315000.00,1,0
flat_2r,symbol|trend_qqq,INTC|opposed,7,-0.785714,-1.250000,0.142857,-1.250000,5,1.137263,-1.628211,0.056782,7,252.000,-198000.00,1,0
flat_2r,symbol|trend_qqq,INTC|unknown,1,2.000000,2.000000,1.000000,2.000000,0,0.000000,2.000000,2.000000,1,252.000,504000.00,1,0
flat_2r,symbol|trend_qqq,IREN|aligned,40,0.304556,-1.033881,0.475000,-1.250000,6,1.613344,-0.195425,0.804537,38,265.263,80787.48,0,0
flat_2r,symbol|trend_qqq,IREN|flat,7,-0.315145,-1.250000,0.285714,-1.250000,3,1.464302,-1.399915,0.769625,7,252.000,-79416.56,1,0
flat_2r,symbol|trend_qqq,IREN|opposed,19,-0.374790,-1.250000,0.263158,-1.250000,5,1.420154,-1.013369,0.263789,18,266.000,-99694.20,1,0
flat_2r,symbol|trend_qqq,MARA|aligned,1,-1.250000,-1.250000,0.000000,-1.250000,1,0.000000,-1.250000,-1.250000,1,252.000,-315000.00,1,0
flat_2r,symbol|trend_qqq,META|aligned,22,0.399621,0.500000,0.500000,-1.250000,3,1.601558,-0.269627,1.068870,20,277.200,110775.00,0,0
flat_2r,symbol|trend_qqq,META|flat,4,0.375000,0.375000,0.500000,-1.250000,2,1.625000,-1.217500,1.967500,4,252.000,94500.00,1,0
flat_2r,symbol|trend_qqq,META|opposed,12,0.121136,-1.157272,0.416667,-1.250000,2,1.588402,-0.777588,1.019859,11,274.909,33301.27,1,0
flat_2r,symbol|trend_qqq,MSFT|aligned,10,-0.047999,-0.734375,0.300000,-1.250000,4,1.408454,-0.920968,0.824971,9,280.000,-13439.61,1,0
flat_2r,symbol|trend_qqq,MSFT|flat,2,0.375000,0.375000,0.500000,-1.250000,1,1.625000,-1.877135,2.627135,2,252.000,94500.00,1,0
flat_2r,symbol|trend_qqq,MSFT|opposed,17,-0.086673,-1.250000,0.352941,-1.250000,5,1.541948,-0.819668,0.646323,15,285.600,-24753.70,1,0
flat_2r,symbol|trend_qqq,MSFT|unknown,1,2.000000,2.000000,1.000000,2.000000,0,0.000000,2.000000,2.000000,1,252.000,504000.00,1,0
flat_2r,symbol|trend_qqq,MU|aligned,44,0.243326,-1.081618,0.454545,-1.250000,5,1.604337,-0.230725,0.717378,39,284.308,69179.55,0,0
flat_2r,symbol|trend_qqq,MU|flat,7,0.213663,-1.000000,0.428571,-1.250000,4,1.549847,-0.934480,1.361805,6,294.000,62816.83,1,0
flat_2r,symbol|trend_qqq,MU|opposed,21,-0.461066,-1.250000,0.238095,-1.250000,5,1.376829,-1.049945,0.127814,20,264.600,-121997.99,0,0
flat_2r,symbol|trend_qqq,NFLX|aligned,13,-0.184933,-1.048649,0.307692,-1.250000,5,1.459139,-0.978130,0.608264,13,252.000,-46603.16,1,0
flat_2r,symbol|trend_qqq,NFLX|flat,3,-1.202299,-1.250000,0.000000,-1.250000,3,0.067459,-1.278636,-1.125963,3,252.000,-302979.46,1,0
flat_2r,symbol|trend_qqq,NFLX|opposed,3,0.965686,2.000000,0.666667,-1.102941,1,1.462740,-0.689560,2.620933,3,252.000,243352.94,1,0
flat_2r,symbol|trend_qqq,NVDA|aligned,24,0.141510,-1.063176,0.416667,-1.250000,7,1.572126,-0.487471,0.770491,21,288.000,40754.93,0,0
flat_2r,symbol|trend_qqq,NVDA|flat,3,-0.155652,-1.216956,0.333333,-1.250000,2,1.524336,-1.880600,1.569296,3,252.000,-39224.30,1,0
flat_2r,symbol|trend_qqq,NVDA|opposed,12,-0.667673,-1.237625,0.166667,-1.250000,6,1.194741,-1.343661,0.008315,10,302.400,-201904.32,1,0
flat_2r,symbol|trend_qqq,ORCL|aligned,37,-0.093846,-1.250000,0.351351,-1.250000,5,1.541783,-0.590642,0.402950,29,321.517,-30173.11,0,0
flat_2r,symbol|trend_qqq,ORCL|flat,10,0.140382,-0.798088,0.400000,-1.250000,4,1.533927,-0.810355,1.091120,10,252.000,35376.39,1,0
flat_2r,symbol|trend_qqq,ORCL|opposed,12,-0.117645,-1.094163,0.333333,-1.250000,3,1.499084,-0.965831,0.730542,11,274.909,-32341.61,1,0
flat_2r,symbol|trend_qqq,PLTR|aligned,30,-0.132493,-1.157711,0.333333,-1.250000,8,1.509183,-0.672548,0.407561,29,260.690,-34539.61,0,0
flat_2r,symbol|trend_qqq,PLTR|flat,6,1.458333,2.000000,0.833333,-1.250000,1,1.211203,0.489169,2.427498,6,252.000,367500.00,1,0
flat_2r,symbol|trend_qqq,PLTR|opposed,24,-0.154693,-1.250000,0.333333,-1.250000,3,1.524053,-0.764441,0.455056,22,274.909,-42526.44,0,0
flat_2r,symbol|trend_qqq,PLTR|unknown,1,2.000000,2.000000,1.000000,2.000000,0,0.000000,2.000000,2.000000,1,252.000,504000.00,1,0
flat_2r,symbol|trend_qqq,QQQ|aligned,6,0.588753,0.962687,0.500000,-1.250000,2,1.460275,-0.579710,1.757216,6,252.000,148365.67,1,0
flat_2r,symbol|trend_qqq,QQQ|opposed,3,-1.189717,-1.250000,0.000000,-1.250000,3,0.085254,-1.286190,-1.093243,3,252.000,-299808.59,1,0
flat_2r,symbol|trend_qqq,SOFI|aligned,1,-1.250000,-1.250000,0.000000,-1.250000,1,0.000000,-1.250000,-1.250000,1,252.000,-315000.00,1,0
flat_2r,symbol|trend_qqq,SOFI|flat,1,-1.217391,-1.217391,0.000000,-1.217391,1,0.000000,-1.217391,-1.217391,1,252.000,-306782.61,1,0
flat_2r,symbol|trend_qqq,SOFI|opposed,2,0.465517,0.465517,0.500000,-1.068966,1,1.534483,-1.661167,2.592202,2,252.000,117310.34,1,0
flat_2r,symbol|trend_qqq,TSLA|aligned,33,-0.141961,-1.216306,0.333333,-1.250000,5,1.515418,-0.659010,0.375088,28,297.000,-42162.33,0,0
flat_2r,symbol|trend_qqq,TSLA|flat,9,-0.511364,-1.250000,0.222222,-1.250000,6,1.343154,-1.388891,0.366164,8,283.500,-144971.59,1,0
flat_2r,symbol|trend_qqq,TSLA|opposed,29,0.328990,-1.045198,0.482759,-1.250000,4,1.614777,-0.258729,0.916709,25,292.320,96170.30,0,0
flat_2r,symbol|trend_qqq,TSM|aligned,21,-0.394070,-1.171875,0.238095,-1.250000,8,1.354179,-0.973262,0.185122,20,264.600,-104270.96,0,0
flat_2r,symbol|trend_qqq,TSM|flat,5,0.259583,-0.202086,0.400000,-1.250000,2,1.471660,-1.030384,1.549550,5,252.000,65414.86,1,0
flat_2r,symbol|trend_qqq,TSM|opposed,16,-0.220417,-1.250000,0.312500,-1.250000,8,1.497951,-0.954413,0.513579,14,288.000,-63480.00,1,0
flat_2r,symbol|trend_qqq,UBER|aligned,14,0.653117,2.000000,0.571429,-1.250000,3,1.556834,-0.162402,1.468637,14,252.000,164585.61,1,0
flat_2r,symbol|trend_qqq,UBER|flat,3,-0.123333,-1.120000,0.333333,-1.250000,2,1.502361,-1.823415,1.576748,3,252.000,-31080.00,1,0
flat_2r,symbol|trend_qqq,UBER|opposed,9,-0.144737,-1.250000,0.333333,-1.250000,4,1.517747,-1.136331,0.846858,9,252.000,-36473.68,1,0
flat_2r,symbol|side,AAPL|long,10,1.044853,2.000000,0.700000,-1.250000,2,1.459911,0.139990,1.949715,10,252.000,263302.94,1,0
flat_2r,symbol|side,AAPL|short,9,-0.289575,-1.250000,0.333333,-1.250000,3,1.355180,-1.174960,0.595809,8,283.500,-82094.59,1,0
flat_2r,symbol|side,AMD|long,31,0.337386,-1.012500,0.483871,-1.250000,6,1.610632,-0.229599,0.904372,25,312.480,105426.52,0,0
flat_2r,symbol|side,AMD|short,33,0.042254,-1.250000,0.393939,-1.250000,4,1.579091,-0.496520,0.581028,25,332.640,14055.34,0,0
flat_2r,symbol|side,AMZN|long,6,0.191850,-0.174451,0.500000,-1.250000,1,1.487651,-0.998519,1.382219,6,252.000,48346.15,1,0
flat_2r,symbol|side,AMZN|short,14,-0.069382,-1.171528,0.357143,-1.250000,3,1.542811,-0.877556,0.738792,14,252.000,-17484.37,1,0
flat_2r,symbol|side,AVGO|long,28,0.136414,-1.001078,0.428571,-1.250000,3,1.548164,-0.437034,0.709862,26,271.385,37020.61,0,0
flat_2r,symbol|side,AVGO|short,18,0.582982,2.000000,0.555556,-1.250000,2,1.585168,-0.149328,1.315292,17,266.824,155553.36,1,0
flat_2r,symbol|side,BABA|long,4,0.375000,0.375000,0.500000,-1.250000,1,1.625000,-1.217500,1.967500,4,252.000,94500.00,1,0
flat_2r,symbol|side,BABA|short,5,-0.600000,-1.250000,0.200000,-1.250000,4,1.300000,-1.739500,0.539500,5,252.000,-151200.00,1,0
flat_2r,symbol|side,COIN|long,39,-0.310678,-1.250000,0.282051,-1.250000,6,1.449338,-0.765554,0.144199,34,289.059,-89804.16,0,0
flat_2r,symbol|side,COIN|short,37,0.177283,-1.071429,0.432432,-1.250000,7,1.592192,-0.335756,0.690322,34,274.235,48617.33,0,0
flat_2r,symbol|side,CRM|long,21,-0.277994,-1.147541,0.285714,-1.250000,6,1.442638,-0.895021,0.339032,19,278.526,-77428.78,0,0
flat_2r,symbol|side,CRM|short,16,0.206479,-1.035572,0.437500,-1.250000,4,1.583238,-0.569308,0.982265,14,288.000,59465.95,1,0
flat_2r,symbol|side,GOOGL|long,10,0.377249,0.384259,0.500000,-1.250000,3,1.622759,-0.628548,1.383045,10,252.000,95066.67,1,0
flat_2r,symbol|side,GOOGL|short,10,-0.249174,-1.180508,0.300000,-1.250000,5,1.472943,-1.162113,0.663766,10,252.000,-62791.74,1,0
flat_2r,symbol|side,HOOD|long,22,-0.186777,-1.175827,0.318182,-1.250000,7,1.494979,-0.811489,0.437935,21,264.000,-49309.24,0,0
flat_2r,symbol|side,HOOD|short,27,0.314815,-1.250000,0.481481,-1.250000,6,1.623885,-0.297718,0.927348,25,272.160,85680.00,0,0
flat_2r,symbol|side,INTC|long,12,-0.166667,-1.250000,0.333333,-1.250000,5,1.532065,-1.033514,0.700181,12,252.000,-42000.00,1,0
flat_2r,symbol|side,INTC|short,16,0.628906,2.000000,0.562500,-1.250000,2,1.566007,-0.138437,1.396250,16,252.000,158484.38,1,0
flat_2r,symbol|side,IREN|long,29,0.214035,-1.206016,0.448276,-1.250000,6,1.610123,-0.371990,0.800061,28,261.000,55863.25,0,0
flat_2r,symbol|side,IREN|short,37,-0.090590,-1.250000,0.351351,-1.250000,10,1.539604,-0.586684,0.405505,35,266.400,-24133.10,0,0
flat_2r,symbol|side,MARA|short,1,-1.250000,-1.250000,0.000000,-1.250000,1,0.000000,-1.250000,-1.250000,1,252.000,-315000.00,1,0
flat_2r,symbol|side,META|long,21,0.766534,2.000000,0.619048,-1.250000,2,1.572492,0.093969,1.439100,19,278.526,213500.00,0,0
flat_2r,symbol|side,META|short,17,-0.255996,-1.213768,0.294118,-1.250000,4,1.458040,-0.949104,0.437112,16,267.750,-68542.88,1,0
flat_2r,symbol|side,MSFT|long,15,-0.300749,-1.250000,0.266667,-1.250000,6,1.420525,-1.019634,0.418136,13,290.769,-87448.57,1,0
flat_2r,symbol|side,MSFT|short,15,0.353854,-0.218750,0.466667,-1.250000,3,1.559201,-0.435210,1.142919,14,270.000,95540.68,1,0
flat_2r,symbol|side,MU|long,34,0.010561,-1.216190,0.382353,-1.250000,3,1.566086,-0.515858,0.536981,32,267.750,2827.82,0,0
flat_2r,symbol|side,MU|short,38,0.056856,-1.167555,0.394737,-1.250000,5,1.570682,-0.442548,0.556261,33,290.182,16498.58,0,0
flat_2r,symbol|side,NFLX|long,9,-0.494215,-1.238095,0.222222,-1.250000,5,1.334431,-1.366043,0.377613,9,252.000,-124542.17,1,0
flat_2r,symbol|side,NFLX|short,10,0.133396,-1.027444,0.400000,-1.250000,5,1.526005,-0.812431,1.079224,10,252.000,33615.90,1,0
flat_2r,symbol|side,NVDA|long,20,-0.387735,-1.112747,0.250000,-1.250000,6,1.380279,-0.992669,0.217199,17,296.471,-114952.13,0,0
flat_2r,symbol|side,NVDA|short,19,0.140627,-1.074074,0.421053,-1.250000,4,1.586694,-0.572837,0.854092,17,281.647,39607.27,1,0
flat_2r,symbol|side,ORCL|long,29,-0.206663,-1.250000,0.310345,-1.250000,7,1.486909,-0.747843,0.334516,22,332.182,-68649.77,0,0
flat_2r,symbol|side,ORCL|short,30,0.083767,-1.085782,0.400000,-1.250000,5,1.566021,-0.476626,0.644161,24,315.000,26386.71,0,0
flat_2r,symbol|side,PLTR|long,31,0.039821,-1.124992,0.387097,-1.250000,7,1.558848,-0.508934,0.588577,30,260.400,10369.46,0,0
flat_2r,symbol|side,PLTR|short,30,0.060937,-1.231441,0.400000,-1.250000,6,1.583744,-0.505798,0.627673,27,280.000,17062.43,0,0
flat_2r,symbol|side,QQQ|long,2,-0.662313,-0.662313,0.000000,-1.250000,2,0.587687,-1.476805,0.152179,2,252.000,-166902.99,1,0
flat_2r,symbol|side,QQQ|short,7,0.183999,-1.069150,0.428571,-1.250000,3,1.573768,-0.981864,1.349862,7,252.000,46367.75,1,0
flat_2r,symbol|side,SOFI|long,2,-1.159483,-1.159483,0.000000,-1.250000,2,0.090517,-1.284933,-1.034032,2,252.000,-292189.66,1,0
flat_2r,symbol|side,SOFI|short,2,0.391304,0.391304,0.500000,-1.217391,1,1.608696,-1.838234,2.620843,2,252.000,98608.70,1,0
flat_2r,symbol|side,TSLA|long,31,0.034700,-1.133861,0.387097,-1.250000,6,1.562849,-0.515464,0.584864,28,279.000,9681.34,0,0
flat_2r,symbol|side,TSLA|short,40,-0.020549,-1.226432,0.375000,-1.250000,5,1.565440,-0.505684,0.464585,33,305.455,-6276.91,0,0
flat_2r,symbol|side,TSM|long,21,0.098929,-1.026667,0.380952,-1.250000,4,1.518129,-0.550386,0.748244,20,264.600,26176.59,0,0
flat_2r,symbol|side,TSM|short,21,-0.599130,-1.250000,0.190476,-1.250000,10,1.262521,-1.139119,-0.059141,19,278.526,-166873.51,0,0
flat_2r,symbol|side,UBER|long,9,0.916667,2.000000,0.666667,-1.250000,2,1.532065,-0.084282,1.917616,9,252.000,231000.00,1,0
flat_2r,symbol|side,UBER|short,17,-0.045823,-1.044444,0.352941,-1.250000,4,1.513049,-0.765080,0.673435,17,252.000,-11547.33,1,0
flat_2r,pool|month,equity|2025-08,11,0.229355,-1.227090,0.454545,-1.250000,2,1.616382,-0.725865,1.184576,4,693.000,158943.34,1,0
flat_2r,pool|month,equity|2025-09,28,-0.161570,-1.098725,0.321429,-1.250000,5,1.489636,-0.713338,0.390199,15,470.400,-76002.33,0,0
flat_2r,pool|month,equity|2025-10,31,0.121648,-1.231481,0.419355,-1.250000,5,1.596680,-0.440425,0.683722,21,372.000,45253.11,0,0
flat_2r,pool|month,equity|2025-11,50,0.254446,-1.133578,0.460000,-1.250000,5,1.611673,-0.192287,0.701179,15,840.000,213734.61,0,0
flat_2r,pool|month,equity|2025-12,38,0.410573,0.760052,0.500000,-1.250000,7,1.594217,-0.096314,0.917461,17,563.294,231273.41,0,0
flat_2r,pool|month,equity|2026-01,38,-0.101153,-1.132738,0.342105,-1.250000,5,1.516797,-0.583424,0.381119,18,532.000,-53813.36,0,0
flat_2r,pool|month,equity|2026-02,42,0.090263,-1.113695,0.404762,-1.250000,6,1.575855,-0.386330,0.566856,18,588.000,53074.51,0,0
flat_2r,pool|month,equity|2026-03,51,-0.441595,-1.250000,0.235294,-1.250000,10,1.359819,-0.814804,-0.068386,19,676.421,-298704.48,0,0
flat_2r,pool|month,equity|2026-04,41,0.114356,-1.106898,0.414634,-1.250000,6,1.553507,-0.361173,0.589886,20,516.600,59076.56,0,0
flat_2r,pool|month,equity|2026-05,60,0.058610,-1.250000,0.400000,-1.250000,6,1.585447,-0.342563,0.459783,18,840.000,49232.37,0,0
flat_2r,pool|month,equity|2026-06,59,0.162393,-1.100775,0.423729,-1.250000,6,1.581612,-0.241187,0.565974,19,782.526,127076.86,0,0
flat_2r,pool|month,equity|2026-07,66,-0.137320,-1.204176,0.333333,-1.250000,10,1.512657,-0.502263,0.227622,20,831.600,-114195.71,0,0
flat_2r,pool|month,equity|2026-08,25,0.787052,2.000000,0.640000,-1.250000,6,1.528372,0.187930,1.386173,8,787.500,619803.10,0,0
flat_2r,pool|month,index|2025-08,1,-1.069150,-1.069150,0.000000,-1.069150,1,0.000000,-1.069150,-1.069150,1,252.000,-269425.76,1,0
flat_2r,pool|month,index|2025-10,1,-0.074627,-0.074627,0.000000,-0.074627,1,0.000000,-0.074627,-0.074627,1,252.000,-18805.97,1,0
flat_2r,pool|month,index|2025-11,1,2.000000,2.000000,1.000000,2.000000,0,0.000000,2.000000,2.000000,1,252.000,504000.00,1,0
flat_2r,pool|month,index|2025-12,1,2.000000,2.000000,1.000000,2.000000,0,0.000000,2.000000,2.000000,1,252.000,504000.00,1,0
flat_2r,pool|month,index|2026-01,1,2.000000,2.000000,1.000000,2.000000,0,0.000000,2.000000,2.000000,1,252.000,504000.00,1,0
flat_2r,pool|month,index|2026-02,1,-1.250000,-1.250000,0.000000,-1.250000,1,0.000000,-1.250000,-1.250000,1,252.000,-315000.00,1,0
flat_2r,pool|month,index|2026-06,3,-1.214286,-1.250000,0.000000,-1.250000,3,0.050508,-1.271440,-1.157131,3,252.000,-306000.00,1,0
flat_2r,pool|month,other|2025-08,10,0.099784,-1.001078,0.400000,-1.250000,4,1.554180,-0.863506,1.063075,4,630.000,62864.22,1,0
flat_2r,pool|month,other|2025-09,22,-0.491111,-1.250000,0.227273,-1.250000,9,1.351699,-1.055950,0.073728,12,462.000,-226893.24,0,0
flat_2r,pool|month,other|2025-10,32,-0.402750,-1.250000,0.250000,-1.250000,6,1.389066,-0.884037,0.078536,18,448.000,-180432.18,0,0
flat_2r,pool|month,other|2025-11,27,0.322647,-1.071144,0.481481,-1.250000,4,1.616680,-0.287168,0.932462,13,523.385,168868.39,0,0
flat_2r,pool|month,other|2025-12,27,-0.046296,-1.250000,0.370370,-1.250000,6,1.569438,-0.638292,0.545699,16,425.250,-19687.50,0,0
flat_2r,pool|month,other|2026-01,24,0.266288,-1.000000,0.458333,-1.250000,5,1.596262,-0.372350,0.904926,15,403.200,107367.27,0,0
flat_2r,pool|month,other|2026-02,42,0.246415,-1.035556,0.452381,-1.250000,7,1.595021,-0.235975,0.728804,15,705.600,173870.34,0,0
flat_2r,pool|month,other|2026-03,38,-0.029752,-1.193077,0.368421,-1.250000,6,1.551359,-0.523012,0.463509,16,598.500,-17806.37,0,0
flat_2r,pool|month,other|2026-04,28,0.239702,-1.066964,0.464286,-1.250000,5,1.572635,-0.342810,0.822214,16,441.000,105708.68,0,0
flat_2r,pool|month,other|2026-05,32,0.039332,-1.077099,0.375000,-1.250000,6,1.529840,-0.490731,0.569394,17,474.353,18657.17,0,0
flat_2r,pool|month,other|2026-06,31,-0.386799,-1.250000,0.258065,-1.250000,6,1.408876,-0.882761,0.109162,19,411.158,-159035.63,0,0
flat_2r,pool|month,other|2026-07,34,0.137661,-1.086952,0.411765,-1.250000,5,1.566921,-0.389039,0.664362,17,504.000,69381.23,0,0
flat_2r,pool|month,other|2026-08,9,0.568002,2.000000,0.555556,-1.250000,1,1.601349,-0.478212,1.614217,6,378.000,214704.90,1,0
flat_2r,pool|quarter,equity|2025-Q3,39,-0.051309,-1.109216,0.358974,-1.250000,5,1.536554,-0.533558,0.430941,19,517.263,-26540.08,0,0
flat_2r,pool|quarter,equity|2025-Q4,119,0.269707,-1.055556,0.462185,-1.250000,7,1.605999,-0.018847,0.558262,53,565.811,152603.44,0,0
flat_2r,pool|quarter,equity|2026-Q1,131,-0.172322,-1.200615,0.320611,-1.250000,10,1.495070,-0.428346,0.083703,55,600.218,-103430.63,0,0
flat_2r,pool|quarter,equity|2026-Q2,160,0.111165,-1.175192,0.412500,-1.250000,10,1.576540,-0.133122,0.355452,57,707.368,78634.64,0,0
flat_2r,pool|quarter,equity|2026-Q3,91,0.116628,-1.074074,0.417582,-1.250000,10,1.572105,-0.206383,0.439639,28,819.000,95518.24,0,0
flat_2r,pool|quarter,index|2025-Q3,1,-1.069150,-1.069150,0.000000,-1.069150,1,0.000000,-1.069150,-1.069150,1,252.000,-269425.76,1,0
flat_2r,pool|quarter,index|2025-Q4,3,1.308458,2.000000,0.666667,-0.074627,1,0.977988,0.201760,2.415156,3,252.000,329731.34,1,0
flat_2r,pool|quarter,index|2026-Q1,2,0.375000,0.375000,0.500000,-1.250000,1,1.625000,-1.877135,2.627135,2,252.000,94500.00,1,0
flat_2r,pool|quarter,index|2026-Q2,3,-1.214286,-1.250000,0.000000,-1.250000,3,0.050508,-1.271440,-1.157131,3,252.000,-306000.00,1,0
flat_2r,pool|quarter,other|2025-Q3,32,-0.306456,-1.238445,0.281250,-1.250000,9,1.444290,-0.806877,0.193965,16,504.000,-154453.87,0,0
flat_2r,pool|quarter,other|2025-Q4,86,-0.063099,-1.250000,0.360465,-1.250000,6,1.549697,-0.390631,0.264433,47,461.106,-29095.54,0,0
flat_2r,pool|quarter,other|2026-Q1,104,0.150094,-1.075587,0.423077,-1.250000,7,1.585399,-0.154610,0.454798,46,569.739,85514.39,0,0
flat_2r,pool|quarter,other|2026-Q2,91,-0.044181,-1.121552,0.362637,-1.250000,6,1.525583,-0.357634,0.269271,52,441.000,-19483.96,0,0
flat_2r,pool|quarter,other|2026-Q3,43,0.227733,-1.068966,0.441860,-1.250000,5,1.583894,-0.245689,0.701154,23,471.130,107291.75,0,0
flat_2r,pool|setup,equity|break_and_retest,460,0.088188,-1.111806,0.404348,-1.250000,11,1.569836,-0.055272,0.231648,197,588.426,51892.00,0,0
flat_2r,pool|setup,equity|one_candle_rule,78,-0.069190,-1.231656,0.358974,-1.250000,9,1.548951,-0.412943,0.274563,66,297.818,-20606.09,0,0
flat_2r,pool|setup,equity|reentry_84_rule,2,0.375000,0.375000,0.500000,-1.250000,1,1.625000,-1.877135,2.627135,2,252.000,94500.00,1,0
flat_2r,pool|setup,index|break_and_retest,4,0.401786,0.428571,0.500000,-1.250000,2,1.598663,-1.164904,1.968476,4,252.000,101250.00,1,0
flat_2r,pool|setup,index|one_candle_rule,5,-0.328755,-1.069150,0.200000,-1.250000,2,1.243644,-1.418857,0.761347,5,252.000,-82846.35,1,0
flat_2r,pool|setup,other|break_and_retest,337,0.018128,-1.167910,0.382789,-1.250000,9,1.557947,-0.148211,0.184467,180,471.800,8552.86,0,0
flat_2r,pool|setup,other|one_candle_rule,19,0.002076,-1.012876,0.368421,-1.250000,3,1.528300,-0.685131,0.689283,18,266.000,552.19,1,0
flat_2r,pool|grade,equity|A,6,-0.708333,-1.250000,0.166667,-1.250000,3,1.211203,-1.677498,0.260831,4,378.000,-267750.00,1,0
flat_2r,pool|grade,equity|A+,3,-1.250000,-1.250000,0.000000,-1.250000,3,0.000000,-1.250000,-1.250000,2,378.000,-472500.00,1,0
flat_2r,pool|grade,equity|B,352,0.238009,-1.072898,0.451705,-1.250000,8,1.591410,0.071757,0.404261,183,484.721,115367.86,0,0
flat_2r,pool|grade,equity|C,179,-0.222679,-1.246269,0.307263,-1.250000,16,1.482647,-0.439883,-0.005475,121,372.793,-83013.20,0,0
flat_2r,pool|grade,index|B,6,0.047086,-0.608742,0.333333,-1.250000,3,1.438946,-1.104310,1.198482,6,252.000,11865.67,1,0
flat_2r,pool|grade,index|C,3,-0.106383,-1.069150,0.333333,-1.250000,1,1.491267,-1.793910,1.581144,3,252.000,-26808.59,1,0
flat_2r,pool|grade,other|A,1,2.000000,2.000000,1.000000,2.000000,0,0.000000,2.000000,2.000000,1,252.000,504000.00,1,0
flat_2r,pool|grade,other|B,264,0.128906,-1.091491,0.416667,-1.250000,7,1.583594,-0.062122,0.319935,161,413.217,53266.24,0,0
flat_2r,pool|grade,other|C,91,-0.328380,-1.250000,0.274725,-1.250000,11,1.415009,-0.619113,-0.037647,78,294.000,-96543.73,0,0
flat_2r,pool|alert_only,equity|actioned,361,0.209914,-1.094276,0.443213,-1.250000,9,1.589442,0.045951,0.373878,184,494.413,103784.34,0,0
flat_2r,pool|alert_only,equity|alert_only,179,-0.222679,-1.246269,0.307263,-1.250000,16,1.482647,-0.439883,-0.005475,121,372.793,-83013.20,0,0
flat_2r,pool|alert_only,index|actioned,6,0.047086,-0.608742,0.333333,-1.250000,3,1.438946,-1.104310,1.198482,6,252.000,11865.67,1,0
flat_2r,pool|alert_only,index|alert_only,3,-0.106383,-1.069150,0.333333,-1.250000,1,1.491267,-1.793910,1.581144,3,252.000,-26808.59,1,0
flat_2r,pool|alert_only,other|actioned,265,0.135967,-1.086957,0.418868,-1.250000,7,1.584761,-0.054841,0.326775,162,412.222,56048.55,0,0
flat_2r,pool|alert_only,other|alert_only,91,-0.328380,-1.250000,0.274725,-1.250000,11,1.415009,-0.619113,-0.037647,78,294.000,-96543.73,0,0
flat_2r,pool|trend_qqq,equity|aligned,290,0.156817,-1.081618,0.424138,-1.250000,8,1.579691,-0.024998,0.338632,152,480.789,75395.86,0,0
flat_2r,pool|trend_qqq,equity|flat,57,0.262690,-1.004361,0.456140,-1.250000,10,1.594800,-0.151333,0.676713,31,463.355,121718.74,0,0
flat_2r,pool|trend_qqq,equity|opposed,190,-0.160688,-1.250000,0.331579,-1.250000,11,1.510760,-0.375508,0.054132,113,423.717,-68086.11,0,0
flat_2r,pool|trend_qqq,equity|unknown,3,2.000000,2.000000,1.000000,2.000000,0,0.000000,2.000000,2.000000,1,756.000,1512000.00,1,0
flat_2r,pool|trend_qqq,index|aligned,6,0.588753,0.962687,0.500000,-1.250000,2,1.460275,-0.579710,1.757216,6,252.000,148365.67,1,0
flat_2r,pool|trend_qqq,index|opposed,3,-1.189717,-1.250000,0.000000,-1.250000,3,0.085254,-1.286190,-1.093243,3,252.000,-299808.59,1,0
flat_2r,pool|trend_qqq,other|aligned,191,0.103645,-1.079268,0.408377,-1.250000,10,1.568434,-0.118791,0.326082,119,404.471,41921.49,0,0
flat_2r,pool|trend_qqq,other|flat,42,0.035343,-1.143770,0.380952,-1.250000,5,1.549620,-0.433316,0.504001,31,341.419,12066.74,0,0
flat_2r,pool|trend_qqq,other|opposed,123,-0.123025,-1.250000,0.341463,-1.250000,7,1.529592,-0.393345,0.147296,92,336.913,-41448.62,0,0
flat_2r,pool|side,equity|long,259,0.076797,-1.136856,0.401544,-1.250000,12,1.571358,-0.114576,0.268170,147,444.000,34097.93,0,0
flat_2r,pool|side,equity|short,281,0.057043,-1.158273,0.395018,-1.250000,11,1.565095,-0.125954,0.240040,141,502.213,28647.70,0,0
flat_2r,pool|side,index|long,2,-0.662313,-0.662313,0.000000,-1.250000,2,0.587687,-1.476805,0.152179,2,252.000,-166902.99,1,0
flat_2r,pool|side,index|short,7,0.183999,-1.069150,0.428571,-1.250000,3,1.573768,-0.981864,1.349862,7,252.000,46367.75,1,0
flat_2r,pool|side,other|long,175,-0.014447,-1.167910,0.371429,-1.250000,10,1.542133,-0.242933,0.214038,115,383.478,-5540.20,0,0
flat_2r,pool|side,other|short,181,0.047939,-1.120000,0.392265,-1.250000,10,1.569430,-0.180705,0.276582,114,400.105,19180.50,0,0
flat_2r,month|quarter,2025-08|2025-Q3,22,0.111437,-1.035653,0.409091,-1.250000,5,1.573104,-0.545922,0.768795,4,1386.000,154451.12,0,0
flat_2r,month|quarter,2025-09|2025-Q3,50,-0.306568,-1.216453,0.280000,-1.250000,8,1.439905,-0.705689,0.092554,17,741.176,-227220.81,0,0
flat_2r,month|quarter,2025-10|2025-Q4,64,-0.143618,-1.242647,0.328125,-1.250000,8,1.505770,-0.512532,0.225296,22,733.091,-105285.00,0,0
flat_2r,month|quarter,2025-11|2025-Q4,78,0.300433,-1.051837,0.474359,-1.250000,5,1.615036,-0.057986,0.658852,18,1092.000,328072.68,0,0
flat_2r,month|quarter,2025-12|2025-Q4,66,0.247754,-1.125070,0.454545,-1.250000,6,1.602531,-0.138871,0.634380,20,831.600,206032.40,0,0
flat_2r,month|quarter,2026-01|2026-Q1,63,0.072176,-1.077216,0.396825,-1.250000,5,1.565203,-0.314330,0.458682,19,835.579,60308.87,0,0
flat_2r,month|quarter,2026-02|2026-Q1,85,0.151652,-1.096026,0.423529,-1.250000,9,1.585416,-0.185394,0.488699,19,1127.368,170968.22,0,0
flat_2r,month|quarter,2026-03|2026-Q1,89,-0.265752,-1.250000,0.292135,-1.250000,14,1.459002,-0.568874,0.037370,21,1068.000,-283823.20,0,0
flat_2r,month|quarter,2026-04|2026-Q2,69,0.165221,-1.076336,0.434783,-1.250000,6,1.562510,-0.203463,0.533906,20,869.400,143643.51,0,0
flat_2r,month|quarter,2026-05|2026-Q2,92,0.051905,-1.179425,0.391304,-1.250000,8,1.566356,-0.268171,0.371980,19,1220.211,63334.46,0,0
flat_2r,month|quarter,2026-06|2026-Q2,93,-0.065080,-1.173913,0.354839,-1.250000,10,1.535783,-0.377216,0.247056,21,1116.000,-72629.36,0,0
flat_2r,month|quarter,2026-07|2026-Q3,100,-0.043827,-1.125092,0.360000,-1.250000,5,1.536853,-0.345050,0.257396,21,1200.000,-52592.07,0,0
flat_2r,month|quarter,2026-08|2026-Q3,34,0.729068,2.000000,0.617647,-1.250000,4,1.551038,0.207706,1.250429,8,1071.000,780831.78,0,0
flat_2r,month|setup,2025-08|break_and_retest,15,0.066523,-1.250000,0.400000,-1.250000,5,1.579830,-0.732981,0.866027,4,945.000,62864.22,1,0
flat_2r,month|setup,2025-08|one_candle_rule,7,0.207680,-1.000000,0.428571,-1.250000,2,1.554230,-0.943710,1.359070,3,588.000,122115.86,1,0
flat_2r,month|setup,2025-09|break_and_retest,46,-0.296222,-1.216453,0.282609,-1.250000,7,1.442815,-0.713176,0.120732,15,772.800,-228920.36,0,0
flat_2r,month|setup,2025-09|one_candle_rule,4,-0.425544,-1.226088,0.250000,-1.250000,2,1.400525,-1.798058,0.946970,4,252.000,-107237.10,1,0
flat_2r,month|setup,2025-10|break_and_retest,54,-0.021027,-1.172531,0.370370,-1.250000,8,1.551263,-0.434783,0.392730,21,648.000,-13625.27,0,0
flat_2r,month|setup,2025-10|one_candle_rule,10,-0.805611,-1.250000,0.100000,-1.250000,8,0.998475,-1.424472,-0.186749,8,315.000,-253767.41,1,0
flat_2r,month|setup,2025-11|break_and_retest,71,0.270194,-1.071144,0.464789,-1.250000,5,1.612540,-0.104898,0.645285,17,1052.471,284371.08,0,0
flat_2r,month|setup,2025-11|one_candle_rule,7,0.607143,2.000000,0.571429,-1.250000,2,1.608333,-0.584327,1.798613,5,352.800,214200.00,1,0
flat_2r,month|setup,2025-12|break_and_retest,55,0.188217,-1.225775,0.436364,-1.250000,7,1.597604,-0.234008,0.610442,19,729.474,137299.12,0,0
flat_2r,month|setup,2025-12|one_candle_rule,11,0.545442,2.000000,0.545455,-1.250000,3,1.593927,-0.396509,1.487393,8,346.500,188995.58,1,0
flat_2r,month|setup,2026-01|break_and_retest,57,0.153019,-1.028571,0.421053,-1.250000,5,1.576717,-0.256310,0.562348,18,798.000,122109.36,0,0
flat_2r,month|setup,2026-01|one_candle_rule,6,-0.695833,-1.250000,0.166667,-1.250000,3,1.205924,-1.660774,0.269107,6,252.000,-175350.00,1,0
flat_2r,month|setup,2026-02|break_and_retest,78,0.110542,-1.099149,0.410256,-1.250000,10,1.577123,-0.239463,0.460547,18,1092.000,120712.08,0,0
flat_2r,month|setup,2026-02|one_candle_rule,7,0.609739,2.000000,0.571429,-1.250000,2,1.605345,-0.579518,1.798995,6,294.000,179263.14,1,0
flat_2r,month|setup,2026-03|break_and_retest,76,-0.232629,-1.250000,0.302632,-1.250000,13,1.474480,-0.564132,0.098875,20,957.600,-222765.26,0,0
flat_2r,month|setup,2026-03|one_candle_rule,13,-0.459396,-1.213768,0.230769,-1.250000,5,1.348826,-1.192627,0.273834,10,327.600,-150498.18,1,0
flat_2r,month|setup,2026-04|break_and_retest,62,0.164945,-1.082889,0.435484,-1.250000,5,1.559621,-0.223276,0.553167,20,781.200,128855.34,0,0
flat_2r,month|setup,2026-04|one_candle_rule,7,0.167666,-1.076336,0.428571,-1.250000,3,1.587865,-1.008641,1.343973,5,352.800,59152.67,1,0
flat_2r,month|setup,2026-05|break_and_retest,81,0.105250,-1.138298,0.407407,-1.250000,10,1.575791,-0.237923,0.448422,18,1134.000,119353.04,0,0
flat_2r,month|setup,2026-05|one_candle_rule,9,-0.500000,-1.250000,0.222222,-1.250000,3,1.338532,-1.374507,0.374507,7,324.000,-162000.00,1,0
flat_2r,month|setup,2026-05|reentry_84_rule,2,0.375000,0.375000,0.500000,-1.250000,1,1.625000,-1.877135,2.627135,2,252.000,94500.00,1,0
flat_2r,month|setup,2026-06|break_and_retest,81,-0.050030,-1.168539,0.358025,-1.250000,9,1.535761,-0.384485,0.284424,21,972.000,-48629.36,0,0
flat_2r,month|setup,2026-06|one_candle_rule,12,-0.166667,-1.250000,0.333333,-1.250000,3,1.532065,-1.033514,0.700181,8,378.000,-63000.00,1,0
flat_2r,month|setup,2026-07|break_and_retest,94,-0.041399,-1.202426,0.361702,-1.250000,5,1.540776,-0.352880,0.270082,21,1128.000,-46697.83,0,0
flat_2r,month|setup,2026-07|one_candle_rule,6,-0.081864,-1.057997,0.333333,-1.250000,3,1.473510,-1.260918,1.097189,5,302.400,-24755.80,1,0
flat_2r,month|setup,2026-08|break_and_retest,31,0.710913,2.000000,0.612903,-1.250000,3,1.551658,0.164689,1.257138,8,976.500,694206.78,0,0
flat_2r,month|setup,2026-08|one_candle_rule,3,0.916667,2.000000,0.666667,-1.250000,1,1.532065,-0.817028,2.650361,2,378.000,346500.00,1,0
flat_2r,month|grade,2025-08|B,13,0.269065,-1.002155,0.461538,-1.250000,4,1.603798,-0.602769,1.140899,4,819.000,220364.22,1,0
flat_2r,month|grade,2025-08|C,9,-0.116249,-1.069150,0.333333,-1.250000,4,1.498692,-1.095394,0.862897,4,567.000,-65913.10,1,0
flat_2r,month|grade,2025-09|B,30,-0.130501,-1.112941,0.333333,-1.250000,6,1.508038,-0.670145,0.409144,15,504.000,-65772.26,0,0
flat_2r,month|grade,2025-09|C,20,-0.570669,-1.248134,0.200000,-1.250000,9,1.286778,-1.134624,-0.006713,12,420.000,-239680.82,0,0
flat_2r,month|grade,2025-10|B,47,0.107221,-1.052632,0.404255,-1.250000,6,1.568752,-0.341278,0.555720,21,564.000,60472.58,0,0
flat_2r,month|grade,2025-10|C,17,-0.837113,-1.250000,0.117647,-1.250000,15,1.037832,-1.330468,-0.343759,14,306.000,-256156.72,1,0
flat_2r,month|grade,2025-11|A+,2,-1.250000,-1.250000,0.000000,-1.250000,2,0.000000,-1.250000,-1.250000,1,504.000,-630000.00,1,0
flat_2r,month|grade,2025-11|B,52,0.571044,2.000000,0.557692,-1.250000,3,1.604983,0.134805,1.007284,16,819.000,467685.36,0,0
flat_2r,month|grade,2025-11|C,24,-0.156689,-1.250000,0.333333,-1.250000,3,1.525744,-0.767114,0.453735,12,504.000,-78971.46,0,0
flat_2r,month|grade,2025-12|B,42,0.246474,-1.096206,0.452381,-1.250000,8,1.598180,-0.236871,0.729819,19,557.053,137299.12,0,0
flat_2r,month|grade,2025-12|C,24,0.249994,-1.125070,0.458333,-1.250000,5,1.610115,-0.394186,0.894174,13,465.231,116304.97,0,0
flat_2r,month|grade,2026-01|A,1,-1.250000,-1.250000,0.000000,-1.250000,1,0.000000,-1.250000,-1.250000,1,252.000,-315000.00,1,0
flat_2r,month|grade,2026-01|B,49,0.165071,-1.077216,0.428571,-1.250000,5,1.590107,-0.280159,0.610301,18,686.000,113238.66,0,0
flat_2r,month|grade,2026-01|C,13,-0.176260,-1.004361,0.307692,-1.250000,6,1.453756,-0.966531,0.614011,9,364.000,-64158.58,1,0
flat_2r,month|grade,2026-02|B,59,0.160823,-1.044444,0.423729,-1.250000,7,1.578479,-0.241958,0.563604,19,782.526,125848.40,0,0
flat_2r,month|grade,2026-02|C,26,0.130842,-1.240915,0.423077,-1.250000,4,1.600852,-0.484506,0.746190,16,409.500,53579.78,0,0
flat_2r,month|grade,2026-03|B,65,-0.079785,-1.216956,0.353846,-1.250000,11,1.539851,-0.454135,0.294566,19,862.105,-68782.69,0,0
flat_2r,month|grade,2026-03|C,24,-0.769414,-1.250000,0.125000,-1.250000,14,1.060517,-1.193709,-0.345119,16,378.000,-290838.50,0,0
flat_2r,month|grade,2026-04|A,1,2.000000,2.000000,1.000000,2.000000,0,0.000000,2.000000,2.000000,1,252.000,504000.00,1,0
flat_2r,month|grade,2026-04|B,50,0.196927,-1.082889,0.440000,-1.250000,5,1.571037,-0.238543,0.632396,19,663.158,130593.46,0,0
flat_2r,month|grade,2026-04|C,18,-0.024781,-1.163168,0.388889,-1.250000,6,1.508952,-0.721881,0.672319,11,412.364,-10218.70,1,0
flat_2r,month|grade,2026-05|A,4,-0.437500,-1.250000,0.250000,-1.250000,2,1.407291,-1.816645,0.941645,2,504.000,-220500.00,1,0
flat_2r,month|grade,2026-05|B,57,0.042880,-1.176471,0.385965,-1.250000,6,1.558284,-0.361664,0.447423,18,798.000,34217.89,0,0
flat_2r,month|grade,2026-05|C,31,0.131648,-1.082340,0.419355,-1.250000,8,1.588543,-0.427561,0.690857,16,488.250,64277.04,0,0
flat_2r,month|grade,2026-06|A,1,-1.250000,-1.250000,0.000000,-1.250000,1,0.000000,-1.250000,-1.250000,1,252.000,-315000.00,1,0
flat_2r,month|grade,2026-06|B,70,0.131144,-1.106638,0.414286,-1.250000,5,1.576933,-0.238276,0.500564,21,840.000,110160.92,0,0
flat_2r,month|grade,2026-06|C,22,-0.635569,-1.250000,0.181818,-1.250000,7,1.243582,-1.155229,-0.115909,12,462.000,-293632.99,0,0
flat_2r,month|grade,2026-07|B,65,0.219845,-1.068966,0.446154,-1.250000,6,1.598608,-0.168789,0.608480,19,862.105,189529.77,0,0
flat_2r,month|grade,2026-07|C,35,-0.533503,-1.250000,0.200000,-1.250000,8,1.278054,-0.956923,-0.110084,16,551.250,-294093.69,0,0
flat_2r,month|grade,2026-08|A+,1,-1.250000,-1.250000,0.000000,-1.250000,1,0.000000,-1.250000,-1.250000,1,252.000,-315000.00,1,0
flat_2r,month|grade,2026-08|B,23,1.098817,2.000000,0.739130,-1.250000,2,1.410734,0.522267,1.675368,8,724.500,796092.98,0,0
flat_2r,month|grade,2026-08|C,10,0.076552,-1.117241,0.400000,-1.250000,3,1.571673,-0.897581,1.050685,6,420.000,32151.72,1,0
flat_2r,month|alert_only,2025-08|actioned,13,0.269065,-1.002155,0.461538,-1.250000,4,1.603798,-0.602769,1.140899,4,819.000,220364.22,1,0
flat_2r,month|alert_only,2025-08|alert_only,9,-0.116249,-1.069150,0.333333,-1.250000,4,1.498692,-1.095394,0.862897,4,567.000,-65913.10,1,0
flat_2r,month|alert_only,2025-09|actioned,30,-0.130501,-1.112941,0.333333,-1.250000,6,1.508038,-0.670145,0.409144,15,504.000,-65772.26,0,0
flat_2r,month|alert_only,2025-09|alert_only,20,-0.570669,-1.248134,0.200000,-1.250000,9,1.286778,-1.134624,-0.006713,12,420.000,-239680.82,0,0
flat_2r,month|alert_only,2025-10|actioned,47,0.107221,-1.052632,0.404255,-1.250000,6,1.568752,-0.341278,0.555720,21,564.000,60472.58,0,0
flat_2r,month|alert_only,2025-10|alert_only,17,-0.837113,-1.250000,0.117647,-1.250000,15,1.037832,-1.330468,-0.343759,14,306.000,-256156.72,1,0
flat_2r,month|alert_only,2025-11|actioned,54,0.503598,2.000000,0.537037,-1.250000,3,1.612091,0.073618,0.933579,16,850.500,428310.36,0,0
flat_2r,month|alert_only,2025-11|alert_only,24,-0.156689,-1.250000,0.333333,-1.250000,3,1.525744,-0.767114,0.453735,12,504.000,-78971.46,0,0
flat_2r,month|alert_only,2025-12|actioned,42,0.246474,-1.096206,0.452381,-1.250000,8,1.598180,-0.236871,0.729819,19,557.053,137299.12,0,0
flat_2r,month|alert_only,2025-12|alert_only,24,0.249994,-1.125070,0.458333,-1.250000,5,1.610115,-0.394186,0.894174,13,465.231,116304.97,0,0
flat_2r,month|alert_only,2026-01|actioned,50,0.136770,-1.093153,0.420000,-1.250000,5,1.586543,-0.302998,0.576537,18,700.000,95738.66,0,0
flat_2r,month|alert_only,2026-01|alert_only,13,-0.176260,-1.004361,0.307692,-1.250000,6,1.453756,-0.966531,0.614011,9,364.000,-64158.58,1,0
flat_2r,month|alert_only,2026-02|actioned,59,0.160823,-1.044444,0.423729,-1.250000,7,1.578479,-0.241958,0.563604,19,782.526,125848.40,0,0
flat_2r,month|alert_only,2026-02|alert_only,26,0.130842,-1.240915,0.423077,-1.250000,4,1.600852,-0.484506,0.746190,16,409.500,53579.78,0,0
flat_2r,month|alert_only,2026-03|actioned,65,-0.079785,-1.216956,0.353846,-1.250000,11,1.539851,-0.454135,0.294566,19,862.105,-68782.69,0,0
flat_2r,month|alert_only,2026-03|alert_only,24,-0.769414,-1.250000,0.125000,-1.250000,14,1.060517,-1.193709,-0.345119,16,378.000,-290838.50,0,0
flat_2r,month|alert_only,2026-04|actioned,51,0.232281,-1.071429,0.450980,-1.250000,5,1.575519,-0.200128,0.664690,19,676.421,157119.78,0,0
flat_2r,month|alert_only,2026-04|alert_only,18,-0.024781,-1.163168,0.388889,-1.250000,6,1.508952,-0.721881,0.672319,11,412.364,-10218.70,1,0
flat_2r,month|alert_only,2026-05|actioned,61,0.011379,-1.184783,0.377049,-1.250000,6,1.553392,-0.378448,0.401207,18,854.000,9717.89,0,0
flat_2r,month|alert_only,2026-05|alert_only,31,0.131648,-1.082340,0.419355,-1.250000,8,1.588543,-0.427561,0.690857,16,488.250,64277.04,0,0
flat_2r,month|alert_only,2026-06|actioned,71,0.111691,-1.112500,0.408451,-1.250000,5,1.574224,-0.254488,0.477870,21,852.000,95160.92,0,0
flat_2r,month|alert_only,2026-06|alert_only,22,-0.635569,-1.250000,0.181818,-1.250000,7,1.243582,-1.155229,-0.115909,12,462.000,-293632.99,0,0
flat_2r,month|alert_only,2026-07|actioned,65,0.219845,-1.068966,0.446154,-1.250000,6,1.598608,-0.168789,0.608480,19,862.105,189529.77,0,0
flat_2r,month|alert_only,2026-07|alert_only,35,-0.533503,-1.250000,0.200000,-1.250000,8,1.278054,-0.956923,-0.110084,16,551.250,-294093.69,0,0
flat_2r,month|alert_only,2026-08|actioned,24,1.000950,2.000000,0.708333,-1.250000,2,1.458610,0.417384,1.584515,8,756.000,756717.98,0,0
flat_2r,month|alert_only,2026-08|alert_only,10,0.076552,-1.117241,0.400000,-1.250000,3,1.571673,-0.897581,1.050685,6,420.000,32151.72,1,0
flat_2r,month|trend_qqq,2025-08|aligned,10,0.077291,-1.113545,0.400000,-1.250000,3,1.571496,-0.896733,1.051315,3,840.000,64924.45,1,0
flat_2r,month|trend_qqq,2025-08|flat,1,-1.002155,-1.002155,0.000000,-1.002155,1,0.000000,-1.002155,-1.002155,1,252.000,-252543.10,1,0
flat_2r,month|trend_qqq,2025-08|opposed,11,0.243714,-1.069150,0.454545,-1.250000,4,1.604035,-0.704211,1.191638,4,693.000,168893.56,1,0
flat_2r,month|trend_qqq,2025-09|aligned,25,-0.178604,-1.226891,0.320000,-1.250000,6,1.496063,-0.765061,0.407852,12,525.000,-93767.35,0,0
flat_2r,month|trend_qqq,2025-09|flat,8,-0.015491,-1.186963,0.375000,-1.250000,3,1.561412,-1.097494,1.066513,4,504.000,-7807.34,1,0
flat_2r,month|trend_qqq,2025-09|opposed,17,-0.631726,-1.250000,0.176471,-1.250000,8,1.220476,-1.211904,-0.051549,12,357.000,-225526.35,1,0
flat_2r,month|trend_qqq,2025-10|aligned,34,-0.141182,-1.240741,0.323529,-1.250000,4,1.494272,-0.643463,0.361098,19,450.947,-63665.85,0,0
flat_2r,month|trend_qqq,2025-10|flat,14,0.375000,0.375000,0.500000,-1.250000,2,1.625000,-0.476227,1.226227,8,441.000,165375.00,1,0
flat_2r,month|trend_qqq,2025-10|opposed,16,-0.602584,-1.242647,0.187500,-1.250000,7,1.252205,-1.216164,0.010996,10,403.200,-242961.88,1,0
flat_2r,month|trend_qqq,2025-11|aligned,36,0.476714,2.000000,0.527778,-1.250000,5,1.611000,-0.049546,1.002974,11,824.727,393158.95,0,0
flat_2r,month|trend_qqq,2025-11|flat,8,0.781250,2.000000,0.625000,-1.250000,2,1.573399,-0.309060,1.871560,3,672.000,525000.00,1,0
flat_2r,month|trend_qqq,2025-11|opposed,34,0.000649,-1.250000,0.382353,-1.250000,9,1.573594,-0.528295,0.529592,11,778.909,505.44,0,0
flat_2r,month|trend_qqq,2025-12|aligned,37,0.340130,-1.055556,0.486486,-1.250000,3,1.615983,-0.180575,0.860835,15,621.600,211424.79,0,0
flat_2r,month|trend_qqq,2025-12|flat,10,0.140382,-0.798088,0.400000,-1.250000,3,1.533927,-0.810355,1.091120,5,504.000,70752.78,1,0
flat_2r,month|trend_qqq,2025-12|opposed,19,0.124376,-1.250000,0.421053,-1.250000,5,1.599729,-0.594950,0.843702,12,399.000,49626.03,1,0
flat_2r,month|trend_qqq,2026-01|aligned,32,0.101691,-1.051786,0.406250,-1.250000,3,1.571797,-0.442909,0.646291,18,448.000,45557.49,0,0
flat_2r,month|trend_qqq,2026-01|flat,5,1.399128,2.000000,0.800000,-1.004361,1,1.201744,0.345752,2.452503,5,252.000,352580.19,1,0
flat_2r,month|trend_qqq,2026-01|opposed,26,-0.219333,-1.212932,0.307692,-1.250000,5,1.480924,-0.788582,0.349916,14,468.000,-102647.66,0,0
flat_2r,month|trend_qqq,2026-02|aligned,39,0.111047,-1.044444,0.410256,-1.250000,5,1.576931,-0.383874,0.605969,15,655.200,72758.25,0,0
flat_2r,month|trend_qqq,2026-02|flat,7,0.178598,-1.102273,0.428571,-1.250000,2,1.578135,-0.990501,1.347697,3,588.000,105015.65,1,0
flat_2r,month|trend_qqq,2026-02|opposed,39,0.187421,-1.096026,0.435897,-1.250000,6,1.594194,-0.312918,0.687761,16,614.250,115123.47,0,0
flat_2r,month|trend_qqq,2026-03|aligned,49,-0.007624,-1.084507,0.367347,-1.250000,8,1.534982,-0.437418,0.422171,18,686.000,-5229.73,0,0
flat_2r,month|trend_qqq,2026-03|flat,14,-0.766211,-1.250000,0.142857,-1.250000,7,1.130056,-1.358171,-0.174252,5,705.600,-540638.58,1,0
flat_2r,month|trend_qqq,2026-03|opposed,26,-0.482747,-1.250000,0.230769,-1.250000,8,1.360526,-1.005716,0.040222,12,546.000,-263579.93,0,0
flat_2r,month|trend_qqq,2026-04|aligned,38,0.273450,-0.543786,0.473684,-1.250000,3,1.552263,-0.220098,0.766998,17,563.294,154032.86,0,0
flat_2r,month|trend_qqq,2026-04|flat,13,-0.205338,-1.106898,0.307692,-1.250000,5,1.472335,-1.005709,0.595032,6,546.000,-112114.73,1,0
flat_2r,month|trend_qqq,2026-04|opposed,18,0.204365,-1.160714,0.444444,-1.250000,4,1.606561,-0.537828,0.946558,10,453.600,92700.00,1,0
flat_2r,month|trend_qqq,2026-05|aligned,52,0.087021,-1.083853,0.403846,-1.250000,6,1.575718,-0.341264,0.515306,18,728.000,63351.18,0,0
flat_2r,month|trend_qqq,2026-05|flat,7,0.761503,2.000000,0.571429,-1.250000,2,1.465127,-0.323878,1.846884,4,441.000,335822.93,1,0
flat_2r,month|trend_qqq,2026-05|opposed,33,-0.153951,-1.250000,0.333333,-1.250000,7,1.523511,-0.673761,0.365859,13,639.692,-98481.41,0,0
flat_2r,month|trend_qqq,2026-06|aligned,66,0.116914,-1.117026,0.409091,-1.250000,5,1.572251,-0.262407,0.496234,20,831.600,97225.31,0,0
flat_2r,month|trend_qqq,2026-06|flat,4,0.375000,0.375000,0.500000,-1.250000,1,1.625000,-1.217500,1.967500,3,336.000,126000.00,1,0
flat_2r,month|trend_qqq,2026-06|opposed,23,-0.663858,-1.250000,0.173913,-1.250000,7,1.223549,-1.163909,-0.163808,12,483.000,-320643.57,0,0
flat_2r,month|trend_qqq,2026-07|aligned,51,0.080002,-1.070796,0.392157,-1.250000,12,1.548698,-0.345045,0.505050,15,856.800,68545.98,0,0
flat_2r,month|trend_qqq,2026-07|flat,7,0.142857,-1.250000,0.428571,-1.250000,3,1.608333,-1.048613,1.334327,2,882.000,126000.00,1,0
flat_2r,month|trend_qqq,2026-07|opposed,42,-0.225305,-1.250000,0.309524,-1.250000,10,1.490874,-0.676196,0.225587,18,588.000,-132479.06,0,0
flat_2r,month|trend_qqq,2026-08|aligned,18,0.757085,2.000000,0.611111,-1.250000,2,1.558809,0.036952,1.477218,7,648.000,490591.39,1,0
flat_2r,month|trend_qqq,2026-08|flat,1,2.000000,2.000000,1.000000,2.000000,0,0.000000,2.000000,2.000000,1,252.000,504000.00,1,0
flat_2r,month|trend_qqq,2026-08|opposed,12,0.263398,-0.294614,0.500000,-1.250000,5,1.554002,-0.615862,1.142657,6,504.000,132752.41,1,0
flat_2r,month|trend_qqq,2026-08|unknown,3,2.000000,2.000000,1.000000,2.000000,0,0.000000,2.000000,2.000000,1,756.000,1512000.00,1,0
flat_2r,month|side,2025-08|long,13,0.269065,-1.002155,0.461538,-1.250000,3,1.603798,-0.602769,1.140899,4,819.000,220364.22,1,0
flat_2r,month|side,2025-08|short,9,-0.116249,-1.069150,0.333333,-1.250000,3,1.498692,-1.095394,0.862897,3,756.000,-87884.14,1,0
flat_2r,month|side,2025-09|long,31,-0.381344,-1.226891,0.258065,-1.250000,7,1.405526,-0.876126,0.113438,16,488.250,-186191.12,0,0
flat_2r,month|side,2025-09|short,19,-0.184565,-1.202176,0.315789,-1.250000,5,1.486245,-0.852862,0.483733,12,399.000,-73641.32,1,0
flat_2r,month|side,2025-10|long,32,-0.077100,-1.233388,0.343750,-1.250000,4,1.517191,-0.602780,0.448580,16,504.000,-38858.48,0,0
flat_2r,month|side,2025-10|short,32,-0.210136,-1.250000,0.312500,-1.250000,7,1.491297,-0.726844,0.306572,17,474.353,-99678.49,0,0
flat_2r,month|side,2025-11|long,15,0.483333,2.000000,0.533333,-1.250000,2,1.621385,-0.337201,1.303867,8,472.500,228375.00,1,0
flat_2r,month|side,2025-11|short,63,0.256885,-1.071144,0.460317,-1.250000,5,1.610463,-0.140797,0.654568,13,1221.231,313716.02,0,0
flat_2r,month|side,2025-12|long,29,0.364743,-0.479896,0.482759,-1.250000,6,1.585881,-0.212459,0.941945,16,456.750,166596.45,0,0
flat_2r,month|side,2025-12|short,37,0.156060,-1.250000,0.432432,-1.250000,6,1.609527,-0.362565,0.674685,15,621.600,97006.99,0,0
flat_2r,month|side,2026-01|long,29,0.231619,-1.075000,0.448276,-1.250000,5,1.595008,-0.348905,0.812143,15,487.200,112844.79,0,0
flat_2r,month|side,2026-01|short,34,-0.063819,-1.093153,0.352941,-1.250000,4,1.526219,-0.576838,0.449200,17,504.000,-32164.90,0,0
flat_2r,month|side,2026-02|long,38,-0.109526,-1.198770,0.342105,-1.250000,8,1.522658,-0.593661,0.374609,14,684.000,-74915.82,0,0
flat_2r,month|side,2026-02|short,47,0.362818,-1.026316,0.489362,-1.250000,6,1.603593,-0.095642,0.821278,16,740.250,268576.11,0,0
flat_2r,month|side,2026-03|long,40,-0.323265,-1.199466,0.275000,-1.250000,12,1.432179,-0.767101,0.120572,17,592.941,-191676.94,0,0
flat_2r,month|side,2026-03|short,49,-0.218803,-1.250000,0.306122,-1.250000,9,1.478881,-0.632890,0.195284,18,686.000,-150098.84,0,0
flat_2r,month|side,2026-04|long,42,0.287287,-0.536868,0.476190,-1.250000,4,1.555756,-0.183227,0.757801,16,661.500,190040.37,0,0
flat_2r,month|side,2026-04|short,27,-0.024658,-1.250000,0.370370,-1.250000,5,1.554017,-0.610837,0.561520,12,567.000,-13981.32,0,0
flat_2r,month|side,2026-05|long,53,-0.047457,-1.250000,0.358491,-1.250000,7,1.537824,-0.461480,0.366567,19,702.947,-33359.56,0,0
flat_2r,month|side,2026-05|short,39,0.186934,-1.085366,0.435897,-1.250000,4,1.594423,-0.313478,0.687345,13,756.000,141322.03,0,0
flat_2r,month|side,2026-06|long,36,-0.331771,-1.250000,0.277778,-1.250000,5,1.446521,-0.804301,0.140760,15,604.800,-200654.83,0,0
flat_2r,month|side,2026-06|short,57,0.103356,-1.095075,0.403509,-1.250000,7,1.566355,-0.303283,0.509995,17,844.941,87329.75,0,0
flat_2r,month|side,2026-07|long,54,0.110037,-1.097894,0.407407,-1.250000,5,1.572978,-0.309511,0.529585,18,756.000,83188.12,0,0
flat_2r,month|side,2026-07|short,46,-0.224450,-1.158184,0.304348,-1.250000,15,1.472963,-0.650116,0.201216,16,724.500,-162613.72,0,0
flat_2r,month|side,2026-08|long,24,0.659481,2.000000,0.583333,-1.250000,4,1.586758,0.024646,1.294316,8,756.000,498567.47,0,0
flat_2r,month|side,2026-08|short,10,0.896077,2.000000,0.700000,-1.250000,2,1.448174,-0.001510,1.793665,6,420.000,376352.41,1,0
flat_2r,quarter|setup,2025-Q3|break_and_retest,61,-0.207022,-1.226891,0.311475,-1.250000,7,1.485919,-0.579917,0.165872,19,809.053,-167492.03,0,0
flat_2r,quarter|setup,2025-Q3|one_candle_rule,11,-0.022583,-1.069150,0.363636,-1.250000,2,1.530774,-0.927213,0.882046,7,396.000,-8942.97,1,0
flat_2r,quarter|setup,2025-Q4|break_and_retest,180,0.157779,-1.175169,0.427778,-1.250000,8,1.594470,-0.075157,0.390715,57,795.789,125558.97,0,0
flat_2r,quarter|setup,2025-Q4|one_candle_rule,28,0.078348,-1.182671,0.392857,-1.250000,8,1.560614,-0.499711,0.656408,21,336.000,26325.02,0,0
flat_2r,quarter|setup,2026-Q1|break_and_retest,211,-0.001590,-1.120000,0.374408,-1.250000,13,1.550639,-0.210820,0.207641,56,949.500,-1509.27,0,0
flat_2r,quarter|setup,2026-Q1|one_candle_rule,26,-0.226115,-1.222799,0.307692,-1.250000,5,1.485036,-0.796944,0.344715,22,297.818,-67341.04,0,0
flat_2r,quarter|setup,2026-Q2|break_and_retest,224,0.065622,-1.140578,0.397321,-1.250000,10,1.559545,-0.138613,0.269857,59,956.746,62783.81,0,0
flat_2r,quarter|setup,2026-Q2|one_candle_rule,28,-0.190226,-1.250000,0.321429,-1.250000,4,1.508403,-0.748946,0.368494,20,352.800,-67111.83,0,0
flat_2r,quarter|setup,2026-Q2|reentry_84_rule,2,0.375000,0.375000,0.500000,-1.250000,1,1.625000,-1.877135,2.627135,2,252.000,94500.00,1,0
flat_2r,quarter|setup,2026-Q3|break_and_retest,125,0.145175,-1.095864,0.424000,-1.250000,5,1.577304,-0.131339,0.421688,29,1086.207,157689.65,0,0
flat_2r,quarter|setup,2026-Q3|one_candle_rule,9,0.250979,-1.045198,0.444444,-1.250000,3,1.565716,-0.771955,1.273913,7,324.000,81317.29,1,0
flat_2r,quarter|grade,2025-Q3|B,43,-0.009702,-1.109216,0.372093,-1.250000,6,1.548529,-0.472553,0.453149,19,570.316,-5533.00,0,0
flat_2r,quarter|grade,2025-Q3|C,29,-0.429642,-1.227090,0.241379,-1.250000,9,1.372292,-0.929105,0.069822,16,456.750,-196238.89,0,0
flat_2r,quarter|grade,2025-Q4|A+,2,-1.250000,-1.250000,0.000000,-1.250000,2,0.000000,-1.250000,-1.250000,1,504.000,-630000.00,1,0
flat_2r,quarter|grade,2025-Q4|B,141,0.319756,-1.032530,0.475177,-1.250000,8,1.603463,0.055086,0.584427,56,634.500,202885.24,0,0
flat_2r,quarter|grade,2025-Q4|C,65,-0.184486,-1.250000,0.323077,-1.250000,15,1.509912,-0.551558,0.182585,39,420.000,-77484.28,0,0
flat_2r,quarter|grade,2026-Q1|A,1,-1.250000,-1.250000,0.000000,-1.250000,1,0.000000,-1.250000,-1.250000,1,252.000,-315000.00,1,0
flat_2r,quarter|grade,2026-Q1|B,173,0.071625,-1.111111,0.398844,-1.250000,11,1.571806,-0.162600,0.305849,56,778.500,55759.72,0,0
flat_2r,quarter|grade,2026-Q1|C,63,-0.275483,-1.225250,0.285714,-1.250000,14,1.444056,-0.632073,0.081108,41,387.220,-106672.36,0,0
flat_2r,quarter|grade,2026-Q2|A,6,-0.166667,-1.250000,0.333333,-1.250000,3,1.532065,-1.392574,1.059240,4,378.000,-63000.00,1,0
flat_2r,quarter|grade,2026-Q2|B,177,0.121303,-1.106898,0.412429,-1.250000,7,1.570439,-0.110059,0.352664,58,769.034,93285.81,0,0
flat_2r,quarter|grade,2026-Q2|C,71,-0.145739,-1.240000,0.338028,-1.250000,8,1.506617,-0.496192,0.204713,39,458.769,-66860.74,0,0
flat_2r,quarter|grade,2026-Q3|A+,1,-1.250000,-1.250000,0.000000,-1.250000,1,0.000000,-1.250000,-1.250000,1,252.000,-315000.00,1,0
flat_2r,quarter|grade,2026-Q3|B,88,0.449577,2.000000,0.522727,-1.250000,6,1.599040,0.115478,0.783675,27,821.333,369252.21,0,0
flat_2r,quarter|grade,2026-Q3|C,45,-0.397936,-1.217175,0.244444,-1.250000,10,1.372475,-0.798945,0.003074,22,515.455,-205117.67,0,0
flat_2r,quarter|alert_only,2025-Q3|actioned,43,-0.009702,-1.109216,0.372093,-1.250000,6,1.548529,-0.472553,0.453149,19,570.316,-5533.00,0,0
flat_2r,quarter|alert_only,2025-Q3|alert_only,29,-0.429642,-1.227090,0.241379,-1.250000,9,1.372292,-0.929105,0.069822,16,456.750,-196238.89,0,0
flat_2r,quarter|alert_only,2025-Q4|actioned,143,0.297801,-1.039936,0.468531,-1.250000,8,1.602847,0.035089,0.560514,56,643.500,191635.24,0,0
flat_2r,quarter|alert_only,2025-Q4|alert_only,65,-0.184486,-1.250000,0.323077,-1.250000,15,1.509912,-0.551558,0.182585,39,420.000,-77484.28,0,0
flat_2r,quarter|alert_only,2026-Q1|actioned,174,0.064029,-1.115556,0.396552,-1.250000,11,1.570464,-0.169322,0.297380,56,783.000,50134.72,0,0
flat_2r,quarter|alert_only,2026-Q1|alert_only,63,-0.275483,-1.225250,0.285714,-1.250000,14,1.444056,-0.632073,0.081108,41,387.220,-106672.36,0,0
flat_2r,quarter|alert_only,2026-Q2|actioned,183,0.111861,-1.112500,0.409836,-1.250000,9,1.570034,-0.115617,0.339339,58,795.103,88940.98,0,0
flat_2r,quarter|alert_only,2026-Q2|alert_only,71,-0.145739,-1.240000,0.338028,-1.250000,8,1.506617,-0.496192,0.204713,39,458.769,-66860.74,0,0
flat_2r,quarter|alert_only,2026-Q3|actioned,89,0.430480,2.000000,0.516854,-1.250000,6,1.600091,0.098046,0.762914,27,830.667,357585.54,0,0
flat_2r,quarter|alert_only,2026-Q3|alert_only,45,-0.397936,-1.217175,0.244444,-1.250000,10,1.372475,-0.798945,0.003074,22,515.455,-205117.67,0,0
flat_2r,quarter|trend_qqq,2025-Q3|aligned,35,-0.105491,-1.226891,0.342857,-1.250000,6,1.522394,-0.609861,0.398878,15,588.000,-62028.99,0,0
flat_2r,quarter|trend_qqq,2025-Q3|flat,9,-0.125120,-1.167910,0.333333,-1.250000,4,1.504416,-1.108005,0.857765,5,453.600,-56754.50,1,0
flat_2r,quarter|trend_qqq,2025-Q3|opposed,28,-0.287804,-1.226088,0.285714,-1.250000,8,1.448438,-0.824312,0.248705,16,441.000,-126921.37,0,0
flat_2r,quarter|trend_qqq,2025-Q4|aligned,107,0.233143,-1.055556,0.448598,-1.250000,5,1.598170,-0.069679,0.535965,45,599.200,139699.31,0,0
flat_2r,quarter|trend_qqq,2025-Q4|flat,32,0.403245,0.760052,0.500000,-1.250000,3,1.602225,-0.151898,0.958387,16,504.000,203235.24,0,0
flat_2r,quarter|trend_qqq,2025-Q4|opposed,69,-0.105161,-1.250000,0.347826,-1.250000,9,1.538129,-0.468093,0.257770,33,526.909,-55410.50,0,0
flat_2r,quarter|trend_qqq,2026-Q1|aligned,120,0.060095,-1.068750,0.391667,-1.250000,8,1.559575,-0.218948,0.339138,51,592.941,35632.81,0,0
flat_2r,quarter|trend_qqq,2026-Q1|flat,26,-0.095428,-1.143770,0.346154,-1.250000,7,1.525757,-0.681910,0.491054,13,504.000,-48095.77,0,0
flat_2r,quarter|trend_qqq,2026-Q1|opposed,91,-0.120271,-1.225250,0.340659,-1.250000,8,1.524988,-0.433601,0.193059,42,546.000,-65667.88,0,0
flat_2r,quarter|trend_qqq,2026-Q2|aligned,156,0.145080,-1.094312,0.423077,-1.250000,9,1.570310,-0.101342,0.391502,55,714.764,103697.93,0,0
flat_2r,quarter|trend_qqq,2026-Q2|flat,24,0.173380,-1.031250,0.416667,-1.250000,6,1.557483,-0.449743,0.796503,13,465.231,80661.79,0,0
flat_2r,quarter|trend_qqq,2026-Q2|opposed,74,-0.225278,-1.250000,0.310811,-1.250000,7,1.495045,-0.565917,0.115361,35,532.800,-120028.03,0,0
flat_2r,quarter|trend_qqq,2026-Q3|aligned,69,0.256633,-1.034884,0.449275,-1.250000,12,1.579575,-0.116078,0.629343,22,790.364,202833.16,0,0
flat_2r,quarter|trend_qqq,2026-Q3|flat,8,0.375000,0.375000,0.500000,-1.250000,3,1.625000,-0.751068,1.501068,3,672.000,252000.00,1,0
flat_2r,quarter|trend_qqq,2026-Q3|opposed,54,-0.116704,-1.250000,0.351852,-1.250000,10,1.518782,-0.521797,0.288389,24,567.000,-66171.19,0,0
flat_2r,quarter|trend_qqq,2026-Q3|unknown,3,2.000000,2.000000,1.000000,2.000000,0,0.000000,2.000000,2.000000,1,756.000,1512000.00,1,0
flat_2r,quarter|side,2025-Q3|long,44,-0.189178,-1.216453,0.318182,-1.250000,7,1.496612,-0.631398,0.253043,20,554.400,-104880.05,0,0
flat_2r,quarter|side,2025-Q3|short,28,-0.162606,-1.135663,0.321429,-1.250000,5,1.490599,-0.714732,0.389520,15,470.400,-76489.89,0,0
flat_2r,quarter|side,2025-Q4|long,76,0.202110,-1.077778,0.434211,-1.250000,6,1.583121,-0.153819,0.558039,40,478.800,96770.19,0,0
flat_2r,quarter|side,2025-Q4|short,132,0.115406,-1.242313,0.416667,-1.250000,7,1.593376,-0.156417,0.387230,45,739.200,85308.42,0,0
flat_2r,quarter|side,2026-Q1|long,107,-0.096968,-1.147541,0.345794,-1.250000,12,1.525824,-0.386082,0.192145,46,586.174,-56840.39,0,0
flat_2r,quarter|side,2026-Q1|short,130,0.032010,-1.115556,0.384615,-1.250000,9,1.558510,-0.235904,0.299923,51,642.353,20561.48,0,0
flat_2r,quarter|side,2026-Q2|long,131,-0.018266,-1.216306,0.374046,-1.250000,11,1.537887,-0.281623,0.245091,50,660.240,-12060.16,0,0
flat_2r,quarter|side,2026-Q2|short,123,0.101756,-1.095075,0.406504,-1.250000,7,1.574470,-0.176496,0.380007,42,738.000,75095.63,0,0
flat_2r,quarter|side,2026-Q3|long,78,0.279097,-1.051213,0.461538,-1.250000,5,1.597487,-0.075428,0.633621,26,756.000,210997.15,0,0
flat_2r,quarter|side,2026-Q3|short,56,-0.024356,-1.107838,0.375000,-1.250000,15,1.529988,-0.425084,0.376373,22,641.455,-15622.96,0,0
flat_2r,setup|grade,break_and_retest|A,3,-0.166667,-1.250000,0.333333,-1.250000,2,1.532065,-1.900361,1.567028,3,252.000,-42000.00,1,0
flat_2r,setup|grade,break_and_retest|A+,3,-1.250000,-1.250000,0.000000,-1.250000,3,0.000000,-1.250000,-1.250000,2,378.000,-472500.00,1,0
flat_2r,setup|grade,break_and_retest|B,583,0.216186,-1.071144,0.444254,-1.250000,10,1.591074,0.087030,0.345341,210,699.600,151243.42,0,0
flat_2r,setup|grade,break_and_retest|C,212,-0.346715,-1.250000,0.268868,-1.250000,18,1.417083,-0.537473,-0.155956,135,395.733,-137206.52,0,0
flat_2r,setup|grade,one_candle_rule|A,2,-1.250000,-1.250000,0.000000,-1.250000,2,0.000000,-1.250000,-1.250000,2,252.000,-315000.00,1,0
flat_2r,setup|grade,one_candle_rule|B,39,-0.203677,-1.250000,0.307692,-1.250000,7,1.481051,-0.668507,0.261152,37,265.622,-54101.09,0,0
flat_2r,setup|grade,one_candle_rule|C,61,0.056430,-1.116279,0.393443,-1.250000,10,1.566466,-0.336678,0.449539,51,301.412,17008.75,0,0
flat_2r,setup|grade,reentry_84_rule|A,2,0.375000,0.375000,0.500000,-1.250000,1,1.625000,-1.877135,2.627135,2,252.000,94500.00,1,0
flat_2r,setup|alert_only,break_and_retest|actioned,589,0.206768,-1.075000,0.441426,-1.250000,10,1.590374,0.078328,0.335207,211,703.450,145450.80,0,0
flat_2r,setup|alert_only,break_and_retest|alert_only,212,-0.346715,-1.250000,0.268868,-1.250000,18,1.417083,-0.537473,-0.155956,135,395.733,-137206.52,0,0
flat_2r,setup|alert_only,one_candle_rule|actioned,41,-0.254717,-1.250000,0.292683,-1.250000,7,1.461955,-0.702223,0.192788,39,264.923,-67480.52,0,0
flat_2r,setup|alert_only,one_candle_rule|alert_only,61,0.056430,-1.116279,0.393443,-1.250000,10,1.566466,-0.336678,0.449539,51,301.412,17008.75,0,0
flat_2r,setup|alert_only,reentry_84_rule|actioned,2,0.375000,0.375000,0.500000,-1.250000,1,1.625000,-1.877135,2.627135,2,252.000,94500.00,1,0
flat_2r,setup|trend_qqq,break_and_retest|aligned,440,0.165794,-1.072609,0.427273,-1.250000,12,1.579639,0.018193,0.313394,182,609.231,101006.62,0,0
flat_2r,setup|trend_qqq,break_and_retest|flat,86,0.152023,-1.104586,0.418605,-1.250000,7,1.574527,-0.180756,0.484803,47,461.106,70098.98,0,0
flat_2r,setup|trend_qqq,break_and_retest|opposed,272,-0.160811,-1.250000,0.330882,-1.250000,10,1.512089,-0.340511,0.018889,138,496.696,-79874.05,0,0
flat_2r,setup|trend_qqq,break_and_retest|unknown,3,2.000000,2.000000,1.000000,2.000000,0,0.000000,2.000000,2.000000,1,756.000,1512000.00,1,0
flat_2r,setup|trend_qqq,one_candle_rule|aligned,46,-0.062904,-1.137685,0.347826,-1.250000,4,1.516816,-0.501243,0.375435,36,322.000,-20255.04,0,0
flat_2r,setup|trend_qqq,one_candle_rule|flat,13,0.260286,-1.116279,0.461538,-1.250000,4,1.611028,-0.615479,1.136051,11,297.818,77517.97,1,0
flat_2r,setup|trend_qqq,one_candle_rule|opposed,43,-0.174217,-1.246154,0.325581,-1.250000,6,1.511391,-0.625967,0.277534,36,301.000,-52439.18,0,0
flat_2r,setup|trend_qqq,reentry_84_rule|aligned,1,-1.250000,-1.250000,0.000000,-1.250000,1,0.000000,-1.250000,-1.250000,1,252.000,-315000.00,1,0
flat_2r,setup|trend_qqq,reentry_84_rule|opposed,1,2.000000,2.000000,1.000000,2.000000,0,0.000000,2.000000,2.000000,1,252.000,504000.00,1,0
flat_2r,setup|side,break_and_retest|long,381,0.053692,-1.147059,0.393701,-1.250000,11,1.562615,-0.103216,0.210600,171,561.474,30146.64,0,0
flat_2r,setup|side,break_and_retest|short,420,0.066252,-1.110925,0.397619,-1.250000,15,1.568200,-0.083727,0.216232,166,637.590,42241.94,0,0
flat_2r,setup|side,one_candle_rule|long,54,-0.058687,-1.137685,0.351852,-1.250000,5,1.525504,-0.465573,0.348199,45,302.400,-17746.88,0,0
flat_2r,setup|side,one_candle_rule|short,48,-0.079835,-1.229460,0.354167,-1.250000,9,1.541159,-0.515831,0.356161,39,310.154,-24761.14,0,0
flat_2r,setup|side,reentry_84_rule|long,1,-1.250000,-1.250000,0.000000,-1.250000,1,0.000000,-1.250000,-1.250000,1,252.000,-315000.00,1,0
flat_2r,setup|side,reentry_84_rule|short,1,2.000000,2.000000,1.000000,2.000000,0,0.000000,2.000000,2.000000,1,252.000,504000.00,1,0
flat_2r,grade|alert_only,A|actioned,7,-0.321429,-1.250000,0.285714,-1.250000,3,1.468200,-1.409087,0.766229,5,352.800,-113400.00,1,0
flat_2r,grade|alert_only,A+|actioned,3,-1.250000,-1.250000,0.000000,-1.250000,3,0.000000,-1.250000,-1.250000,2,378.000,-472500.00,1,0
flat_2r,grade|alert_only,B|actioned,622,0.189860,-1.084936,0.435691,-1.250000,11,1.587666,0.065087,0.314633,216,725.667,137774.90,0,0
flat_2r,grade|alert_only,C|alert_only,273,-0.256635,-1.246269,0.296703,-1.250000,24,1.461476,-0.430002,-0.083268,157,438.191,-112454.99,0,0
flat_2r,grade|trend_qqq,A|aligned,4,-0.437500,-1.250000,0.250000,-1.250000,2,1.407291,-1.816645,0.941645,3,336.000,-147000.00,1,0
flat_2r,grade|trend_qqq,A|opposed,3,-0.166667,-1.250000,0.333333,-1.250000,1,1.532065,-1.900361,1.567028,2,378.000,-63000.00,1,0
flat_2r,grade|trend_qqq,A+|opposed,3,-1.250000,-1.250000,0.000000,-1.250000,3,0.000000,-1.250000,-1.250000,2,378.000,-472500.00,1,0
flat_2r,grade|trend_qqq,B|aligned,363,0.299941,-1.028000,0.468320,-1.250000,7,1.594642,0.135895,0.463987,172,531.837,159519.66,0,0
flat_2r,grade|trend_qqq,B|flat,62,0.106327,-1.113449,0.403226,-1.250000,6,1.565069,-0.283250,0.495905,43,363.349,38633.96,0,0
flat_2r,grade|trend_qqq,B|opposed,195,-0.007067,-1.250000,0.379487,-1.250000,8,1.559069,-0.225895,0.211762,124,396.290,-2800.52,0,0
flat_2r,grade|trend_qqq,B|unknown,2,2.000000,2.000000,1.000000,2.000000,0,0.000000,2.000000,2.000000,1,504.000,1008000.00,1,0
flat_2r,grade|trend_qqq,C|aligned,120,-0.319357,-1.237661,0.275000,-1.250000,12,1.416973,-0.572886,-0.065828,85,355.765,-113615.98,0,0
flat_2r,grade|trend_qqq,C|flat,37,0.266633,-1.004361,0.459459,-1.250000,5,1.599134,-0.248643,0.781909,22,423.818,113004.06,0,0
flat_2r,grade|trend_qqq,C|opposed,115,-0.379164,-1.250000,0.260870,-1.250000,14,1.414604,-0.637712,-0.120615,85,340.941,-129272.53,0,0
flat_2r,grade|trend_qqq,C|unknown,1,2.000000,2.000000,1.000000,2.000000,0,0.000000,2.000000,2.000000,1,252.000,504000.00,1,0
flat_2r,grade|side,A|long,2,-1.250000,-1.250000,0.000000,-1.250000,2,0.000000,-1.250000,-1.250000,1,504.000,-630000.00,1,0
flat_2r,grade|side,A|short,5,0.050000,-1.250000,0.400000,-1.250000,1,1.592168,-1.345597,1.445597,4,315.000,15750.00,1,0
flat_2r,grade|side,A+|long,1,-1.250000,-1.250000,0.000000,-1.250000,1,0.000000,-1.250000,-1.250000,1,252.000,-315000.00,1,0
flat_2r,grade|side,A+|short,2,-1.250000,-1.250000,0.000000,-1.250000,2,0.000000,-1.250000,-1.250000,1,504.000,-630000.00,1,0
flat_2r,grade|side,B|long,287,0.207910,-1.070796,0.439024,-1.250000,8,1.584495,0.024592,0.391229,155,466.606,97012.33,0,0
flat_2r,grade|side,B|short,335,0.174395,-1.094349,0.432836,-1.250000,11,1.590214,0.004105,0.344686,156,541.154,94374.78,0,0
flat_2r,grade|side,C|long,146,-0.273169,-1.250000,0.294521,-1.250000,14,1.457831,-0.509645,-0.036694,108,340.667,-93059.68,0,0
flat_2r,grade|side,C|short,127,-0.237626,-1.213768,0.299213,-1.250000,12,1.465425,-0.492496,0.017243,87,367.862,-87413.66,0,0
flat_2r,alert_only|trend_qqq,actioned|aligned,367,0.291903,-1.028571,0.465940,-1.250000,8,1.594558,0.128762,0.455044,172,537.698,156955.70,0,0
flat_2r,alert_only|trend_qqq,actioned|flat,62,0.106327,-1.113449,0.403226,-1.250000,6,1.565069,-0.283250,0.495905,43,363.349,38633.96,0,0
flat_2r,alert_only|trend_qqq,actioned|opposed,201,-0.028000,-1.250000,0.373134,-1.250000,8,1.554404,-0.242893,0.186893,124,408.484,-11437.61,0,0
flat_2r,alert_only|trend_qqq,actioned|unknown,2,2.000000,2.000000,1.000000,2.000000,0,0.000000,2.000000,2.000000,1,504.000,1008000.00,1,0
flat_2r,alert_only|trend_qqq,alert_only|aligned,120,-0.319357,-1.237661,0.275000,-1.250000,12,1.416973,-0.572886,-0.065828,85,355.765,-113615.98,0,0
flat_2r,alert_only|trend_qqq,alert_only|flat,37,0.266633,-1.004361,0.459459,-1.250000,5,1.599134,-0.248643,0.781909,22,423.818,113004.06,0,0
flat_2r,alert_only|trend_qqq,alert_only|opposed,115,-0.379164,-1.250000,0.260870,-1.250000,14,1.414604,-0.637712,-0.120615,85,340.941,-129272.53,0,0
flat_2r,alert_only|trend_qqq,alert_only|unknown,1,2.000000,2.000000,1.000000,2.000000,0,0.000000,2.000000,2.000000,1,252.000,504000.00,1,0
flat_2r,alert_only|side,actioned|long,290,0.192829,-1.079754,0.434483,-1.250000,8,1.583165,0.010614,0.375043,155,471.484,90915.56,0,0
flat_2r,alert_only|side,actioned|short,342,0.164247,-1.095470,0.429825,-1.250000,11,1.589362,-0.004201,0.332695,156,552.462,90740.16,0,0
flat_2r,alert_only|side,alert_only|long,146,-0.273169,-1.250000,0.294521,-1.250000,14,1.457831,-0.509645,-0.036694,108,340.667,-93059.68,0,0
flat_2r,alert_only|side,alert_only|short,127,-0.237626,-1.213768,0.299213,-1.250000,12,1.465425,-0.492496,0.017243,87,367.862,-87413.66,0,0
flat_2r,trend_qqq|side,aligned|long,231,0.002792,-1.141509,0.376623,-1.250000,12,1.541994,-0.196061,0.201646,99,588.000,1641.87,0,0
flat_2r,trend_qqq|side,aligned|short,256,0.266252,-1.028286,0.457031,-1.250000,15,1.593662,0.071029,0.461476,97,665.072,177077.09,0,0
flat_2r,trend_qqq|side,flat|long,60,0.208607,-1.082386,0.433333,-1.250000,5,1.575077,-0.189942,0.607157,36,420.000,87615.12,0,0
flat_2r,trend_qqq|side,flat|short,39,0.101059,-1.216956,0.410256,-1.250000,7,1.584807,-0.396335,0.598452,24,409.500,41383.56,0,0
flat_2r,trend_qqq|side,opposed|long,144,0.006084,-1.250000,0.381944,-1.250000,10,1.568123,-0.250043,0.262211,73,497.096,3024.35,0,0
flat_2r,trend_qqq|side,opposed|short,172,-0.291325,-1.250000,0.290698,-1.250000,11,1.454279,-0.508665,-0.073985,83,522.217,-152135.02,0,0
flat_2r,trend_qqq|side,unknown|long,1,2.000000,2.000000,1.000000,2.000000,0,0.000000,2.000000,2.000000,1,252.000,504000.00,1,0
flat_2r,trend_qqq|side,unknown|short,2,2.000000,2.000000,1.000000,2.000000,0,0.000000,2.000000,2.000000,1,504.000,1008000.00,1,0
hod_only,ALL,all trades,905,-0.004503,-1.229054,0.306077,-2.530000,14,2.235168,-0.150130,0.141124,229,995.895,-4484.23,0,0
hod_only,symbol,AAPL,19,0.021843,-1.016949,0.473684,-1.250000,3,1.451109,-0.630655,0.674341,18,266.000,5810.21,1,0
hod_only,symbol,AMD,64,0.564624,-1.250000,0.312500,-1.250000,10,3.293122,-0.242191,1.371438,50,322.560,182124.98,0,0
hod_only,symbol,AMZN,20,-0.317217,-1.220000,0.300000,-1.250000,7,1.496516,-0.973094,0.338660,20,252.000,-79938.65,0,0
hod_only,symbol,AVGO,46,-0.283169,-1.175733,0.260870,-1.250000,6,1.661889,-0.763432,0.197094,43,269.581,-76337.14,0,0
hod_only,symbol,BABA,9,-0.237871,-1.250000,0.333333,-1.250000,4,1.614198,-1.292480,0.816739,9,252.000,-59943.37,1,0
hod_only,symbol,COIN,76,-0.284807,-1.250000,0.302632,-1.980196,14,1.519595,-0.626454,0.056840,67,285.851,-81412.30,0,0
hod_only,symbol,CRM,37,0.173504,-1.100000,0.324324,-1.250000,9,2.176256,-0.527734,0.874742,33,282.545,49022.72,0,0
hod_only,symbol,GOOGL,20,0.031260,-1.180508,0.400000,-1.250000,4,1.858228,-0.783144,0.845664,20,252.000,7877.60,0,0
hod_only,symbol,HOOD,49,0.443105,-1.160375,0.408163,-1.250000,5,2.438204,-0.239592,1.125802,46,268.435,118944.79,0,0
hod_only,symbol,INTC,28,0.412152,-1.250000,0.392857,-1.361111,3,2.392700,-0.474117,1.298421,28,252.000,103862.32,0,0
hod_only,symbol,IREN,66,0.105036,-1.250000,0.272727,-2.530000,15,2.959450,-0.608959,0.819030,63,264.000,27729.39,0,0
hod_only,symbol,MARA,1,-2.156667,-2.156667,0.000000,-2.156667,1,0.000000,-2.156667,-2.156667,1,252.000,-543480.00,1,0
hod_only,symbol,META,38,0.527117,-1.066269,0.421053,-1.250000,4,2.144265,-0.154661,1.208894,35,273.600,144219.09,0,0
hod_only,symbol,MSFT,30,-0.105251,-1.250000,0.300000,-1.250000,7,1.830112,-0.760148,0.549646,27,280.000,-29470.22,0,0
hod_only,symbol,MU,72,0.133039,-1.250000,0.263889,-1.401338,7,3.193847,-0.604703,0.870780,64,283.500,37716.43,0,0
hod_only,symbol,NFLX,19,0.114223,-1.048649,0.315789,-1.250000,4,1.978528,-0.775432,1.003877,19,252.000,28784.15,1,0
hod_only,symbol,NVDA,39,-0.196758,-1.107843,0.282051,-1.250000,8,1.559461,-0.686197,0.292681,34,289.059,-56874.67,0,0
hod_only,symbol,ORCL,59,-0.330647,-1.250000,0.220339,-2.492308,13,2.050910,-0.853978,0.192685,46,323.217,-106870.79,0,0
hod_only,symbol,PLTR,61,-0.112228,-1.212882,0.295082,-1.250000,11,1.944258,-0.600144,0.375688,57,269.684,-30266.10,0,0
hod_only,symbol,QQQ,9,0.467632,-0.076271,0.444444,-1.250000,4,1.761260,-0.683058,1.618322,9,252.000,117843.21,1,0
hod_only,symbol,SOFI,4,-0.747443,-1.012744,0.250000,-1.250000,2,0.605613,-1.340944,-0.153943,4,252.000,-188355.70,1,0
hod_only,symbol,TSLA,71,-0.409018,-1.250000,0.239437,-1.333333,9,1.640811,-0.790686,-0.027350,61,293.311,-119969.68,0,0
hod_only,symbol,TSM,42,-0.338883,-1.151727,0.238095,-1.250000,11,1.432111,-0.772003,0.094236,39,271.385,-91967.76,0,0
hod_only,symbol,UBER,26,0.189141,-1.039664,0.423077,-1.250000,4,1.771903,-0.491957,0.870239,26,252.000,47663.49,0,0
hod_only,pool,equity,540,0.014678,-1.236695,0.301852,-2.492308,16,2.324227,-0.181359,0.210715,212,641.887,9421.54,0,0
hod_only,pool,index,9,0.467632,-0.076271,0.444444,-1.250000,4,1.761260,-0.683058,1.618322,9,252.000,117843.21,1,0
hod_only,pool,other,356,-0.045533,-1.223660,0.308989,-2.530000,10,2.102394,-0.263929,0.172863,184,487.565,-22200.24,0,0
hod_only,month,2025-08,22,-0.094188,-1.148120,0.318182,-1.250000,7,1.716169,-0.811329,0.622953,4,1386.000,-130544.90,0,0
hod_only,month,2025-09,50,-0.436012,-1.142289,0.260000,-1.250000,8,1.187552,-0.765184,-0.106839,17,741.176,-323161.54,0,0
hod_only,month,2025-10,64,-0.110468,-1.250000,0.281250,-2.530000,8,2.566937,-0.739368,0.518431,22,733.091,-80983.10,0,0
hod_only,month,2025-11,78,-0.001385,-1.250000,0.282051,-1.334702,7,2.430889,-0.540863,0.538094,18,1092.000,-1512.01,0,0
hod_only,month,2025-12,66,0.365331,-1.130884,0.409091,-2.492308,6,2.193139,-0.163784,0.894446,20,831.600,303809.41,0,0
hod_only,month,2026-01,63,-0.181549,-1.225250,0.285714,-1.250000,7,1.883878,-0.646747,0.283650,19,835.579,-151698.27,0,0
hod_only,month,2026-02,85,-0.016996,-1.138667,0.294118,-1.250000,10,2.871909,-0.627540,0.593549,19,1127.368,-19160.73,0,0
hod_only,month,2026-03,89,-0.272578,-1.246154,0.235955,-1.250000,14,1.925356,-0.672589,0.127433,21,1068.000,-291113.39,0,0
hod_only,month,2026-04,69,0.213880,-1.218266,0.362319,-1.572727,5,2.166057,-0.297215,0.724975,20,869.400,185947.08,0,0
hod_only,month,2026-05,92,-0.009095,-1.250000,0.271739,-1.250000,8,2.645346,-0.549656,0.531466,19,1220.211,-11097.88,0,0
hod_only,month,2026-06,93,0.021672,-1.229054,0.301075,-1.401338,9,2.018253,-0.388523,0.431867,21,1116.000,24185.66,0,0
hod_only,month,2026-07,100,-0.151602,-1.227635,0.290000,-1.361111,13,1.703955,-0.485577,0.182373,21,1200.000,-181922.17,0,0
hod_only,month,2026-08,34,1.153803,0.607142,0.558824,-1.333333,4,2.520139,0.306690,2.000915,8,1071.000,1235722.57,0,0
hod_only,quarter,2025-Q3,72,-0.331566,-1.142289,0.277778,-1.250000,8,1.379887,-0.650303,-0.012828,21,864.000,-286472.66,0,0
hod_only,quarter,2025-Q4,208,0.081413,-1.250000,0.322115,-2.530000,8,2.410202,-0.246137,0.408963,60,873.600,71122.40,0,0
hod_only,quarter,2026-Q1,237,-0.156716,-1.213768,0.270042,-1.250000,14,2.303429,-0.449979,0.136547,59,1012.271,-158639.02,0,0
hod_only,quarter,2026-Q2,254,0.062742,-1.250000,0.307087,-1.572727,12,2.304195,-0.220631,0.346115,60,1066.800,66933.01,0,0
hod_only,quarter,2026-Q3,134,0.179620,-1.131585,0.358209,-1.361111,13,2.025070,-0.163261,0.522501,29,1164.414,209152.24,0,0
hod_only,setup,break_and_retest,801,0.008427,-1.217391,0.312110,-2.530000,18,2.264047,-0.148365,0.165220,220,917.509,7731.91,0,0
hod_only,setup,one_candle_rule,102,-0.153691,-1.248077,0.254902,-1.333333,11,1.915544,-0.525438,0.218056,77,333.818,-51304.86,0,0
hod_only,setup,reentry_84_rule,2,2.425725,2.425725,0.500000,-1.250000,1,3.675725,-2.668570,7.520019,2,252.000,611282.61,1,0
hod_only,grade,A,7,0.928097,-1.250000,0.285714,-1.250000,3,3.446939,-1.625431,3.481625,5,352.800,327432.66,1,0
hod_only,grade,A+,3,-1.250000,-1.250000,0.000000,-1.250000,3,0.000000,-1.250000,-1.250000,2,378.000,-472500.00,1,0
hod_only,grade,B,622,0.277814,-1.107995,0.381029,-2.530000,13,2.430118,0.086834,0.468794,216,725.667,201600.19,0,0
hod_only,grade,C,273,-0.657955,-1.250000,0.139194,-1.333333,44,1.467720,-0.832063,-0.483848,157,438.191,-288310.15,0,0
hod_only,alert_only,actioned,632,0.277764,-1.111806,0.378165,-2.530000,13,2.441187,0.087438,0.468090,216,737.333,204804.65,0,0
hod_only,alert_only,alert_only,273,-0.657955,-1.250000,0.139194,-1.333333,44,1.467720,-0.832063,-0.483848,157,438.191,-288310.15,0,0
hod_only,trend_qqq,aligned,487,0.167279,-1.124992,0.351129,-2.530000,12,2.335981,-0.040194,0.374752,188,652.787,109197.68,0,0
hod_only,trend_qqq,flat,99,0.082563,-1.250000,0.303030,-1.572727,15,2.386784,-0.387604,0.552729,50,498.960,41195.60,0,0
hod_only,trend_qqq,opposed,316,-0.306516,-1.250000,0.234177,-1.980196,13,1.984686,-0.525345,-0.087687,150,530.880,-162723.20,0,0
hod_only,trend_qqq,unknown,3,1.048475,2.144946,0.666667,-1.250000,1,1.625838,-0.791334,2.888285,1,756.000,792647.40,1,0
hod_only,session_third,09:30-10:00,905,-0.004503,-1.229054,0.306077,-2.530000,14,2.235168,-0.150130,0.141124,229,995.895,-4484.23,0,0
hod_only,side,long,436,-0.037837,-1.242063,0.302752,-2.530000,27,2.094153,-0.234408,0.158735,182,603.692,-22841.61,0,0
hod_only,side,short,469,0.026486,-1.213768,0.309168,-2.156667,27,2.358289,-0.186950,0.239921,175,675.360,17887.33,0,0
hod_only,symbol|pool,AAPL|equity,19,0.021843,-1.016949,0.473684,-1.250000,3,1.451109,-0.630655,0.674341,18,266.000,5810.21,1,0
hod_only,symbol|pool,AMD|equity,64,0.564624,-1.250000,0.312500,-1.250000,10,3.293122,-0.242191,1.371438,50,322.560,182124.98,0,0
hod_only,symbol|pool,AMZN|equity,20,-0.317217,-1.220000,0.300000,-1.250000,7,1.496516,-0.973094,0.338660,20,252.000,-79938.65,0,0
hod_only,symbol|pool,AVGO|other,46,-0.283169,-1.175733,0.260870,-1.250000,6,1.661889,-0.763432,0.197094,43,269.581,-76337.14,0,0
hod_only,symbol|pool,BABA|other,9,-0.237871,-1.250000,0.333333,-1.250000,4,1.614198,-1.292480,0.816739,9,252.000,-59943.37,1,0
hod_only,symbol|pool,COIN|other,76,-0.284807,-1.250000,0.302632,-1.980196,14,1.519595,-0.626454,0.056840,67,285.851,-81412.30,0,0
hod_only,symbol|pool,CRM|other,37,0.173504,-1.100000,0.324324,-1.250000,9,2.176256,-0.527734,0.874742,33,282.545,49022.72,0,0
hod_only,symbol|pool,GOOGL|equity,20,0.031260,-1.180508,0.400000,-1.250000,4,1.858228,-0.783144,0.845664,20,252.000,7877.60,0,0
hod_only,symbol|pool,HOOD|other,49,0.443105,-1.160375,0.408163,-1.250000,5,2.438204,-0.239592,1.125802,46,268.435,118944.79,0,0
hod_only,symbol|pool,INTC|equity,28,0.412152,-1.250000,0.392857,-1.361111,3,2.392700,-0.474117,1.298421,28,252.000,103862.32,0,0
hod_only,symbol|pool,IREN|other,66,0.105036,-1.250000,0.272727,-2.530000,15,2.959450,-0.608959,0.819030,63,264.000,27729.39,0,0
hod_only,symbol|pool,MARA|other,1,-2.156667,-2.156667,0.000000,-2.156667,1,0.000000,-2.156667,-2.156667,1,252.000,-543480.00,1,0
hod_only,symbol|pool,META|equity,38,0.527117,-1.066269,0.421053,-1.250000,4,2.144265,-0.154661,1.208894,35,273.600,144219.09,0,0
hod_only,symbol|pool,MSFT|equity,30,-0.105251,-1.250000,0.300000,-1.250000,7,1.830112,-0.760148,0.549646,27,280.000,-29470.22,0,0
hod_only,symbol|pool,MU|equity,72,0.133039,-1.250000,0.263889,-1.401338,7,3.193847,-0.604703,0.870780,64,283.500,37716.43,0,0
hod_only,symbol|pool,NFLX|equity,19,0.114223,-1.048649,0.315789,-1.250000,4,1.978528,-0.775432,1.003877,19,252.000,28784.15,1,0
hod_only,symbol|pool,NVDA|equity,39,-0.196758,-1.107843,0.282051,-1.250000,8,1.559461,-0.686197,0.292681,34,289.059,-56874.67,0,0
hod_only,symbol|pool,ORCL|equity,59,-0.330647,-1.250000,0.220339,-2.492308,13,2.050910,-0.853978,0.192685,46,323.217,-106870.79,0,0
hod_only,symbol|pool,PLTR|equity,61,-0.112228,-1.212882,0.295082,-1.250000,11,1.944258,-0.600144,0.375688,57,269.684,-30266.10,0,0
hod_only,symbol|pool,QQQ|index,9,0.467632,-0.076271,0.444444,-1.250000,4,1.761260,-0.683058,1.618322,9,252.000,117843.21,1,0
hod_only,symbol|pool,SOFI|other,4,-0.747443,-1.012744,0.250000,-1.250000,2,0.605613,-1.340944,-0.153943,4,252.000,-188355.70,1,0
hod_only,symbol|pool,TSLA|equity,71,-0.409018,-1.250000,0.239437,-1.333333,9,1.640811,-0.790686,-0.027350,61,293.311,-119969.68,0,0
hod_only,symbol|pool,TSM|other,42,-0.338883,-1.151727,0.238095,-1.250000,11,1.432111,-0.772003,0.094236,39,271.385,-91967.76,0,0
hod_only,symbol|pool,UBER|other,26,0.189141,-1.039664,0.423077,-1.250000,4,1.771903,-0.491957,0.870239,26,252.000,47663.49,0,0
hod_only,symbol|month,AAPL|2025-08,1,3.391296,3.391296,1.000000,3.391296,0,0.000000,3.391296,3.391296,1,252.000,854606.55,1,0
hod_only,symbol|month,AAPL|2025-09,1,0.850877,0.850877,1.000000,0.850877,0,0.000000,0.850877,0.850877,1,252.000,214421.05,1,0
hod_only,symbol|month,AAPL|2026-01,3,-0.179487,-1.250000,0.333333,-1.250000,2,1.513934,-1.892664,1.533690,3,252.000,-45230.77,1,0
hod_only,symbol|month,AAPL|2026-02,1,-1.069767,-1.069767,0.000000,-1.069767,1,0.000000,-1.069767,-1.069767,1,252.000,-269581.40,1,0
hod_only,symbol|month,AAPL|2026-03,1,-1.250000,-1.250000,0.000000,-1.250000,1,0.000000,-1.250000,-1.250000,1,252.000,-315000.00,1,0
hod_only,symbol|month,AAPL|2026-05,2,-0.573529,-0.573529,0.500000,-1.250000,1,0.676471,-1.511070,0.364011,2,252.000,-144529.41,1,0
hod_only,symbol|month,AAPL|2026-06,5,-0.059799,-1.016949,0.400000,-1.250000,3,1.373537,-1.263757,1.144160,4,315.000,-18836.57,1,0
hod_only,symbol|month,AAPL|2026-07,4,-0.096153,-0.446918,0.500000,-1.250000,1,1.255959,-1.326993,1.134687,4,252.000,-24230.63,1,0
hod_only,symbol|month,AAPL|2026-08,1,0.861736,0.861736,1.000000,0.861736,0,0.000000,0.861736,0.861736,1,252.000,217157.56,1,0
hod_only,symbol|month,AMD|2025-09,1,-1.250000,-1.250000,0.000000,-1.250000,1,0.000000,-1.250000,-1.250000,1,252.000,-315000.00,1,0
hod_only,symbol|month,AMD|2025-10,5,4.874032,4.865024,0.600000,-1.250000,2,5.736851,-0.154540,9.902603,5,252.000,1228255.96,1,0
hod_only,symbol|month,AMD|2025-11,10,0.561523,-1.250000,0.300000,-1.250000,4,3.651571,-1.701744,2.824790,6,420.000,235839.81,1,0
hod_only,symbol|month,AMD|2025-12,5,1.956014,3.021551,0.600000,-1.250000,2,2.698796,-0.409585,4.321613,2,630.000,1232288.77,1,0
hod_only,symbol|month,AMD|2026-01,6,-0.890927,-1.250000,0.166667,-1.250000,5,0.700226,-1.451224,-0.330630,5,302.400,-269416.42,1,0
hod_only,symbol|month,AMD|2026-02,3,-1.177536,-1.250000,0.000000,-1.250000,3,0.102479,-1.293502,-1.061570,3,252.000,-296739.13,1,0
hod_only,symbol|month,AMD|2026-03,5,-1.202500,-1.250000,0.000000,-1.250000,5,0.095000,-1.285771,-1.119229,4,315.000,-378787.50,1,0
hod_only,symbol|month,AMD|2026-04,5,0.604421,-1.250000,0.400000,-1.250000,3,2.766577,-1.820591,3.029433,5,252.000,152314.15,1,0
hod_only,symbol|month,AMD|2026-05,6,2.151096,1.261633,0.500000,-1.250000,2,3.728935,-0.832673,5.134866,5,302.400,650491.49,1,0
hod_only,symbol|month,AMD|2026-06,7,-0.686027,-1.250000,0.285714,-1.250000,5,0.879730,-1.337740,-0.034314,6,294.000,-201691.86,1,0
hod_only,symbol|month,AMD|2026-07,8,-0.195165,-1.250000,0.250000,-1.250000,5,1.776928,-1.426513,1.036183,6,336.000,-65575.46,1,0
hod_only,symbol|month,AMD|2026-08,3,0.981982,-1.250000,0.333333,-1.250000,2,3.156499,-2.589933,4.553896,2,378.000,371189.06,1,0
hod_only,symbol|month,AMZN|2025-08,1,-1.250000,-1.250000,0.000000,-1.250000,1,0.000000,-1.250000,-1.250000,1,252.000,-315000.00,1,0
hod_only,symbol|month,AMZN|2025-11,3,-1.250000,-1.250000,0.000000,-1.250000,3,0.000000,-1.250000,-1.250000,3,252.000,-315000.00,1,0
hod_only,symbol|month,AMZN|2026-01,1,-1.250000,-1.250000,0.000000,-1.250000,1,0.000000,-1.250000,-1.250000,1,252.000,-315000.00,1,0
hod_only,symbol|month,AMZN|2026-02,4,0.706338,0.360257,0.500000,-1.250000,2,1.980734,-1.234781,2.647458,4,252.000,177997.25,1,0
hod_only,symbol|month,AMZN|2026-03,3,-0.989662,-1.200000,0.000000,-1.250000,3,0.333443,-1.366989,-0.612336,3,252.000,-249394.94,1,0
hod_only,symbol|month,AMZN|2026-04,1,0.714286,0.714286,1.000000,0.714286,0,0.000000,0.714286,0.714286,1,252.000,180000.00,1,0
hod_only,symbol|month,AMZN|2026-05,3,-0.549070,-1.138298,0.333333,-1.250000,1,0.913418,-1.582700,0.484559,3,252.000,-138365.72,1,0
hod_only,symbol|month,AMZN|2026-06,3,-0.777531,-1.240000,0.333333,-1.250000,2,0.661114,-1.525652,-0.029410,3,252.000,-195937.78,1,0
hod_only,symbol|month,AMZN|2026-07,1,3.314815,3.314815,1.000000,3.314815,0,0.000000,3.314815,3.314815,1,252.000,835333.33,1,0
hod_only,symbol|month,AVGO|2025-08,1,-1.002155,-1.002155,0.000000,-1.002155,1,0.000000,-1.002155,-1.002155,1,252.000,-252543.10,1,0
hod_only,symbol|month,AVGO|2025-09,1,-1.234127,-1.234127,0.000000,-1.234127,1,0.000000,-1.234127,-1.234127,1,252.000,-311000.00,1,0
hod_only,symbol|month,AVGO|2025-10,1,0.503422,0.503422,1.000000,0.503422,0,0.000000,0.503422,0.503422,1,252.000,126862.36,1,0
hod_only,symbol|month,AVGO|2025-11,2,0.609818,0.609818,0.500000,-1.250000,1,1.859818,-1.967758,3.187394,2,252.000,153674.09,1,0
hod_only,symbol|month,AVGO|2025-12,4,0.040441,-1.250000,0.250000,-1.250000,3,2.235110,-2.149966,2.230849,4,252.000,10191.18,1,0
hod_only,symbol|month,AVGO|2026-01,5,0.556180,-1.182927,0.400000,-1.250000,2,2.185146,-1.359185,2.471545,5,252.000,140157.36,1,0
hod_only,symbol|month,AVGO|2026-02,7,-0.728581,-1.103030,0.142857,-1.250000,4,0.825625,-1.340212,-0.116949,6,294.000,-214202.77,1,0
hod_only,symbol|month,AVGO|2026-03,5,0.037254,-1.250000,0.200000,-1.250000,2,2.519869,-2.171508,2.246016,5,252.000,9388.07,1,0
hod_only,symbol|month,AVGO|2026-04,5,-0.989671,-1.250000,0.200000,-1.250000,3,0.520657,-1.446048,-0.533295,4,315.000,-311746.48,1,0
hod_only,symbol|month,AVGO|2026-05,8,-0.365870,-1.037465,0.250000,-1.250000,5,1.330353,-1.287758,0.556017,7,288.000,-105370.64,1,0
hod_only,symbol|month,AVGO|2026-06,2,-1.209270,-1.209270,0.000000,-1.250000,2,0.040730,-1.265719,-1.152820,2,252.000,-304735.96,1,0
hod_only,symbol|month,AVGO|2026-07,2,0.433478,0.433478,0.500000,-1.117043,1,1.550522,-1.715435,2.582392,2,252.000,109236.53,1,0
hod_only,symbol|month,AVGO|2026-08,3,-0.371508,-1.250000,0.333333,-1.250000,1,1.242375,-1.777388,1.034371,3,252.000,-93620.11,1,0
hod_only,symbol|month,BABA|2025-11,1,0.200801,0.200801,1.000000,0.200801,0,0.000000,0.200801,0.200801,1,252.000,50601.73,1,0
hod_only,symbol|month,BABA|2025-12,1,-1.250000,-1.250000,0.000000,-1.250000,1,0.000000,-1.250000,-1.250000,1,252.000,-315000.00,1,0
hod_only,symbol|month,BABA|2026-01,1,3.366667,3.366667,1.000000,3.366667,0,0.000000,3.366667,3.366667,1,252.000,848400.00,1,0
hod_only,symbol|month,BABA|2026-02,1,-1.250000,-1.250000,0.000000,-1.250000,1,0.000000,-1.250000,-1.250000,1,252.000,-315000.00,1,0
hod_only,symbol|month,BABA|2026-04,1,-1.250000,-1.250000,0.000000,-1.250000,1,0.000000,-1.250000,-1.250000,1,252.000,-315000.00,1,0
hod_only,symbol|month,BABA|2026-05,1,-1.250000,-1.250000,0.000000,-1.250000,1,0.000000,-1.250000,-1.250000,1,252.000,-315000.00,1,0
hod_only,symbol|month,BABA|2026-06,1,-1.250000,-1.250000,0.000000,-1.250000,1,0.000000,-1.250000,-1.250000,1,252.000,-315000.00,1,0
hod_only,symbol|month,BABA|2026-07,2,0.270849,0.270849,0.500000,-1.250000,1,1.520849,-1.836940,2.378638,2,252.000,68253.96,1,0
hod_only,symbol|month,COIN|2025-08,4,-0.973958,-1.125000,0.000000,-1.250000,4,0.349036,-1.316014,-0.631903,3,336.000,-327250.00,1,0
hod_only,symbol|month,COIN|2025-09,5,0.719899,0.277311,0.800000,-1.167910,1,1.312024,-0.430140,1.869939,3,420.000,302357.71,1,0
hod_only,symbol|month,COIN|2025-10,6,-0.478436,-0.983553,0.333333,-1.250000,3,0.991435,-1.271749,0.314877,6,252.000,-120565.82,1,0
hod_only,symbol|month,COIN|2025-11,4,0.605757,0.725402,0.750000,-1.250000,1,1.249667,-0.618917,1.830430,4,252.000,152650.69,1,0
hod_only,symbol|month,COIN|2025-12,10,0.438983,-1.250000,0.400000,-1.980196,5,2.395186,-1.045569,1.923535,9,280.000,122915.26,1,0
hod_only,symbol|month,COIN|2026-01,2,-0.685606,-0.685606,0.000000,-1.250000,2,0.564394,-1.467816,0.096604,2,252.000,-172772.73,1,0
hod_only,symbol|month,COIN|2026-02,8,-0.718211,-1.250000,0.250000,-1.250000,5,0.921825,-1.357003,-0.079418,7,288.000,-206844.71,1,0
hod_only,symbol|month,COIN|2026-03,7,-0.336591,-1.250000,0.285714,-1.250000,5,1.429666,-1.395703,0.722520,6,294.000,-98957.84,1,0
hod_only,symbol|month,COIN|2026-04,9,-0.979039,-1.208355,0.111111,-1.572727,4,0.690789,-1.430354,-0.527723,7,324.000,-317208.48,1,0
hod_only,symbol|month,COIN|2026-05,6,-1.250000,-1.250000,0.000000,-1.250000,6,0.000000,-1.250000,-1.250000,6,252.000,-315000.00,1,0
hod_only,symbol|month,COIN|2026-06,7,-0.547498,-1.010000,0.142857,-1.250000,4,1.023266,-1.305544,0.210548,6,294.000,-160964.51,1,0
hod_only,symbol|month,COIN|2026-07,7,0.025442,-1.250000,0.428571,-1.250000,3,1.481625,-1.072162,1.123045,7,252.000,6411.32,1,0
hod_only,symbol|month,COIN|2026-08,1,4.147541,4.147541,1.000000,4.147541,0,0.000000,4.147541,4.147541,1,252.000,1045180.33,1,0
hod_only,symbol|month,CRM|2025-08,2,0.199742,0.199742,0.500000,-1.250000,1,1.449742,-1.809498,2.208983,2,252.000,50335.05,1,0
hod_only,symbol|month,CRM|2025-09,2,-1.250000,-1.250000,0.000000,-1.250000,2,0.000000,-1.250000,-1.250000,2,252.000,-315000.00,1,0
hod_only,symbol|month,CRM|2025-10,2,-1.067933,-1.067933,0.000000,-1.100000,2,0.032067,-1.112375,-1.023491,2,252.000,-269119.23,1,0
hod_only,symbol|month,CRM|2025-11,1,-0.288560,-0.288560,0.000000,-0.288560,1,0.000000,-0.288560,-0.288560,1,252.000,-72717.13,1,0
hod_only,symbol|month,CRM|2025-12,2,2.618277,2.618277,1.000000,0.986031,0,1.632245,0.356100,4.880453,2,252.000,659805.71,1,0
hod_only,symbol|month,CRM|2026-01,3,-0.116830,-1.000000,0.333333,-1.000000,2,1.248991,-1.530196,1.296536,2,378.000,-44161.73,1,0
hod_only,symbol|month,CRM|2026-02,4,-0.209232,0.021536,0.500000,-1.250000,2,0.662960,-0.858932,0.440469,3,336.000,-70301.87,1,0
hod_only,symbol|month,CRM|2026-03,4,-1.230226,-1.248077,0.000000,-1.250000,4,0.032068,-1.261652,-1.198800,4,252.000,-310016.94,1,0
hod_only,symbol|month,CRM|2026-04,3,4.710174,4.837209,1.000000,2.648084,0,1.634299,2.860791,6.559558,3,252.000,1186963.96,1,0
hod_only,symbol|month,CRM|2026-05,4,-1.207317,-1.250000,0.000000,-1.250000,4,0.073929,-1.279767,-1.134867,4,252.000,-304243.90,1,0
hod_only,symbol|month,CRM|2026-06,4,-1.244764,-1.250000,0.000000,-1.250000,4,0.009070,-1.253652,-1.235875,3,336.000,-418240.54,1,0
hod_only,symbol|month,CRM|2026-07,5,0.504093,-1.125192,0.400000,-1.250000,2,2.106891,-1.342678,2.350864,4,315.000,158789.36,1,0
hod_only,symbol|month,CRM|2026-08,1,4.973684,4.973684,1.000000,4.973684,0,0.000000,4.973684,4.973684,1,252.000,1253368.42,1,0
hod_only,symbol|month,GOOGL|2025-08,1,0.097375,0.097375,1.000000,0.097375,0,0.000000,0.097375,0.097375,1,252.000,24538.41,1,0
hod_only,symbol|month,GOOGL|2025-09,2,1.775589,1.775589,1.000000,1.510638,0,0.264951,1.408386,2.142793,2,252.000,447448.53,1,0
hod_only,symbol|month,GOOGL|2025-10,1,-1.231481,-1.231481,0.000000,-1.231481,1,0.000000,-1.231481,-1.231481,1,252.000,-310333.33,1,0
hod_only,symbol|month,GOOGL|2025-12,1,0.704082,0.704082,1.000000,0.704082,0,0.000000,0.704082,0.704082,1,252.000,177428.57,1,0
hod_only,symbol|month,GOOGL|2026-01,2,-1.248016,-1.248016,0.000000,-1.250000,2,0.001984,-1.250766,-1.245266,2,252.000,-314500.00,1,0
hod_only,symbol|month,GOOGL|2026-02,1,-1.250000,-1.250000,0.000000,-1.250000,1,0.000000,-1.250000,-1.250000,1,252.000,-315000.00,1,0
hod_only,symbol|month,GOOGL|2026-03,2,0.434641,0.434641,0.500000,-1.130719,1,1.565359,-1.734837,2.604118,2,252.000,109529.41,1,0
hod_only,symbol|month,GOOGL|2026-04,1,-1.250000,-1.250000,0.000000,-1.250000,1,0.000000,-1.250000,-1.250000,1,252.000,-315000.00,1,0
hod_only,symbol|month,GOOGL|2026-05,4,0.232669,-0.404167,0.500000,-1.250000,2,1.734771,-1.467406,1.932745,4,252.000,58632.69,1,0
hod_only,symbol|month,GOOGL|2026-06,2,2.200063,2.200063,0.500000,-1.161017,1,3.361080,-2.458156,6.858282,2,252.000,554415.86,1,0
hod_only,symbol|month,GOOGL|2026-07,1,-1.250000,-1.250000,0.000000,-1.250000,1,0.000000,-1.250000,-1.250000,1,252.000,-315000.00,1,0
hod_only,symbol|month,GOOGL|2026-08,2,-1.225000,-1.225000,0.000000,-1.250000,2,0.025000,-1.259648,-1.190352,2,252.000,-308700.00,1,0
hod_only,symbol|month,HOOD|2025-08,3,-0.444444,-1.250000,0.333333,-1.250000,1,1.139228,-1.733602,0.844713,3,252.000,-112000.00,1,0
hod_only,symbol|month,HOOD|2025-09,5,-0.157524,-1.116667,0.400000,-1.250000,2,1.312568,-1.308041,0.992993,5,252.000,-39696.13,1,0
hod_only,symbol|month,HOOD|2025-10,5,-0.369565,-1.250000,0.200000,-1.250000,2,1.760870,-1.913035,1.173905,4,315.000,-116413.04,1,0
hod_only,symbol|month,HOOD|2025-11,6,0.493237,-1.250000,0.166667,-1.250000,5,3.897996,-2.625809,3.612283,5,302.400,149154.75,1,0
hod_only,symbol|month,HOOD|2025-12,1,5.044444,5.044444,1.000000,5.044444,0,0.000000,5.044444,5.044444,1,252.000,1271200.00,1,0
hod_only,symbol|month,HOOD|2026-01,4,-1.250000,-1.250000,0.000000,-1.250000,4,0.000000,-1.250000,-1.250000,4,252.000,-315000.00,1,0
hod_only,symbol|month,HOOD|2026-02,5,-0.510452,-1.019231,0.400000,-1.250000,3,0.783256,-1.197006,0.176102,5,252.000,-128633.95,1,0
hod_only,symbol|month,HOOD|2026-03,4,-0.307899,-0.416725,0.500000,-1.250000,1,0.954589,-1.243396,0.627598,4,252.000,-77590.62,1,0
hod_only,symbol|month,HOOD|2026-04,3,0.528571,-1.250000,0.333333,-1.250000,2,2.515280,-2.317736,3.374879,3,252.000,133200.00,1,0
hod_only,symbol|month,HOOD|2026-05,1,0.150855,0.150855,1.000000,0.150855,0,0.000000,0.150855,0.150855,1,252.000,38015.42,1,0
hod_only,symbol|month,HOOD|2026-06,5,3.030213,3.964286,0.800000,-1.121552,1,2.132059,1.161381,4.899045,4,315.000,954517.22,1,0
hod_only,symbol|month,HOOD|2026-07,5,1.514191,2.107143,0.600000,-1.250000,2,2.353300,-0.548567,3.576950,5,252.000,381576.22,1,0
hod_only,symbol|month,HOOD|2026-08,2,1.001163,1.001163,0.500000,-1.137979,1,2.139142,-1.963536,3.965863,2,252.000,252293.17,1,0
hod_only,symbol|month,INTC|2025-09,1,-1.205288,-1.205288,0.000000,-1.205288,1,0.000000,-1.205288,-1.205288,1,252.000,-303732.50,1,0
hod_only,symbol|month,INTC|2025-11,3,0.162857,0.663571,0.666667,-1.250000,1,1.013062,-0.983531,1.309245,3,252.000,41040.00,1,0
hod_only,symbol|month,INTC|2025-12,1,4.189524,4.189524,1.000000,4.189524,0,0.000000,4.189524,4.189524,1,252.000,1055760.00,1,0
hod_only,symbol|month,INTC|2026-01,2,-0.028846,-0.028846,0.500000,-1.250000,1,1.221154,-1.721279,1.663587,2,252.000,-7269.23,1,0
hod_only,symbol|month,INTC|2026-02,1,0.228070,0.228070,1.000000,0.228070,0,0.000000,0.228070,0.228070,1,252.000,57473.68,1,0
hod_only,symbol|month,INTC|2026-03,1,-0.437500,-0.437500,0.000000,-0.437500,1,0.000000,-0.437500,-0.437500,1,252.000,-110250.00,1,0
hod_only,symbol|month,INTC|2026-04,2,-1.250000,-1.250000,0.000000,-1.250000,2,0.000000,-1.250000,-1.250000,2,252.000,-315000.00,1,0
hod_only,symbol|month,INTC|2026-05,3,0.902299,-1.250000,0.333333,-1.250000,2,3.043810,-2.542097,4.346694,3,252.000,227379.31,1,0
hod_only,symbol|month,INTC|2026-06,8,0.822391,-1.250000,0.375000,-1.250000,2,2.969922,-1.235660,2.880442,8,252.000,207242.56,1,0
hod_only,symbol|month,INTC|2026-07,5,0.559709,-1.250000,0.400000,-1.361111,1,2.332433,-1.484758,2.604177,5,252.000,141046.78,1,0
hod_only,symbol|month,INTC|2026-08,1,-1.250000,-1.250000,0.000000,-1.250000,1,0.000000,-1.250000,-1.250000,1,252.000,-315000.00,1,0
hod_only,symbol|month,IREN|2025-09,5,-0.961297,-1.206016,0.000000,-1.250000,5,0.477634,-1.379962,-0.542633,5,252.000,-242246.88,1,0
hod_only,symbol|month,IREN|2025-10,8,-1.382250,-1.250000,0.000000,-2.530000,8,0.439853,-1.687052,-1.077448,7,288.000,-398088.00,1,0
hod_only,symbol|month,IREN|2025-11,6,-0.723765,-1.250000,0.166667,-1.334702,3,1.200529,-1.684388,0.236858,6,252.000,-182388.74,1,0
hod_only,symbol|month,IREN|2025-12,6,-1.250000,-1.250000,0.000000,-1.250000,6,0.000000,-1.250000,-1.250000,5,302.400,-378000.00,1,0
hod_only,symbol|month,IREN|2026-01,6,-0.442829,-1.250000,0.333333,-1.250000,2,1.256900,-1.448559,0.562901,6,252.000,-111592.94,1,0
hod_only,symbol|month,IREN|2026-02,7,0.137920,-1.250000,0.285714,-1.250000,4,2.176286,-1.474296,1.750135,6,294.000,40548.42,1,0
hod_only,symbol|month,IREN|2026-03,8,1.632645,0.480952,0.500000,-1.250000,4,3.456895,-0.762861,4.028151,8,252.000,411426.51,1,0
hod_only,symbol|month,IREN|2026-04,2,0.601307,0.601307,0.500000,-1.444444,1,2.045752,-2.233960,3.436574,2,252.000,151529.41,1,0
hod_only,symbol|month,IREN|2026-05,6,3.416276,0.302400,0.500000,-1.250000,2,6.391112,-1.697679,8.530231,6,252.000,860901.60,1,0
hod_only,symbol|month,IREN|2026-06,6,0.316081,-0.618042,0.500000,-1.250000,2,2.252674,-1.486434,2.118595,6,252.000,79652.29,1,0
hod_only,symbol|month,IREN|2026-07,5,-0.719237,-1.250000,0.200000,-1.250000,4,1.061526,-1.649705,0.211231,5,252.000,-181247.76,1,0
hod_only,symbol|month,IREN|2026-08,1,3.269231,3.269231,1.000000,3.269231,0,0.000000,3.269231,3.269231,1,252.000,823846.15,1,0
hod_only,symbol|month,MARA|2025-10,1,-2.156667,-2.156667,0.000000,-2.156667,1,0.000000,-2.156667,-2.156667,1,252.000,-543480.00,1,0
hod_only,symbol|month,META|2025-08,3,1.715755,2.048780,0.666667,-1.250000,1,2.297671,-0.884304,4.315815,2,378.000,648555.43,1,0
hod_only,symbol|month,META|2025-10,5,-0.375929,-1.250000,0.200000,-1.250000,3,1.748142,-1.908243,1.156385,4,315.000,-118417.58,1,0
hod_only,symbol|month,META|2025-11,2,-1.226563,-1.226563,0.000000,-1.250000,2,0.023438,-1.259045,-1.194080,2,252.000,-309093.75,1,0
hod_only,symbol|month,META|2026-01,3,0.164000,-1.250000,0.333333,-1.250000,1,1.999698,-2.098871,2.426871,3,252.000,41328.00,1,0
hod_only,symbol|month,META|2026-02,5,0.910372,0.460228,0.600000,-1.250000,1,2.209770,-1.026577,2.847321,5,252.000,229413.74,1,0
hod_only,symbol|month,META|2026-03,3,-1.074728,-1.213768,0.000000,-1.250000,3,0.222744,-1.326786,-0.822670,3,252.000,-270831.52,1,0
hod_only,symbol|month,META|2026-04,2,1.026923,1.026923,0.500000,-1.250000,1,2.276923,-2.128731,4.182577,2,252.000,258784.62,1,0
hod_only,symbol|month,META|2026-05,1,3.965702,3.965702,1.000000,3.965702,0,0.000000,3.965702,3.965702,1,252.000,999356.91,1,0
hod_only,symbol|month,META|2026-06,4,0.902469,0.600150,0.500000,-1.250000,2,2.133298,-1.188163,2.993101,4,252.000,227422.10,1,0
hod_only,symbol|month,META|2026-07,7,0.912698,1.358863,0.571429,-1.250000,2,1.840043,-0.450425,2.275821,6,294.000,268333.31,1,0
hod_only,symbol|month,META|2026-08,3,0.459316,-1.250000,0.333333,-1.250000,2,2.417337,-2.276159,3.194790,3,252.000,115747.53,1,0
hod_only,symbol|month,MSFT|2025-10,1,-1.250000,-1.250000,0.000000,-1.250000,1,0.000000,-1.250000,-1.250000,1,252.000,-315000.00,1,0
hod_only,symbol|month,MSFT|2025-11,3,1.188312,-1.250000,0.333333,-1.250000,1,3.448293,-2.713800,5.090423,3,252.000,299454.55,1,0
hod_only,symbol|month,MSFT|2026-02,4,-1.250000,-1.250000,0.000000,-1.250000,4,0.000000,-1.250000,-1.250000,3,336.000,-420000.00,1,0
hod_only,symbol|month,MSFT|2026-03,2,-1.250000,-1.250000,0.000000,-1.250000,2,0.000000,-1.250000,-1.250000,2,252.000,-315000.00,1,0
hod_only,symbol|month,MSFT|2026-04,3,1.860670,1.855556,1.000000,0.612360,0,1.021335,0.704920,3.016419,3,252.000,468888.76,1,0
hod_only,symbol|month,MSFT|2026-05,5,-0.660388,-1.250000,0.200000,-1.250000,4,1.116490,-1.639034,0.318258,4,315.000,-208022.19,1,0
hod_only,symbol|month,MSFT|2026-06,2,-0.734375,-0.734375,0.000000,-1.250000,2,0.515625,-1.448995,-0.019755,2,252.000,-185062.50,1,0
hod_only,symbol|month,MSFT|2026-07,8,-0.582112,-1.111717,0.250000,-1.250000,5,0.831214,-1.158114,-0.006111,7,288.000,-167648.38,1,0
hod_only,symbol|month,MSFT|2026-08,2,2.936561,2.936561,1.000000,2.250480,0,0.686081,1.985701,3.887420,2,252.000,740013.30,1,0
hod_only,symbol|month,MU|2025-08,1,-1.250000,-1.250000,0.000000,-1.250000,1,0.000000,-1.250000,-1.250000,1,252.000,-315000.00,1,0
hod_only,symbol|month,MU|2025-09,3,-1.196078,-1.250000,0.000000,-1.250000,3,0.076257,-1.282371,-1.109786,3,252.000,-301411.76,1,0
hod_only,symbol|month,MU|2025-10,1,-1.250000,-1.250000,0.000000,-1.250000,1,0.000000,-1.250000,-1.250000,1,252.000,-315000.00,1,0
hod_only,symbol|month,MU|2025-11,6,-0.055117,-1.125000,0.333333,-1.250000,2,1.811333,-1.504485,1.394251,4,378.000,-20834.20,1,0
hod_only,symbol|month,MU|2025-12,7,-0.335856,-1.250000,0.285714,-1.250000,5,1.473980,-1.427795,0.756084,6,294.000,-98741.52,1,0
hod_only,symbol|month,MU|2026-01,4,0.422070,-0.267555,0.500000,-1.075000,2,1.770491,-1.313011,2.157150,4,252.000,106361.58,1,0
hod_only,symbol|month,MU|2026-02,6,4.422590,1.385345,0.500000,-1.250000,1,8.147694,-2.096923,10.942103,5,302.400,1337391.22,1,0
hod_only,symbol|month,MU|2026-03,12,-0.705269,-1.250000,0.166667,-1.250000,4,1.171827,-1.368293,-0.042246,11,274.909,-193884.94,1,0
hod_only,symbol|month,MU|2026-04,10,-0.290118,-1.250000,0.200000,-1.250000,7,1.867687,-1.447722,0.867486,8,315.000,-91387.15,1,0
hod_only,symbol|month,MU|2026-05,9,-0.445985,-1.250000,0.222222,-1.250000,3,1.466194,-1.403898,0.511928,9,252.000,-112388.29,1,0
hod_only,symbol|month,MU|2026-06,5,0.669041,-1.239246,0.400000,-1.401338,3,2.544881,-1.561645,2.899728,5,252.000,168598.44,1,0
hod_only,symbol|month,MU|2026-07,7,-0.477435,-1.250000,0.142857,-1.250000,6,1.598882,-1.661903,0.707033,6,294.000,-140365.93,1,0
hod_only,symbol|month,MU|2026-08,1,5.500000,5.500000,1.000000,5.500000,0,0.000000,5.500000,5.500000,1,252.000,1386000.00,1,0
hod_only,symbol|month,NFLX|2025-08,1,-1.250000,-1.250000,0.000000,-1.250000,1,0.000000,-1.250000,-1.250000,1,252.000,-315000.00,1,0
hod_only,symbol|month,NFLX|2025-09,2,0.535584,0.535584,0.500000,-1.250000,1,1.785584,-1.939109,3.010277,2,252.000,134967.15,1,0
hod_only,symbol|month,NFLX|2025-10,1,-1.048649,-1.048649,0.000000,-1.048649,1,0.000000,-1.048649,-1.048649,1,252.000,-264259.46,1,0
hod_only,symbol|month,NFLX|2025-12,1,0.138889,0.138889,1.000000,0.138889,0,0.000000,0.138889,0.138889,1,252.000,35000.00,1,0
hod_only,symbol|month,NFLX|2026-01,1,-1.028571,-1.028571,0.000000,-1.028571,1,0.000000,-1.028571,-1.028571,1,252.000,-259200.00,1,0
hod_only,symbol|month,NFLX|2026-02,2,1.500211,1.500211,0.500000,-1.026316,1,2.526527,-2.001377,5.001799,2,252.000,378053.19,1,0
hod_only,symbol|month,NFLX|2026-03,3,0.897978,-1.062500,0.333333,-1.102941,2,2.801179,-2.271855,4.067811,3,252.000,226290.44,1,0
hod_only,symbol|month,NFLX|2026-04,2,-1.178449,-1.178449,0.000000,-1.250000,2,0.071551,-1.277614,-1.079285,2,252.000,-296969.19,1,0
hod_only,symbol|month,NFLX|2026-06,4,0.859509,0.638889,0.500000,-1.250000,1,1.722647,-0.828685,2.547702,4,252.000,216596.15,1,0
hod_only,symbol|month,NFLX|2026-07,2,-1.244048,-1.244048,0.000000,-1.250000,2,0.005952,-1.252297,-1.235798,2,252.000,-313500.00,1,0
hod_only,symbol|month,NVDA|2025-09,4,-0.681598,-0.681316,0.000000,-1.109216,4,0.393168,-1.066903,-0.296293,3,336.000,-229017.04,1,0
hod_only,symbol|month,NVDA|2025-10,1,0.318875,0.318875,1.000000,0.318875,0,0.000000,0.318875,0.318875,1,252.000,80356.39,1,0
hod_only,symbol|month,NVDA|2025-11,4,0.781849,0.651961,0.500000,-1.250000,1,1.607967,-0.793959,2.357657,2,504.000,394051.80,1,0
hod_only,symbol|month,NVDA|2025-12,3,-0.579673,-1.127907,0.333333,-1.250000,2,0.863094,-1.556355,0.397010,3,252.000,-146077.52,1,0
hod_only,symbol|month,NVDA|2026-01,2,-0.391695,-0.391695,0.500000,-1.225250,1,0.833555,-1.546943,0.763554,2,252.000,-98707.08,1,0
hod_only,symbol|month,NVDA|2026-02,3,-1.205426,-1.250000,0.000000,-1.250000,3,0.063037,-1.276759,-1.134094,3,252.000,-303767.44,1,0
hod_only,symbol|month,NVDA|2026-03,4,0.307913,-1.162400,0.250000,-1.250000,3,2.597765,-2.237897,2.853723,4,252.000,77594.11,1,0
hod_only,symbol|month,NVDA|2026-05,3,0.411543,-0.381043,0.333333,-1.250000,2,1.771220,-1.592782,2.415867,3,252.000,103708.80,1,0
hod_only,symbol|month,NVDA|2026-06,3,0.056355,-1.250000,0.333333,-1.250000,2,1.847465,-2.034248,2.146958,3,252.000,14201.44,1,0
hod_only,symbol|month,NVDA|2026-07,9,-0.919843,-1.250000,0.111111,-1.250000,8,0.811511,-1.450031,-0.389656,7,324.000,-298029.29,1,0
hod_only,symbol|month,NVDA|2026-08,3,1.129496,0.783250,0.666667,-0.512320,1,1.501981,-0.570155,2.829148,3,252.000,284633.11,1,0
hod_only,symbol|month,ORCL|2025-09,11,-0.742129,-1.202176,0.181818,-1.250000,8,0.904895,-1.276888,-0.207370,7,396.000,-293882.93,1,0
hod_only,symbol|month,ORCL|2025-10,3,0.265904,0.552083,0.666667,-1.250000,1,1.139018,-1.023016,1.554824,3,252.000,67007.83,1,0
hod_only,symbol|month,ORCL|2025-11,3,2.072440,-1.050000,0.333333,-1.234626,2,4.546971,-3.072943,7.217822,3,252.000,522254.76,1,0
hod_only,symbol|month,ORCL|2025-12,7,0.119781,-0.479896,0.428571,-2.492308,2,1.837244,-1.241269,1.480831,5,352.800,42258.72,1,0
hod_only,symbol|month,ORCL|2026-01,3,2.061981,-1.077216,0.333333,-1.250000,2,4.562216,-3.100653,7.224615,3,252.000,519619.15,1,0
hod_only,symbol|month,ORCL|2026-02,3,-1.203704,-1.250000,0.000000,-1.250000,3,0.065473,-1.277793,-1.129614,2,378.000,-455000.00,1,0
hod_only,symbol|month,ORCL|2026-03,5,-1.229412,-1.250000,0.000000,-1.250000,5,0.041176,-1.265505,-1.193319,4,315.000,-387264.71,1,0
hod_only,symbol|month,ORCL|2026-04,5,0.345035,-1.044380,0.400000,-1.250000,1,1.808647,-1.240314,1.930384,5,252.000,86948.84,1,0
hod_only,symbol|month,ORCL|2026-05,11,-0.668290,-1.250000,0.181818,-1.250000,5,1.180281,-1.365792,0.029212,8,346.500,-231562.50,1,0
hod_only,symbol|month,ORCL|2026-06,5,-1.250000,-1.250000,0.000000,-1.250000,5,0.000000,-1.250000,-1.250000,4,315.000,-393750.00,1,0
hod_only,symbol|month,ORCL|2026-07,1,-1.250000,-1.250000,0.000000,-1.250000,1,0.000000,-1.250000,-1.250000,1,252.000,-315000.00,1,0
hod_only,symbol|month,ORCL|2026-08,2,-1.250000,-1.250000,0.000000,-1.250000,2,0.000000,-1.250000,-1.250000,1,504.000,-630000.00,1,0
hod_only,symbol|month,PLTR|2025-08,1,2.420000,2.420000,1.000000,2.420000,0,0.000000,2.420000,2.420000,1,252.000,609840.00,1,0
hod_only,symbol|month,PLTR|2025-10,5,0.735603,0.112516,0.600000,-1.250000,2,2.426638,-1.391438,2.862645,5,252.000,185372.01,1,0
hod_only,symbol|month,PLTR|2025-11,6,-1.169562,-1.250000,0.000000,-1.250000,6,0.114586,-1.261250,-1.077875,4,378.000,-442094.58,1,0
hod_only,symbol|month,PLTR|2025-12,2,-1.193428,-1.193428,0.000000,-1.250000,2,0.056572,-1.271833,-1.115023,2,252.000,-300743.83,1,0
hod_only,symbol|month,PLTR|2026-01,8,0.180138,-1.093625,0.375000,-1.250000,3,1.936886,-1.162055,1.522332,8,252.000,45394.89,1,0
hod_only,symbol|month,PLTR|2026-02,4,-1.178220,-1.231441,0.000000,-1.250000,4,0.104005,-1.280146,-1.076295,4,252.000,-296911.54,1,0
hod_only,symbol|month,PLTR|2026-03,6,-1.054245,-1.250000,0.000000,-1.250000,6,0.437721,-1.404495,-0.703996,5,302.400,-318803.77,1,0
hod_only,symbol|month,PLTR|2026-04,5,0.262251,-1.250000,0.400000,-1.250000,1,2.028298,-1.515631,2.040133,5,252.000,66087.20,1,0
hod_only,symbol|month,PLTR|2026-05,7,-1.219366,-1.250000,0.000000,-1.250000,7,0.051676,-1.257648,-1.181084,6,294.000,-358493.58,1,0
hod_only,symbol|month,PLTR|2026-06,7,0.153261,-1.112500,0.428571,-1.250000,2,1.682923,-1.093466,1.399987,7,252.000,38621.68,1,0
hod_only,symbol|month,PLTR|2026-07,6,0.264777,-1.187496,0.333333,-1.250000,2,2.247082,-1.533263,2.062817,6,252.000,66723.88,1,0
hod_only,symbol|month,PLTR|2026-08,4,2.655094,1.612041,1.000000,0.280579,0,2.658917,0.049356,5.260832,4,252.000,669083.68,1,0
hod_only,symbol|month,QQQ|2025-08,1,-1.069150,-1.069150,0.000000,-1.069150,1,0.000000,-1.069150,-1.069150,1,252.000,-269425.76,1,0
hod_only,symbol|month,QQQ|2025-10,1,1.358209,1.358209,1.000000,1.358209,0,0.000000,1.358209,1.358209,1,252.000,342268.66,1,0
hod_only,symbol|month,QQQ|2025-11,1,1.446809,1.446809,1.000000,1.446809,0,0.000000,1.446809,1.446809,1,252.000,364595.74,1,0
hod_only,symbol|month,QQQ|2025-12,1,4.560000,4.560000,1.000000,4.560000,0,0.000000,4.560000,4.560000,1,252.000,1149120.00,1,0
hod_only,symbol|month,QQQ|2026-01,1,0.861538,0.861538,1.000000,0.861538,0,0.000000,0.861538,0.861538,1,252.000,217107.69,1,0
hod_only,symbol|month,QQQ|2026-02,1,-1.250000,-1.250000,0.000000,-1.250000,1,0.000000,-1.250000,-1.250000,1,252.000,-315000.00,1,0
hod_only,symbol|month,QQQ|2026-06,3,-0.566240,-0.372449,0.000000,-1.250000,3,0.498381,-1.130212,-0.002268,3,252.000,-142692.49,1,0
hod_only,symbol|month,SOFI|2025-10,1,-1.250000,-1.250000,0.000000,-1.250000,1,0.000000,-1.250000,-1.250000,1,252.000,-315000.00,1,0
hod_only,symbol|month,SOFI|2026-02,1,0.285714,0.285714,1.000000,0.285714,0,0.000000,0.285714,0.285714,1,252.000,72000.00,1,0
hod_only,symbol|month,SOFI|2026-05,1,-0.956522,-0.956522,0.000000,-0.956522,1,0.000000,-0.956522,-0.956522,1,252.000,-241043.48,1,0
hod_only,symbol|month,SOFI|2026-07,1,-1.068966,-1.068966,0.000000,-1.068966,1,0.000000,-1.068966,-1.068966,1,252.000,-269379.31,1,0
hod_only,symbol|month,TSLA|2025-08,2,-1.238545,-1.238545,0.000000,-1.250000,2,0.011455,-1.254421,-1.222669,1,504.000,-624226.65,1,0
hod_only,symbol|month,TSLA|2025-09,3,-1.250000,-1.250000,0.000000,-1.250000,3,0.000000,-1.250000,-1.250000,3,252.000,-315000.00,1,0
hod_only,symbol|month,TSLA|2025-10,8,-0.892724,-1.250000,0.125000,-1.250000,6,0.873401,-1.497960,-0.287488,6,336.000,-299955.16,1,0
hod_only,symbol|month,TSLA|2025-11,10,-0.568538,-1.136682,0.200000,-1.250000,7,0.990371,-1.182377,0.045300,8,315.000,-179089.59,1,0
hod_only,symbol|month,TSLA|2025-12,11,0.296923,-0.795099,0.454545,-1.250000,3,1.868744,-0.807434,1.401280,9,308.000,91452.31,1,0
hod_only,symbol|month,TSLA|2026-01,3,-1.208538,-1.200615,0.000000,-1.250000,3,0.031127,-1.243762,-1.173315,3,252.000,-304551.64,1,0
hod_only,symbol|month,TSLA|2026-02,5,-1.198188,-1.250000,0.000000,-1.250000,5,0.064492,-1.254717,-1.141658,5,252.000,-301943.35,1,0
hod_only,symbol|month,TSLA|2026-03,4,-0.100587,0.151406,0.750000,-1.250000,1,0.683761,-0.770673,0.569499,4,252.000,-25347.84,1,0
hod_only,symbol|month,TSLA|2026-04,5,0.677580,-1.250000,0.400000,-1.250000,2,2.660709,-1.654635,3.009794,5,252.000,170750.11,1,0
hod_only,symbol|month,TSLA|2026-05,6,-0.024758,-1.250000,0.166667,-1.250000,5,2.739723,-2.216994,2.167477,4,378.000,-9358.70,1,0
hod_only,symbol|month,TSLA|2026-06,4,-0.223285,-0.902766,0.250000,-1.250000,2,1.402285,-1.597524,1.150954,4,252.000,-56267.74,1,0
hod_only,symbol|month,TSLA|2026-07,7,-1.201842,-1.250000,0.000000,-1.289784,7,0.082604,-1.263036,-1.140648,7,252.000,-302864.21,1,0
hod_only,symbol|month,TSLA|2026-08,3,0.944472,0.431034,0.666667,-1.333333,1,2.101035,-1.433074,3.322017,2,378.000,357010.34,1,0
hod_only,symbol|month,TSM|2025-09,3,-0.852060,-1.250000,0.000000,-1.250000,3,0.562772,-1.488897,-0.215223,3,252.000,-214719.10,1,0
hod_only,symbol|month,TSM|2025-10,3,-0.200530,-1.131579,0.333333,-1.250000,2,1.401273,-1.786219,1.385159,3,252.000,-50533.56,1,0
hod_only,symbol|month,TSM|2025-11,6,-0.415909,-1.250000,0.166667,-1.250000,5,1.865084,-1.908287,1.076469,5,302.400,-125770.91,1,0
hod_only,symbol|month,TSM|2025-12,2,-1.041084,-1.041084,0.000000,-1.250000,2,0.208916,-1.330627,-0.751541,2,252.000,-262353.15,1,0
hod_only,symbol|month,TSM|2026-01,1,-1.250000,-1.250000,0.000000,-1.250000,1,0.000000,-1.250000,-1.250000,1,252.000,-315000.00,1,0
hod_only,symbol|month,TSM|2026-02,4,0.260673,-0.482821,0.250000,-1.250000,3,1.765038,-1.469064,1.990410,3,336.000,87586.15,1,0
hod_only,symbol|month,TSM|2026-03,5,0.457275,-0.241573,0.400000,-1.250000,3,1.906198,-1.213581,2.128132,4,315.000,144041.76,1,0
hod_only,symbol|month,TSM|2026-04,3,-0.142844,-1.218266,0.333333,-1.250000,1,1.543371,-1.889332,1.603645,3,252.000,-35996.61,1,0
hod_only,symbol|month,TSM|2026-05,5,0.075678,0.088005,0.600000,-1.250000,1,1.109541,-0.896877,1.048234,5,252.000,19070.98,1,0
hod_only,symbol|month,TSM|2026-06,3,-1.223958,-1.250000,0.000000,-1.250000,3,0.036828,-1.265634,-1.182283,3,252.000,-308437.50,1,0
hod_only,symbol|month,TSM|2026-07,6,-0.600795,-0.688402,0.166667,-1.250000,5,0.649666,-1.120636,-0.080954,6,252.000,-151400.33,1,0
hod_only,symbol|month,TSM|2026-08,1,-1.250000,-1.250000,0.000000,-1.250000,1,0.000000,-1.250000,-1.250000,1,252.000,-315000.00,1,0
hod_only,symbol|month,UBER|2025-09,1,1.694444,1.694444,1.000000,1.694444,0,0.000000,1.694444,1.694444,1,252.000,427000.00,1,0
hod_only,symbol|month,UBER|2025-10,5,-0.474843,-1.250000,0.200000,-1.250000,3,1.453640,-1.749015,0.799328,5,252.000,-119660.53,1,0
hod_only,symbol|month,UBER|2025-11,1,-1.007958,-1.007958,0.000000,-1.007958,1,0.000000,-1.007958,-1.007958,1,252.000,-254005.31,1,0
hod_only,symbol|month,UBER|2025-12,1,3.111111,3.111111,1.000000,3.111111,0,0.000000,3.111111,3.111111,1,252.000,784000.00,1,0
hod_only,symbol|month,UBER|2026-01,2,-1.250000,-1.250000,0.000000,-1.250000,2,0.000000,-1.250000,-1.250000,2,252.000,-315000.00,1,0
hod_only,symbol|month,UBER|2026-02,5,0.927756,0.641026,0.800000,-1.044444,1,1.260131,-0.176798,2.032309,5,252.000,233794.45,1,0
hod_only,symbol|month,UBER|2026-03,5,0.330359,-1.120000,0.400000,-1.250000,2,2.259243,-1.649955,2.310673,5,252.000,83250.55,1,0
hod_only,symbol|month,UBER|2026-04,2,2.244295,2.244295,1.000000,2.112285,0,0.132010,2.061338,2.427251,2,252.000,565562.22,1,0
hod_only,symbol|month,UBER|2026-06,3,-1.250000,-1.250000,0.000000,-1.250000,3,0.000000,-1.250000,-1.250000,3,252.000,-315000.00,1,0
hod_only,symbol|month,UBER|2026-07,1,-1.034884,-1.034884,0.000000,-1.034884,1,0.000000,-1.034884,-1.034884,1,252.000,-260790.70,1,0
hod_only,symbol|quarter,AAPL|2025-Q3,2,2.121087,2.121087,1.000000,0.850877,0,1.270209,0.360666,3.881507,2,252.000,534513.80,1,0
hod_only,symbol|quarter,AAPL|2026-Q1,5,-0.571646,-1.250000,0.200000,-1.250000,2,1.268514,-1.683547,0.540256,5,252.000,-144054.74,1,0
hod_only,symbol|quarter,AAPL|2026-Q2,7,-0.206579,-1.016949,0.428571,-1.250000,3,1.237813,-1.123564,0.710406,6,294.000,-60734.18,1,0
hod_only,symbol|quarter,AAPL|2026-Q3,5,0.095425,0.356164,0.600000,-1.250000,1,1.186910,-0.944948,1.135797,5,252.000,24047.01,1,0
hod_only,symbol|quarter,AMD|2025-Q3,1,-1.250000,-1.250000,0.000000,-1.250000,1,0.000000,-1.250000,-1.250000,1,252.000,-315000.00,1,0
hod_only,symbol|quarter,AMD|2025-Q4,20,1.988273,-1.130273,0.450000,-1.250000,4,4.451482,0.037325,3.939221,13,387.692,770838.17,0,0
hod_only,symbol|quarter,AMD|2026-Q1,14,-1.063619,-1.250000,0.071429,-1.250000,8,0.487913,-1.319204,-0.808035,12,294.000,-312704.13,1,0
hod_only,symbol|quarter,AMD|2026-Q2,18,0.618139,-1.250000,0.388889,-1.250000,5,2.916653,-0.729286,1.965564,16,283.500,175242.31,1,0
hod_only,symbol|quarter,AMD|2026-Q3,11,0.125875,-1.250000,0.272727,-1.250000,5,2.299674,-1.233146,1.484896,8,346.500,43615.67,1,0
hod_only,symbol|quarter,AMZN|2025-Q3,1,-1.250000,-1.250000,0.000000,-1.250000,1,0.000000,-1.250000,-1.250000,1,252.000,-315000.00,1,0
hod_only,symbol|quarter,AMZN|2025-Q4,3,-1.250000,-1.250000,0.000000,-1.250000,3,0.000000,-1.250000,-1.250000,3,252.000,-315000.00,1,0
hod_only,symbol|quarter,AMZN|2026-Q1,8,-0.174204,-1.179137,0.250000,-1.250000,3,1.668849,-1.330658,0.982249,8,252.000,-43899.48,1,0
hod_only,symbol|quarter,AMZN|2026-Q2,7,-0.466503,-1.138298,0.428571,-1.250000,2,0.887946,-1.124302,0.191297,7,252.000,-117558.64,1,0
hod_only,symbol|quarter,AMZN|2026-Q3,1,3.314815,3.314815,1.000000,3.314815,0,0.000000,3.314815,3.314815,1,252.000,835333.33,1,0
hod_only,symbol|quarter,AVGO|2025-Q3,2,-1.118141,-1.118141,0.000000,-1.234127,2,0.115986,-1.278889,-0.957393,2,252.000,-281771.55,1,0
hod_only,symbol|quarter,AVGO|2025-Q4,7,0.269260,-1.250000,0.428571,-1.250000,3,1.978345,-1.196318,1.734838,7,252.000,67853.61,1,0
hod_only,symbol|quarter,AVGO|2026-Q1,17,-0.125464,-1.182927,0.235294,-1.250000,5,1.961338,-1.057826,0.806897,16,267.750,-33593.09,1,0
hod_only,symbol|quarter,AVGO|2026-Q2,15,-0.686257,-1.168539,0.200000,-1.250000,6,1.075361,-1.230465,-0.142049,13,290.769,-199542.48,1,0
hod_only,symbol|quarter,AVGO|2026-Q3,5,-0.049514,-1.117043,0.400000,-1.250000,2,1.429428,-1.302463,1.203435,5,252.000,-12477.45,1,0
hod_only,symbol|quarter,BABA|2025-Q4,2,-0.524600,-0.524600,0.500000,-1.250000,1,0.725400,-1.529953,0.480754,2,252.000,-132199.13,1,0
hod_only,symbol|quarter,BABA|2026-Q1,2,1.058333,1.058333,0.500000,-1.250000,1,2.308333,-2.140853,4.257520,2,252.000,266700.00,1,0
hod_only,symbol|quarter,BABA|2026-Q2,3,-1.250000,-1.250000,0.000000,-1.250000,3,0.000000,-1.250000,-1.250000,3,252.000,-315000.00,1,0
hod_only,symbol|quarter,BABA|2026-Q3,2,0.270849,0.270849,0.500000,-1.250000,1,1.520849,-1.836940,2.378638,2,252.000,68253.96,1,0
hod_only,symbol|quarter,COIN|2025-Q3,9,-0.032926,-0.395833,0.444444,-1.250000,4,1.311074,-0.889495,0.823642,6,378.000,-12446.14,1,0
hod_only,symbol|quarter,COIN|2025-Q4,20,0.197112,-0.983553,0.450000,-1.980196,5,1.917090,-0.643090,1.037314,19,265.263,52286.59,0,0
hod_only,symbol|quarter,COIN|2026-Q1,17,-0.557237,-1.250000,0.235294,-1.250000,7,1.145935,-1.101980,-0.012495,15,285.600,-159147.03,1,0
hod_only,symbol|quarter,COIN|2026-Q2,22,-0.915629,-1.250000,0.090909,-1.572727,14,0.776937,-1.240290,-0.590968,19,291.789,-267170.86,0,0
hod_only,symbol|quarter,COIN|2026-Q3,8,0.540704,0.091405,0.500000,-1.250000,3,1.944037,-0.806445,1.887853,8,252.000,136257.45,1,0
hod_only,symbol|quarter,CRM|2025-Q3,4,-0.525129,-1.250000,0.250000,-1.250000,2,1.255514,-1.755532,0.705274,4,252.000,-132332.47,1,0
hod_only,symbol|quarter,CRM|2025-Q4,5,0.562425,-0.288560,0.400000,-1.100000,3,1.991174,-1.182916,2.307766,5,252.000,141731.17,1,0
hod_only,symbol|quarter,CRM|2026-Q1,11,-0.555302,-1.000000,0.272727,-1.250000,6,0.920476,-1.099268,-0.011335,9,308.000,-171032.98,1,0
hod_only,symbol|quarter,CRM|2026-Q2,11,0.392927,-1.250000,0.272727,-1.250000,8,2.778523,-1.249075,2.034930,10,277.200,108919.47,1,0
hod_only,symbol|quarter,CRM|2026-Q3,6,1.249025,0.819757,0.500000,-1.250000,2,2.544361,-0.786888,3.284938,5,302.400,377705.17,1,0
hod_only,symbol|quarter,GOOGL|2025-Q3,3,1.216184,1.510638,1.000000,0.097375,0,0.820163,0.288083,2.144286,3,252.000,306478.49,1,0
hod_only,symbol|quarter,GOOGL|2025-Q4,2,-0.263700,-0.263700,0.500000,-1.231481,1,0.967782,-1.604977,1.077577,2,252.000,-66452.38,1,0
hod_only,symbol|quarter,GOOGL|2026-Q1,5,-0.575350,-1.246032,0.200000,-1.250000,4,1.288486,-1.704758,0.554058,5,252.000,-144988.24,1,0
hod_only,symbol|quarter,GOOGL|2026-Q2,7,0.582972,-1.161017,0.428571,-1.250000,2,2.498915,-1.268250,2.434194,7,252.000,146908.93,1,0
hod_only,symbol|quarter,GOOGL|2026-Q3,3,-1.233333,-1.250000,0.000000,-1.250000,3,0.023570,-1.260006,-1.206661,3,252.000,-310800.00,1,0
hod_only,symbol|quarter,HOOD|2025-Q3,8,-0.265119,-1.183333,0.375000,-1.250000,2,1.258077,-1.136922,0.606683,8,252.000,-66810.08,1,0
hod_only,symbol|quarter,HOOD|2025-Q4,12,0.513003,-1.250000,0.250000,-1.250000,5,3.305305,-1.357149,2.383155,10,302.400,155132.16,1,0
hod_only,symbol|quarter,HOOD|2026-Q1,13,-0.675681,-1.250000,0.307692,-1.250000,4,0.818504,-1.120625,-0.230738,13,252.000,-170271.71,1,0
hod_only,symbol|quarter,HOOD|2026-Q2,9,1.876404,3.250000,0.666667,-1.250000,2,2.512019,0.235219,3.517589,8,283.500,531960.54,1,0
hod_only,symbol|quarter,HOOD|2026-Q3,7,1.367612,2.107143,0.571429,-1.250000,2,2.305830,-0.340571,3.075794,7,252.000,344638.21,1,0
hod_only,symbol|quarter,INTC|2025-Q3,1,-1.205288,-1.205288,0.000000,-1.205288,1,0.000000,-1.205288,-1.205288,1,252.000,-303732.50,1,0
hod_only,symbol|quarter,INTC|2025-Q4,4,1.169524,0.869286,0.750000,-1.250000,1,1.951885,-0.743323,3.082371,4,252.000,294720.00,1,0
hod_only,symbol|quarter,INTC|2026-Q1,4,-0.066781,-0.104715,0.500000,-1.250000,1,0.895779,-0.944644,0.811083,4,252.000,-16828.69,1,0
hod_only,symbol|quarter,INTC|2026-Q2,13,0.522002,-1.250000,0.307692,-1.250000,2,2.852712,-1.028750,2.072754,13,252.000,131544.49,1,0
hod_only,symbol|quarter,INTC|2026-Q3,6,0.258091,-1.250000,0.333333,-1.361111,2,2.233474,-1.529060,2.045242,6,252.000,65038.98,1,0
hod_only,symbol|quarter,IREN|2025-Q3,5,-0.961297,-1.206016,0.000000,-1.250000,5,0.477634,-1.379962,-0.542633,5,252.000,-242246.88,1,0
hod_only,symbol|quarter,IREN|2025-Q4,20,-1.145029,-1.250000,0.050000,-2.530000,10,0.767348,-1.481335,-0.808724,18,280.000,-320608.25,0,0
hod_only,symbol|quarter,IREN|2026-Q1,21,0.541411,-1.066667,0.380952,-1.250000,4,2.714263,-0.619499,1.702320,20,264.600,143257.25,0,0
hod_only,symbol|quarter,IREN|2026-Q2,14,1.685482,-0.618042,0.500000,-1.444444,2,4.746966,-0.801131,4.172095,14,252.000,424741.58,1,0
hod_only,symbol|quarter,IREN|2026-Q3,6,-0.054492,-1.250000,0.333333,-1.250000,4,1.774389,-1.474300,1.365315,6,252.000,-13732.11,1,0
hod_only,symbol|quarter,MARA|2025-Q4,1,-2.156667,-2.156667,0.000000,-2.156667,1,0.000000,-2.156667,-2.156667,1,252.000,-543480.00,1,0
hod_only,symbol|quarter,META|2025-Q3,3,1.715755,2.048780,0.666667,-1.250000,1,2.297671,-0.884304,4.315815,2,378.000,648555.43,1,0
hod_only,symbol|quarter,META|2025-Q4,7,-0.618967,-1.250000,0.142857,-1.250000,3,1.526658,-1.749931,0.511997,6,294.000,-181976.30,1,0
hod_only,symbol|quarter,META|2026-Q1,11,0.165425,-1.076982,0.363636,-1.250000,3,1.998848,-1.015819,1.346669,11,252.000,41687.10,1,0
hod_only,symbol|quarter,META|2026-Q2,7,1.375632,2.301075,0.571429,-1.250000,2,2.280971,-0.314135,3.065399,7,252.000,346659.22,1,0
hod_only,symbol|quarter,META|2026-Q3,10,0.776684,0.179432,0.500000,-1.250000,2,2.041140,-0.488428,2.041795,9,280.000,217471.38,1,0
hod_only,symbol|quarter,MSFT|2025-Q4,4,0.578734,-1.250000,0.250000,-1.250000,2,3.167460,-2.525377,3.682844,4,252.000,145840.91,1,0
hod_only,symbol|quarter,MSFT|2026-Q1,6,-1.250000,-1.250000,0.000000,-1.250000,6,0.000000,-1.250000,-1.250000,5,302.400,-378000.00,1,0
hod_only,symbol|quarter,MSFT|2026-Q2,10,0.081132,-0.670545,0.400000,-1.250000,6,1.532106,-0.868477,1.030741,9,280.000,22716.95,1,0
hod_only,symbol|quarter,MSFT|2026-Q3,10,0.121622,-0.569801,0.400000,-1.250000,5,1.621063,-0.883123,1.126367,9,280.000,34054.22,1,0
hod_only,symbol|quarter,MU|2025-Q3,4,-1.209559,-1.250000,0.000000,-1.250000,4,0.070046,-1.278204,-1.140914,4,252.000,-304808.82,1,0
hod_only,symbol|quarter,MU|2025-Q4,14,-0.280835,-1.250000,0.285714,-1.250000,5,1.607128,-1.122700,0.561030,11,320.727,-90071.45,1,0
hod_only,symbol|quarter,MU|2026-Q1,22,0.898209,-1.245843,0.318182,-1.250000,5,4.924956,-1.159800,2.956217,20,277.200,248983.40,0,0
hod_only,symbol|quarter,MU|2026-Q2,24,-0.148743,-1.250000,0.250000,-1.401338,7,1.946697,-0.927584,0.630098,22,274.909,-40890.89,0,0
hod_only,symbol|quarter,MU|2026-Q3,8,0.269744,-1.250000,0.250000,-1.250000,6,2.478873,-1.448027,1.987515,7,288.000,77686.35,1,0
hod_only,symbol|quarter,NFLX|2025-Q3,3,-0.059611,-1.250000,0.333333,-1.250000,2,1.683465,-1.964630,1.845409,3,252.000,-15021.90,1,0
hod_only,symbol|quarter,NFLX|2025-Q4,2,-0.454880,-0.454880,0.500000,-1.048649,1,0.593769,-1.277801,0.368042,2,252.000,-114629.73,1,0
hod_only,symbol|quarter,NFLX|2026-Q1,6,0.777631,-1.027444,0.333333,-1.102941,2,2.603093,-1.305277,2.860539,6,252.000,195962.95,1,0
hod_only,symbol|quarter,NFLX|2026-Q2,6,0.180189,-0.553449,0.333333,-1.250000,2,1.703818,-1.183149,1.543528,6,252.000,45407.70,1,0
hod_only,symbol|quarter,NFLX|2026-Q3,2,-1.244048,-1.244048,0.000000,-1.250000,2,0.005952,-1.252297,-1.235798,2,252.000,-313500.00,1,0
hod_only,symbol|quarter,NVDA|2025-Q3,4,-0.681598,-0.681316,0.000000,-1.109216,4,0.393168,-1.066903,-0.296293,3,336.000,-229017.04,1,0
hod_only,symbol|quarter,NVDA|2025-Q4,8,0.213406,0.144731,0.500000,-1.250000,3,1.403904,-0.759450,1.186263,6,336.000,71704.57,1,0
hod_only,symbol|quarter,NVDA|2026-Q1,9,-0.352002,-1.216956,0.222222,-1.250000,6,1.895175,-1.590183,0.886179,9,252.000,-88704.45,1,0
hod_only,symbol|quarter,NVDA|2026-Q2,6,0.233949,-0.815522,0.333333,-1.250000,2,1.818437,-1.221104,1.689002,6,252.000,58955.12,1,0
hod_only,symbol|quarter,NVDA|2026-Q3,12,-0.407509,-1.162037,0.250000,-1.250000,8,1.358441,-1.176119,0.361102,10,302.400,-123230.57,1,0
hod_only,symbol|quarter,ORCL|2025-Q3,11,-0.742129,-1.202176,0.181818,-1.250000,8,0.904895,-1.276888,-0.207370,7,396.000,-293882.93,1,0
hod_only,symbol|quarter,ORCL|2025-Q4,13,0.604115,-0.479896,0.461538,-2.492308,2,2.745603,-0.888411,2.096642,11,297.818,179916.49,1,0
hod_only,symbol|quarter,ORCL|2026-Q1,11,-0.324748,-1.250000,0.090909,-1.250000,8,2.795483,-1.976773,1.327277,9,308.000,-100022.38,1,0
hod_only,symbol|quarter,ORCL|2026-Q2,21,-0.565525,-1.250000,0.190476,-1.250000,10,1.350203,-1.143016,0.011967,17,311.294,-176044.46,0,0
hod_only,symbol|quarter,ORCL|2026-Q3,3,-1.250000,-1.250000,0.000000,-1.250000,3,0.000000,-1.250000,-1.250000,2,378.000,-472500.00,1,0
hod_only,symbol|quarter,PLTR|2025-Q3,1,2.420000,2.420000,1.000000,2.420000,0,0.000000,2.420000,2.420000,1,252.000,609840.00,1,0
hod_only,symbol|quarter,PLTR|2025-Q4,13,-0.440478,-1.235294,0.230769,-1.250000,8,1.770856,-1.403126,0.522170,11,297.818,-131182.36,1,0
hod_only,symbol|quarter,PLTR|2026-Q1,18,-0.533180,-1.250000,0.166667,-1.250000,10,1.463805,-1.209424,0.143063,17,266.824,-142265.05,1,0
hod_only,symbol|quarter,PLTR|2026-Q2,19,-0.323762,-1.250000,0.263158,-1.250000,9,1.611454,-1.048360,0.400836,18,266.000,-86120.76,1,0
hod_only,symbol|quarter,PLTR|2026-Q3,10,1.220904,0.679858,0.600000,-1.250000,2,2.688648,-0.445537,2.887345,10,252.000,307667.80,1,0
hod_only,symbol|quarter,QQQ|2025-Q3,1,-1.069150,-1.069150,0.000000,-1.069150,1,0.000000,-1.069150,-1.069150,1,252.000,-269425.76,1,0
hod_only,symbol|quarter,QQQ|2025-Q4,3,2.455006,1.446809,1.000000,1.358209,0,1.488895,0.770162,4.139849,3,252.000,618661.47,1,0
hod_only,symbol|quarter,QQQ|2026-Q1,2,-0.194231,-0.194231,0.500000,-1.250000,1,1.055769,-1.657452,1.268991,2,252.000,-48946.15,1,0
hod_only,symbol|quarter,QQQ|2026-Q2,3,-0.566240,-0.372449,0.000000,-1.250000,3,0.498381,-1.130212,-0.002268,3,252.000,-142692.49,1,0
hod_only,symbol|quarter,SOFI|2025-Q4,1,-1.250000,-1.250000,0.000000,-1.250000,1,0.000000,-1.250000,-1.250000,1,252.000,-315000.00,1,0
hod_only,symbol|quarter,SOFI|2026-Q1,1,0.285714,0.285714,1.000000,0.285714,0,0.000000,0.285714,0.285714,1,252.000,72000.00,1,0
hod_only,symbol|quarter,SOFI|2026-Q2,1,-0.956522,-0.956522,0.000000,-0.956522,1,0.000000,-0.956522,-0.956522,1,252.000,-241043.48,1,0
hod_only,symbol|quarter,SOFI|2026-Q3,1,-1.068966,-1.068966,0.000000,-1.068966,1,0.000000,-1.068966,-1.068966,1,252.000,-269379.31,1,0
hod_only,symbol|quarter,TSLA|2025-Q3,5,-1.245418,-1.250000,0.000000,-1.250000,5,0.009164,-1.253451,-1.237385,4,315.000,-392306.66,1,0
hod_only,symbol|quarter,TSLA|2025-Q4,29,-0.329690,-1.133861,0.275862,-1.250000,7,1.459226,-0.860794,0.201414,23,317.739,-104755.52,0,0
hod_only,symbol|quarter,TSLA|2026-Q1,12,-0.834908,-1.187807,0.250000,-1.250000,9,0.653796,-1.204828,-0.464988,12,252.000,-210396.92,1,0
hod_only,symbol|quarter,TSLA|2026-Q2,15,0.156414,-1.250000,0.266667,-1.250000,7,2.455343,-1.086161,1.398989,13,290.769,45480.37,1,0
hod_only,symbol|quarter,TSLA|2026-Q3,10,-0.557948,-1.233587,0.200000,-1.333333,7,1.515414,-1.497211,0.381316,9,280.000,-156225.42,1,0
hod_only,symbol|quarter,TSM|2025-Q3,3,-0.852060,-1.250000,0.000000,-1.250000,3,0.562772,-1.488897,-0.215223,3,252.000,-214719.10,1,0
hod_only,symbol|quarter,TSM|2025-Q4,11,-0.470837,-1.250000,0.181818,-1.250000,7,1.587934,-1.409247,0.467572,10,277.200,-130516.15,1,0
hod_only,symbol|quarter,TSM|2026-Q1,10,0.207907,-0.482821,0.300000,-1.250000,4,1.818707,-0.919339,1.335153,8,315.000,65490.69,1,0
hod_only,symbol|quarter,TSM|2026-Q2,11,-0.338365,-1.171875,0.363636,-1.250000,3,1.229565,-1.064991,0.388261,11,252.000,-85267.95,1,0
hod_only,symbol|quarter,TSM|2026-Q3,7,-0.693539,-1.104938,0.142857,-1.250000,5,0.642946,-1.169839,-0.217238,7,252.000,-174771.71,1,0
hod_only,symbol|quarter,UBER|2025-Q3,1,1.694444,1.694444,1.000000,1.694444,0,0.000000,1.694444,1.694444,1,252.000,427000.00,1,0
hod_only,symbol|quarter,UBER|2025-Q4,7,-0.038723,-1.052632,0.285714,-1.250000,3,1.787945,-1.363251,1.285805,7,252.000,-9758.28,1,0
hod_only,symbol|quarter,UBER|2026-Q1,12,0.315881,-0.296416,0.500000,-1.250000,2,1.831155,-0.720192,1.351955,12,252.000,79602.09,1,0
hod_only,symbol|quarter,UBER|2026-Q2,5,0.147718,-1.250000,0.400000,-1.250000,3,1.713883,-1.354566,1.650002,5,252.000,37224.89,1,0
hod_only,symbol|quarter,UBER|2026-Q3,1,-1.034884,-1.034884,0.000000,-1.034884,1,0.000000,-1.034884,-1.034884,1,252.000,-260790.70,1,0
hod_only,symbol|setup,AAPL|break_and_retest,14,-0.005511,-0.457004,0.500000,-1.250000,2,1.284660,-0.678457,0.667435,14,252.000,-1388.84,1,0
hod_only,symbol|setup,AAPL|one_candle_rule,5,0.098435,-1.250000,0.400000,-1.250000,3,1.836515,-1.511342,1.708211,4,315.000,31006.90,1,0
hod_only,symbol|setup,AMD|break_and_retest,56,0.583173,-1.250000,0.321429,-1.250000,8,3.342018,-0.292155,1.458501,44,320.727,187039.56,0,0
hod_only,symbol|setup,AMD|one_candle_rule,8,0.434776,-1.250000,0.250000,-1.250000,3,2.924786,-1.591997,2.461549,7,288.000,125215.50,1,0
hod_only,symbol|setup,AMZN|break_and_retest,18,-0.213574,-1.179137,0.333333,-1.250000,7,1.543043,-0.926424,0.499275,18,252.000,-53820.72,1,0
hod_only,symbol|setup,AMZN|one_candle_rule,2,-1.250000,-1.250000,0.000000,-1.250000,2,0.000000,-1.250000,-1.250000,2,252.000,-315000.00,1,0
hod_only,symbol|setup,AVGO|break_and_retest,40,-0.273439,-1.154270,0.275000,-1.250000,5,1.621666,-0.775998,0.229121,37,272.432,-74493.56,0,0
hod_only,symbol|setup,AVGO|one_candle_rule,6,-0.348039,-1.250000,0.166667,-1.250000,5,1.907228,-1.874140,1.178061,6,252.000,-87705.88,1,0
hod_only,symbol|setup,BABA|break_and_retest,9,-0.237871,-1.250000,0.333333,-1.250000,4,1.614198,-1.292480,0.816739,9,252.000,-59943.37,1,0
hod_only,symbol|setup,COIN|break_and_retest,71,-0.299571,-1.250000,0.295775,-1.980196,19,1.533628,-0.656307,0.057165,65,275.262,-82460.37,0,0
hod_only,symbol|setup,COIN|one_candle_rule,5,-0.075159,-1.000000,0.400000,-1.250000,2,1.285961,-1.202353,1.052035,5,252.000,-18940.01,1,0
hod_only,symbol|setup,CRM|break_and_retest,34,0.210043,-1.089634,0.323529,-1.250000,9,2.231521,-0.540054,0.960141,31,276.387,58053.30,0,0
hod_only,symbol|setup,CRM|one_candle_rule,3,-0.240612,-1.125192,0.333333,-1.246154,2,1.337430,-1.754057,1.272833,3,252.000,-60634.23,1,0
hod_only,symbol|setup,GOOGL|break_and_retest,17,-0.144380,-1.161017,0.411765,-1.250000,4,1.429109,-0.823735,0.534976,17,252.000,-36383.68,1,0
hod_only,symbol|setup,GOOGL|one_candle_rule,3,1.026554,-1.231481,0.333333,-1.250000,1,3.206448,-2.601883,4.654991,3,252.000,258691.56,1,0
hod_only,symbol|setup,HOOD|break_and_retest,49,0.443105,-1.160375,0.408163,-1.250000,5,2.438204,-0.239592,1.125802,46,268.435,118944.79,0,0
hod_only,symbol|setup,INTC|break_and_retest,28,0.412152,-1.250000,0.392857,-1.361111,3,2.392700,-0.474117,1.298421,28,252.000,103862.32,0,0
hod_only,symbol|setup,IREN|break_and_retest,66,0.105036,-1.250000,0.272727,-2.530000,15,2.959450,-0.608959,0.819030,63,264.000,27729.39,0,0
hod_only,symbol|setup,MARA|break_and_retest,1,-2.156667,-2.156667,0.000000,-2.156667,1,0.000000,-2.156667,-2.156667,1,252.000,-543480.00,1,0
hod_only,symbol|setup,META|break_and_retest,24,0.689231,-0.880208,0.458333,-1.250000,3,2.121154,-0.159408,1.537869,22,274.909,189475.76,0,0
hod_only,symbol|setup,META|one_candle_rule,14,0.249207,-1.208447,0.357143,-1.250000,5,2.155128,-0.879718,1.378132,13,271.385,67630.87,1,0
hod_only,symbol|setup,MSFT|break_and_retest,16,0.212607,-1.077299,0.375000,-1.250000,7,2.063538,-0.798527,1.223740,15,268.800,57148.67,1,0
hod_only,symbol|setup,MSFT|one_candle_rule,13,-0.408402,-1.250000,0.230769,-1.250000,6,1.473524,-1.209419,0.392615,12,273.000,-111493.82,1,0
hod_only,symbol|setup,MSFT|reentry_84_rule,1,-1.250000,-1.250000,0.000000,-1.250000,1,0.000000,-1.250000,-1.250000,1,252.000,-315000.00,1,0
hod_only,symbol|setup,MU|break_and_retest,68,0.136884,-1.250000,0.264706,-1.401338,7,3.239450,-0.633085,0.906852,61,280.918,38453.08,0,0
hod_only,symbol|setup,MU|one_candle_rule,4,0.067672,-1.250000,0.250000,-1.250000,3,2.282276,-2.168958,2.304302,4,252.000,17053.45,1,0
hod_only,symbol|setup,NFLX|break_and_retest,19,0.114223,-1.048649,0.315789,-1.250000,4,1.978528,-0.775432,1.003877,19,252.000,28784.15,1,0
hod_only,symbol|setup,NVDA|break_and_retest,34,-0.202488,-1.112747,0.294118,-1.250000,7,1.570869,-0.730515,0.325540,31,276.387,-55964.97,0,0
hod_only,symbol|setup,NVDA|one_candle_rule,5,-0.157797,-1.070796,0.200000,-1.250000,3,1.478965,-1.454168,1.138573,5,252.000,-39764.93,1,0
hod_only,symbol|setup,ORCL|break_and_retest,54,-0.248883,-1.250000,0.240741,-2.492308,12,2.125220,-0.815727,0.317960,44,309.273,-76972.85,0,0
hod_only,symbol|setup,ORCL|one_candle_rule,5,-1.213691,-1.250000,0.000000,-1.250000,5,0.052109,-1.259367,-1.168016,5,252.000,-305850.14,1,0
hod_only,symbol|setup,PLTR|break_and_retest,57,-0.052990,-1.176471,0.315789,-1.250000,9,1.993426,-0.570500,0.464520,53,271.019,-14361.30,0,0
hod_only,symbol|setup,PLTR|one_candle_rule,4,-0.956368,-1.250000,0.000000,-1.250000,4,0.508586,-1.454782,-0.457954,4,252.000,-241004.72,1,0
hod_only,symbol|setup,QQQ|break_and_retest,4,0.464907,0.392634,0.500000,-0.372449,2,0.727236,-0.247784,1.177598,4,252.000,117156.49,1,0
hod_only,symbol|setup,QQQ|one_candle_rule,5,0.469812,-1.069150,0.400000,-1.250000,2,2.271686,-1.521409,2.461033,5,252.000,118392.58,1,0
hod_only,symbol|setup,SOFI|break_and_retest,4,-0.747443,-1.012744,0.250000,-1.250000,2,0.605613,-1.340944,-0.153943,4,252.000,-188355.70,1,0
hod_only,symbol|setup,TSLA|break_and_retest,55,-0.440301,-1.250000,0.236364,-1.289784,8,1.576160,-0.856859,-0.023743,50,277.200,-122051.42,0,0
hod_only,symbol|setup,TSLA|one_candle_rule,15,-0.728345,-1.175000,0.200000,-1.333333,9,0.838471,-1.152670,-0.304021,15,252.000,-183543.00,1,0
hod_only,symbol|setup,TSLA|reentry_84_rule,1,6.101449,6.101449,1.000000,6.101449,0,0.000000,6.101449,6.101449,1,252.000,1537565.22,1,0
hod_only,symbol|setup,TSM|break_and_retest,37,-0.486517,-1.171875,0.216216,-1.250000,11,1.180805,-0.866998,-0.106036,36,259.000,-126007.86,0,0
hod_only,symbol|setup,TSM|one_candle_rule,5,0.753603,-1.012876,0.400000,-1.250000,1,2.356965,-1.312368,2.819575,5,252.000,189908.07,1,0
hod_only,symbol|setup,UBER|break_and_retest,26,0.189141,-1.039664,0.423077,-1.250000,4,1.771903,-0.491957,0.870239,26,252.000,47663.49,0,0
hod_only,symbol|grade,AAPL|B,11,0.378869,0.850877,0.636364,-1.250000,2,1.259005,-0.365156,1.122893,11,252.000,95474.90,1,0
hod_only,symbol|grade,AAPL|C,8,-0.469067,-1.250000,0.250000,-1.250000,5,1.550909,-1.543792,0.605658,8,252.000,-118205.00,1,0
hod_only,symbol|grade,AMD|A+,2,-1.250000,-1.250000,0.000000,-1.250000,2,0.000000,-1.250000,-1.250000,1,504.000,-630000.00,1,0
hod_only,symbol|grade,AMD|B,36,1.149199,-1.250000,0.416667,-1.250000,7,3.712057,-0.063406,2.361804,35,259.200,297872.38,0,0
hod_only,symbol|grade,AMD|C,26,-0.105202,-1.250000,0.192308,-1.250000,7,2.537770,-1.080689,0.870285,24,273.000,-28720.18,0,0
hod_only,symbol|grade,AMZN|B,14,0.081833,-0.828643,0.428571,-1.250000,4,1.633574,-0.773885,0.937551,14,252.000,20621.93,1,0
hod_only,symbol|grade,AMZN|C,6,-1.248333,-1.250000,0.000000,-1.250000,6,0.003727,-1.251315,-1.245351,6,252.000,-314580.00,1,0
hod_only,symbol|grade,AVGO|B,25,-0.104638,-1.096026,0.280000,-1.250000,7,1.788659,-0.805792,0.596517,25,252.000,-26368.73,0,0
hod_only,symbol|grade,AVGO|C,21,-0.495706,-1.182927,0.238095,-1.250000,7,1.469016,-1.124015,0.132602,20,264.600,-131163.93,0,0
hod_only,symbol|grade,BABA|B,9,-0.237871,-1.250000,0.333333,-1.250000,4,1.614198,-1.292480,0.816739,9,252.000,-59943.37,1,0
hod_only,symbol|grade,COIN|B,54,-0.248555,-1.229177,0.333333,-1.980196,13,1.450262,-0.635373,0.138262,53,256.755,-63817.77,0,0
hod_only,symbol|grade,COIN|C,22,-0.373788,-1.250000,0.227273,-1.250000,8,1.674347,-1.073453,0.325877,20,277.200,-103614.10,0,0
hod_only,symbol|grade,CRM|A,1,6.645230,6.645230,1.000000,6.645230,0,0.000000,6.645230,6.645230,1,252.000,1674598.07,1,0
hod_only,symbol|grade,CRM|B,21,0.757236,-0.288560,0.476190,-1.250000,5,2.187460,-0.178356,1.692828,21,252.000,190823.41,0,0
hod_only,symbol|grade,CRM|C,15,-1.075169,-1.229054,0.066667,-1.250000,8,0.393629,-1.274373,-0.875966,15,252.000,-270942.68,1,0
hod_only,symbol|grade,GOOGL|B,12,0.165284,-0.516672,0.500000,-1.250000,3,1.543604,-0.708092,1.038661,12,252.000,41651.69,1,0
hod_only,symbol|grade,GOOGL|C,8,-0.169776,-1.225000,0.250000,-1.250000,3,2.234076,-1.717911,1.378359,8,252.000,-42783.53,1,0
hod_only,symbol|grade,HOOD|B,43,0.475528,-1.137979,0.418605,-1.250000,5,2.473072,-0.263666,1.214723,43,252.000,119833.17,0,0
hod_only,symbol|grade,HOOD|C,6,0.210737,-1.205188,0.333333,-1.250000,4,2.157787,-1.515852,1.937326,5,302.400,63726.85,1,0
hod_only,symbol|grade,INTC|B,26,0.508760,-1.250000,0.423077,-1.361111,2,2.453985,-0.434522,1.452041,26,252.000,128207.50,0,0
hod_only,symbol|grade,INTC|C,2,-0.843750,-0.843750,0.000000,-1.250000,2,0.406250,-1.406784,-0.280716,2,252.000,-212625.00,1,0
hod_only,symbol|grade,IREN|B,55,0.349082,-1.250000,0.327273,-2.530000,11,3.182408,-0.491985,1.190149,55,252.000,87968.60,0,0
hod_only,symbol|grade,IREN|C,11,-1.115195,-1.250000,0.000000,-1.250000,11,0.353154,-1.323896,-0.906495,11,252.000,-281029.21,1,0
hod_only,symbol|grade,MARA|B,1,-2.156667,-2.156667,0.000000,-2.156667,1,0.000000,-2.156667,-2.156667,1,252.000,-543480.00,1,0
hod_only,symbol|grade,META|A+,1,-1.250000,-1.250000,0.000000,-1.250000,1,0.000000,-1.250000,-1.250000,1,252.000,-315000.00,1,0
hod_only,symbol|grade,META|B,23,1.004628,1.358863,0.521739,-1.250000,2,2.191335,0.109055,1.900201,22,263.455,264673.80,0,0
hod_only,symbol|grade,META|C,14,-0.130430,-1.208447,0.285714,-1.250000,4,1.886391,-1.118582,0.857723,13,271.385,-35396.57,1,0
hod_only,symbol|grade,MSFT|A,2,-1.250000,-1.250000,0.000000,-1.250000,2,0.000000,-1.250000,-1.250000,1,504.000,-630000.00,1,0
hod_only,symbol|grade,MSFT|B,19,0.071187,-1.250000,0.368421,-1.250000,5,1.967599,-0.813554,0.955928,19,252.000,17939.14,1,0
hod_only,symbol|grade,MSFT|C,9,-0.223342,-1.122340,0.222222,-1.250000,5,1.618775,-1.280941,0.834258,9,252.000,-56282.16,1,0
hod_only,symbol|grade,MU|B,47,0.751678,-1.241685,0.361702,-1.401338,5,3.783646,-0.330049,1.833404,47,252.000,189422.76,0,0
hod_only,symbol|grade,MU|C,25,-1.030003,-1.250000,0.080000,-1.250000,13,0.625863,-1.275341,-0.784665,23,273.913,-282131.21,0,0
hod_only,symbol|grade,NFLX|B,19,0.114223,-1.048649,0.315789,-1.250000,4,1.978528,-0.775432,1.003877,19,252.000,28784.15,1,0
hod_only,symbol|grade,NVDA|A,1,-1.250000,-1.250000,0.000000,-1.250000,1,0.000000,-1.250000,-1.250000,1,252.000,-315000.00,1,0
hod_only,symbol|grade,NVDA|B,24,0.285343,-0.645798,0.458333,-1.250000,4,1.800697,-0.435086,1.005772,24,252.000,71906.48,0,0
hod_only,symbol|grade,NVDA|C,14,-0.947986,-1.170765,0.000000,-1.250000,14,0.417160,-1.166508,-0.729464,14,252.000,-238892.45,1,0
hod_only,symbol|grade,ORCL|B,38,0.049838,-1.129085,0.315789,-2.492308,7,2.393295,-0.711120,0.810796,38,252.000,12559.15,0,0
hod_only,symbol|grade,ORCL|C,21,-1.019143,-1.250000,0.047619,-1.250000,11,0.846651,-1.381262,-0.657024,17,311.294,-317253.18,0,0
hod_only,symbol|grade,PLTR|B,49,0.036430,-1.176471,0.326531,-1.250000,8,2.073742,-0.544217,0.617078,48,257.250,9371.69,0,0
hod_only,symbol|grade,PLTR|C,12,-0.719249,-1.250000,0.166667,-1.250000,7,1.094077,-1.338281,-0.100216,12,252.000,-181250.71,1,0
hod_only,symbol|grade,QQQ|B,6,0.327973,0.392634,0.500000,-1.250000,3,0.978253,-0.454793,1.110738,6,252.000,82649.10,1,0
hod_only,symbol|grade,QQQ|C,3,0.746950,-1.069150,0.333333,-1.250000,1,2.697244,-2.305269,3.799169,3,252.000,188231.41,1,0
hod_only,symbol|grade,SOFI|B,4,-0.747443,-1.012744,0.250000,-1.250000,2,0.605613,-1.340944,-0.153943,4,252.000,-188355.70,1,0
hod_only,symbol|grade,TSLA|A,3,1.200483,-1.250000,0.333333,-1.250000,2,3.465506,-2.721107,5.122073,2,378.000,453782.61,1,0
hod_only,symbol|grade,TSLA|B,34,-0.140554,-1.138636,0.352941,-1.289784,5,1.733002,-0.723080,0.441972,34,252.000,-35419.63,0,0
hod_only,symbol|grade,TSLA|C,34,-0.819497,-1.250000,0.117647,-1.333333,15,1.044011,-1.170428,-0.468566,34,252.000,-206513.19,0,0
hod_only,symbol|grade,TSM|B,26,0.157260,-0.257453,0.384615,-1.250000,7,1.622417,-0.466377,0.780897,25,262.080,41214.68,0,0
hod_only,symbol|grade,TSM|C,16,-1.145117,-1.250000,0.000000,-1.250000,16,0.237322,-1.261404,-1.028829,15,268.800,-307807.32,1,0
hod_only,symbol|grade,UBER|B,26,0.189141,-1.039664,0.423077,-1.250000,4,1.771903,-0.491957,0.870239,26,252.000,47663.49,0,0
hod_only,symbol|alert_only,AAPL|actioned,11,0.378869,0.850877,0.636364,-1.250000,2,1.259005,-0.365156,1.122893,11,252.000,95474.90,1,0
hod_only,symbol|alert_only,AAPL|alert_only,8,-0.469067,-1.250000,0.250000,-1.250000,5,1.550909,-1.543792,0.605658,8,252.000,-118205.00,1,0
hod_only,symbol|alert_only,AMD|actioned,38,1.022925,-1.250000,0.394737,-1.250000,7,3.652554,-0.138419,2.184269,35,273.600,279872.38,0,0
hod_only,symbol|alert_only,AMD|alert_only,26,-0.105202,-1.250000,0.192308,-1.250000,7,2.537770,-1.080689,0.870285,24,273.000,-28720.18,0,0
hod_only,symbol|alert_only,AMZN|actioned,14,0.081833,-0.828643,0.428571,-1.250000,4,1.633574,-0.773885,0.937551,14,252.000,20621.93,1,0
hod_only,symbol|alert_only,AMZN|alert_only,6,-1.248333,-1.250000,0.000000,-1.250000,6,0.003727,-1.251315,-1.245351,6,252.000,-314580.00,1,0
hod_only,symbol|alert_only,AVGO|actioned,25,-0.104638,-1.096026,0.280000,-1.250000,7,1.788659,-0.805792,0.596517,25,252.000,-26368.73,0,0
hod_only,symbol|alert_only,AVGO|alert_only,21,-0.495706,-1.182927,0.238095,-1.250000,7,1.469016,-1.124015,0.132602,20,264.600,-131163.93,0,0
hod_only,symbol|alert_only,BABA|actioned,9,-0.237871,-1.250000,0.333333,-1.250000,4,1.614198,-1.292480,0.816739,9,252.000,-59943.37,1,0
hod_only,symbol|alert_only,COIN|actioned,54,-0.248555,-1.229177,0.333333,-1.980196,13,1.450262,-0.635373,0.138262,53,256.755,-63817.77,0,0
hod_only,symbol|alert_only,COIN|alert_only,22,-0.373788,-1.250000,0.227273,-1.250000,8,1.674347,-1.073453,0.325877,20,277.200,-103614.10,0,0
hod_only,symbol|alert_only,CRM|actioned,22,1.024872,0.040720,0.500000,-1.250000,5,2.464081,-0.004802,2.054546,22,252.000,258267.72,0,0
hod_only,symbol|alert_only,CRM|alert_only,15,-1.075169,-1.229054,0.066667,-1.250000,8,0.393629,-1.274373,-0.875966,15,252.000,-270942.68,1,0
hod_only,symbol|alert_only,GOOGL|actioned,12,0.165284,-0.516672,0.500000,-1.250000,3,1.543604,-0.708092,1.038661,12,252.000,41651.69,1,0
hod_only,symbol|alert_only,GOOGL|alert_only,8,-0.169776,-1.225000,0.250000,-1.250000,3,2.234076,-1.717911,1.378359,8,252.000,-42783.53,1,0
hod_only,symbol|alert_only,HOOD|actioned,43,0.475528,-1.137979,0.418605,-1.250000,5,2.473072,-0.263666,1.214723,43,252.000,119833.17,0,0
hod_only,symbol|alert_only,HOOD|alert_only,6,0.210737,-1.205188,0.333333,-1.250000,4,2.157787,-1.515852,1.937326,5,302.400,63726.85,1,0
hod_only,symbol|alert_only,INTC|actioned,26,0.508760,-1.250000,0.423077,-1.361111,2,2.453985,-0.434522,1.452041,26,252.000,128207.50,0,0
hod_only,symbol|alert_only,INTC|alert_only,2,-0.843750,-0.843750,0.000000,-1.250000,2,0.406250,-1.406784,-0.280716,2,252.000,-212625.00,1,0
hod_only,symbol|alert_only,IREN|actioned,55,0.349082,-1.250000,0.327273,-2.530000,11,3.182408,-0.491985,1.190149,55,252.000,87968.60,0,0
hod_only,symbol|alert_only,IREN|alert_only,11,-1.115195,-1.250000,0.000000,-1.250000,11,0.353154,-1.323896,-0.906495,11,252.000,-281029.21,1,0
hod_only,symbol|alert_only,MARA|actioned,1,-2.156667,-2.156667,0.000000,-2.156667,1,0.000000,-2.156667,-2.156667,1,252.000,-543480.00,1,0
hod_only,symbol|alert_only,META|actioned,24,0.910685,0.299223,0.500000,-1.250000,2,2.191997,0.033704,1.787667,23,262.957,239470.59,0,0
hod_only,symbol|alert_only,META|alert_only,14,-0.130430,-1.208447,0.285714,-1.250000,4,1.886391,-1.118582,0.857723,13,271.385,-35396.57,1,0
hod_only,symbol|alert_only,MSFT|actioned,21,-0.054640,-1.250000,0.333333,-1.250000,5,1.911321,-0.872126,0.762845,20,264.600,-14457.82,0,0
hod_only,symbol|alert_only,MSFT|alert_only,9,-0.223342,-1.122340,0.222222,-1.250000,5,1.618775,-1.280941,0.834258,9,252.000,-56282.16,1,0
hod_only,symbol|alert_only,MU|actioned,47,0.751678,-1.241685,0.361702,-1.401338,5,3.783646,-0.330049,1.833404,47,252.000,189422.76,0,0
hod_only,symbol|alert_only,MU|alert_only,25,-1.030003,-1.250000,0.080000,-1.250000,13,0.625863,-1.275341,-0.784665,23,273.913,-282131.21,0,0
hod_only,symbol|alert_only,NFLX|actioned,19,0.114223,-1.048649,0.315789,-1.250000,4,1.978528,-0.775432,1.003877,19,252.000,28784.15,1,0
hod_only,symbol|alert_only,NVDA|actioned,25,0.223929,-1.037051,0.440000,-1.250000,4,1.789785,-0.477666,0.925525,25,252.000,56430.22,0,0
hod_only,symbol|alert_only,NVDA|alert_only,14,-0.947986,-1.170765,0.000000,-1.250000,14,0.417160,-1.166508,-0.729464,14,252.000,-238892.45,1,0
hod_only,symbol|alert_only,ORCL|actioned,38,0.049838,-1.129085,0.315789,-2.492308,7,2.393295,-0.711120,0.810796,38,252.000,12559.15,0,0
hod_only,symbol|alert_only,ORCL|alert_only,21,-1.019143,-1.250000,0.047619,-1.250000,11,0.846651,-1.381262,-0.657024,17,311.294,-317253.18,0,0
hod_only,symbol|alert_only,PLTR|actioned,49,0.036430,-1.176471,0.326531,-1.250000,8,2.073742,-0.544217,0.617078,48,257.250,9371.69,0,0
hod_only,symbol|alert_only,PLTR|alert_only,12,-0.719249,-1.250000,0.166667,-1.250000,7,1.094077,-1.338281,-0.100216,12,252.000,-181250.71,1,0
hod_only,symbol|alert_only,QQQ|actioned,6,0.327973,0.392634,0.500000,-1.250000,3,0.978253,-0.454793,1.110738,6,252.000,82649.10,1,0
hod_only,symbol|alert_only,QQQ|alert_only,3,0.746950,-1.069150,0.333333,-1.250000,1,2.697244,-2.305269,3.799169,3,252.000,188231.41,1,0
hod_only,symbol|alert_only,SOFI|actioned,4,-0.747443,-1.012744,0.250000,-1.250000,2,0.605613,-1.340944,-0.153943,4,252.000,-188355.70,1,0
hod_only,symbol|alert_only,TSLA|actioned,37,-0.031821,-1.175000,0.351351,-1.289784,5,1.966606,-0.665505,0.601862,36,259.000,-8241.72,0,0
hod_only,symbol|alert_only,TSLA|alert_only,34,-0.819497,-1.250000,0.117647,-1.333333,15,1.044011,-1.170428,-0.468566,34,252.000,-206513.19,0,0
hod_only,symbol|alert_only,TSM|actioned,26,0.157260,-0.257453,0.384615,-1.250000,7,1.622417,-0.466377,0.780897,25,262.080,41214.68,0,0
hod_only,symbol|alert_only,TSM|alert_only,16,-1.145117,-1.250000,0.000000,-1.250000,16,0.237322,-1.261404,-1.028829,15,268.800,-307807.32,1,0
hod_only,symbol|alert_only,UBER|actioned,26,0.189141,-1.039664,0.423077,-1.250000,4,1.771903,-0.491957,0.870239,26,252.000,47663.49,0,0
hod_only,symbol|trend_qqq,AAPL|aligned,9,0.405739,0.102941,0.555556,-1.250000,2,1.641421,-0.666656,1.478133,8,283.500,115026.91,1,0
hod_only,symbol|trend_qqq,AAPL|flat,1,-1.250000,-1.250000,0.000000,-1.250000,1,0.000000,-1.250000,-1.250000,1,252.000,-315000.00,1,0
hod_only,symbol|trend_qqq,AAPL|opposed,9,-0.220737,-1.016949,0.444444,-1.250000,3,1.168414,-0.984101,0.542627,9,252.000,-55625.72,1,0
hod_only,symbol|trend_qqq,AMD|aligned,33,0.792913,-1.250000,0.393939,-1.250000,7,3.360332,-0.353606,1.939432,28,297.000,235495.28,0,0
hod_only,symbol|trend_qqq,AMD|flat,9,2.588000,-1.007856,0.444444,-1.250000,3,4.566697,-0.395575,5.571575,8,283.500,733698.08,1,0
hod_only,symbol|trend_qqq,AMD|opposed,22,-0.605556,-1.250000,0.136364,-1.250000,12,1.719455,-1.324071,0.112958,17,326.118,-197482.56,0,0
hod_only,symbol|trend_qqq,AMZN|aligned,7,0.343617,0.157407,0.571429,-1.250000,1,1.650033,-0.878744,1.565979,7,252.000,86591.51,1,0
hod_only,symbol|trend_qqq,AMZN|flat,1,-1.250000,-1.250000,0.000000,-1.250000,1,0.000000,-1.250000,-1.250000,1,252.000,-315000.00,1,0
hod_only,symbol|trend_qqq,AMZN|opposed,12,-0.624971,-1.245000,0.166667,-1.250000,8,1.312422,-1.367544,0.117601,12,252.000,-157492.79,1,0
hod_only,symbol|trend_qqq,AVGO|aligned,25,-0.384110,-1.182927,0.280000,-1.250000,5,1.426304,-0.943221,0.175001,24,262.500,-100828.97,0,0
hod_only,symbol|trend_qqq,AVGO|flat,8,0.258799,-1.071078,0.250000,-1.250000,3,2.302127,-1.336494,1.854091,8,252.000,65217.30,1,0
hod_only,symbol|trend_qqq,AVGO|opposed,13,-0.422570,-1.250000,0.230769,-1.250000,7,1.542528,-1.261098,0.415958,12,273.000,-115361.67,1,0
hod_only,symbol|trend_qqq,BABA|aligned,6,-0.501250,-1.250000,0.333333,-1.250000,4,1.154195,-1.424798,0.422298,6,252.000,-126315.06,1,0
hod_only,symbol|trend_qqq,BABA|opposed,3,0.288889,-1.250000,0.333333,-1.250000,2,2.176318,-2.173846,2.751624,3,252.000,72800.00,1,0
hod_only,symbol|trend_qqq,COIN|aligned,34,-0.237988,-1.146431,0.294118,-1.250000,10,1.477190,-0.734527,0.258550,29,295.448,-70313.18,0,0
hod_only,symbol|trend_qqq,COIN|flat,12,0.176480,-0.421081,0.500000,-1.572727,2,1.699403,-0.785048,1.138008,10,302.400,53367.58,1,0
hod_only,symbol|trend_qqq,COIN|opposed,30,-0.522383,-1.250000,0.233333,-1.980196,9,1.441398,-1.038181,-0.006586,30,252.000,-131640.59,0,0
hod_only,symbol|trend_qqq,CRM|aligned,20,0.329614,-1.017933,0.350000,-1.250000,5,2.359863,-0.704642,1.363869,17,296.471,97720.80,0,0
hod_only,symbol|trend_qqq,CRM|flat,1,-0.319672,-0.319672,0.000000,-0.319672,1,0.000000,-0.319672,-0.319672,1,252.000,-80557.38,1,0
hod_only,symbol|trend_qqq,CRM|opposed,16,0.009190,-1.248077,0.312500,-1.250000,4,1.979484,-0.960757,0.979137,15,268.800,2470.23,1,0
hod_only,symbol|trend_qqq,GOOGL|aligned,9,0.458695,-1.200000,0.444444,-1.250000,2,2.244162,-1.007491,1.924881,9,252.000,115591.05,1,0
hod_only,symbol|trend_qqq,GOOGL|flat,1,0.441667,0.441667,1.000000,0.441667,0,0.000000,0.441667,0.441667,1,252.000,111300.00,1,0
hod_only,symbol|trend_qqq,GOOGL|opposed,10,-0.394471,-1.205508,0.300000,-1.250000,4,1.418048,-1.273387,0.484444,10,252.000,-99406.74,1,0
hod_only,symbol|trend_qqq,HOOD|aligned,29,0.400750,-1.121552,0.413793,-1.250000,3,2.176353,-0.391362,1.192862,28,261.000,104595.70,0,0
hod_only,symbol|trend_qqq,HOOD|flat,5,0.411150,-1.250000,0.400000,-1.250000,3,2.142374,-1.466724,2.289023,4,315.000,129512.20,1,0
hod_only,symbol|trend_qqq,HOOD|opposed,15,0.535643,-1.250000,0.400000,-1.250000,3,2.953008,-0.958785,2.030072,15,252.000,134982.15,1,0
hod_only,symbol|trend_qqq,INTC|aligned,19,1.070945,0.228070,0.526316,-1.361111,2,2.609130,-0.102263,2.244153,19,252.000,269878.08,1,0
hod_only,symbol|trend_qqq,INTC|flat,1,-1.250000,-1.250000,0.000000,-1.250000,1,0.000000,-1.250000,-1.250000,1,252.000,-315000.00,1,0
hod_only,symbol|trend_qqq,INTC|opposed,7,-0.901099,-1.250000,0.142857,-1.250000,5,0.854630,-1.534217,-0.267980,7,252.000,-227076.92,1,0
hod_only,symbol|trend_qqq,INTC|unknown,1,-1.250000,-1.250000,0.000000,-1.250000,1,0.000000,-1.250000,-1.250000,1,252.000,-315000.00,1,0
hod_only,symbol|trend_qqq,IREN|aligned,40,0.104890,-1.250000,0.325000,-2.530000,10,2.405834,-0.640685,0.850466,38,265.263,27823.48,0,0
hod_only,symbol|trend_qqq,IREN|flat,7,-0.827951,-1.250000,0.142857,-1.444444,5,1.097572,-1.641044,-0.014859,7,252.000,-208643.76,1,0
hod_only,symbol|trend_qqq,IREN|opposed,19,0.449074,-1.250000,0.210526,-1.250000,5,4.165994,-1.424185,2.322333,18,266.000,119453.66,1,0
hod_only,symbol|trend_qqq,MARA|aligned,1,-2.156667,-2.156667,0.000000,-2.156667,1,0.000000,-2.156667,-2.156667,1,252.000,-543480.00,1,0
hod_only,symbol|trend_qqq,META|aligned,22,1.079943,0.431839,0.500000,-1.250000,3,2.329435,0.106534,2.053352,20,277.200,299360.28,0,0
hod_only,symbol|trend_qqq,META|flat,4,-1.206746,-1.250000,0.000000,-1.250000,4,0.074919,-1.280166,-1.133325,4,252.000,-304099.88,1,0
hod_only,symbol|trend_qqq,META|opposed,12,0.091555,-1.151950,0.416667,-1.250000,2,1.690503,-0.864937,1.048047,11,274.909,25169.27,1,0
hod_only,symbol|trend_qqq,MSFT|aligned,10,-0.200908,-1.186170,0.300000,-1.250000,6,1.491040,-1.125064,0.723248,9,280.000,-56254.28,1,0
hod_only,symbol|trend_qqq,MSFT|flat,2,2.407468,2.407468,0.500000,-1.250000,1,3.657468,-2.661524,7.476459,2,252.000,606681.82,1,0
hod_only,symbol|trend_qqq,MSFT|opposed,17,-0.483168,-1.250000,0.235294,-1.250000,7,1.345946,-1.122990,0.156654,15,285.600,-137992.80,1,0
hod_only,symbol|trend_qqq,MSFT|unknown,1,2.250480,2.250480,1.000000,2.250480,0,0.000000,2.250480,2.250480,1,252.000,567120.95,1,0
hod_only,symbol|trend_qqq,MU|aligned,44,0.437290,-1.250000,0.295455,-1.401338,5,3.786099,-0.681431,1.556011,39,284.308,124324.92,0,0
hod_only,symbol|trend_qqq,MU|flat,7,0.614336,-1.000000,0.428571,-1.250000,3,2.417154,-1.176317,2.404989,6,294.000,180614.77,1,0
hod_only,symbol|trend_qqq,MU|opposed,21,-0.664873,-1.250000,0.142857,-1.250000,7,1.443616,-1.282318,-0.047428,20,264.600,-175925.43,0,0
hod_only,symbol|trend_qqq,NFLX|aligned,13,0.040936,-1.028571,0.307692,-1.250000,2,1.910172,-0.997445,1.079317,13,252.000,10315.85,1,0
hod_only,symbol|trend_qqq,NFLX|flat,3,-1.202299,-1.250000,0.000000,-1.250000,3,0.067459,-1.278636,-1.125963,3,252.000,-302979.46,1,0
hod_only,symbol|trend_qqq,NFLX|opposed,3,1.748322,2.321168,0.666667,-1.102941,1,2.132997,-0.665392,4.162035,3,252.000,440577.03,1,0
hod_only,symbol|trend_qqq,NVDA|aligned,24,0.078767,-0.774685,0.416667,-1.250000,5,1.533112,-0.534605,0.692140,21,288.000,22685.00,0,0
hod_only,symbol|trend_qqq,NVDA|flat,3,-1.238985,-1.250000,0.000000,-1.250000,3,0.015577,-1.256612,-1.221358,3,252.000,-312224.30,1,0
hod_only,symbol|trend_qqq,NVDA|opposed,12,-0.487252,-1.167233,0.083333,-1.250000,6,1.641656,-1.416106,0.441602,10,302.400,-147345.08,1,0
hod_only,symbol|trend_qqq,ORCL|aligned,37,-0.058852,-1.250000,0.270270,-2.492308,9,2.440719,-0.845305,0.727602,29,321.517,-18921.87,0,0
hod_only,symbol|trend_qqq,ORCL|flat,10,-0.556575,-1.183140,0.200000,-1.250000,5,1.229132,-1.318399,0.205248,10,252.000,-140257.01,1,0
hod_only,symbol|trend_qqq,ORCL|opposed,12,-0.980407,-1.156644,0.083333,-1.250000,8,0.601178,-1.320556,-0.640259,11,274.909,-269522.90,1,0
hod_only,symbol|trend_qqq,PLTR|aligned,30,-0.415886,-1.175192,0.266667,-1.250000,15,1.310972,-0.885011,0.053239,29,260.690,-108417.18,0,0
hod_only,symbol|trend_qqq,PLTR|flat,6,1.322192,0.410227,0.666667,-1.250000,1,2.579643,-0.741953,3.386336,6,252.000,333192.36,1,0
hod_only,symbol|trend_qqq,PLTR|opposed,24,-0.185309,-1.250000,0.208333,-1.250000,6,2.224551,-1.075315,0.704697,22,274.909,-50943.18,0,0
hod_only,symbol|trend_qqq,PLTR|unknown,1,2.144946,2.144946,1.000000,2.144946,0,0.000000,2.144946,2.144946,1,252.000,540526.45,1,0
hod_only,symbol|trend_qqq,QQQ|aligned,6,1.296306,1.109874,0.666667,-0.372449,2,1.609136,0.008729,2.583883,6,252.000,326669.10,1,0
hod_only,symbol|trend_qqq,QQQ|opposed,3,-1.189717,-1.250000,0.000000,-1.250000,3,0.085254,-1.286190,-1.093243,3,252.000,-299808.59,1,0
hod_only,symbol|trend_qqq,SOFI|aligned,1,-1.250000,-1.250000,0.000000,-1.250000,1,0.000000,-1.250000,-1.250000,1,252.000,-315000.00,1,0
hod_only,symbol|trend_qqq,SOFI|flat,1,-0.956522,-0.956522,0.000000,-0.956522,1,0.000000,-0.956522,-0.956522,1,252.000,-241043.48,1,0
hod_only,symbol|trend_qqq,SOFI|opposed,2,-0.391626,-0.391626,0.500000,-1.068966,1,0.677340,-1.330371,0.547120,2,252.000,-98689.66,1,0
hod_only,symbol|trend_qqq,TSLA|aligned,33,-0.448763,-1.216306,0.242424,-1.250000,9,1.468070,-0.949657,0.052131,28,297.000,-133282.52,0,0
hod_only,symbol|trend_qqq,TSLA|flat,9,-0.937570,-1.250000,0.111111,-1.250000,8,0.832731,-1.481621,-0.393520,8,283.500,-265801.14,1,0
hod_only,symbol|trend_qqq,TSLA|opposed,29,-0.199758,-1.250000,0.275862,-1.333333,5,1.947153,-0.908449,0.508933,25,292.320,-58393.24,0,0
hod_only,symbol|trend_qqq,TSM|aligned,21,-0.353296,-1.104938,0.190476,-1.250000,8,1.519459,-1.003180,0.296587,20,264.600,-93482.19,0,0
hod_only,symbol|trend_qqq,TSM|flat,5,-0.376401,-1.250000,0.400000,-1.250000,1,1.196262,-1.424971,0.672169,5,252.000,-94853.09,1,0
hod_only,symbol|trend_qqq,TSM|opposed,16,-0.308242,-1.234133,0.250000,-1.250000,8,1.380083,-0.984483,0.367998,14,288.000,-88773.82,1,0
hod_only,symbol|trend_qqq,UBER|aligned,14,0.868297,0.651594,0.642857,-1.250000,3,1.826004,-0.088222,1.824816,14,252.000,218810.83,1,0
hod_only,symbol|trend_qqq,UBER|flat,3,0.002101,-1.120000,0.333333,-1.250000,2,1.679654,-1.898606,1.902809,3,252.000,529.58,1,0
hod_only,symbol|trend_qqq,UBER|opposed,9,-0.804978,-1.250000,0.111111,-1.250000,7,1.107048,-1.528249,-0.081707,9,252.000,-202854.39,1,0
hod_only,symbol|side,AAPL|long,10,0.348856,0.229553,0.600000,-1.250000,1,1.532532,-0.601017,1.298729,10,252.000,87911.70,1,0
hod_only,symbol|side,AAPL|short,9,-0.341505,-1.250000,0.333333,-1.250000,3,1.258947,-1.164017,0.481007,8,283.500,-96816.65,1,0
hod_only,symbol|side,AMD|long,31,0.394187,-1.250000,0.322581,-1.250000,7,2.621708,-0.528723,1.317097,25,312.480,123175.52,0,0
hod_only,symbol|side,AMD|short,33,0.724731,-1.250000,0.303030,-1.250000,7,3.810819,-0.575491,2.024953,25,332.640,241074.44,0,0
hod_only,symbol|side,AMZN|long,6,-0.039981,-0.884494,0.333333,-1.250000,3,1.655569,-1.364712,1.284750,6,252.000,-10075.25,1,0
hod_only,symbol|side,AMZN|short,14,-0.436032,-1.220000,0.285714,-1.250000,5,1.406286,-1.172690,0.300625,14,252.000,-109880.11,1,0
hod_only,symbol|side,AVGO|long,28,-0.339427,-1.175733,0.250000,-1.250000,7,1.620811,-0.939783,0.260930,26,271.385,-92115.14,0,0
hod_only,symbol|side,AVGO|short,18,-0.195658,-1.168579,0.277778,-1.250000,5,1.720189,-0.990344,0.599029,17,266.824,-52206.07,1,0
hod_only,symbol|side,BABA|long,4,0.664591,0.270849,0.500000,-1.250000,1,1.993922,-1.289452,2.618635,4,252.000,167476.98,1,0
hod_only,symbol|side,BABA|short,5,-0.959840,-1.250000,0.200000,-1.250000,4,0.580320,-1.468513,-0.451167,5,252.000,-241879.65,1,0
hod_only,symbol|side,COIN|long,39,-0.553241,-1.250000,0.282051,-1.572727,11,1.106208,-0.900426,-0.206056,34,289.059,-159919.13,0,0
hod_only,symbol|side,COIN|short,37,-0.001863,-1.250000,0.324324,-1.980196,8,1.815849,-0.586970,0.583243,34,274.235,-510.98,0,0
hod_only,symbol|side,CRM|long,21,0.337265,-1.079268,0.333333,-1.250000,5,2.237482,-0.619721,1.294252,19,278.526,93937.30,0,0
hod_only,symbol|side,CRM|short,16,-0.041433,-1.149971,0.312500,-1.250000,5,2.073647,-1.057520,0.974654,14,288.000,-11932.80,1,0
hod_only,symbol|side,GOOGL|long,10,0.437232,-0.567053,0.500000,-1.250000,3,2.195268,-0.923409,1.797873,10,252.000,110182.47,1,0
hod_only,symbol|side,GOOGL|short,10,-0.374711,-1.180508,0.300000,-1.250000,5,1.325592,-1.196322,0.446899,10,252.000,-94427.27,1,0
hod_only,symbol|side,HOOD|long,22,0.370893,-1.175827,0.318182,-1.250000,6,2.417761,-0.639425,1.381212,21,264.000,97915.88,0,0
hod_only,symbol|side,HOOD|short,27,0.501944,-1.160375,0.481481,-1.250000,6,2.453165,-0.423395,1.427283,25,272.160,136609.08,0,0
hod_only,symbol|side,INTC|long,12,0.079101,-1.250000,0.333333,-1.250000,3,2.099584,-1.108850,1.267052,12,252.000,19933.47,1,0
hod_only,symbol|side,INTC|short,16,0.661940,-0.843750,0.437500,-1.361111,2,2.562616,-0.593741,1.917622,16,252.000,166808.96,1,0
hod_only,symbol|side,IREN|long,29,0.460273,-1.250000,0.275862,-2.530000,10,3.714897,-0.891812,1.812358,28,261.000,120131.29,0,0
hod_only,symbol|side,IREN|short,37,-0.173394,-1.250000,0.270270,-1.334702,8,2.151740,-0.866732,0.519944,35,266.400,-46192.13,0,0
hod_only,symbol|side,MARA|short,1,-2.156667,-2.156667,0.000000,-2.156667,1,0.000000,-2.156667,-2.156667,1,252.000,-543480.00,1,0
hod_only,symbol|side,META|long,21,0.785799,-0.760417,0.476190,-1.250000,4,2.146936,-0.132461,1.704058,19,278.526,218865.58,0,0
hod_only,symbol|side,META|short,17,0.207568,-1.100775,0.352941,-1.250000,4,2.097365,-0.789456,1.204592,16,267.750,55576.38,1,0
hod_only,symbol|side,MSFT|long,15,-0.256194,-1.250000,0.333333,-1.250000,5,1.439578,-0.984721,0.472333,13,290.769,-74493.30,1,0
hod_only,symbol|side,MSFT|short,15,0.045692,-1.191176,0.266667,-1.250000,7,2.140249,-1.037423,1.128808,14,270.000,12336.93,1,0
hod_only,symbol|side,MU|long,34,-0.314087,-1.250000,0.176471,-1.401338,7,2.025684,-0.994995,0.366821,32,267.750,-84096.74,0,0
hod_only,symbol|side,MU|short,38,0.533098,-1.240466,0.342105,-1.250000,5,3.913717,-0.711284,1.777480,33,290.182,154695.37,0,0
hod_only,symbol|side,NFLX|long,9,0.048686,-1.238095,0.222222,-1.250000,5,2.357762,-1.491718,1.589091,9,252.000,12268.99,1,0
hod_only,symbol|side,NFLX|short,10,0.173206,-0.513158,0.400000,-1.250000,3,1.557948,-0.792421,1.138832,10,252.000,43647.79,1,0
hod_only,symbol|side,NVDA|long,20,-0.105713,-1.089320,0.350000,-1.250000,4,1.602966,-0.808244,0.596818,17,296.471,-31340.71,0,0
hod_only,symbol|side,NVDA|short,19,-0.292595,-1.216956,0.210526,-1.250000,7,1.506381,-0.969947,0.384756,17,281.647,-82408.63,1,0
hod_only,symbol|side,ORCL|long,29,-0.787214,-1.250000,0.137931,-2.492308,11,1.185806,-1.218803,-0.355625,22,332.182,-261498.12,0,0
hod_only,symbol|side,ORCL|short,30,0.110701,-1.102730,0.300000,-1.250000,6,2.552783,-0.802800,1.024203,24,315.000,34870.93,0,0
hod_only,symbol|side,PLTR|long,31,-0.088457,-1.173913,0.290323,-1.250000,14,2.118525,-0.834234,0.657320,30,260.400,-23034.15,0,0
hod_only,symbol|side,PLTR|short,30,-0.136791,-1.231441,0.300000,-1.250000,7,1.745664,-0.761469,0.487886,27,280.000,-38301.59,0,0
hod_only,symbol|side,QQQ|long,2,0.054104,0.054104,0.500000,-1.250000,1,1.304104,-1.753292,1.861501,2,252.000,13634.33,1,0
hod_only,symbol|side,QQQ|short,7,0.585782,-0.076271,0.428571,-1.250000,3,1.854617,-0.788137,1.959702,7,252.000,147617.17,1,0
hod_only,symbol|side,SOFI|long,2,-1.159483,-1.159483,0.000000,-1.250000,2,0.090517,-1.284933,-1.034032,2,252.000,-292189.66,1,0
hod_only,symbol|side,SOFI|short,2,-0.335404,-0.335404,0.500000,-0.956522,1,0.621118,-1.196229,0.525422,2,252.000,-84521.74,1,0
hod_only,symbol|side,TSLA|long,31,-0.314540,-1.216306,0.290323,-1.250000,6,1.581603,-0.871307,0.242226,28,279.000,-87756.78,0,0
hod_only,symbol|side,TSLA|short,40,-0.482238,-1.250000,0.200000,-1.333333,8,1.681620,-1.003378,0.038901,33,305.455,-147301.84,0,0
hod_only,symbol|side,TSM|long,21,-0.248289,-1.171875,0.285714,-1.250000,6,1.309944,-0.808562,0.311983,20,264.600,-65697.36,0,0
hod_only,symbol|side,TSM|short,21,-0.429478,-1.131579,0.190476,-1.250000,10,1.539324,-1.087857,0.228902,19,278.526,-119620.82,0,0
hod_only,symbol|side,UBER|long,9,0.554246,-1.007958,0.444444,-1.250000,3,2.098435,-0.816731,1.925224,9,252.000,139670.03,1,0
hod_only,symbol|side,UBER|short,17,-0.004150,-1.044444,0.411765,-1.250000,2,1.537090,-0.734836,0.726536,17,252.000,-1045.85,1,0
hod_only,pool|month,equity|2025-08,11,0.438986,-1.227090,0.454545,-1.250000,2,2.081783,-0.791269,1.669241,4,693.000,304217.29,1,0
hod_only,pool|month,equity|2025-09,28,-0.543218,-1.155696,0.214286,-1.250000,9,1.124593,-0.959773,-0.126663,15,470.400,-255529.80,0,0
hod_only,pool|month,equity|2025-10,31,0.495587,-1.235294,0.354839,-1.250000,5,3.342226,-0.680965,1.672139,21,372.000,184358.37,0,0
hod_only,pool|month,equity|2025-11,50,-0.004463,-1.250000,0.260000,-1.250000,11,2.513897,-0.701279,0.692354,15,840.000,-3748.60,0,0
hod_only,pool|month,equity|2025-12,38,0.327377,-0.890472,0.447368,-2.492308,8,2.018013,-0.314258,0.969012,17,563.294,184409.48,0,0
hod_only,pool|month,equity|2026-01,38,-0.139947,-1.187807,0.289474,-1.250000,7,2.048943,-0.791417,0.511522,18,532.000,-74451.95,0,0
hod_only,pool|month,equity|2026-02,42,0.198992,-1.231441,0.238095,-1.250000,8,3.818016,-0.955708,1.353692,18,588.000,117007.21,0,0
hod_only,pool|month,equity|2026-03,51,-0.645812,-1.250000,0.156863,-1.250000,16,1.372852,-1.022598,-0.269026,19,676.421,-436840.85,0,0
hod_only,pool|month,equity|2026-04,41,0.214354,-1.250000,0.365854,-1.250000,6,2.115410,-0.433175,0.861882,20,516.600,110735.07,0,0
hod_only,pool|month,equity|2026-05,60,-0.073348,-1.250000,0.266667,-1.250000,6,2.195611,-0.628915,0.482218,18,840.000,-61612.56,0,0
hod_only,pool|month,equity|2026-06,59,0.111332,-1.216306,0.338983,-1.401338,7,2.047895,-0.411230,0.633894,19,782.526,87120.35,0,0
hod_only,pool|month,equity|2026-07,66,-0.265660,-1.250000,0.257576,-1.361111,11,1.673804,-0.669481,0.138161,20,831.600,-220922.68,0,0
hod_only,pool|month,equity|2026-08,25,1.088041,0.431034,0.560000,-1.333333,6,2.539397,0.092598,2.083485,8,787.500,856832.45,0,0
hod_only,pool|month,index|2025-08,1,-1.069150,-1.069150,0.000000,-1.069150,1,0.000000,-1.069150,-1.069150,1,252.000,-269425.76,1,0
hod_only,pool|month,index|2025-10,1,1.358209,1.358209,1.000000,1.358209,0,0.000000,1.358209,1.358209,1,252.000,342268.66,1,0
hod_only,pool|month,index|2025-11,1,1.446809,1.446809,1.000000,1.446809,0,0.000000,1.446809,1.446809,1,252.000,364595.74,1,0
hod_only,pool|month,index|2025-12,1,4.560000,4.560000,1.000000,4.560000,0,0.000000,4.560000,4.560000,1,252.000,1149120.00,1,0
hod_only,pool|month,index|2026-01,1,0.861538,0.861538,1.000000,0.861538,0,0.000000,0.861538,0.861538,1,252.000,217107.69,1,0
hod_only,pool|month,index|2026-02,1,-1.250000,-1.250000,0.000000,-1.250000,1,0.000000,-1.250000,-1.250000,1,252.000,-315000.00,1,0
hod_only,pool|month,index|2026-06,3,-0.566240,-0.372449,0.000000,-1.250000,3,0.498381,-1.130212,-0.002268,3,252.000,-142692.49,1,0
hod_only,pool|month,other|2025-08,10,-0.583184,-1.126078,0.200000,-1.250000,6,1.032200,-1.222948,0.056581,4,630.000,-367405.75,1,0
hod_only,pool|month,other|2025-09,22,-0.299567,-1.142289,0.318182,-1.250000,7,1.249923,-0.821877,0.222743,12,462.000,-138399.93,0,0
hod_only,pool|month,other|2025-10,32,-0.743480,-1.250000,0.187500,-2.530000,7,1.238141,-1.172474,-0.314486,18,448.000,-333079.03,0,0
hod_only,pool|month,other|2025-11,27,-0.049321,-1.250000,0.296296,-1.334702,5,2.299562,-0.916721,0.818078,13,523.385,-25814.08,0,0
hod_only,pool|month,other|2025-12,27,0.263390,-1.250000,0.333333,-1.980196,7,2.315565,-0.610046,1.136826,16,425.250,112006.70,0,0
hod_only,pool|month,other|2026-01,24,-0.290880,-1.250000,0.250000,-1.250000,6,1.615236,-0.937109,0.355350,15,403.200,-117282.65,0,0
hod_only,pool|month,other|2026-02,42,-0.203627,-1.055556,0.357143,-1.250000,10,1.413215,-0.631032,0.223779,15,705.600,-143678.91,0,0
hod_only,pool|month,other|2026-03,38,0.228341,-1.130000,0.342105,-1.250000,6,2.390565,-0.531748,0.988431,16,598.500,136662.19,0,0
hod_only,pool|month,other|2026-04,28,0.213186,-1.213311,0.357143,-1.572727,6,2.238153,-0.615837,1.042209,16,441.000,94015.00,0,0
hod_only,pool|month,other|2026-05,32,0.111380,-1.167683,0.281250,-1.250000,8,3.325318,-1.040784,1.263544,17,474.353,52833.32,0,0
hod_only,pool|month,other|2026-06,31,-0.092078,-1.250000,0.258065,-1.250000,7,2.037751,-0.809420,0.625265,19,411.158,-37858.45,0,0
hod_only,pool|month,other|2026-07,34,0.069805,-1.110991,0.352941,-1.250000,5,1.739794,-0.515005,0.654614,17,504.000,35181.65,0,0
hod_only,pool|month,other|2026-08,9,1.336473,1.385475,0.555556,-1.250000,1,2.456638,-0.268530,2.941476,6,378.000,505186.82,1,0
hod_only,pool|quarter,equity|2025-Q3,39,-0.266186,-1.202176,0.282051,-1.250000,9,1.525028,-0.744818,0.212446,19,517.263,-137688.31,0,0
hod_only,pool|quarter,equity|2025-Q4,119,0.231768,-1.203125,0.344538,-2.492308,11,2.628727,-0.240543,0.704079,53,565.811,131136.94,0,0
hod_only,pool|quarter,equity|2026-Q1,131,-0.228219,-1.246032,0.221374,-1.250000,16,2.598811,-0.673256,0.216817,55,600.218,-136981.48,0,0
hod_only,pool|quarter,equity|2026-Q2,160,0.068476,-1.250000,0.318750,-1.401338,10,2.124768,-0.260760,0.397712,57,707.368,48437.93,0,0
hod_only,pool|quarter,equity|2026-Q3,91,0.106236,-1.217175,0.340659,-1.361111,11,2.041727,-0.313265,0.525737,28,819.000,87007.36,0,0
hod_only,pool|quarter,index|2025-Q3,1,-1.069150,-1.069150,0.000000,-1.069150,1,0.000000,-1.069150,-1.069150,1,252.000,-269425.76,1,0
hod_only,pool|quarter,index|2025-Q4,3,2.455006,1.446809,1.000000,1.358209,0,1.488895,0.770162,4.139849,3,252.000,618661.47,1,0
hod_only,pool|quarter,index|2026-Q1,2,-0.194231,-0.194231,0.500000,-1.250000,1,1.055769,-1.657452,1.268991,2,252.000,-48946.15,1,0
hod_only,pool|quarter,index|2026-Q2,3,-0.566240,-0.372449,0.000000,-1.250000,3,0.498381,-1.130212,-0.002268,3,252.000,-142692.49,1,0
hod_only,pool|quarter,other|2025-Q3,32,-0.388197,-1.142289,0.281250,-1.250000,7,1.193448,-0.801706,0.025311,16,504.000,-195651.39,0,0
hod_only,pool|quarter,other|2025-Q4,86,-0.209436,-1.250000,0.267442,-2.530000,7,2.024432,-0.637304,0.218432,47,461.106,-96572.31,0,0
hod_only,pool|quarter,other|2026-Q1,104,-0.065928,-1.130000,0.326923,-1.250000,10,1.883534,-0.427931,0.296076,46,569.739,-37561.49,0,0
hod_only,pool|quarter,other|2026-Q2,91,0.073395,-1.229054,0.296703,-1.572727,8,2.619195,-0.464755,0.611545,52,441.000,32367.23,0,0
hod_only,pool|quarter,other|2026-Q3,43,0.334921,-1.104938,0.395349,-1.250000,5,1.980412,-0.257018,0.926861,23,471.130,157791.69,0,0
hod_only,pool|setup,equity|break_and_retest,460,0.047135,-1.217065,0.313043,-2.492308,13,2.374975,-0.169903,0.264174,197,588.426,27735.74,0,0
hod_only,pool|setup,equity|one_candle_rule,78,-0.238560,-1.250000,0.230769,-1.333333,17,1.888999,-0.657779,0.180658,66,297.818,-71047.56,0,0
hod_only,pool|setup,equity|reentry_84_rule,2,2.425725,2.425725,0.500000,-1.250000,1,3.675725,-2.668570,7.520019,2,252.000,611282.61,1,0
hod_only,pool|setup,index|break_and_retest,4,0.464907,0.392634,0.500000,-0.372449,2,0.727236,-0.247784,1.177598,4,252.000,117156.49,1,0
hod_only,pool|setup,index|one_candle_rule,5,0.469812,-1.069150,0.400000,-1.250000,2,2.271686,-1.521409,2.461033,5,252.000,118392.58,1,0
hod_only,pool|setup,other|break_and_retest,337,-0.049827,-1.250000,0.308605,-2.530000,10,2.114271,-0.275564,0.175909,180,471.800,-23508.59,0,0
hod_only,pool|setup,other|one_candle_rule,19,0.030640,-1.076336,0.315789,-1.250000,5,1.877661,-0.813660,0.874939,18,266.000,8150.13,1,0
hod_only,pool|grade,equity|A,6,-0.024758,-1.250000,0.166667,-1.250000,3,2.739723,-2.216994,2.167477,4,378.000,-9358.70,1,0
hod_only,pool|grade,equity|A+,3,-1.250000,-1.250000,0.000000,-1.250000,3,0.000000,-1.250000,-1.250000,2,378.000,-472500.00,1,0
hod_only,pool|grade,equity|B,352,0.368187,-1.107995,0.392045,-2.492308,13,2.576673,0.099007,0.637368,183,484.721,178468.26,0,0
hod_only,pool|grade,equity|C,179,-0.657974,-1.250000,0.134078,-1.333333,28,1.504663,-0.878403,-0.437545,121,372.793,-245288.35,0,0
hod_only,pool|grade,index|B,6,0.327973,0.392634,0.500000,-1.250000,3,0.978253,-0.454793,1.110738,6,252.000,82649.10,1,0
hod_only,pool|grade,index|C,3,0.746950,-1.069150,0.333333,-1.250000,1,2.697244,-2.305269,3.799169,3,252.000,188231.41,1,0
hod_only,pool|grade,other|A,1,6.645230,6.645230,1.000000,6.645230,0,0.000000,6.645230,6.645230,1,252.000,1674598.07,1,0
hod_only,pool|grade,other|B,264,0.156176,-1.120776,0.363636,-2.530000,8,2.239159,-0.113933,0.426285,161,413.217,64534.51,0,0
hod_only,pool|grade,other|C,91,-0.704234,-1.250000,0.142857,-1.250000,17,1.304672,-0.972297,-0.436171,78,294.000,-207044.84,0,0
hod_only,pool|alert_only,equity|actioned,361,0.348209,-1.112500,0.385042,-2.492308,13,2.573404,0.082742,0.613676,184,494.413,172159.01,0,0
hod_only,pool|alert_only,equity|alert_only,179,-0.657974,-1.250000,0.134078,-1.333333,28,1.504663,-0.878403,-0.437545,121,372.793,-245288.35,0,0
hod_only,pool|alert_only,index|actioned,6,0.327973,0.392634,0.500000,-1.250000,3,0.978253,-0.454793,1.110738,6,252.000,82649.10,1,0
hod_only,pool|alert_only,index|alert_only,3,0.746950,-1.069150,0.333333,-1.250000,1,2.697244,-2.305269,3.799169,3,252.000,188231.41,1,0
hod_only,pool|alert_only,other|actioned,265,0.180663,-1.120000,0.366038,-2.530000,8,2.270069,-0.092658,0.453983,162,412.222,74473.17,0,0
hod_only,pool|alert_only,other|alert_only,91,-0.704234,-1.250000,0.142857,-1.250000,17,1.304672,-0.972297,-0.436171,78,294.000,-207044.84,0,0
hod_only,pool|trend_qqq,equity|aligned,290,0.243617,-1.130884,0.355172,-2.492308,9,2.550196,-0.049898,0.537133,152,480.789,117128.71,0,0
hod_only,pool|trend_qqq,equity|flat,57,0.190831,-1.250000,0.280702,-1.250000,14,2.747385,-0.522413,0.904075,31,463.355,88422.61,0,0
hod_only,pool|trend_qqq,equity|opposed,190,-0.403925,-1.250000,0.221053,-1.333333,11,1.684981,-0.643518,-0.164332,113,423.717,-171149.96,0,0
hod_only,pool|trend_qqq,equity|unknown,3,1.048475,2.144946,0.666667,-1.250000,1,1.625838,-0.791334,2.888285,1,756.000,792647.40,1,0
hod_only,pool|trend_qqq,index|aligned,6,1.296306,1.109874,0.666667,-0.372449,2,1.609136,0.008729,2.583883,6,252.000,326669.10,1,0
hod_only,pool|trend_qqq,index|opposed,3,-1.189717,-1.250000,0.000000,-1.250000,3,0.085254,-1.286190,-1.093243,3,252.000,-299808.59,1,0
hod_only,pool|trend_qqq,other|aligned,191,0.015906,-1.137979,0.335079,-2.530000,13,1.971259,-0.263659,0.295471,119,404.471,6433.49,0,0
hod_only,pool|trend_qqq,other|flat,42,-0.064373,-1.153955,0.333333,-1.572727,6,1.773879,-0.600855,0.472110,31,341.419,-21978.09,0,0
hod_only,pool|trend_qqq,other|opposed,123,-0.134505,-1.250000,0.260163,-1.980196,9,2.381283,-0.555342,0.286333,92,336.913,-45316.39,0,0
hod_only,pool|side,equity|long,259,-0.054935,-1.250000,0.305019,-2.492308,18,1.990762,-0.297387,0.187516,147,444.000,-24391.34,0,0
hod_only,pool|side,equity|short,281,0.078841,-1.213768,0.298932,-1.361111,26,2.592236,-0.224253,0.381935,141,502.213,39594.99,0,0
hod_only,pool|side,index|long,2,0.054104,0.054104,0.500000,-1.250000,1,1.304104,-1.753292,1.861501,2,252.000,13634.33,1,0
hod_only,pool|side,index|short,7,0.585782,-0.076271,0.428571,-1.250000,3,1.854617,-0.788137,1.959702,7,252.000,147617.17,1,0
hod_only,pool|side,other|long,175,-0.013581,-1.213675,0.297143,-2.530000,15,2.245019,-0.346207,0.319046,115,383.478,-5207.95,0,0
hod_only,pool|side,other|short,181,-0.076426,-1.250000,0.320442,-2.156667,8,1.954129,-0.361114,0.208263,114,400.105,-30578.33,0,0
hod_only,month|quarter,2025-08|2025-Q3,22,-0.094188,-1.148120,0.318182,-1.250000,7,1.716169,-0.811329,0.622953,4,1386.000,-130544.90,0,0
hod_only,month|quarter,2025-09|2025-Q3,50,-0.436012,-1.142289,0.260000,-1.250000,8,1.187552,-0.765184,-0.106839,17,741.176,-323161.54,0,0
hod_only,month|quarter,2025-10|2025-Q4,64,-0.110468,-1.250000,0.281250,-2.530000,8,2.566937,-0.739368,0.518431,22,733.091,-80983.10,0,0
hod_only,month|quarter,2025-11|2025-Q4,78,-0.001385,-1.250000,0.282051,-1.334702,7,2.430889,-0.540863,0.538094,18,1092.000,-1512.01,0,0
hod_only,month|quarter,2025-12|2025-Q4,66,0.365331,-1.130884,0.409091,-2.492308,6,2.193139,-0.163784,0.894446,20,831.600,303809.41,0,0
hod_only,month|quarter,2026-01|2026-Q1,63,-0.181549,-1.225250,0.285714,-1.250000,7,1.883878,-0.646747,0.283650,19,835.579,-151698.27,0,0
hod_only,month|quarter,2026-02|2026-Q1,85,-0.016996,-1.138667,0.294118,-1.250000,10,2.871909,-0.627540,0.593549,19,1127.368,-19160.73,0,0
hod_only,month|quarter,2026-03|2026-Q1,89,-0.272578,-1.246154,0.235955,-1.250000,14,1.925356,-0.672589,0.127433,21,1068.000,-291113.39,0,0
hod_only,month|quarter,2026-04|2026-Q2,69,0.213880,-1.218266,0.362319,-1.572727,5,2.166057,-0.297215,0.724975,20,869.400,185947.08,0,0
hod_only,month|quarter,2026-05|2026-Q2,92,-0.009095,-1.250000,0.271739,-1.250000,8,2.645346,-0.549656,0.531466,19,1220.211,-11097.88,0,0
hod_only,month|quarter,2026-06|2026-Q2,93,0.021672,-1.229054,0.301075,-1.401338,9,2.018253,-0.388523,0.431867,21,1116.000,24185.66,0,0
hod_only,month|quarter,2026-07|2026-Q3,100,-0.151602,-1.227635,0.290000,-1.361111,13,1.703955,-0.485577,0.182373,21,1200.000,-181922.17,0,0
hod_only,month|quarter,2026-08|2026-Q3,34,1.153803,0.607142,0.558824,-1.333333,4,2.520139,0.306690,2.000915,8,1071.000,1235722.57,0,0
hod_only,month|setup,2025-08|break_and_retest,15,-0.487631,-1.250000,0.266667,-1.250000,6,1.200126,-1.094978,0.119717,4,945.000,-460811.15,1,0
hod_only,month|setup,2025-08|one_candle_rule,7,0.748903,-1.000000,0.428571,-1.250000,2,2.264416,-0.928600,2.426406,3,588.000,440355.00,1,0
hod_only,month|setup,2025-09|break_and_retest,46,-0.411941,-1.112941,0.260870,-1.250000,8,1.206136,-0.760497,-0.063384,15,772.800,-318347.92,0,0
hod_only,month|setup,2025-09|one_candle_rule,4,-0.712825,-1.226088,0.250000,-1.250000,2,0.903015,-1.597779,0.172130,4,252.000,-179631.84,1,0
hod_only,month|setup,2025-10|break_and_retest,54,0.051913,-1.242647,0.314815,-2.530000,8,2.743614,-0.679870,0.783696,21,648.000,33639.83,0,0
hod_only,month|setup,2025-10|one_candle_rule,10,-0.987327,-1.250000,0.100000,-1.250000,9,0.781865,-1.471932,-0.502722,8,315.000,-311008.08,1,0
hod_only,month|setup,2025-11|break_and_retest,71,0.089620,-1.250000,0.309859,-1.334702,7,2.524790,-0.497669,0.676910,17,1052.471,94322.78,0,0
hod_only,month|setup,2025-11|one_candle_rule,7,-0.924435,-1.250000,0.000000,-1.250000,7,0.503303,-1.297287,-0.551583,5,352.800,-326140.71,1,0
hod_only,month|setup,2025-12|break_and_retest,55,0.317264,-1.136856,0.418182,-2.492308,7,2.123285,-0.243891,0.878420,19,729.474,231436.03,0,0
hod_only,month|setup,2025-12|one_candle_rule,11,0.605665,-1.116279,0.363636,-1.250000,5,2.499627,-0.871520,2.082850,8,346.500,209862.97,1,0
hod_only,month|setup,2026-01|break_and_retest,57,-0.121265,-1.200615,0.298246,-1.250000,6,1.939766,-0.624844,0.382315,18,798.000,-96769.09,0,0
hod_only,month|setup,2026-01|one_candle_rule,6,-0.754248,-1.250000,0.166667,-1.250000,3,1.075342,-1.614701,0.106205,6,252.000,-190070.58,1,0
hod_only,month|setup,2026-02|break_and_retest,78,-0.055858,-1.148470,0.282051,-1.250000,18,2.926465,-0.705318,0.593602,18,1092.000,-60996.97,0,0
hod_only,month|setup,2026-02|one_candle_rule,7,0.416038,-1.076982,0.428571,-1.250000,2,2.125702,-1.158704,1.990780,6,294.000,122315.27,1,0
hod_only,month|setup,2026-03|break_and_retest,76,-0.236691,-1.250000,0.236842,-1.250000,13,1.996532,-0.685566,0.212184,20,957.600,-226655.13,0,0
hod_only,month|setup,2026-03|one_candle_rule,13,-0.482381,-1.213768,0.230769,-1.250000,6,1.422512,-1.255667,0.290906,10,327.600,-158027.85,1,0
hod_only,month|setup,2026-04|break_and_retest,62,0.214353,-1.229177,0.370968,-1.572727,6,2.122992,-0.314103,0.742808,20,781.200,167452.32,0,0
hod_only,month|setup,2026-04|one_candle_rule,7,0.209691,-1.218266,0.285714,-1.250000,4,2.515510,-1.653825,2.073207,5,352.800,73979.04,1,0
hod_only,month|setup,2026-05|break_and_retest,81,-0.033633,-1.250000,0.271605,-1.250000,13,2.667501,-0.614556,0.547289,18,1134.000,-38140.16,0,0
hod_only,month|setup,2026-05|one_candle_rule,9,-0.329322,-1.250000,0.222222,-1.250000,3,1.750932,-1.473264,0.814621,7,324.000,-106700.29,1,0
hod_only,month|setup,2026-05|reentry_84_rule,2,2.425725,2.425725,0.500000,-1.250000,1,3.675725,-2.668570,7.520019,2,252.000,611282.61,1,0
hod_only,month|setup,2026-06|break_and_retest,81,-0.020783,-1.201220,0.296296,-1.401338,10,1.961400,-0.447932,0.406367,21,972.000,-20200.82,0,0
hod_only,month|setup,2026-06|one_candle_rule,12,0.308239,-1.250000,0.333333,-1.250000,3,2.346547,-1.019444,1.635923,8,378.000,116514.50,1,0
hod_only,month|setup,2026-07|break_and_retest,94,-0.121454,-1.250000,0.297872,-1.361111,12,1.742607,-0.473737,0.230828,21,1128.000,-137000.67,0,0
hod_only,month|setup,2026-07|one_candle_rule,6,-0.623910,-1.057997,0.166667,-1.250000,5,0.760996,-1.232834,-0.014986,5,302.400,-188670.32,1,0
hod_only,month|setup,2026-08|break_and_retest,31,1.231935,0.783250,0.580645,-1.250000,4,2.525285,0.342968,2.120902,8,976.500,1202984.36,0,0
hod_only,month|setup,2026-08|one_candle_rule,3,0.346436,-1.250000,0.333333,-1.333333,2,2.316877,-2.275357,2.968229,2,378.000,130952.83,1,0
hod_only,month|grade,2025-08|B,13,0.060309,-1.002155,0.384615,-1.250000,5,1.739713,-0.885409,1.006028,4,819.000,49393.40,1,0
hod_only,month|grade,2025-08|C,9,-0.317351,-1.227090,0.222222,-1.250000,5,1.656328,-1.399486,0.764783,4,567.000,-179938.30,1,0
hod_only,month|grade,2025-09|B,30,-0.315224,-1.087596,0.333333,-1.250000,5,1.181309,-0.737950,0.107502,15,504.000,-158872.84,0,0
hod_only,month|grade,2025-09|C,20,-0.617193,-1.226142,0.150000,-1.250000,8,1.173777,-1.131624,-0.102763,12,420.000,-259221.13,0,0
hod_only,month|grade,2025-10|B,47,0.049813,-1.250000,0.340426,-2.530000,6,2.652709,-0.708584,0.808211,21,564.000,28094.73,0,0
hod_only,month|grade,2025-10|C,17,-0.553599,-1.250000,0.117647,-1.250000,10,2.254776,-1.625451,0.518254,14,306.000,-169401.25,1,0
hod_only,month|grade,2025-11|A+,2,-1.250000,-1.250000,0.000000,-1.250000,2,0.000000,-1.250000,-1.250000,1,504.000,-630000.00,1,0
hod_only,month|grade,2025-11|B,52,0.565035,-1.020244,0.423077,-1.334702,5,2.802897,-0.196802,1.326871,16,819.000,462763.34,0,0
hod_only,month|grade,2025-11|C,24,-1.124575,-1.250000,0.000000,-1.250000,24,0.310685,-1.248875,-1.000275,12,504.000,-566785.81,0,0
hod_only,month|grade,2025-12|B,42,0.371052,-0.909006,0.452381,-2.492308,4,2.104356,-0.265378,1.007482,19,557.053,206695.63,0,0
hod_only,month|grade,2025-12|C,24,0.355319,-1.250000,0.333333,-1.250000,5,2.340385,-0.581029,1.291668,13,465.231,165305.49,0,0
hod_only,month|grade,2026-01|A,1,-1.250000,-1.250000,0.000000,-1.250000,1,0.000000,-1.250000,-1.250000,1,252.000,-315000.00,1,0
hod_only,month|grade,2026-01|B,49,-0.060912,-1.250000,0.306122,-1.250000,7,2.019389,-0.626341,0.504516,18,686.000,-41785.96,0,0
hod_only,month|grade,2026-01|C,13,-0.554066,-1.090476,0.230769,-1.250000,7,1.243733,-1.230167,0.122035,9,364.000,-201679.98,1,0
hod_only,month|grade,2026-02|B,59,0.352810,-1.044444,0.372881,-1.250000,13,3.284590,-0.485320,1.190940,19,782.526,276083.12,0,0
hod_only,month|grade,2026-02|C,26,-0.856171,-1.250000,0.115385,-1.250000,15,1.211587,-1.321890,-0.390452,16,409.500,-350602.07,0,0
hod_only,month|grade,2026-03|B,65,0.056598,-1.200000,0.323077,-1.250000,11,2.159367,-0.468362,0.581557,19,862.105,48793.26,0,0
hod_only,month|grade,2026-03|C,24,-1.164096,-1.250000,0.000000,-1.250000,24,0.172945,-1.233289,-1.094903,16,378.000,-440028.32,0,0
hod_only,month|grade,2026-04|A,1,6.645230,6.645230,1.000000,6.645230,0,0.000000,6.645230,6.645230,1,252.000,1674598.07,1,0
hod_only,month|grade,2026-04|B,50,0.323281,-1.157627,0.400000,-1.572727,5,2.089864,-0.255999,0.902562,19,663.158,214386.63,0,0
hod_only,month|grade,2026-04|C,18,-0.447311,-1.250000,0.222222,-1.250000,5,1.756387,-1.258720,0.364098,11,412.364,-184454.77,1,0
hod_only,month|grade,2026-05|A,4,0.587862,-1.250000,0.250000,-1.250000,2,3.183271,-2.531743,3.707468,2,504.000,296282.61,1,0
hod_only,month|grade,2026-05|B,57,0.420631,-1.250000,0.350877,-1.250000,10,3.096686,-0.383294,1.224557,18,798.000,335663.87,0,0
hod_only,month|grade,2026-05|C,31,-0.876264,-1.250000,0.129032,-1.250000,9,0.831001,-1.168798,-0.583730,16,488.250,-427835.91,0,0
hod_only,month|grade,2026-06|A,1,-1.250000,-1.250000,0.000000,-1.250000,1,0.000000,-1.250000,-1.250000,1,252.000,-315000.00,1,0
hod_only,month|grade,2026-06|B,70,0.211349,-1.117026,0.357143,-1.401338,8,2.044947,-0.267710,0.690408,21,840.000,177533.13,0,0
hod_only,month|grade,2026-06|C,22,-0.524043,-1.250000,0.136364,-1.250000,8,1.851382,-1.297687,0.249600,12,462.000,-242108.08,0,0
hod_only,month|grade,2026-07|B,65,0.236845,-1.070796,0.400000,-1.361111,8,1.882222,-0.220739,0.694428,19,862.105,204184.93,0,0
hod_only,month|grade,2026-07|C,35,-0.873002,-1.250000,0.085714,-1.250000,9,0.956847,-1.190006,-0.555998,16,551.250,-481242.46,0,0
hod_only,month|grade,2026-08|A+,1,-1.250000,-1.250000,0.000000,-1.250000,1,0.000000,-1.250000,-1.250000,1,252.000,-315000.00,1,0
hod_only,month|grade,2026-08|B,23,1.840275,1.385475,0.695652,-1.250000,2,2.588481,0.782393,2.898157,8,724.500,1333279.05,0,0
hod_only,month|grade,2026-08|C,10,-0.184703,-1.225000,0.300000,-1.333333,4,1.652247,-1.208777,0.839370,6,420.000,-77575.31,1,0
hod_only,month|alert_only,2025-08|actioned,13,0.060309,-1.002155,0.384615,-1.250000,5,1.739713,-0.885409,1.006028,4,819.000,49393.40,1,0
hod_only,month|alert_only,2025-08|alert_only,9,-0.317351,-1.227090,0.222222,-1.250000,5,1.656328,-1.399486,0.764783,4,567.000,-179938.30,1,0
hod_only,month|alert_only,2025-09|actioned,30,-0.315224,-1.087596,0.333333,-1.250000,5,1.181309,-0.737950,0.107502,15,504.000,-158872.84,0,0
hod_only,month|alert_only,2025-09|alert_only,20,-0.617193,-1.226142,0.150000,-1.250000,8,1.173777,-1.131624,-0.102763,12,420.000,-259221.13,0,0
hod_only,month|alert_only,2025-10|actioned,47,0.049813,-1.250000,0.340426,-2.530000,6,2.652709,-0.708584,0.808211,21,564.000,28094.73,0,0
hod_only,month|alert_only,2025-10|alert_only,17,-0.553599,-1.250000,0.117647,-1.250000,10,2.254776,-1.625451,0.518254,14,306.000,-169401.25,1,0
hod_only,month|alert_only,2025-11|actioned,54,0.497811,-1.041265,0.407407,-1.334702,6,2.771778,-0.241484,1.237106,16,850.500,423388.34,0,0
hod_only,month|alert_only,2025-11|alert_only,24,-1.124575,-1.250000,0.000000,-1.250000,24,0.310685,-1.248875,-1.000275,12,504.000,-566785.81,0,0
hod_only,month|alert_only,2025-12|actioned,42,0.371052,-0.909006,0.452381,-2.492308,4,2.104356,-0.265378,1.007482,19,557.053,206695.63,0,0
hod_only,month|alert_only,2025-12|alert_only,24,0.355319,-1.250000,0.333333,-1.250000,5,2.340385,-0.581029,1.291668,13,465.231,165305.49,0,0
hod_only,month|alert_only,2026-01|actioned,50,-0.084694,-1.250000,0.300000,-1.250000,7,2.006013,-0.640733,0.471344,18,700.000,-59285.96,0,0
hod_only,month|alert_only,2026-01|alert_only,13,-0.554066,-1.090476,0.230769,-1.250000,7,1.243733,-1.230167,0.122035,9,364.000,-201679.98,1,0
hod_only,month|alert_only,2026-02|actioned,59,0.352810,-1.044444,0.372881,-1.250000,13,3.284590,-0.485320,1.190940,19,782.526,276083.12,0,0
hod_only,month|alert_only,2026-02|alert_only,26,-0.856171,-1.250000,0.115385,-1.250000,15,1.211587,-1.321890,-0.390452,16,409.500,-350602.07,0,0
hod_only,month|alert_only,2026-03|actioned,65,0.056598,-1.200000,0.323077,-1.250000,11,2.159367,-0.468362,0.581557,19,862.105,48793.26,0,0
hod_only,month|alert_only,2026-03|alert_only,24,-1.164096,-1.250000,0.000000,-1.250000,24,0.172945,-1.233289,-1.094903,16,378.000,-440028.32,0,0
hod_only,month|alert_only,2026-04|actioned,51,0.447241,-1.106898,0.411765,-1.572727,3,2.247264,-0.169531,1.064014,19,676.421,302523.37,0,0
hod_only,month|alert_only,2026-04|alert_only,18,-0.447311,-1.250000,0.222222,-1.250000,5,1.756387,-1.258720,0.364098,11,412.364,-184454.77,1,0
hod_only,month|alert_only,2026-05|actioned,61,0.431597,-1.250000,0.344262,-1.250000,7,3.102714,-0.347036,1.210230,18,854.000,368584.16,0,0
hod_only,month|alert_only,2026-05|alert_only,31,-0.876264,-1.250000,0.129032,-1.250000,9,0.831001,-1.168798,-0.583730,16,488.250,-427835.91,0,0
hod_only,month|alert_only,2026-06|actioned,71,0.190767,-1.121552,0.352113,-1.401338,8,2.037784,-0.283241,0.664774,21,852.000,162533.13,0,0
hod_only,month|alert_only,2026-06|alert_only,22,-0.524043,-1.250000,0.136364,-1.250000,8,1.851382,-1.297687,0.249600,12,462.000,-242108.08,0,0
hod_only,month|alert_only,2026-07|actioned,65,0.236845,-1.070796,0.400000,-1.361111,8,1.882222,-0.220739,0.694428,19,862.105,204184.93,0,0
hod_only,month|alert_only,2026-07|alert_only,35,-0.873002,-1.250000,0.085714,-1.250000,9,0.956847,-1.190006,-0.555998,16,551.250,-481242.46,0,0
hod_only,month|alert_only,2026-08|actioned,24,1.711513,1.232306,0.666667,-1.250000,2,2.608139,0.668041,2.754986,8,756.000,1293904.05,0,0
hod_only,month|alert_only,2026-08|alert_only,10,-0.184703,-1.225000,0.300000,-1.333333,4,1.652247,-1.208777,0.839370,6,420.000,-77575.31,1,0
hod_only,month|trend_qqq,2025-08|aligned,10,0.409936,-1.113545,0.400000,-1.250000,3,2.114308,-0.900526,1.720398,3,840.000,344346.03,1,0
hod_only,month|trend_qqq,2025-08|flat,1,-1.002155,-1.002155,0.000000,-1.002155,1,0.000000,-1.002155,-1.002155,1,252.000,-252543.10,1,0
hod_only,month|trend_qqq,2025-08|opposed,11,-0.469940,-1.250000,0.272727,-1.250000,5,1.174473,-1.164010,0.224129,4,693.000,-325668.64,1,0
hod_only,month|trend_qqq,2025-09|aligned,25,-0.303715,-1.116667,0.320000,-1.250000,6,1.285569,-0.807658,0.200228,12,525.000,-159450.21,0,0
hod_only,month|trend_qqq,2025-09|flat,8,-0.635563,-1.186963,0.250000,-1.250000,3,1.046379,-1.360667,0.089540,4,504.000,-320323.98,1,0
hod_only,month|trend_qqq,2025-09|opposed,17,-0.536659,-1.109216,0.176471,-1.250000,8,1.071262,-1.045905,-0.027414,12,357.000,-191587.32,1,0
hod_only,month|trend_qqq,2025-10|aligned,34,-0.030614,-1.250000,0.264706,-2.530000,7,2.894280,-1.003489,0.942261,19,450.947,-13805.42,0,0
hod_only,month|trend_qqq,2025-10|flat,14,0.676846,-0.568742,0.500000,-1.250000,2,2.780262,-0.779544,2.133237,8,441.000,298489.29,1,0
hod_only,month|trend_qqq,2025-10|opposed,16,-0.969057,-1.250000,0.125000,-1.250000,9,0.706474,-1.315230,-0.622885,10,403.200,-390723.94,1,0
hod_only,month|trend_qqq,2025-11|aligned,36,0.016404,-1.250000,0.333333,-1.334702,7,2.046601,-0.652152,0.684960,11,824.727,13528.92,0,0
hod_only,month|trend_qqq,2025-11|flat,8,2.518697,1.615784,0.625000,-1.250000,2,4.026682,-0.271651,5.309045,3,672.000,1692564.47,1,0
hod_only,month|trend_qqq,2025-11|opposed,34,-0.613180,-1.250000,0.147059,-1.250000,13,1.854037,-1.236391,0.010031,11,778.909,-477611.61,0,0
hod_only,month|trend_qqq,2025-12|aligned,37,0.688365,-0.985845,0.459459,-2.492308,5,2.356092,-0.070820,1.447549,15,621.600,427887.51,0,0
hod_only,month|trend_qqq,2025-12|flat,10,0.021018,-1.183140,0.300000,-1.250000,3,1.883991,-1.146692,1.188727,5,504.000,10592.89,1,0
hod_only,month|trend_qqq,2025-12|opposed,19,-0.082516,-1.250000,0.368421,-1.980196,5,1.887715,-0.931337,0.766304,12,399.000,-32924.06,1,0
hod_only,month|trend_qqq,2026-01|aligned,32,-0.037985,-1.178963,0.312500,-1.250000,4,2.127311,-0.775060,0.699091,18,448.000,-17017.12,0,0
hod_only,month|trend_qqq,2026-01|flat,5,1.130669,0.464890,0.600000,-1.250000,1,2.223684,-0.818475,3.079814,5,252.000,284928.63,1,0
hod_only,month|trend_qqq,2026-01|opposed,26,-0.610593,-1.250000,0.192308,-1.250000,9,1.240242,-1.087326,-0.133859,14,468.000,-285757.29,0,0
hod_only,month|trend_qqq,2026-02|aligned,39,0.654701,-1.019231,0.435897,-1.250000,8,3.854213,-0.554948,1.864350,15,655.200,428960.02,0,0
hod_only,month|trend_qqq,2026-02|flat,7,-0.934160,-1.102273,0.000000,-1.250000,7,0.403593,-1.233146,-0.635175,3,588.000,-549286.35,1,0
hod_only,month|trend_qqq,2026-02|opposed,39,-0.524074,-1.250000,0.205128,-1.250000,11,1.494198,-0.993029,-0.055118,16,614.250,-321912.19,0,0
hod_only,month|trend_qqq,2026-03|aligned,49,-0.035232,-1.147059,0.306122,-1.250000,8,2.117520,-0.628137,0.557674,18,686.000,-24168.86,0,0
hod_only,month|trend_qqq,2026-03|flat,14,-0.778620,-1.250000,0.071429,-1.250000,8,1.624390,-1.629528,0.072287,5,705.600,-549394.51,1,0
hod_only,month|trend_qqq,2026-03|opposed,26,-0.447401,-1.248077,0.192308,-1.250000,8,1.594835,-1.060436,0.165634,12,546.000,-244280.76,0,0
hod_only,month|trend_qqq,2026-04|aligned,38,0.290919,-1.151352,0.421053,-1.250000,3,2.040382,-0.357828,0.939667,17,563.294,163873.16,0,0
hod_only,month|trend_qqq,2026-04|flat,13,-0.249723,-1.250000,0.230769,-1.572727,5,2.076377,-1.378454,0.879009,6,546.000,-136348.67,1,0
hod_only,month|trend_qqq,2026-04|opposed,18,0.386065,-1.234133,0.333333,-1.250000,4,2.425945,-0.734665,1.506794,10,453.600,175118.99,1,0
hod_only,month|trend_qqq,2026-05|aligned,52,-0.136333,-1.250000,0.230769,-1.250000,9,2.230953,-0.742713,0.470047,18,728.000,-99250.52,0,0
hod_only,month|trend_qqq,2026-05|flat,7,-0.331721,-0.956522,0.428571,-1.250000,2,1.100341,-1.146866,0.483423,4,441.000,-146289.14,1,0
hod_only,month|trend_qqq,2026-05|opposed,33,0.259837,-1.250000,0.303030,-1.250000,5,3.360006,-0.886571,1.406245,13,639.692,166215.86,0,0
hod_only,month|trend_qqq,2026-06|aligned,66,0.139742,-1.145046,0.348485,-1.401338,6,1.985811,-0.339354,0.618837,20,831.600,116209.10,0,0
hod_only,month|trend_qqq,2026-06|flat,4,1.595539,1.357143,0.500000,-1.250000,1,2.865442,-1.212594,4.403673,3,336.000,536101.22,1,0
hod_only,month|trend_qqq,2026-06|opposed,23,-0.590854,-1.250000,0.130435,-1.250000,8,1.697227,-1.284490,0.102783,12,483.000,-285382.25,0,0
hod_only,month|trend_qqq,2026-07|aligned,51,0.035708,-1.074074,0.333333,-1.361111,12,1.734703,-0.440390,0.511806,15,856.800,30594.62,0,0
hod_only,month|trend_qqq,2026-07|flat,7,-1.250000,-1.250000,0.000000,-1.250000,7,0.000000,-1.250000,-1.250000,2,882.000,-1102500.00,1,0
hod_only,month|trend_qqq,2026-07|opposed,42,-0.195983,-1.250000,0.285714,-1.289784,10,1.735895,-0.720978,0.329012,18,588.000,-115238.05,0,0
hod_only,month|trend_qqq,2026-08|aligned,18,1.241008,0.607142,0.611111,-1.250000,3,2.331169,0.164063,2.317953,7,648.000,804173.11,1,0
hod_only,month|trend_qqq,2026-08|flat,1,4.147541,4.147541,1.000000,4.147541,0,0.000000,4.147541,4.147541,1,252.000,1045180.33,1,0
hod_only,month|trend_qqq,2026-08|opposed,12,0.799848,-1.250000,0.416667,-1.333333,5,2.880293,-0.829831,2.429527,6,504.000,403123.50,1,0
hod_only,month|trend_qqq,2026-08|unknown,3,1.048475,2.144946,0.666667,-1.250000,1,1.625838,-0.791334,2.888285,1,756.000,792647.40,1,0
hod_only,month|side,2025-08|long,13,-0.227773,-1.250000,0.307692,-1.250000,4,1.515376,-1.051541,0.595994,4,819.000,-186546.34,1,0
hod_only,month|side,2025-08|short,9,0.098768,-1.069150,0.333333,-1.250000,3,1.954350,-1.178074,1.375610,3,756.000,74668.59,1,0
hod_only,month|side,2025-09|long,31,-0.438437,-1.109216,0.258065,-1.250000,10,1.110781,-0.829461,-0.047413,16,488.250,-214066.81,0,0
hod_only,month|side,2025-09|short,19,-0.432055,-1.234127,0.263158,-1.250000,5,1.303126,-1.018012,0.153903,12,399.000,-172389.77,1,0
hod_only,month|side,2025-10|long,32,-0.062703,-1.242647,0.343750,-2.530000,4,2.275924,-0.851271,0.725864,16,504.000,-31602.52,0,0
hod_only,month|side,2025-10|short,32,-0.158233,-1.250000,0.218750,-2.156667,7,2.827355,-1.137861,0.821396,17,474.353,-75058.11,0,0
hod_only,month|side,2025-11|long,15,-0.358324,-1.250000,0.333333,-1.250000,3,1.310715,-1.021637,0.304989,8,472.500,-169308.06,1,0
hod_only,month|side,2025-11|short,63,0.083601,-1.250000,0.269841,-1.334702,7,2.620989,-0.563618,0.730819,13,1221.231,102096.02,0,0
hod_only,month|side,2025-12|long,29,0.558026,-1.116279,0.413793,-2.492308,5,2.375292,-0.306492,1.422544,16,456.750,254878.18,0,0
hod_only,month|side,2025-12|short,37,0.214300,-1.250000,0.405405,-1.980196,5,2.026256,-0.438604,0.867205,15,621.600,133209.16,0,0
hod_only,month|side,2026-01|long,29,-0.336363,-1.225250,0.275862,-1.250000,10,1.563299,-0.905346,0.232620,15,487.200,-163876.06,0,0
hod_only,month|side,2026-01|short,34,-0.049501,-1.225307,0.294118,-1.250000,6,2.110377,-0.758878,0.659875,17,504.000,-24948.60,0,0
hod_only,month|side,2026-02|long,38,-0.404685,-1.250000,0.184211,-1.250000,26,1.673899,-0.936908,0.127538,14,684.000,-276804.66,0,0
hod_only,month|side,2026-02|short,47,0.296455,-1.096026,0.382979,-1.250000,7,3.525787,-0.711551,1.304461,16,740.250,219450.71,0,0
hod_only,month|side,2026-03|long,40,-0.310282,-1.248077,0.200000,-1.250000,12,1.873308,-0.890826,0.270262,17,592.941,-183979.13,0,0
hod_only,month|side,2026-03|short,49,-0.241799,-1.241685,0.265306,-1.250000,9,1.966288,-0.792360,0.308761,18,686.000,-165874.23,0,0
hod_only,month|side,2026-04|long,42,-0.089546,-1.250000,0.333333,-1.572727,7,1.854264,-0.650339,0.471247,16,661.500,-59234.71,0,0
hod_only,month|side,2026-04|short,27,0.685876,-1.071429,0.407407,-1.250000,4,2.505138,-0.259068,1.630819,12,567.000,388891.41,0,0
hod_only,month|side,2026-05|long,53,-0.063214,-1.250000,0.245283,-1.250000,10,2.883701,-0.839583,0.713156,19,702.947,-44435.83,0,0
hod_only,month|side,2026-05|short,39,0.064451,-1.122340,0.307692,-1.250000,6,2.279802,-0.651068,0.779969,13,756.000,48724.69,0,0
hod_only,month|side,2026-06|long,36,-0.129759,-1.250000,0.222222,-1.401338,6,2.125617,-0.824128,0.564609,15,604.800,-78478.45,0,0
hod_only,month|side,2026-06|short,57,0.117312,-1.100775,0.350877,-1.250000,9,1.941321,-0.386671,0.621295,17,844.941,99122.09,0,0
hod_only,month|side,2026-07|long,54,0.134476,-1.121018,0.351852,-1.250000,6,1.877566,-0.366312,0.635265,18,756.000,101664.00,0,0
hod_only,month|side,2026-07|short,46,-0.487433,-1.250000,0.217391,-1.361111,22,1.401671,-0.892496,-0.082369,16,724.500,-353144.85,0,0
hod_only,month|side,2026-08|long,24,1.388302,0.931193,0.625000,-1.250000,4,2.534000,0.374490,2.402113,8,756.000,1049556.03,0,0
hod_only,month|side,2026-08|short,10,0.591005,-0.856160,0.400000,-1.333333,3,2.394630,-0.893202,2.075212,6,420.000,248222.05,1,0
hod_only,quarter|setup,2025-Q3|break_and_retest,61,-0.430553,-1.167910,0.262295,-1.250000,8,1.205101,-0.732976,-0.128130,19,809.053,-348340.18,0,0
hod_only,quarter|setup,2025-Q3|one_candle_rule,11,0.217366,-1.069150,0.363636,-1.250000,2,2.013444,-0.972504,1.407235,7,396.000,86076.81,1,0
hod_only,quarter|setup,2025-Q4|break_and_retest,180,0.147866,-1.250000,0.344444,-2.530000,8,2.482550,-0.214809,0.510541,57,795.789,117670.32,0,0
hod_only,quarter|setup,2025-Q4|one_candle_rule,28,-0.345786,-1.250000,0.178571,-1.250000,9,1.822804,-1.020962,0.329390,21,336.000,-116184.02,0,0
hod_only,quarter|setup,2026-Q1|break_and_retest,211,-0.138661,-1.212882,0.270142,-1.250000,18,2.371543,-0.458658,0.181336,56,949.500,-131658.78,0,0
hod_only,quarter|setup,2026-Q1|one_candle_rule,26,-0.303237,-1.229961,0.269231,-1.250000,7,1.642391,-0.934552,0.328077,22,297.818,-90309.56,0,0
hod_only,quarter|setup,2026-Q2|break_and_retest,224,0.039653,-1.245000,0.308036,-1.572727,13,2.285472,-0.259648,0.338953,59,956.746,37937.39,0,0
hod_only,quarter|setup,2026-Q2|one_candle_rule,28,0.078672,-1.250000,0.285714,-1.250000,6,2.237764,-0.750208,0.907551,20,352.800,27755.46,0,0
hod_only,quarter|setup,2026-Q2|reentry_84_rule,2,2.425725,2.425725,0.500000,-1.250000,1,3.675725,-2.668570,7.520019,2,252.000,611282.61,1,0
hod_only,quarter|setup,2026-Q3|break_and_retest,125,0.214186,-1.191176,0.368000,-1.361111,12,2.051022,-0.145374,0.573746,29,1086.207,232650.37,0,0
hod_only,quarter|setup,2026-Q3|one_candle_rule,9,-0.300461,-1.070796,0.222222,-1.333333,7,1.544222,-1.309353,0.708430,7,324.000,-97349.42,1,0
hod_only,quarter|grade,2025-Q3|B,43,-0.201691,-1.086957,0.348837,-1.250000,5,1.385050,-0.615678,0.212297,19,570.316,-115027.32,0,0
hod_only,quarter|grade,2025-Q3|C,29,-0.524139,-1.227090,0.172414,-1.250000,13,1.349379,-1.015263,-0.033015,16,456.750,-239400.42,0,0
hod_only,quarter|grade,2025-Q4|A+,2,-1.250000,-1.250000,0.000000,-1.250000,2,0.000000,-1.250000,-1.250000,1,504.000,-630000.00,1,0
hod_only,quarter|grade,2025-Q4|B,141,0.335512,-1.092448,0.404255,-2.530000,6,2.570805,-0.088829,0.759854,56,634.500,212882.49,0,0
hod_only,quarter|grade,2025-Q4|C,65,-0.428820,-1.250000,0.153846,-1.250000,24,1.948735,-0.902573,0.044933,39,420.000,-180104.51,0,0
hod_only,quarter|grade,2026-Q1|A,1,-1.250000,-1.250000,0.000000,-1.250000,1,0.000000,-1.250000,-1.250000,1,252.000,-315000.00,1,0
hod_only,quarter|grade,2026-Q1|B,173,0.124335,-1.130719,0.335260,-1.250000,13,2.572069,-0.258945,0.507614,56,778.500,96794.71,0,0
hod_only,quarter|grade,2026-Q1|C,63,-0.911137,-1.250000,0.095238,-1.250000,39,0.994153,-1.156630,-0.665644,41,387.220,-352809.90,0,0
hod_only,quarter|grade,2026-Q2|A,6,1.291113,-1.250000,0.333333,-1.250000,3,3.597104,-1.587169,4.169396,4,378.000,488040.82,1,0
hod_only,quarter|grade,2026-Q2|B,177,0.310364,-1.171875,0.367232,-1.572727,10,2.446132,-0.050006,0.670735,58,769.034,238680.89,0,0
hod_only,quarter|grade,2026-Q2|C,71,-0.658377,-1.250000,0.154930,-1.250000,15,1.477596,-1.002079,-0.314674,39,458.769,-302042.93,0,0
hod_only,quarter|grade,2026-Q3|A+,1,-1.250000,-1.250000,0.000000,-1.250000,1,0.000000,-1.250000,-1.250000,1,252.000,-315000.00,1,0
hod_only,quarter|grade,2026-Q3|B,88,0.655923,-0.755465,0.477273,-1.361111,8,2.205526,0.195108,1.116738,27,821.333,538731.34,0,0
hod_only,quarter|grade,2026-Q3|C,45,-0.720047,-1.250000,0.133333,-1.333333,9,1.183483,-1.065836,-0.374257,22,515.455,-371151.42,0,0
hod_only,quarter|alert_only,2025-Q3|actioned,43,-0.201691,-1.086957,0.348837,-1.250000,5,1.385050,-0.615678,0.212297,19,570.316,-115027.32,0,0
hod_only,quarter|alert_only,2025-Q3|alert_only,29,-0.524139,-1.227090,0.172414,-1.250000,13,1.349379,-1.015263,-0.033015,16,456.750,-239400.42,0,0
hod_only,quarter|alert_only,2025-Q4|actioned,143,0.313337,-1.127907,0.398601,-2.530000,6,2.559545,-0.106181,0.732856,56,643.500,201632.49,0,0
hod_only,quarter|alert_only,2025-Q4|alert_only,65,-0.428820,-1.250000,0.153846,-1.250000,24,1.948735,-0.902573,0.044933,39,420.000,-180104.51,0,0
hod_only,quarter|alert_only,2026-Q1|actioned,174,0.116436,-1.138889,0.333333,-1.250000,13,2.566771,-0.264953,0.497826,56,783.000,91169.71,0,0
hod_only,quarter|alert_only,2026-Q1|alert_only,63,-0.911137,-1.250000,0.095238,-1.250000,39,0.994153,-1.156630,-0.665644,41,387.220,-352809.90,0,0
hod_only,quarter|alert_only,2026-Q2|actioned,183,0.342520,-1.176471,0.366120,-1.572727,9,2.498422,-0.019470,0.704510,58,795.103,272338.87,0,0
hod_only,quarter|alert_only,2026-Q2|alert_only,71,-0.658377,-1.250000,0.154930,-1.250000,15,1.477596,-1.002079,-0.314674,39,458.769,-302042.93,0,0
hod_only,quarter|alert_only,2026-Q3|actioned,89,0.634508,-1.034884,0.471910,-1.361111,8,2.202282,0.176963,1.092053,27,830.667,527064.67,0,0
hod_only,quarter|alert_only,2026-Q3|alert_only,45,-0.720047,-1.250000,0.133333,-1.333333,9,1.183483,-1.065836,-0.374257,22,515.455,-371151.42,0,0
hod_only,quarter|trend_qqq,2025-Q3|aligned,35,-0.099815,-1.116667,0.342857,-1.250000,6,1.600518,-0.630067,0.430438,15,588.000,-58690.96,0,0
hod_only,quarter|trend_qqq,2025-Q3|flat,9,-0.676296,-1.167910,0.222222,-1.250000,3,0.993240,-1.325212,-0.027379,5,453.600,-306767.80,1,0
hod_only,quarter|trend_qqq,2025-Q3|opposed,28,-0.510448,-1.155696,0.214286,-1.250000,8,1.113428,-0.922868,-0.098029,16,441.000,-225107.65,0,0
hod_only,quarter|trend_qqq,2025-Q4|aligned,107,0.233824,-1.234626,0.355140,-2.530000,7,2.469853,-0.234165,0.701813,45,599.200,140107.28,0,0
hod_only,quarter|trend_qqq,2025-Q4|flat,32,0.932363,-0.798088,0.468750,-1.250000,3,3.076000,-0.133417,1.998142,16,504.000,469910.76,0,0
hod_only,quarter|trend_qqq,2025-Q4|opposed,69,-0.549578,-1.250000,0.202899,-1.980196,13,1.701077,-0.950957,-0.148198,33,526.909,-289577.45,0,0
hod_only,quarter|trend_qqq,2026-Q1|aligned,120,0.188262,-1.079754,0.350000,-1.250000,8,2.823176,-0.316868,0.693393,51,592.941,111628.48,0,0
hod_only,quarter|trend_qqq,2026-Q1|flat,26,-0.453325,-1.250000,0.153846,-1.250000,15,1.737041,-1.121023,0.214372,13,504.000,-228476.03,0,0
hod_only,quarter|trend_qqq,2026-Q1|opposed,91,-0.526887,-1.250000,0.197802,-1.250000,11,1.458373,-0.826530,-0.227244,42,546.000,-287680.15,0,0
hod_only,quarter|trend_qqq,2026-Q2|aligned,156,0.084542,-1.212331,0.326923,-1.401338,11,2.090325,-0.243483,0.412568,55,714.764,60427.57,0,0
hod_only,quarter|trend_qqq,2026-Q2|flat,24,0.033905,-1.178449,0.333333,-1.572727,7,2.132117,-0.819120,0.886929,13,465.231,15773.47,0,0
hod_only,quarter|trend_qqq,2026-Q2|opposed,74,0.026137,-1.250000,0.256757,-1.250000,8,2.745106,-0.599322,0.651597,35,532.800,13925.97,0,0
hod_only,quarter|trend_qqq,2026-Q3|aligned,69,0.350134,-1.055556,0.405797,-1.361111,12,1.980394,-0.117152,0.817420,22,790.364,276733.23,0,0
hod_only,quarter|trend_qqq,2026-Q3|flat,8,-0.575307,-1.250000,0.125000,-1.250000,7,1.785069,-1.812297,0.661682,3,672.000,-386606.56,1,0
hod_only,quarter|trend_qqq,2026-Q3|opposed,54,0.025313,-1.250000,0.314815,-1.333333,10,2.087745,-0.531535,0.582161,24,567.000,14352.33,0,0
hod_only,quarter|trend_qqq,2026-Q3|unknown,3,1.048475,2.144946,0.666667,-1.250000,1,1.625838,-0.791334,2.888285,1,756.000,792647.40,1,0
hod_only,quarter|side,2025-Q3|long,44,-0.376195,-1.112941,0.272727,-1.250000,10,1.247799,-0.744896,-0.007494,20,554.400,-208562.71,0,0
hod_only,quarter|side,2025-Q3|short,28,-0.261433,-1.214633,0.285714,-1.250000,5,1.562517,-0.840197,0.317331,15,470.400,-122978.10,0,0
hod_only,quarter|side,2025-Q4|long,76,0.115808,-1.169990,0.368421,-2.530000,5,2.192107,-0.377038,0.608653,40,478.800,55448.65,0,0
hod_only,quarter|side,2025-Q4|short,132,0.061610,-1.250000,0.295455,-2.156667,7,2.527037,-0.369493,0.492713,45,739.200,45542.18,0,0
hod_only,quarter|side,2026-Q1|long,107,-0.350877,-1.250000,0.214953,-1.250000,27,1.723668,-0.677478,-0.024276,46,586.174,-205675.03,0,0
hod_only,quarter|side,2026-Q1|short,130,0.003094,-1.167563,0.315385,-1.250000,11,2.677853,-0.457238,0.463426,51,642.353,1987.24,0,0
hod_only,quarter|side,2026-Q2|long,131,-0.089943,-1.250000,0.267176,-1.572727,11,2.389376,-0.499114,0.319228,50,660.240,-59384.26,0,0
hod_only,quarter|side,2026-Q2|short,123,0.225358,-1.100775,0.349593,-1.250000,9,2.198235,-0.163130,0.613846,42,738.000,166314.13,0,0
hod_only,quarter|side,2026-Q3|long,78,0.520269,-1.063097,0.435897,-1.250000,6,2.179720,0.036531,1.004006,26,756.000,393323.08,0,0
hod_only,quarter|side,2026-Q3|short,56,-0.294854,-1.250000,0.250000,-1.361111,22,1.675833,-0.733782,0.144073,22,641.455,-189135.70,0,0
hod_only,setup|grade,break_and_retest|A,3,1.381743,-1.250000,0.333333,-1.250000,2,3.721847,-2.829923,5.593410,3,252.000,348199.36,1,0
hod_only,setup|grade,break_and_retest|A+,3,-1.250000,-1.250000,0.000000,-1.250000,3,0.000000,-1.250000,-1.250000,2,378.000,-472500.00,1,0
hod_only,setup|grade,break_and_retest|B,583,0.295596,-1.100775,0.384220,-2.530000,13,2.460048,0.095901,0.495290,210,699.600,206798.68,0,0
hod_only,setup|grade,break_and_retest|C,212,-0.782912,-1.250000,0.117925,-1.250000,37,1.275369,-0.954594,-0.611230,135,395.733,-309824.45,0,0
hod_only,setup|grade,one_candle_rule|A,2,-1.250000,-1.250000,0.000000,-1.250000,2,0.000000,-1.250000,-1.250000,2,252.000,-315000.00,1,0
hod_only,setup|grade,one_candle_rule|B,39,0.011998,-1.250000,0.333333,-1.250000,5,1.908454,-0.586972,0.610969,37,265.622,3187.01,0,0
hod_only,setup|grade,one_candle_rule|C,61,-0.223679,-1.218266,0.213115,-1.333333,15,1.935223,-0.709328,0.261970,51,301.412,-67419.48,0,0
hod_only,setup|grade,reentry_84_rule|A,2,2.425725,2.425725,0.500000,-1.250000,1,3.675725,-2.668570,7.520019,2,252.000,611282.61,1,0
hod_only,setup|alert_only,break_and_retest|actioned,589,0.293255,-1.102941,0.382003,-2.530000,13,2.465545,0.094137,0.492374,211,703.450,206290.62,0,0
hod_only,setup|alert_only,break_and_retest|alert_only,212,-0.782912,-1.250000,0.117925,-1.250000,37,1.275369,-0.954594,-0.611230,135,395.733,-309824.45,0,0
hod_only,setup|alert_only,one_candle_rule|actioned,41,-0.049563,-1.250000,0.317073,-1.250000,6,1.881072,-0.625360,0.526235,39,264.923,-13130.27,0,0
hod_only,setup|alert_only,one_candle_rule|alert_only,61,-0.223679,-1.218266,0.213115,-1.333333,15,1.935223,-0.709328,0.261970,51,301.412,-67419.48,0,0
hod_only,setup|alert_only,reentry_84_rule|actioned,2,2.425725,2.425725,0.500000,-1.250000,1,3.675725,-2.668570,7.520019,2,252.000,611282.61,1,0
hod_only,setup|trend_qqq,break_and_retest|aligned,440,0.165002,-1.123666,0.354545,-2.530000,12,2.356028,-0.055143,0.385148,182,609.231,100524.59,0,0
hod_only,setup|trend_qqq,break_and_retest|flat,86,0.169671,-1.211486,0.325581,-1.572727,13,2.434693,-0.344907,0.684248,47,461.106,78236.20,0,0
hod_only,setup|trend_qqq,break_and_retest|opposed,272,-0.307309,-1.250000,0.235294,-1.980196,21,2.013166,-0.546559,-0.068060,138,496.696,-152639.15,0,0
hod_only,setup|trend_qqq,break_and_retest|unknown,3,1.048475,2.144946,0.666667,-1.250000,1,1.625838,-0.791334,2.888285,1,756.000,792647.40,1,0
hod_only,setup|trend_qqq,one_candle_rule|aligned,46,0.219866,-1.105099,0.326087,-1.250000,5,2.151568,-0.401907,0.841640,36,322.000,70796.91,0,0
hod_only,setup|trend_qqq,one_candle_rule|flat,13,-0.493688,-1.250000,0.153846,-1.250000,6,1.945860,-1.551469,0.564094,11,297.818,-147029.21,1,0
hod_only,setup|trend_qqq,one_candle_rule|opposed,43,-0.450521,-1.250000,0.209302,-1.333333,9,1.527962,-0.907224,0.006183,36,301.000,-135606.71,0,0
hod_only,setup|trend_qqq,reentry_84_rule|aligned,1,-1.250000,-1.250000,0.000000,-1.250000,1,0.000000,-1.250000,-1.250000,1,252.000,-315000.00,1,0
hod_only,setup|trend_qqq,reentry_84_rule|opposed,1,6.101449,6.101449,1.000000,6.101449,0,0.000000,6.101449,6.101449,1,252.000,1537565.22,1,0
hod_only,setup|side,break_and_retest|long,381,-0.006200,-1.238095,0.314961,-2.530000,25,2.125803,-0.219660,0.207261,171,561.474,-3480.87,0,0
hod_only,setup|side,break_and_retest|short,420,0.021695,-1.207051,0.309524,-2.156667,26,2.382447,-0.206158,0.249548,166,637.590,13832.82,0,0
hod_only,setup|side,one_candle_rule|long,54,-0.238606,-1.238818,0.222222,-1.250000,8,1.857352,-0.734003,0.256792,45,302.400,-72154.30,0,0
hod_only,setup|side,one_candle_rule|short,48,-0.058162,-1.250000,0.291667,-1.333333,12,1.974604,-0.616781,0.500457,39,310.154,-18039.24,0,0
hod_only,setup|side,reentry_84_rule|long,1,-1.250000,-1.250000,0.000000,-1.250000,1,0.000000,-1.250000,-1.250000,1,252.000,-315000.00,1,0
hod_only,setup|side,reentry_84_rule|short,1,6.101449,6.101449,1.000000,6.101449,0,0.000000,6.101449,6.101449,1,252.000,1537565.22,1,0
hod_only,grade|alert_only,A|actioned,7,0.928097,-1.250000,0.285714,-1.250000,3,3.446939,-1.625431,3.481625,5,352.800,327432.66,1,0
hod_only,grade|alert_only,A+|actioned,3,-1.250000,-1.250000,0.000000,-1.250000,3,0.000000,-1.250000,-1.250000,2,378.000,-472500.00,1,0
hod_only,grade|alert_only,B|actioned,622,0.277814,-1.107995,0.381029,-2.530000,13,2.430118,0.086834,0.468794,216,725.667,201600.19,0,0
hod_only,grade|alert_only,C|alert_only,273,-0.657955,-1.250000,0.139194,-1.333333,44,1.467720,-0.832063,-0.483848,157,438.191,-288310.15,0,0
hod_only,grade|trend_qqq,A|aligned,4,0.723808,-1.250000,0.250000,-1.250000,2,3.418735,-2.626553,4.074168,3,336.000,243199.36,1,0
hod_only,grade|trend_qqq,A|opposed,3,1.200483,-1.250000,0.333333,-1.250000,1,3.465506,-2.721107,5.122073,2,378.000,453782.61,1,0
hod_only,grade|trend_qqq,A+|opposed,3,-1.250000,-1.250000,0.000000,-1.250000,3,0.000000,-1.250000,-1.250000,2,378.000,-472500.00,1,0
hod_only,grade|trend_qqq,B|aligned,363,0.414475,-1.034884,0.418733,-2.530000,7,2.487411,0.158587,0.670364,172,531.837,220433.46,0,0
hod_only,grade|trend_qqq,B|flat,62,0.308779,-1.168478,0.354839,-1.572727,8,2.507409,-0.315366,0.932924,43,363.349,112194.50,0,0
hod_only,grade|trend_qqq,B|opposed,195,0.011286,-1.250000,0.317949,-1.980196,11,2.276445,-0.308232,0.330805,124,396.290,4472.60,0,0
hod_only,grade|trend_qqq,B|unknown,2,0.500240,0.500240,0.500000,-1.250000,1,1.750240,-1.925469,2.925949,1,504.000,252120.95,1,0
hod_only,grade|trend_qqq,C|aligned,120,-0.599041,-1.250000,0.150000,-1.250000,21,1.502402,-0.867855,-0.330227,85,355.765,-213117.53,0,0
hod_only,grade|trend_qqq,C|flat,37,-0.296502,-1.250000,0.216216,-1.250000,8,2.116138,-0.978368,0.385364,22,423.818,-125662.88,0,0
hod_only,grade|trend_qqq,C|opposed,115,-0.860098,-1.250000,0.095652,-1.333333,29,1.078398,-1.057198,-0.662999,85,340.941,-293242.90,0,0
hod_only,grade|trend_qqq,C|unknown,1,2.144946,2.144946,1.000000,2.144946,0,0.000000,2.144946,2.144946,1,252.000,540526.45,1,0
hod_only,grade|side,A|long,2,-1.250000,-1.250000,0.000000,-1.250000,2,0.000000,-1.250000,-1.250000,1,504.000,-630000.00,1,0
hod_only,grade|side,A|short,5,1.799336,-1.250000,0.400000,-1.250000,1,3.738615,-1.477705,5.076377,4,315.000,566790.82,1,0
hod_only,grade|side,A+|long,1,-1.250000,-1.250000,0.000000,-1.250000,1,0.000000,-1.250000,-1.250000,1,252.000,-315000.00,1,0
hod_only,grade|side,A+|short,2,-1.250000,-1.250000,0.000000,-1.250000,2,0.000000,-1.250000,-1.250000,1,504.000,-630000.00,1,0
hod_only,grade|side,B|long,287,0.298243,-1.106898,0.390244,-2.530000,17,2.281839,0.034245,0.562240,155,466.606,139162.00,0,0
hod_only,grade|side,B|short,335,0.260312,-1.109091,0.373134,-2.156667,16,2.550174,-0.012777,0.533400,156,541.154,140868.79,0,0
hod_only,grade|side,C|long,146,-0.673578,-1.250000,0.136986,-1.250000,31,1.484825,-0.914433,-0.432723,108,340.667,-229465.58,0,0
hod_only,grade|side,C|short,127,-0.639995,-1.250000,0.141732,-1.333333,29,1.447598,-0.891764,-0.388226,87,367.862,-235430.01,0,0
hod_only,alert_only|trend_qqq,actioned|aligned,367,0.417847,-1.037051,0.416894,-2.530000,8,2.499639,0.162106,0.673588,172,537.698,224675.31,0,0
hod_only,alert_only|trend_qqq,actioned|flat,62,0.308779,-1.168478,0.354839,-1.572727,8,2.507409,-0.315366,0.932924,43,363.349,112194.50,0,0
hod_only,alert_only|trend_qqq,actioned|opposed,201,0.010210,-1.250000,0.313433,-1.980196,11,2.291639,-0.306604,0.327024,124,408.484,4170.70,0,0
hod_only,alert_only|trend_qqq,actioned|unknown,2,0.500240,0.500240,0.500000,-1.250000,1,1.750240,-1.925469,2.925949,1,504.000,252120.95,1,0
hod_only,alert_only|trend_qqq,alert_only|aligned,120,-0.599041,-1.250000,0.150000,-1.250000,21,1.502402,-0.867855,-0.330227,85,355.765,-213117.53,0,0
hod_only,alert_only|trend_qqq,alert_only|flat,37,-0.296502,-1.250000,0.216216,-1.250000,8,2.116138,-0.978368,0.385364,22,423.818,-125662.88,0,0
hod_only,alert_only|trend_qqq,alert_only|opposed,115,-0.860098,-1.250000,0.095652,-1.333333,29,1.078398,-1.057198,-0.662999,85,340.941,-293242.90,0,0
hod_only,alert_only|trend_qqq,alert_only|unknown,1,2.144946,2.144946,1.000000,2.144946,0,0.000000,2.144946,2.144946,1,252.000,540526.45,1,0
hod_only,alert_only|side,actioned|long,290,0.282226,-1.110858,0.386207,-2.530000,17,2.275404,0.020338,0.544115,155,471.484,133065.23,0,0
hod_only,alert_only|side,actioned|short,342,0.273980,-1.115556,0.371345,-2.156667,17,2.573403,0.001239,0.546721,156,552.462,151363.43,0,0
hod_only,alert_only|side,alert_only|long,146,-0.673578,-1.250000,0.136986,-1.250000,31,1.484825,-0.914433,-0.432723,108,340.667,-229465.58,0,0
hod_only,alert_only|side,alert_only|short,127,-0.639995,-1.250000,0.141732,-1.333333,29,1.447598,-0.891764,-0.388226,87,367.862,-235430.01,0,0
hod_only,trend_qqq|side,aligned|long,231,-0.020603,-1.213675,0.316017,-2.530000,13,1.961688,-0.273580,0.232373,99,588.000,-12114.69,0,0
hod_only,trend_qqq|side,aligned|short,256,0.336814,-1.040748,0.382812,-2.156667,13,2.616813,0.016254,0.657373,97,665.072,224005.34,0,0
hod_only,trend_qqq|side,flat|long,60,-0.134745,-1.186963,0.283333,-1.572727,12,2.023601,-0.646786,0.377297,36,420.000,-56592.72,0,0
hod_only,trend_qqq|side,flat|short,39,0.416882,-1.250000,0.333333,-1.250000,8,2.824286,-0.469523,1.303288,24,409.500,170713.25,0,0
hod_only,trend_qqq|side,opposed|long,144,-0.040261,-1.250000,0.284722,-1.250000,9,2.315458,-0.418453,0.337930,73,497.096,-20013.79,0,0
hod_only,trend_qqq|side,opposed|short,172,-0.529427,-1.250000,0.191860,-1.980196,24,1.624536,-0.772211,-0.286642,83,522.217,-276475.58,0,0
hod_only,trend_qqq|side,unknown|long,1,2.144946,2.144946,1.000000,2.144946,0,0.000000,2.144946,2.144946,1,252.000,540526.45,1,0
hod_only,trend_qqq|side,unknown|short,2,0.500240,0.500240,0.500000,-1.250000,1,1.750240,-1.925469,2.925949,1,504.000,252120.95,1,0
30_30_30_10,ALL,all trades,905,0.078674,-0.998218,0.300552,-1.250000,16,2.171747,-0.062821,0.220169,229,995.895,78351.05,0,0
30_30_30_10,symbol,AAPL,19,0.238631,-0.612736,0.473684,-1.250000,3,1.573314,-0.468817,0.946079,18,266.000,63475.74,1,0
30_30_30_10,symbol,AMD,64,0.402499,-1.208584,0.296875,-1.250000,16,2.859231,-0.298013,1.103010,50,322.560,129829.92,0,0
30_30_30_10,symbol,AMZN,20,-0.431459,-0.957167,0.200000,-1.250000,7,1.215568,-0.964205,0.101287,20,252.000,-108727.70,0,0
30_30_30_10,symbol,AVGO,46,-0.181214,-1.175000,0.239130,-1.250000,6,1.786318,-0.697435,0.335007,43,269.581,-48851.88,0,0
30_30_30_10,symbol,BABA,9,-0.344889,-1.231333,0.333333,-1.250000,4,1.337154,-1.218496,0.528719,9,252.000,-86911.96,1,0
30_30_30_10,symbol,COIN,76,-0.228253,-1.170980,0.289474,-1.250000,19,1.521465,-0.570320,0.113815,67,285.851,-65246.15,0,0
30_30_30_10,symbol,CRM,37,0.269948,-0.912634,0.351351,-1.250000,9,2.245282,-0.453531,0.993427,33,282.545,76272.66,0,0
30_30_30_10,symbol,GOOGL,20,0.095725,-0.856841,0.350000,-1.250000,4,1.760797,-0.675978,0.867428,20,252.000,24122.71,0,0
30_30_30_10,symbol,HOOD,49,0.452528,-0.824077,0.367347,-1.250000,7,2.351883,-0.205999,1.111055,46,268.435,121474.31,0,0
30_30_30_10,symbol,INTC,28,0.518891,-0.522917,0.392857,-1.250000,4,2.262542,-0.319166,1.356948,28,252.000,130760.55,0,0
30_30_30_10,symbol,IREN,66,0.253574,-0.926042,0.272727,-1.250000,12,2.748287,-0.409476,0.916624,63,264.000,66943.59,0,0
30_30_30_10,symbol,MARA,1,-0.659667,-0.659667,0.000000,-0.659667,1,0.000000,-0.659667,-0.659667,1,252.000,-166236.00,1,0
30_30_30_10,symbol,META,38,0.414909,-0.661273,0.394737,-1.250000,4,1.971913,-0.212069,1.041886,35,273.600,113519.01,0,0
30_30_30_10,symbol,MSFT,30,-0.120977,-1.153521,0.300000,-1.250000,7,1.717808,-0.735686,0.493733,27,280.000,-33873.44,0,0
30_30_30_10,symbol,MU,72,0.275959,-1.092330,0.277778,-1.250000,12,3.129360,-0.446886,0.998804,64,283.500,78234.39,0,0
30_30_30_10,symbol,NFLX,19,0.277325,-0.795000,0.368421,-1.250000,4,1.999498,-0.621759,1.176408,19,252.000,69885.79,1,0
30_30_30_10,symbol,NVDA,39,-0.042701,-0.602326,0.282051,-1.250000,8,1.572865,-0.536346,0.450945,34,289.059,-12343.00,0,0
30_30_30_10,symbol,ORCL,59,-0.233831,-1.198165,0.220339,-1.250000,13,2.071671,-0.762460,0.294797,46,323.217,-75578.40,0,0
30_30_30_10,symbol,PLTR,61,0.024106,-1.007258,0.295082,-1.250000,11,2.104796,-0.504097,0.552310,57,269.684,6501.13,0,0
30_30_30_10,symbol,QQQ,9,0.899945,-0.193878,0.444444,-1.250000,4,2.140889,-0.498769,2.298659,9,252.000,226786.16,1,0
30_30_30_10,symbol,SOFI,4,-0.741081,-1.000019,0.250000,-1.250000,2,0.617248,-1.345984,-0.136178,4,252.000,-186752.36,1,0
30_30_30_10,symbol,TSLA,71,-0.284602,-1.096250,0.239437,-1.250000,9,1.638653,-0.665767,0.096564,61,293.311,-83476.97,0,0
30_30_30_10,symbol,TSM,42,-0.246232,-0.896946,0.261905,-1.250000,11,1.347759,-0.653841,0.161377,39,271.385,-66823.58,0,0
30_30_30_10,symbol,UBER,26,0.606514,-0.700788,0.423077,-1.250000,4,2.283451,-0.271216,1.484244,26,252.000,152841.53,0,0
30_30_30_10,pool,equity,540,0.076270,-1.008867,0.296296,-1.250000,16,2.226035,-0.111485,0.264025,212,641.887,48956.93,0,0
30_30_30_10,pool,index,9,0.899945,-0.193878,0.444444,-1.250000,4,2.140889,-0.498769,2.298659,9,252.000,226786.16,1,0
30_30_30_10,pool,other,356,0.061557,-1.004435,0.303371,-1.250000,10,2.083350,-0.154860,0.277975,184,487.565,30013.29,0,0
30_30_30_10,month,2025-08,22,0.033075,-0.825705,0.409091,-1.250000,5,1.616851,-0.642564,0.708714,4,1386.000,45842.50,0,0
30_30_30_10,month,2025-09,50,-0.160999,-0.664906,0.320000,-1.250000,8,1.432947,-0.558191,0.236194,17,741.176,-119328.31,0,0
30_30_30_10,month,2025-10,64,-0.100887,-1.168973,0.234375,-1.250000,8,2.319680,-0.669209,0.467434,22,733.091,-73959.46,0,0
30_30_30_10,month,2025-11,78,-0.022972,-1.183694,0.282051,-1.250000,7,2.139017,-0.497676,0.451732,18,1092.000,-25085.18,0,0
30_30_30_10,month,2025-12,66,0.449128,-0.711973,0.393939,-1.250000,7,2.082437,-0.053279,0.951536,20,831.600,373495.13,0,0
30_30_30_10,month,2026-01,63,-0.183900,-1.175000,0.238095,-1.250000,9,1.873464,-0.646527,0.278727,19,835.579,-153663.07,0,0
30_30_30_10,month,2026-02,85,0.158831,-1.006496,0.282353,-1.250000,9,2.730870,-0.421730,0.739391,19,1127.368,179060.76,0,0
30_30_30_10,month,2026-03,89,-0.211857,-1.034902,0.224719,-1.250000,16,1.886197,-0.603732,0.180019,21,1068.000,-226262.81,0,0
30_30_30_10,month,2026-04,69,0.342777,-0.892606,0.347826,-1.250000,6,2.256811,-0.189731,0.875286,20,869.400,298010.70,0,0
30_30_30_10,month,2026-05,92,0.013241,-1.175000,0.260870,-1.250000,8,2.370807,-0.471220,0.497701,19,1220.211,16156.33,0,0
30_30_30_10,month,2026-06,93,0.077930,-0.897881,0.311828,-1.250000,9,1.936837,-0.315718,0.471578,21,1116.000,86969.85,0,0
30_30_30_10,month,2026-07,100,-0.067061,-0.949294,0.290000,-1.250000,13,1.753986,-0.410842,0.276720,21,1200.000,-80473.31,0,0
30_30_30_10,month,2026-08,34,1.431103,0.754348,0.558824,-1.250000,4,3.102571,0.388214,2.473993,8,1071.000,1532711.53,0,0
30_30_30_10,quarter,2025-Q3,72,-0.101698,-0.706416,0.347222,-1.250000,8,1.494224,-0.446846,0.243450,21,864.000,-87867.20,0,0
30_30_30_10,quarter,2025-Q4,208,0.102855,-1.027755,0.302885,-1.250000,8,2.191852,-0.195021,0.400731,60,873.600,89854.35,0,0
30_30_30_10,quarter,2026-Q1,237,-0.071478,-1.096250,0.248945,-1.250000,16,2.230134,-0.355409,0.212453,59,1012.271,-72355.30,0,0
30_30_30_10,quarter,2026-Q2,254,0.126446,-0.982291,0.303150,-1.250000,11,2.193439,-0.143306,0.396198,60,1066.800,134892.52,0,0
30_30_30_10,quarter,2026-Q3,134,0.313070,-0.849572,0.358209,-1.250000,13,2.272284,-0.071669,0.697809,29,1164.414,364543.20,0,0
30_30_30_10,setup,break_and_retest,801,0.093901,-0.984458,0.304619,-1.250000,14,2.203251,-0.058681,0.246484,220,917.509,86155.37,0,0
30_30_30_10,setup,one_candle_rule,102,-0.078313,-1.078477,0.264706,-1.250000,11,1.850229,-0.437385,0.280759,77,333.818,-26142.35,0,0
30_30_30_10,setup,reentry_84_rule,2,1.986449,1.986449,0.500000,-1.250000,1,3.236449,-2.499041,6.471939,2,252.000,500585.22,1,0
30_30_30_10,grade,A,7,0.802590,-1.250000,0.285714,-1.250000,3,3.267616,-1.618094,3.223274,5,352.800,283153.70,1,0
30_30_30_10,grade,A+,3,-1.250000,-1.250000,0.000000,-1.250000,3,0.000000,-1.250000,-1.250000,2,378.000,-472500.00,1,0
30_30_30_10,grade,B,622,0.370399,-0.680501,0.371383,-1.250000,13,2.367112,0.184371,0.556428,216,725.667,268786.52,0,0
30_30_30_10,grade,C,273,-0.589951,-1.186475,0.142857,-1.250000,44,1.386125,-0.754379,-0.425522,157,438.191,-258511.25,0,0
30_30_30_10,alert_only,actioned,632,0.367495,-0.728098,0.368671,-1.250000,13,2.376415,0.182218,0.552771,216,737.333,270966.01,0,0
30_30_30_10,alert_only,alert_only,273,-0.589951,-1.186475,0.142857,-1.250000,44,1.386125,-0.754379,-0.425522,157,438.191,-258511.25,0,0
30_30_30_10,trend_qqq,aligned,487,0.264313,-0.845492,0.349076,-1.250000,12,2.275252,0.062234,0.466392,188,652.787,172540.31,0,0
30_30_30_10,trend_qqq,flat,99,0.169731,-1.141250,0.303030,-1.250000,12,2.286272,-0.280635,0.620098,50,498.960,84689.22,0,0
30_30_30_10,trend_qqq,opposed,316,-0.243259,-1.184004,0.221519,-1.250000,21,1.924933,-0.455499,-0.031018,150,530.880,-129141.30,0,0
30_30_30_10,trend_qqq,unknown,3,0.848606,1.569290,0.666667,-1.250000,1,1.508001,-0.857858,2.555070,1,756.000,641546.06,1,0
30_30_30_10,session_third,09:30-10:00,905,0.078674,-0.998218,0.300552,-1.250000,16,2.171747,-0.062821,0.220169,229,995.895,78351.05,0,0
30_30_30_10,side,long,436,0.059905,-1.056776,0.300459,-1.250000,15,2.174849,-0.144241,0.264052,182,603.692,36164.48,0,0
30_30_30_10,side,short,469,0.096122,-0.897881,0.300640,-1.250000,27,2.168713,-0.100156,0.292400,175,675.360,64916.89,0,0
30_30_30_10,symbol|pool,AAPL|equity,19,0.238631,-0.612736,0.473684,-1.250000,3,1.573314,-0.468817,0.946079,18,266.000,63475.74,1,0
30_30_30_10,symbol|pool,AMD|equity,64,0.402499,-1.208584,0.296875,-1.250000,16,2.859231,-0.298013,1.103010,50,322.560,129829.92,0,0
30_30_30_10,symbol|pool,AMZN|equity,20,-0.431459,-0.957167,0.200000,-1.250000,7,1.215568,-0.964205,0.101287,20,252.000,-108727.70,0,0
30_30_30_10,symbol|pool,AVGO|other,46,-0.181214,-1.175000,0.239130,-1.250000,6,1.786318,-0.697435,0.335007,43,269.581,-48851.88,0,0
30_30_30_10,symbol|pool,BABA|other,9,-0.344889,-1.231333,0.333333,-1.250000,4,1.337154,-1.218496,0.528719,9,252.000,-86911.96,1,0
30_30_30_10,symbol|pool,COIN|other,76,-0.228253,-1.170980,0.289474,-1.250000,19,1.521465,-0.570320,0.113815,67,285.851,-65246.15,0,0
30_30_30_10,symbol|pool,CRM|other,37,0.269948,-0.912634,0.351351,-1.250000,9,2.245282,-0.453531,0.993427,33,282.545,76272.66,0,0
30_30_30_10,symbol|pool,GOOGL|equity,20,0.095725,-0.856841,0.350000,-1.250000,4,1.760797,-0.675978,0.867428,20,252.000,24122.71,0,0
30_30_30_10,symbol|pool,HOOD|other,49,0.452528,-0.824077,0.367347,-1.250000,7,2.351883,-0.205999,1.111055,46,268.435,121474.31,0,0
30_30_30_10,symbol|pool,INTC|equity,28,0.518891,-0.522917,0.392857,-1.250000,4,2.262542,-0.319166,1.356948,28,252.000,130760.55,0,0
30_30_30_10,symbol|pool,IREN|other,66,0.253574,-0.926042,0.272727,-1.250000,12,2.748287,-0.409476,0.916624,63,264.000,66943.59,0,0
30_30_30_10,symbol|pool,MARA|other,1,-0.659667,-0.659667,0.000000,-0.659667,1,0.000000,-0.659667,-0.659667,1,252.000,-166236.00,1,0
30_30_30_10,symbol|pool,META|equity,38,0.414909,-0.661273,0.394737,-1.250000,4,1.971913,-0.212069,1.041886,35,273.600,113519.01,0,0
30_30_30_10,symbol|pool,MSFT|equity,30,-0.120977,-1.153521,0.300000,-1.250000,7,1.717808,-0.735686,0.493733,27,280.000,-33873.44,0,0
30_30_30_10,symbol|pool,MU|equity,72,0.275959,-1.092330,0.277778,-1.250000,12,3.129360,-0.446886,0.998804,64,283.500,78234.39,0,0
30_30_30_10,symbol|pool,NFLX|equity,19,0.277325,-0.795000,0.368421,-1.250000,4,1.999498,-0.621759,1.176408,19,252.000,69885.79,1,0
30_30_30_10,symbol|pool,NVDA|equity,39,-0.042701,-0.602326,0.282051,-1.250000,8,1.572865,-0.536346,0.450945,34,289.059,-12343.00,0,0
30_30_30_10,symbol|pool,ORCL|equity,59,-0.233831,-1.198165,0.220339,-1.250000,13,2.071671,-0.762460,0.294797,46,323.217,-75578.40,0,0
30_30_30_10,symbol|pool,PLTR|equity,61,0.024106,-1.007258,0.295082,-1.250000,11,2.104796,-0.504097,0.552310,57,269.684,6501.13,0,0
30_30_30_10,symbol|pool,QQQ|index,9,0.899945,-0.193878,0.444444,-1.250000,4,2.140889,-0.498769,2.298659,9,252.000,226786.16,1,0
30_30_30_10,symbol|pool,SOFI|other,4,-0.741081,-1.000019,0.250000,-1.250000,2,0.617248,-1.345984,-0.136178,4,252.000,-186752.36,1,0
30_30_30_10,symbol|pool,TSLA|equity,71,-0.284602,-1.096250,0.239437,-1.250000,9,1.638653,-0.665767,0.096564,61,293.311,-83476.97,0,0
30_30_30_10,symbol|pool,TSM|other,42,-0.246232,-0.896946,0.261905,-1.250000,11,1.347759,-0.653841,0.161377,39,271.385,-66823.58,0,0
30_30_30_10,symbol|pool,UBER|other,26,0.606514,-0.700788,0.423077,-1.250000,4,2.283451,-0.271216,1.484244,26,252.000,152841.53,0,0
30_30_30_10,symbol|month,AAPL|2025-08,1,3.528524,3.528524,1.000000,3.528524,0,0.000000,3.528524,3.528524,1,252.000,889188.00,1,0
30_30_30_10,symbol|month,AAPL|2025-09,1,2.981579,2.981579,1.000000,2.981579,0,0.000000,2.981579,2.981579,1,252.000,751357.89,1,0
30_30_30_10,symbol|month,AAPL|2026-01,3,0.032906,-1.250000,0.333333,-1.250000,2,1.814303,-2.020171,2.085983,3,252.000,8292.31,1,0
30_30_30_10,symbol|month,AAPL|2026-02,1,-0.972093,-0.972093,0.000000,-0.972093,1,0.000000,-0.972093,-0.972093,1,252.000,-244967.44,1,0
30_30_30_10,symbol|month,AAPL|2026-03,1,-1.224231,-1.224231,0.000000,-1.224231,1,0.000000,-1.224231,-1.224231,1,252.000,-308506.30,1,0
30_30_30_10,symbol|month,AAPL|2026-05,2,-0.265191,-0.265191,0.500000,-0.612736,1,0.347544,-0.746863,0.216481,2,252.000,-66828.25,1,0
30_30_30_10,symbol|month,AAPL|2026-06,5,0.058797,-0.773729,0.400000,-1.115462,3,1.255162,-1.041401,1.158995,4,315.000,18521.10,1,0
30_30_30_10,symbol|month,AAPL|2026-07,4,-0.125401,-0.388752,0.500000,-1.250000,1,1.158914,-1.261136,1.010335,4,252.000,-31600.98,1,0
30_30_30_10,symbol|month,AAPL|2026-08,1,0.859486,0.859486,1.000000,0.859486,0,0.000000,0.859486,0.859486,1,252.000,216590.35,1,0
30_30_30_10,symbol|month,AMD|2025-09,1,-1.250000,-1.250000,0.000000,-1.250000,1,0.000000,-1.250000,-1.250000,1,252.000,-315000.00,1,0
30_30_30_10,symbol|month,AMD|2025-10,5,4.280374,4.215140,0.600000,-1.250000,2,5.086920,-0.178508,8.739256,5,252.000,1078654.27,1,0
30_30_30_10,symbol|month,AMD|2025-11,10,0.213803,-0.989469,0.300000,-1.250000,4,2.589094,-1.390934,1.818540,6,420.000,89797.27,1,0
30_30_30_10,symbol|month,AMD|2025-12,5,1.730735,3.142775,0.600000,-1.250000,2,2.455198,-0.421341,3.882810,2,630.000,1090362.80,1,0
30_30_30_10,symbol|month,AMD|2026-01,6,-1.099887,-1.204783,0.000000,-1.250000,6,0.213076,-1.270383,-0.929390,5,302.400,-332605.72,1,0
30_30_30_10,symbol|month,AMD|2026-02,3,-0.956884,-1.250000,0.000000,-1.250000,3,0.414529,-1.425967,-0.487801,3,252.000,-241134.78,1,0
30_30_30_10,symbol|month,AMD|2026-03,5,-1.185250,-1.250000,0.000000,-1.250000,5,0.117400,-1.288156,-1.082344,4,315.000,-373353.75,1,0
30_30_30_10,symbol|month,AMD|2026-04,5,0.523531,-1.250000,0.400000,-1.250000,3,2.763007,-1.898351,2.945414,5,252.000,131929.88,1,0
30_30_30_10,symbol|month,AMD|2026-05,6,1.781190,0.622214,0.500000,-1.250000,2,3.207335,-0.785212,4.347593,5,302.400,538631.95,1,0
30_30_30_10,symbol|month,AMD|2026-06,7,-0.635418,-1.235366,0.285714,-1.250000,5,0.823090,-1.245171,-0.025664,6,294.000,-186812.78,1,0
30_30_30_10,symbol|month,AMD|2026-07,8,-0.286903,-0.786500,0.250000,-1.250000,5,1.175114,-1.101216,0.527410,6,336.000,-96399.39,1,0
30_30_30_10,symbol|month,AMD|2026-08,3,1.216967,-1.250000,0.333333,-1.250000,2,3.488818,-2.731003,5.164937,2,378.000,460013.59,1,0
30_30_30_10,symbol|month,AMZN|2025-08,1,-1.250000,-1.250000,0.000000,-1.250000,1,0.000000,-1.250000,-1.250000,1,252.000,-315000.00,1,0
30_30_30_10,symbol|month,AMZN|2025-11,3,-1.106301,-1.250000,0.000000,-1.250000,3,0.203221,-1.336267,-0.876334,3,252.000,-278787.80,1,0
30_30_30_10,symbol|month,AMZN|2026-01,1,-1.250000,-1.250000,0.000000,-1.250000,1,0.000000,-1.250000,-1.250000,1,252.000,-315000.00,1,0
30_30_30_10,symbol|month,AMZN|2026-02,4,0.503036,0.309592,0.500000,-1.137687,2,1.391178,-0.860319,1.866390,4,252.000,126765.02,1,0
30_30_30_10,symbol|month,AMZN|2026-03,3,-1.071343,-1.030696,0.000000,-1.250000,3,0.132435,-1.221208,-0.921479,3,252.000,-269978.48,1,0
30_30_30_10,symbol|month,AMZN|2026-04,1,0.521978,0.521978,1.000000,0.521978,0,0.000000,0.521978,0.521978,1,252.000,131538.46,1,0
30_30_30_10,symbol|month,AMZN|2026-05,3,-1.000922,-1.145745,0.000000,-1.250000,3,0.281763,-1.319767,-0.682077,3,252.000,-252232.38,1,0
30_30_30_10,symbol|month,AMZN|2026-06,3,-0.697473,-0.886420,0.000000,-0.981000,3,0.336313,-1.078047,-0.316899,3,252.000,-175763.29,1,0
30_30_30_10,symbol|month,AMZN|2026-07,1,2.964815,2.964815,1.000000,2.964815,0,0.000000,2.964815,2.964815,1,252.000,747133.33,1,0
30_30_30_10,symbol|month,AVGO|2025-08,1,-0.685345,-0.685345,0.000000,-0.685345,1,0.000000,-0.685345,-0.685345,1,252.000,-172706.90,1,0
30_30_30_10,symbol|month,AVGO|2025-09,1,-0.409127,-0.409127,0.000000,-0.409127,1,0.000000,-0.409127,-0.409127,1,252.000,-103100.00,1,0
30_30_30_10,symbol|month,AVGO|2025-10,1,-0.723973,-0.723973,0.000000,-0.723973,1,0.000000,-0.723973,-0.723973,1,252.000,-182441.29,1,0
30_30_30_10,symbol|month,AVGO|2025-11,2,0.292409,0.292409,0.500000,-1.250000,1,1.542409,-1.845261,2.430079,2,252.000,73687.04,1,0
30_30_30_10,symbol|month,AVGO|2025-12,4,0.040441,-1.250000,0.250000,-1.250000,3,2.235110,-2.149966,2.230849,4,252.000,10191.18,1,0
30_30_30_10,symbol|month,AVGO|2026-01,5,0.492053,-1.054878,0.400000,-1.250000,2,2.074653,-1.326460,2.310567,5,252.000,123997.47,1,0
30_30_30_10,symbol|month,AVGO|2026-02,7,-0.080201,-0.568782,0.142857,-1.250000,4,1.779390,-1.398391,1.237990,6,294.000,-23578.97,1,0
30_30_30_10,symbol|month,AVGO|2026-03,5,0.168057,-1.217000,0.200000,-1.250000,2,2.768765,-2.258873,2.594987,5,252.000,42350.35,1,0
30_30_30_10,symbol|month,AVGO|2026-04,5,-0.848600,-1.250000,0.200000,-1.250000,3,0.802800,-1.552285,-0.144915,4,315.000,-267309.00,1,0
30_30_30_10,symbol|month,AVGO|2026-05,8,-0.314819,-1.175000,0.250000,-1.250000,5,1.578462,-1.408638,0.778999,7,288.000,-90667.97,1,0
30_30_30_10,symbol|month,AVGO|2026-06,2,-1.143560,-1.143560,0.000000,-1.168539,2,0.024980,-1.178180,-1.108939,2,252.000,-288177.01,1,0
30_30_30_10,symbol|month,AVGO|2026-07,2,0.260943,0.260943,0.500000,-1.210113,1,1.471057,-1.777837,2.299724,2,252.000,65757.76,1,0
30_30_30_10,symbol|month,AVGO|2026-08,3,-0.492112,-1.250000,0.333333,-1.250000,1,1.071816,-1.704986,0.720762,3,252.000,-124012.16,1,0
30_30_30_10,symbol|month,BABA|2025-11,1,0.376151,0.376151,1.000000,0.376151,0,0.000000,0.376151,0.376151,1,252.000,94789.99,1,0
30_30_30_10,symbol|month,BABA|2025-12,1,-1.084459,-1.084459,0.000000,-1.084459,1,0.000000,-1.084459,-1.084459,1,252.000,-273283.78,1,0
30_30_30_10,symbol|month,BABA|2026-01,1,2.518889,2.518889,1.000000,2.518889,0,0.000000,2.518889,2.518889,1,252.000,634760.00,1,0
30_30_30_10,symbol|month,BABA|2026-02,1,-1.250000,-1.250000,0.000000,-1.250000,1,0.000000,-1.250000,-1.250000,1,252.000,-315000.00,1,0
30_30_30_10,symbol|month,BABA|2026-04,1,-1.250000,-1.250000,0.000000,-1.250000,1,0.000000,-1.250000,-1.250000,1,252.000,-315000.00,1,0
30_30_30_10,symbol|month,BABA|2026-05,1,-1.250000,-1.250000,0.000000,-1.250000,1,0.000000,-1.250000,-1.250000,1,252.000,-315000.00,1,0
30_30_30_10,symbol|month,BABA|2026-06,1,-1.250000,-1.250000,0.000000,-1.250000,1,0.000000,-1.250000,-1.250000,1,252.000,-315000.00,1,0
30_30_30_10,symbol|month,BABA|2026-07,2,0.042711,0.042711,0.500000,-1.231333,1,1.274044,-1.723024,1.808446,2,252.000,10763.09,1,0
30_30_30_10,symbol|month,COIN|2025-08,4,-0.501764,-0.465845,0.500000,-1.250000,1,0.616521,-1.105955,0.102426,3,336.000,-168592.77,1,0
30_30_30_10,symbol|month,COIN|2025-09,5,0.347758,0.142017,0.600000,-1.225373,2,1.137301,-0.649131,1.344646,3,420.000,146058.27,1,0
30_30_30_10,symbol|month,COIN|2025-10,6,-0.628819,-0.962829,0.166667,-1.250000,5,0.795403,-1.265274,0.007636,6,252.000,-158462.40,1,0
30_30_30_10,symbol|month,COIN|2025-11,4,0.384928,0.081523,0.500000,-1.250000,2,1.495284,-1.080450,1.850306,4,252.000,97001.87,1,0
30_30_30_10,symbol|month,COIN|2025-12,10,0.627485,-0.888253,0.400000,-1.250000,5,2.320323,-0.810666,2.065636,9,280.000,175695.76,1,0
30_30_30_10,symbol|month,COIN|2026-01,2,-0.823485,-0.823485,0.000000,-1.250000,2,0.426515,-1.414605,-0.232365,2,252.000,-207518.18,1,0
30_30_30_10,symbol|month,COIN|2026-02,8,-0.628232,-1.250000,0.250000,-1.250000,5,1.142467,-1.419921,0.163458,7,288.000,-180930.71,1,0
30_30_30_10,symbol|month,COIN|2026-03,7,-0.163806,-1.250000,0.428571,-1.250000,3,1.391600,-1.194718,0.867105,6,294.000,-48158.99,1,0
30_30_30_10,symbol|month,COIN|2026-04,9,-0.896883,-1.183206,0.000000,-1.250000,9,0.471088,-1.204660,-0.589106,7,324.000,-290590.08,1,0
30_30_30_10,symbol|month,COIN|2026-05,6,-1.250000,-1.250000,0.000000,-1.250000,6,0.000000,-1.250000,-1.250000,6,252.000,-315000.00,1,0
30_30_30_10,symbol|month,COIN|2026-06,7,-0.569645,-1.058673,0.142857,-1.250000,4,1.048988,-1.346746,0.207456,6,294.000,-167475.67,1,0
30_30_30_10,symbol|month,COIN|2026-07,7,0.278594,-0.873028,0.428571,-1.250000,3,1.692646,-0.975335,1.532524,7,252.000,70205.78,1,0
30_30_30_10,symbol|month,COIN|2026-08,1,4.308197,4.308197,1.000000,4.308197,0,0.000000,4.308197,4.308197,1,252.000,1085665.57,1,0
30_30_30_10,symbol|month,CRM|2025-08,2,0.228608,0.228608,0.500000,-1.250000,1,1.478608,-1.820638,2.277855,2,252.000,57609.28,1,0
30_30_30_10,symbol|month,CRM|2025-09,2,-0.988743,-0.988743,0.000000,-1.250000,2,0.261257,-1.350827,-0.626660,2,252.000,-249163.34,1,0
30_30_30_10,symbol|month,CRM|2025-10,2,-1.147625,-1.147625,0.000000,-1.205000,2,0.057375,-1.227143,-1.068107,2,252.000,-289201.49,1,0
30_30_30_10,symbol|month,CRM|2025-11,1,-0.836369,-0.836369,0.000000,-0.836369,1,0.000000,-0.836369,-0.836369,1,252.000,-210764.94,1,0
30_30_30_10,symbol|month,CRM|2025-12,2,2.174612,2.174612,1.000000,0.113316,0,2.061296,-0.682199,5.031423,2,252.000,548002.23,1,0
30_30_30_10,symbol|month,CRM|2026-01,3,0.195621,-0.091667,0.333333,-1.175000,2,1.252969,-1.222247,1.613488,2,378.000,73944.59,1,0
30_30_30_10,symbol|month,CRM|2026-02,4,-0.200665,0.119977,0.750000,-1.209615,1,0.583654,-0.772646,0.371316,3,336.000,-67423.47,1,0
30_30_30_10,symbol|month,CRM|2026-03,4,-0.872481,-1.004438,0.000000,-1.250000,4,0.414798,-1.278983,-0.465978,4,252.000,-219865.13,1,0
30_30_30_10,symbol|month,CRM|2026-04,3,5.283893,6.253488,1.000000,2.952962,0,1.655959,3.410000,7.157787,3,252.000,1331541.16,1,0
30_30_30_10,symbol|month,CRM|2026-05,4,-1.165659,-1.250000,0.000000,-1.250000,4,0.146084,-1.308821,-1.022497,4,252.000,-293745.95,1,0
30_30_30_10,symbol|month,CRM|2026-06,4,-1.183395,-1.250000,0.000000,-1.250000,4,0.115363,-1.296451,-1.070340,3,336.000,-397620.81,1,0
30_30_30_10,symbol|month,CRM|2026-07,5,0.502412,-1.101923,0.400000,-1.250000,2,2.076772,-1.317959,2.322783,4,315.000,158259.77,1,0
30_30_30_10,symbol|month,CRM|2026-08,1,5.028947,5.028947,1.000000,5.028947,0,0.000000,5.028947,5.028947,1,252.000,1267294.74,1,0
30_30_30_10,symbol|month,GOOGL|2025-08,1,0.097375,0.097375,1.000000,0.097375,0,0.000000,0.097375,0.097375,1,252.000,24538.41,1,0
30_30_30_10,symbol|month,GOOGL|2025-09,2,2.052907,2.052907,1.000000,1.734191,0,0.318715,1.611190,2.494623,2,252.000,517332.45,1,0
30_30_30_10,symbol|month,GOOGL|2025-10,1,-1.244444,-1.244444,0.000000,-1.244444,1,0.000000,-1.244444,-1.244444,1,252.000,-313600.00,1,0
30_30_30_10,symbol|month,GOOGL|2025-12,1,0.846939,0.846939,1.000000,0.846939,0,0.000000,0.846939,0.846939,1,252.000,213428.57,1,0
30_30_30_10,symbol|month,GOOGL|2026-01,2,-1.249405,-1.249405,0.000000,-1.250000,2,0.000595,-1.250230,-1.248580,2,252.000,-314850.00,1,0
30_30_30_10,symbol|month,GOOGL|2026-02,1,-0.856250,-0.856250,0.000000,-0.856250,1,0.000000,-0.856250,-0.856250,1,252.000,-215775.00,1,0
30_30_30_10,symbol|month,GOOGL|2026-03,2,0.386960,0.386960,0.500000,-1.214216,1,1.601176,-1.832156,2.606076,2,252.000,97513.91,1,0
30_30_30_10,symbol|month,GOOGL|2026-04,1,-1.132534,-1.132534,0.000000,-1.132534,1,0.000000,-1.132534,-1.132534,1,252.000,-285398.63,1,0
30_30_30_10,symbol|month,GOOGL|2026-05,4,0.208879,-0.496633,0.250000,-1.183306,3,1.662228,-1.420104,1.837862,4,252.000,52637.51,1,0
30_30_30_10,symbol|month,GOOGL|2026-06,2,2.252900,2.252900,0.500000,-0.502542,1,2.755443,-1.565948,6.071749,2,252.000,567730.86,1,0
30_30_30_10,symbol|month,GOOGL|2026-07,1,-1.250000,-1.250000,0.000000,-1.250000,1,0.000000,-1.250000,-1.250000,1,252.000,-315000.00,1,0
30_30_30_10,symbol|month,GOOGL|2026-08,2,-1.134412,-1.134412,0.000000,-1.235000,2,0.100588,-1.273820,-0.995004,2,252.000,-285871.76,1,0
30_30_30_10,symbol|month,HOOD|2025-08,3,-0.467259,-1.250000,0.333333,-1.250000,1,1.106963,-1.719905,0.785387,3,252.000,-117749.33,1,0
30_30_30_10,symbol|month,HOOD|2025-09,5,0.096995,0.150000,0.600000,-1.250000,2,1.184426,-0.941200,1.135190,5,252.000,24442.84,1,0
30_30_30_10,symbol|month,HOOD|2025-10,5,-0.573478,-1.250000,0.200000,-1.250000,2,1.353043,-1.759473,0.612517,4,315.000,-180645.65,1,0
30_30_30_10,symbol|month,HOOD|2025-11,6,0.236653,-1.250000,0.166667,-1.250000,5,3.185463,-2.312248,2.785555,5,302.400,71563.97,1,0
30_30_30_10,symbol|month,HOOD|2025-12,1,3.680533,3.680533,1.000000,3.680533,0,0.000000,3.680533,3.680533,1,252.000,927494.40,1,0
30_30_30_10,symbol|month,HOOD|2026-01,4,-1.009484,-1.250000,0.000000,-1.250000,4,0.416585,-1.417738,-0.601231,4,252.000,-254390.06,1,0
30_30_30_10,symbol|month,HOOD|2026-02,5,-0.536317,-1.180769,0.200000,-1.250000,4,0.934302,-1.355269,0.282634,5,252.000,-135152.00,1,0
30_30_30_10,symbol|month,HOOD|2026-03,4,-0.539493,-0.506847,0.250000,-1.250000,3,0.485740,-1.015518,-0.063469,4,252.000,-135952.36,1,0
30_30_30_10,symbol|month,HOOD|2026-04,3,0.645238,-1.250000,0.333333,-1.250000,2,2.680271,-2.387775,3.678251,3,252.000,162600.00,1,0
30_30_30_10,symbol|month,HOOD|2026-05,1,-0.330204,-0.330204,0.000000,-0.330204,1,0.000000,-0.330204,-0.330204,1,252.000,-83211.53,1,0
30_30_30_10,symbol|month,HOOD|2026-06,5,3.505985,3.387037,0.800000,-0.612307,1,2.626797,1.203496,5.808474,4,315.000,1104385.28,1,0
30_30_30_10,symbol|month,HOOD|2026-07,5,1.551379,3.121429,0.600000,-1.250000,2,2.298044,-0.462946,3.565703,5,252.000,390947.41,1,0
30_30_30_10,symbol|month,HOOD|2026-08,2,1.421396,1.421396,0.500000,-0.824077,1,2.245473,-1.690671,4.533462,2,252.000,358191.67,1,0
30_30_30_10,symbol|month,INTC|2025-09,1,-1.236586,-1.236586,0.000000,-1.236586,1,0.000000,-1.236586,-1.236586,1,252.000,-311619.75,1,0
30_30_30_10,symbol|month,INTC|2025-11,3,0.193857,0.774071,0.666667,-1.250000,1,1.027497,-0.968865,1.356580,3,252.000,48852.00,1,0
30_30_30_10,symbol|month,INTC|2025-12,1,4.742190,4.742190,1.000000,4.742190,0,0.000000,4.742190,4.742190,1,252.000,1195032.00,1,0
30_30_30_10,symbol|month,INTC|2026-01,2,0.085308,0.085308,0.500000,-1.250000,1,1.335308,-1.765334,1.935950,2,252.000,21497.54,1,0
30_30_30_10,symbol|month,INTC|2026-02,1,-0.042105,-0.042105,0.000000,-0.042105,1,0.000000,-0.042105,-0.042105,1,252.000,-10610.53,1,0
30_30_30_10,symbol|month,INTC|2026-03,1,-0.437500,-0.437500,0.000000,-0.437500,1,0.000000,-0.437500,-0.437500,1,252.000,-110250.00,1,0
30_30_30_10,symbol|month,INTC|2026-04,2,-1.250000,-1.250000,0.000000,-1.250000,2,0.000000,-1.250000,-1.250000,2,252.000,-315000.00,1,0
30_30_30_10,symbol|month,INTC|2026-05,3,1.141478,-0.223196,0.333333,-1.250000,2,2.688877,-1.901273,4.184228,3,252.000,287652.36,1,0
30_30_30_10,symbol|month,INTC|2026-06,8,1.032562,0.439015,0.500000,-1.250000,2,2.704406,-0.841496,2.906619,8,252.000,260205.51,1,0
30_30_30_10,symbol|month,INTC|2026-07,5,0.563168,-0.608333,0.400000,-1.250000,1,2.044014,-1.228490,2.354825,5,252.000,141918.27,1,0
30_30_30_10,symbol|month,INTC|2026-08,1,-1.250000,-1.250000,0.000000,-1.250000,1,0.000000,-1.250000,-1.250000,1,252.000,-315000.00,1,0
30_30_30_10,symbol|month,IREN|2025-09,5,-0.522531,-1.236805,0.400000,-1.250000,2,0.886280,-1.299390,0.254328,5,252.000,-131677.89,1,0
30_30_30_10,symbol|month,IREN|2025-10,8,-1.020690,-1.216700,0.000000,-1.250000,8,0.305487,-1.232382,-0.808998,7,288.000,-293958.81,1,0
30_30_30_10,symbol|month,IREN|2025-11,6,-0.403873,-0.838969,0.166667,-1.250000,3,1.191593,-1.357347,0.549600,6,252.000,-101776.11,1,0
30_30_30_10,symbol|month,IREN|2025-12,6,-0.926751,-1.079167,0.000000,-1.250000,6,0.360069,-1.214867,-0.638636,5,302.400,-280249.57,1,0
30_30_30_10,symbol|month,IREN|2026-01,6,-0.435175,-1.038306,0.166667,-1.250000,3,1.212131,-1.405082,0.534731,6,252.000,-109664.21,1,0
30_30_30_10,symbol|month,IREN|2026-02,7,0.854650,-1.250000,0.285714,-1.250000,4,3.312801,-1.599507,3.308808,6,294.000,251267.21,1,0
30_30_30_10,symbol|month,IREN|2026-03,8,1.496015,0.425227,0.500000,-1.250000,4,3.202928,-0.723502,3.715531,8,252.000,376995.66,1,0
30_30_30_10,symbol|month,IREN|2026-04,2,0.393023,0.393023,0.500000,-1.222778,1,1.615801,-1.846363,2.632408,2,252.000,99041.76,1,0
30_30_30_10,symbol|month,IREN|2026-05,6,3.049286,0.678720,0.500000,-1.250000,2,5.509642,-1.359346,7.457917,6,252.000,768419.98,1,0
30_30_30_10,symbol|month,IREN|2026-06,6,-0.020535,-0.680579,0.333333,-1.250000,4,1.585102,-1.288881,1.247811,6,252.000,-5174.82,1,0
30_30_30_10,symbol|month,IREN|2026-07,5,-0.502760,-1.113889,0.200000,-1.250000,4,1.224306,-1.575912,0.570391,5,252.000,-126695.63,1,0
30_30_30_10,symbol|month,IREN|2026-08,1,3.713462,3.713462,1.000000,3.713462,0,0.000000,3.713462,3.713462,1,252.000,935792.31,1,0
30_30_30_10,symbol|month,MARA|2025-10,1,-0.659667,-0.659667,0.000000,-0.659667,1,0.000000,-0.659667,-0.659667,1,252.000,-166236.00,1,0
30_30_30_10,symbol|month,META|2025-08,3,1.547237,2.048780,0.666667,-1.250000,1,2.109209,-0.839558,3.934031,2,378.000,584855.43,1,0
30_30_30_10,symbol|month,META|2025-10,5,-0.211992,-1.154545,0.200000,-1.250000,3,1.584397,-1.600777,1.176793,4,315.000,-66777.44,1,0
30_30_30_10,symbol|month,META|2025-11,2,-1.242969,-1.242969,0.000000,-1.250000,2,0.007031,-1.252714,-1.233224,2,252.000,-313228.13,1,0
30_30_30_10,symbol|month,META|2026-01,3,0.158381,-1.250000,0.333333,-1.250000,1,1.991752,-2.095498,2.412261,3,252.000,39912.10,1,0
30_30_30_10,symbol|month,META|2026-02,5,0.799003,0.430722,0.600000,-1.250000,1,2.023561,-0.974727,2.572733,5,252.000,201348.80,1,0
30_30_30_10,symbol|month,META|2026-03,3,-0.909274,-1.035069,0.000000,-1.250000,3,0.341350,-1.295549,-0.523000,3,252.000,-229137.14,1,0
30_30_30_10,symbol|month,META|2026-04,2,1.339042,1.339042,0.500000,-1.250000,1,2.589042,-2.249187,4.927272,2,252.000,337438.66,1,0
30_30_30_10,symbol|month,META|2026-05,1,3.965702,3.965702,1.000000,3.965702,0,0.000000,3.965702,3.965702,1,252.000,999356.91,1,0
30_30_30_10,symbol|month,META|2026-06,4,0.701605,0.485081,0.500000,-1.205233,2,1.875670,-1.136552,2.539761,4,252.000,176804.34,1,0
30_30_30_10,symbol|month,META|2026-07,7,0.336261,-0.278788,0.428571,-1.250000,2,1.395017,-0.697182,1.369704,6,294.000,98860.68,1,0
30_30_30_10,symbol|month,META|2026-08,3,0.374783,-1.250000,0.333333,-1.250000,2,2.297790,-2.225411,2.974978,3,252.000,94445.35,1,0
30_30_30_10,symbol|month,MSFT|2025-10,1,-1.184701,-1.184701,0.000000,-1.184701,1,0.000000,-1.184701,-1.184701,1,252.000,-298544.78,1,0
30_30_30_10,symbol|month,MSFT|2025-11,3,0.973160,-1.250000,0.333333,-1.250000,1,3.144023,-2.584637,4.530957,3,252.000,245236.36,1,0
30_30_30_10,symbol|month,MSFT|2026-02,4,-1.111029,-1.250000,0.000000,-1.250000,4,0.240704,-1.346919,-0.875139,3,336.000,-373305.88,1,0
30_30_30_10,symbol|month,MSFT|2026-03,2,-1.250000,-1.250000,0.000000,-1.250000,2,0.000000,-1.250000,-1.250000,2,252.000,-315000.00,1,0
30_30_30_10,symbol|month,MSFT|2026-04,3,1.675393,1.696111,1.000000,0.495693,0,0.954876,0.594850,2.755937,3,252.000,422199.11,1,0
30_30_30_10,symbol|month,MSFT|2026-05,5,-0.660388,-1.250000,0.200000,-1.250000,4,1.116490,-1.639034,0.318258,4,315.000,-208022.19,1,0
30_30_30_10,symbol|month,MSFT|2026-06,2,-0.734375,-0.734375,0.000000,-1.250000,2,0.515625,-1.448995,-0.019755,2,252.000,-185062.50,1,0
30_30_30_10,symbol|month,MSFT|2026-07,8,-0.565577,-0.913976,0.250000,-1.250000,5,0.786732,-1.110755,-0.020400,7,288.000,-162886.26,1,0
30_30_30_10,symbol|month,MSFT|2026-08,2,2.924584,2.924584,1.000000,2.226527,0,0.698057,1.957127,3.892042,2,252.000,736995.28,1,0
30_30_30_10,symbol|month,MU|2025-08,1,-1.250000,-1.250000,0.000000,-1.250000,1,0.000000,-1.250000,-1.250000,1,252.000,-315000.00,1,0
30_30_30_10,symbol|month,MU|2025-09,3,-0.465518,-1.049118,0.333333,-1.175000,1,0.915790,-1.501832,0.570796,3,252.000,-117310.50,1,0
30_30_30_10,symbol|month,MU|2025-10,1,-1.250000,-1.250000,0.000000,-1.250000,1,0.000000,-1.250000,-1.250000,1,252.000,-315000.00,1,0
30_30_30_10,symbol|month,MU|2025-11,6,-0.370518,-1.212500,0.333333,-1.250000,2,1.380146,-1.474864,0.733829,4,378.000,-140055.62,1,0
30_30_30_10,symbol|month,MU|2025-12,7,-0.173217,-0.730923,0.285714,-1.250000,5,1.355036,-1.177041,0.830608,6,294.000,-50925.75,1,0
30_30_30_10,symbol|month,MU|2026-01,4,0.496722,0.026554,0.500000,-1.197500,2,1.655219,-1.125392,2.118836,4,252.000,125173.93,1,0
30_30_30_10,symbol|month,MU|2026-02,6,3.879157,1.353263,0.500000,-1.250000,1,6.882503,-1.627992,9.386306,5,302.400,1173057.00,1,0
30_30_30_10,symbol|month,MU|2026-03,12,-0.628825,-1.103898,0.166667,-1.250000,4,1.028623,-1.210823,-0.046827,11,274.909,-172869.64,1,0
30_30_30_10,symbol|month,MU|2026-04,10,-0.075020,-0.808333,0.100000,-1.250000,9,2.218277,-1.449922,1.299882,8,315.000,-23631.29,1,0
30_30_30_10,symbol|month,MU|2026-05,9,-0.261921,-1.186475,0.333333,-1.250000,3,1.428297,-1.195075,0.671233,9,252.000,-66004.03,1,0
30_30_30_10,symbol|month,MU|2026-06,5,0.744596,-0.401885,0.400000,-1.250000,3,2.232190,-1.212006,2.701197,5,252.000,187638.10,1,0
30_30_30_10,symbol|month,MU|2026-07,7,-0.560807,-1.250000,0.142857,-1.250000,6,1.374491,-1.579045,0.457430,6,294.000,-164877.32,1,0
30_30_30_10,symbol|month,MU|2026-08,1,12.795455,12.795455,1.000000,12.795455,0,0.000000,12.795455,12.795455,1,252.000,3224454.55,1,0
30_30_30_10,symbol|month,NFLX|2025-08,1,-1.250000,-1.250000,0.000000,-1.250000,1,0.000000,-1.250000,-1.250000,1,252.000,-315000.00,1,0
30_30_30_10,symbol|month,NFLX|2025-09,2,0.373783,0.373783,0.500000,-1.250000,1,1.623783,-1.876666,2.624233,2,252.000,94193.43,1,0
30_30_30_10,symbol|month,NFLX|2025-10,1,-1.112973,-1.112973,0.000000,-1.112973,1,0.000000,-1.112973,-1.112973,1,252.000,-280469.19,1,0
30_30_30_10,symbol|month,NFLX|2025-12,1,-0.152778,-0.152778,0.000000,-0.152778,1,0.000000,-0.152778,-0.152778,1,252.000,-38500.00,1,0
30_30_30_10,symbol|month,NFLX|2026-01,1,-1.183571,-1.183571,0.000000,-1.183571,1,0.000000,-1.183571,-1.183571,1,252.000,-298260.00,1,0
30_30_30_10,symbol|month,NFLX|2026-02,2,2.280160,2.280160,0.500000,-0.050000,1,2.330160,-0.949277,5.509598,2,252.000,574600.43,1,0
30_30_30_10,symbol|month,NFLX|2026-03,3,0.788877,-1.133618,0.333333,-1.193750,2,2.761448,-2.335995,3.913750,3,252.000,198797.12,1,0
30_30_30_10,symbol|month,NFLX|2026-04,2,-0.606727,-0.606727,0.500000,-1.250000,1,0.643273,-1.498258,0.284803,2,252.000,-152895.26,1,0
30_30_30_10,symbol|month,NFLX|2026-06,4,1.250963,1.176170,0.750000,-0.795000,1,1.635852,-0.352172,2.854098,4,252.000,315242.68,1,0
30_30_30_10,symbol|month,NFLX|2026-07,2,-1.248214,-1.248214,0.000000,-1.250000,2,0.001786,-1.250689,-1.245739,2,252.000,-314550.00,1,0
30_30_30_10,symbol|month,NVDA|2025-09,4,-0.525693,-0.514768,0.000000,-0.602326,4,0.047797,-0.572533,-0.478852,3,336.000,-176632.75,1,0
30_30_30_10,symbol|month,NVDA|2025-10,1,0.359906,0.359906,1.000000,0.359906,0,0.000000,0.359906,0.359906,1,252.000,90696.37,1,0
30_30_30_10,symbol|month,NVDA|2025-11,4,1.521761,1.057000,0.750000,-0.388723,1,1.880576,-0.321203,3.364726,2,504.000,766967.75,1,0
30_30_30_10,symbol|month,NVDA|2025-12,3,-0.519229,-0.810465,0.333333,-1.250000,2,0.744612,-1.361837,0.323379,3,252.000,-130845.74,1,0
30_30_30_10,symbol|month,NVDA|2026-01,2,-0.701601,-0.701601,0.000000,-1.242575,2,0.540974,-1.451353,0.048150,2,252.000,-176803.57,1,0
30_30_30_10,symbol|month,NVDA|2026-02,3,-1.124031,-1.250000,0.000000,-1.250000,3,0.178147,-1.325623,-0.922439,3,252.000,-283255.81,1,0
30_30_30_10,symbol|month,NVDA|2026-03,4,0.614507,-0.723523,0.250000,-1.240087,3,2.630397,-1.963282,3.192296,4,252.000,154855.82,1,0
30_30_30_10,symbol|month,NVDA|2026-05,3,0.370541,-0.056966,0.333333,-0.631410,2,1.037629,-0.803646,1.544729,3,252.000,93376.40,1,0
30_30_30_10,symbol|month,NVDA|2026-06,3,-0.001571,-0.895000,0.333333,-1.250000,2,1.521441,-1.723243,1.720102,3,252.000,-395.83,1,0
30_30_30_10,symbol|month,NVDA|2026-07,9,-0.798787,-1.250000,0.111111,-1.250000,8,0.858920,-1.359947,-0.237626,7,324.000,-258806.87,1,0
30_30_30_10,symbol|month,NVDA|2026-08,3,1.315872,0.858500,0.666667,-0.231569,1,1.485826,-0.365498,2.997242,3,252.000,331599.73,1,0
30_30_30_10,symbol|month,ORCL|2025-09,11,-0.613749,-0.953846,0.181818,-1.250000,8,0.860266,-1.122134,-0.105364,7,396.000,-243044.67,1,0
30_30_30_10,symbol|month,ORCL|2025-10,3,-0.189945,0.179123,0.666667,-1.250000,1,0.761006,-1.051104,0.671214,3,252.000,-47866.18,1,0
30_30_30_10,symbol|month,ORCL|2025-11,3,1.950436,-1.190000,0.333333,-1.245388,2,4.480469,-3.119692,7.020563,3,252.000,491509.76,1,0
30_30_30_10,symbol|month,ORCL|2025-12,7,0.255224,-0.479896,0.428571,-1.250000,2,1.410853,-0.789950,1.300398,5,352.800,90043.08,1,0
30_30_30_10,symbol|month,ORCL|2026-01,3,2.250024,-1.198165,0.333333,-1.250000,2,4.913174,-3.309756,7.809804,3,252.000,567006.06,1,0
30_30_30_10,symbol|month,ORCL|2026-02,3,-1.236111,-1.250000,0.000000,-1.250000,3,0.019642,-1.258338,-1.213884,2,378.000,-467250.00,1,0
30_30_30_10,symbol|month,ORCL|2026-03,5,-1.112936,-1.250000,0.000000,-1.250000,5,0.266101,-1.346184,-0.879688,4,315.000,-350574.81,1,0
30_30_30_10,symbol|month,ORCL|2026-04,5,0.558619,-0.830173,0.400000,-1.059783,1,1.921108,-1.125306,2.242544,5,252.000,140771.99,1,0
30_30_30_10,symbol|month,ORCL|2026-05,11,-0.554164,-1.250000,0.181818,-1.250000,5,1.491049,-1.435317,0.326990,8,346.500,-192017.70,1,0
30_30_30_10,symbol|month,ORCL|2026-06,5,-1.250000,-1.250000,0.000000,-1.250000,5,0.000000,-1.250000,-1.250000,4,315.000,-393750.00,1,0
30_30_30_10,symbol|month,ORCL|2026-07,1,-0.299307,-0.299307,0.000000,-0.299307,1,0.000000,-0.299307,-0.299307,1,252.000,-75425.40,1,0
30_30_30_10,symbol|month,ORCL|2026-08,2,-0.868952,-0.868952,0.000000,-1.250000,2,0.381048,-1.397058,-0.340845,1,504.000,-437951.61,1,0
30_30_30_10,symbol|month,PLTR|2025-08,1,2.348115,2.348115,1.000000,2.348115,0,0.000000,2.348115,2.348115,1,252.000,591725.08,1,0
30_30_30_10,symbol|month,PLTR|2025-10,5,0.855614,-0.055626,0.400000,-1.250000,2,2.647994,-1.465455,3.176683,5,252.000,215614.71,1,0
30_30_30_10,symbol|month,PLTR|2025-11,6,-1.127645,-1.163948,0.000000,-1.250000,6,0.121237,-1.224655,-1.030635,4,378.000,-426249.88,1,0
30_30_30_10,symbol|month,PLTR|2025-12,2,-1.233028,-1.233028,0.000000,-1.250000,2,0.016972,-1.256550,-1.209507,2,252.000,-310723.15,1,0
30_30_30_10,symbol|month,PLTR|2026-01,8,0.099461,-1.021905,0.375000,-1.250000,3,1.715624,-1.089406,1.288328,8,252.000,25064.21,1,0
30_30_30_10,symbol|month,PLTR|2026-02,4,-1.031122,-1.117812,0.000000,-1.238864,4,0.238864,-1.265209,-0.797036,4,252.000,-259842.83,1,0
30_30_30_10,symbol|month,PLTR|2026-03,6,-1.047908,-1.250000,0.000000,-1.250000,6,0.354591,-1.331640,-0.764176,5,302.400,-316887.32,1,0
30_30_30_10,symbol|month,PLTR|2026-04,5,0.290201,-1.250000,0.400000,-1.250000,1,2.017387,-1.478117,2.058518,5,252.000,73130.58,1,0
30_30_30_10,symbol|month,PLTR|2026-05,7,-0.941148,-0.973889,0.000000,-1.250000,7,0.313999,-1.173762,-0.708535,6,294.000,-276697.62,1,0
30_30_30_10,symbol|month,PLTR|2026-06,7,0.285443,0.226250,0.571429,-1.250000,2,1.528073,-0.846569,1.417455,7,252.000,71931.61,1,0
30_30_30_10,symbol|month,PLTR|2026-07,6,1.326472,-0.430584,0.333333,-1.250000,2,3.699165,-1.633476,4.286420,6,252.000,334270.92,1,0
30_30_30_10,symbol|month,PLTR|2026-08,4,2.218147,1.160544,1.000000,0.266784,0,2.393532,-0.127514,4.563808,4,252.000,558973.01,1,0
30_30_30_10,symbol|month,QQQ|2025-08,1,-0.284532,-0.284532,0.000000,-0.284532,1,0.000000,-0.284532,-0.284532,1,252.000,-71702.02,1,0
30_30_30_10,symbol|month,QQQ|2025-10,1,1.593284,1.593284,1.000000,1.593284,0,0.000000,1.593284,1.593284,1,252.000,401507.46,1,0
30_30_30_10,symbol|month,QQQ|2025-11,1,3.651064,3.651064,1.000000,3.651064,0,0.000000,3.651064,3.651064,1,252.000,920068.09,1,0
30_30_30_10,symbol|month,QQQ|2025-12,1,5.372000,5.372000,1.000000,5.372000,0,0.000000,5.372000,5.372000,1,252.000,1353744.00,1,0
30_30_30_10,symbol|month,QQQ|2026-01,1,0.866923,0.866923,1.000000,0.866923,0,0.000000,0.866923,0.866923,1,252.000,218464.62,1,0
30_30_30_10,symbol|month,QQQ|2026-02,1,-0.757474,-0.757474,0.000000,-0.757474,1,0.000000,-0.757474,-0.757474,1,252.000,-190883.51,1,0
30_30_30_10,symbol|month,QQQ|2026-06,3,-0.780586,-0.897881,0.000000,-1.250000,3,0.439065,-1.277435,-0.283737,3,252.000,-196707.75,1,0
30_30_30_10,symbol|month,SOFI|2025-10,1,-1.250000,-1.250000,0.000000,-1.250000,1,0.000000,-1.250000,-1.250000,1,252.000,-315000.00,1,0
30_30_30_10,symbol|month,SOFI|2026-02,1,0.285714,0.285714,1.000000,0.285714,0,0.000000,0.285714,0.285714,1,252.000,72000.00,1,0
30_30_30_10,symbol|month,SOFI|2026-05,1,-0.804348,-0.804348,0.000000,-0.804348,1,0.000000,-0.804348,-0.804348,1,252.000,-202695.65,1,0
30_30_30_10,symbol|month,SOFI|2026-07,1,-1.195690,-1.195690,0.000000,-1.195690,1,0.000000,-1.195690,-1.195690,1,252.000,-301313.79,1,0
30_30_30_10,symbol|month,TSLA|2025-08,2,-1.108285,-1.108285,0.000000,-1.155867,2,0.047582,-1.174230,-1.042340,1,504.000,-558575.70,1,0
30_30_30_10,symbol|month,TSLA|2025-09,3,-1.209833,-1.250000,0.000000,-1.250000,3,0.056805,-1.274114,-1.145552,3,252.000,-304877.88,1,0
30_30_30_10,symbol|month,TSLA|2025-10,8,-0.674899,-1.250000,0.125000,-1.250000,6,1.202512,-1.508197,0.158399,6,336.000,-226766.09,1,0
30_30_30_10,symbol|month,TSLA|2025-11,10,-0.450865,-0.951869,0.200000,-1.250000,7,1.089701,-1.126268,0.224539,8,315.000,-142022.43,1,0
30_30_30_10,symbol|month,TSLA|2025-12,11,0.415094,-0.732538,0.454545,-1.250000,3,1.849104,-0.677656,1.507845,9,308.000,127849.08,1,0
30_30_30_10,symbol|month,TSLA|2026-01,3,-1.130987,-1.096250,0.000000,-1.250000,3,0.086551,-1.228929,-1.033045,3,252.000,-285008.65,1,0
30_30_30_10,symbol|month,TSLA|2026-02,5,-1.189399,-1.205682,0.000000,-1.250000,5,0.058634,-1.240794,-1.138004,5,252.000,-299728.61,1,0
30_30_30_10,symbol|month,TSLA|2026-03,4,-0.132902,0.064402,0.500000,-1.250000,1,0.687265,-0.806422,0.540617,4,252.000,-33491.42,1,0
30_30_30_10,symbol|month,TSLA|2026-04,5,0.839248,-0.892606,0.400000,-1.250000,2,2.777667,-1.595485,3.273980,5,252.000,211490.48,1,0
30_30_30_10,symbol|month,TSLA|2026-05,6,0.183966,-1.250000,0.333333,-1.250000,4,2.384030,-1.723655,2.091587,4,378.000,69539.09,1,0
30_30_30_10,symbol|month,TSLA|2026-06,4,-0.204296,-0.626244,0.250000,-1.006148,2,0.997542,-1.181887,0.773296,4,252.000,-51482.50,1,0
30_30_30_10,symbol|month,TSLA|2026-07,7,-1.039679,-1.180276,0.000000,-1.250000,7,0.293371,-1.257011,-0.822347,7,252.000,-261999.06,1,0
30_30_30_10,symbol|month,TSLA|2026-08,3,1.215870,0.756897,0.666667,-1.250000,1,2.224551,-1.301447,3.733187,2,378.000,459598.97,1,0
30_30_30_10,symbol|month,TSM|2025-09,3,-0.807632,-1.148256,0.000000,-1.250000,3,0.555215,-1.435917,-0.179348,3,252.000,-203523.29,1,0
30_30_30_10,symbol|month,TSM|2025-10,3,-0.223191,-0.959649,0.333333,-1.250000,2,1.252441,-1.640461,1.194079,3,252.000,-56244.03,1,0
30_30_30_10,symbol|month,TSM|2025-11,6,-0.533573,-1.250000,0.166667,-1.250000,5,1.601980,-1.815424,0.748278,5,302.400,-161352.39,1,0
30_30_30_10,symbol|month,TSM|2025-12,2,-1.050874,-1.050874,0.000000,-1.250000,2,0.199126,-1.326849,-0.774900,2,252.000,-264820.28,1,0
30_30_30_10,symbol|month,TSM|2026-01,1,-1.171951,-1.171951,0.000000,-1.171951,1,0.000000,-1.171951,-1.171951,1,252.000,-295331.77,1,0
30_30_30_10,symbol|month,TSM|2026-02,4,0.344337,-0.350494,0.250000,-1.250000,3,1.764029,-1.384411,2.073085,3,336.000,115697.08,1,0
30_30_30_10,symbol|month,TSM|2026-03,5,0.427460,-0.371348,0.400000,-0.994672,3,1.699393,-1.062123,1.917044,4,315.000,134650.05,1,0
30_30_30_10,symbol|month,TSM|2026-04,3,0.373855,-0.622588,0.333333,-0.893595,1,1.604633,-1.441958,2.189668,3,252.000,94211.43,1,0
30_30_30_10,symbol|month,TSM|2026-05,5,0.147233,0.113103,0.600000,-1.197424,1,0.911232,-0.651497,0.945963,5,252.000,37102.78,1,0
30_30_30_10,symbol|month,TSM|2026-06,3,-1.133432,-1.250000,0.000000,-1.250000,3,0.164852,-1.319979,-0.946885,3,252.000,-285624.94,1,0
30_30_30_10,symbol|month,TSM|2026-07,6,-0.249370,-0.393919,0.333333,-1.250000,4,0.794061,-0.884752,0.386011,6,252.000,-62841.34,1,0
30_30_30_10,symbol|month,TSM|2026-08,1,-1.250000,-1.250000,0.000000,-1.250000,1,0.000000,-1.250000,-1.250000,1,252.000,-315000.00,1,0
30_30_30_10,symbol|month,UBER|2025-09,1,5.680167,5.680167,1.000000,5.680167,0,0.000000,5.680167,5.680167,1,252.000,1431402.00,1,0
30_30_30_10,symbol|month,UBER|2025-10,5,-0.372902,-1.071053,0.200000,-1.250000,3,1.435423,-1.631106,0.885301,5,252.000,-93971.40,1,0
30_30_30_10,symbol|month,UBER|2025-11,1,-1.177387,-1.177387,0.000000,-1.177387,1,0.000000,-1.177387,-1.177387,1,252.000,-296701.59,1,0
30_30_30_10,symbol|month,UBER|2025-12,1,3.344444,3.344444,1.000000,3.344444,0,0.000000,3.344444,3.344444,1,252.000,842800.00,1,0
30_30_30_10,symbol|month,UBER|2026-01,2,-1.250000,-1.250000,0.000000,-1.250000,2,0.000000,-1.250000,-1.250000,2,252.000,-315000.00,1,0
30_30_30_10,symbol|month,UBER|2026-02,5,1.885738,2.020655,0.800000,-0.741111,1,1.986151,0.144800,3.626676,5,252.000,475205.91,1,0
30_30_30_10,symbol|month,UBER|2026-03,5,0.670898,-0.616000,0.400000,-1.250000,2,2.612104,-1.618712,2.960507,5,252.000,169066.18,1,0
30_30_30_10,symbol|month,UBER|2026-04,2,1.916768,1.916768,1.000000,1.801001,0,0.115767,1.756323,2.077213,2,252.000,483025.52,1,0
30_30_30_10,symbol|month,UBER|2026-06,3,-1.223198,-1.250000,0.000000,-1.250000,3,0.037903,-1.266090,-1.180306,3,252.000,-308245.95,1,0
30_30_30_10,symbol|month,UBER|2026-07,1,-0.660465,-0.660465,0.000000,-0.660465,1,0.000000,-0.660465,-0.660465,1,252.000,-166437.21,1,0
30_30_30_10,symbol|quarter,AAPL|2025-Q3,2,3.255051,3.255051,1.000000,2.981579,0,0.273472,2.876038,3.634065,2,252.000,820272.95,1,0
30_30_30_10,symbol|quarter,AAPL|2026-Q1,5,-0.419521,-1.224231,0.200000,-1.250000,2,1.512749,-1.745504,0.906462,5,252.000,-105719.36,1,0
30_30_30_10,symbol|quarter,AAPL|2026-Q2,7,-0.033771,-0.612736,0.428571,-1.115462,3,1.086849,-0.838920,0.771378,6,294.000,-9928.68,1,0
30_30_30_10,symbol|quarter,AAPL|2026-Q3,5,0.071577,0.399315,0.600000,-1.250000,1,1.108903,-0.900419,1.043572,5,252.000,18037.28,1,0
30_30_30_10,symbol|quarter,AMD|2025-Q3,1,-1.250000,-1.250000,0.000000,-1.250000,1,0.000000,-1.250000,-1.250000,1,252.000,-315000.00,1,0
30_30_30_10,symbol|quarter,AMD|2025-Q4,20,1.609679,-0.652895,0.450000,-1.250000,4,3.753524,-0.035376,3.254733,13,387.692,624060.04,0,0
30_30_30_10,symbol|quarter,AMD|2026-Q1,14,-1.099730,-1.250000,0.000000,-1.250000,14,0.261125,-1.236516,-0.962944,12,294.000,-323320.66,1,0
30_30_30_10,symbol|quarter,AMD|2026-Q2,18,0.492049,-1.116792,0.388889,-1.250000,5,2.619477,-0.718088,1.702185,16,283.500,139495.78,1,0
30_30_30_10,symbol|quarter,AMD|2026-Q3,11,0.123243,-1.029048,0.272727,-1.250000,5,2.184598,-1.167772,1.414259,8,346.500,42703.85,1,0
30_30_30_10,symbol|quarter,AMZN|2025-Q3,1,-1.250000,-1.250000,0.000000,-1.250000,1,0.000000,-1.250000,-1.250000,1,252.000,-315000.00,1,0
30_30_30_10,symbol|quarter,AMZN|2025-Q4,3,-1.106301,-1.250000,0.000000,-1.250000,3,0.203221,-1.336267,-0.876334,3,252.000,-278787.80,1,0
30_30_30_10,symbol|quarter,AMZN|2026-Q1,8,-0.306486,-0.982015,0.250000,-1.250000,3,1.277726,-1.191904,0.578933,8,252.000,-77234.42,1,0
30_30_30_10,symbol|quarter,AMZN|2026-Q2,7,-0.653315,-0.886420,0.142857,-1.250000,6,0.576584,-1.080455,-0.226176,7,252.000,-164635.50,1,0
30_30_30_10,symbol|quarter,AMZN|2026-Q3,1,2.964815,2.964815,1.000000,2.964815,0,0.000000,2.964815,2.964815,1,252.000,747133.33,1,0
30_30_30_10,symbol|quarter,AVGO|2025-Q3,2,-0.547236,-0.547236,0.000000,-0.685345,2,0.138109,-0.738645,-0.355827,2,252.000,-137903.45,1,0
30_30_30_10,symbol|quarter,AVGO|2025-Q4,7,0.003230,-1.250000,0.285714,-1.250000,3,1.906475,-1.409106,1.415566,7,252.000,813.93,1,0
30_30_30_10,symbol|quarter,AVGO|2026-Q1,17,0.161126,-1.147800,0.235294,-1.250000,6,2.209209,-0.889065,1.211318,16,267.750,43141.58,1,0
30_30_30_10,symbol|quarter,AVGO|2026-Q2,15,-0.603245,-1.175000,0.200000,-1.250000,6,1.283392,-1.252731,0.046241,13,290.769,-175405.06,1,0
30_30_30_10,symbol|quarter,AVGO|2026-Q3,5,-0.190890,-1.210113,0.400000,-1.250000,2,1.300376,-1.330720,0.948940,5,252.000,-48104.19,1,0
30_30_30_10,symbol|quarter,BABA|2025-Q4,2,-0.354154,-0.354154,0.500000,-1.084459,1,0.730305,-1.366306,0.657997,2,252.000,-89246.90,1,0
30_30_30_10,symbol|quarter,BABA|2026-Q1,2,0.634444,0.634444,0.500000,-1.250000,1,1.884444,-1.977262,3.246151,2,252.000,159880.00,1,0
30_30_30_10,symbol|quarter,BABA|2026-Q2,3,-1.250000,-1.250000,0.000000,-1.250000,3,0.000000,-1.250000,-1.250000,3,252.000,-315000.00,1,0
30_30_30_10,symbol|quarter,BABA|2026-Q3,2,0.042711,0.042711,0.500000,-1.231333,1,1.274044,-1.723024,1.808446,2,252.000,10763.09,1,0
30_30_30_10,symbol|quarter,COIN|2025-Q3,9,-0.029808,0.034375,0.555556,-1.250000,3,1.032333,-0.704265,0.644650,6,378.000,-11267.25,1,0
30_30_30_10,symbol|quarter,COIN|2025-Q4,20,0.202082,-0.661245,0.350000,-1.250000,5,1.906099,-0.633302,1.037467,19,265.263,53605.00,0,0
30_30_30_10,symbol|quarter,COIN|2026-Q1,17,-0.459969,-1.250000,0.294118,-1.250000,7,1.223935,-1.041790,0.121853,15,285.600,-131367.02,1,0
30_30_30_10,symbol|quarter,COIN|2026-Q2,22,-0.889066,-1.250000,0.045455,-1.250000,19,0.713389,-1.187173,-0.590960,19,291.789,-259420.24,0,0
30_30_30_10,symbol|quarter,COIN|2026-Q3,8,0.782295,0.357825,0.500000,-1.250000,3,2.069521,-0.651810,2.216399,8,252.000,197138.26,1,0
30_30_30_10,symbol|quarter,CRM|2025-Q3,4,-0.380068,-0.988743,0.250000,-1.250000,2,1.223828,-1.579419,0.819284,4,252.000,-95777.03,1,0
30_30_30_10,symbol|quarter,CRM|2025-Q4,5,0.243521,-0.836369,0.400000,-1.205000,3,2.049362,-1.552824,2.039866,5,252.000,61367.31,1,0
30_30_30_10,symbol|quarter,CRM|2026-Q1,11,-0.336884,-0.231046,0.363636,-1.250000,5,0.896102,-0.866446,0.192679,9,308.000,-103760.20,1,0
30_30_30_10,symbol|quarter,CRM|2026-Q2,11,0.586860,-1.250000,0.272727,-1.250000,8,3.005632,-1.189355,2.363075,10,277.200,162677.72,1,0
30_30_30_10,symbol|quarter,CRM|2026-Q3,6,1.256835,0.846833,0.500000,-1.250000,2,2.537699,-0.773748,3.287417,5,302.400,380066.76,1,0
30_30_30_10,symbol|quarter,GOOGL|2025-Q3,3,1.401063,1.734191,1.000000,0.097375,0,0.957873,0.317127,2.484998,3,252.000,353067.77,1,0
30_30_30_10,symbol|quarter,GOOGL|2025-Q4,2,-0.198753,-0.198753,0.500000,-1.244444,1,1.045692,-1.648007,1.250502,2,252.000,-50085.71,1,0
30_30_30_10,symbol|quarter,GOOGL|2026-Q1,5,-0.516228,-1.214216,0.200000,-1.250000,4,1.260931,-1.621483,0.589027,5,252.000,-130089.44,1,0
30_30_30_10,symbol|quarter,GOOGL|2026-Q2,7,0.601255,-0.502542,0.285714,-1.183306,4,2.246097,-1.062677,2.265186,7,252.000,151516.16,1,0
30_30_30_10,symbol|quarter,GOOGL|2026-Q3,3,-1.172941,-1.235000,0.000000,-1.250000,3,0.098561,-1.284474,-1.061408,3,252.000,-295581.18,1,0
30_30_30_10,symbol|quarter,HOOD|2025-Q3,8,-0.114600,-0.530000,0.500000,-1.250000,2,1.187823,-0.937720,0.708519,8,252.000,-28879.23,1,0
30_30_30_10,symbol|quarter,HOOD|2025-Q4,12,0.186089,-1.250000,0.250000,-1.250000,5,2.663767,-1.321080,1.693257,10,302.400,56273.17,1,0
30_30_30_10,symbol|quarter,HOOD|2026-Q1,13,-0.682885,-1.180769,0.153846,-1.250000,7,0.713543,-1.070771,-0.294998,13,252.000,-172086.90,1,0
30_30_30_10,symbol|quarter,HOOD|2026-Q2,9,2.126159,3.090909,0.555556,-1.250000,2,2.947402,0.200524,4.051795,8,283.500,602766.20,1,0
30_30_30_10,symbol|quarter,HOOD|2026-Q3,7,1.514241,3.121429,0.571429,-1.250000,2,2.283902,-0.177698,3.206179,7,252.000,381588.63,1,0
30_30_30_10,symbol|quarter,INTC|2025-Q3,1,-1.236586,-1.236586,0.000000,-1.236586,1,0.000000,-1.236586,-1.236586,1,252.000,-311619.75,1,0
30_30_30_10,symbol|quarter,INTC|2025-Q4,4,1.330940,0.915786,0.750000,-1.250000,1,2.161178,-0.787013,3.448894,4,252.000,335397.00,1,0
30_30_30_10,symbol|quarter,INTC|2026-Q1,4,-0.077247,-0.239803,0.250000,-1.250000,2,0.968240,-1.026123,0.871628,4,252.000,-19466.36,1,0
30_30_30_10,symbol|quarter,INTC|2026-Q2,13,0.706533,-0.613636,0.384615,-1.250000,2,2.620549,-0.718014,2.131079,13,252.000,178046.24,1,0
30_30_30_10,symbol|quarter,INTC|2026-Q3,6,0.260973,-0.929167,0.333333,-1.250000,2,1.984507,-1.326964,1.848910,6,252.000,65765.22,1,0
30_30_30_10,symbol|quarter,IREN|2025-Q3,5,-0.522531,-1.236805,0.400000,-1.250000,2,0.886280,-1.299390,0.254328,5,252.000,-131677.89,1,0
30_30_30_10,symbol|quarter,IREN|2025-Q4,20,-0.807464,-1.216700,0.050000,-1.250000,10,0.757306,-1.139368,-0.475559,18,280.000,-226089.79,0,0
30_30_30_10,symbol|quarter,IREN|2026-Q1,21,0.730458,-0.826613,0.333333,-1.250000,4,2.933038,-0.524023,1.984939,20,264.600,193279.16,0,0
30_30_30_10,symbol|quarter,IREN|2026-Q2,14,1.354182,-0.506250,0.428571,-1.250000,4,4.078347,-0.782187,3.490551,14,252.000,341253.89,1,0
30_30_30_10,symbol|quarter,IREN|2026-Q3,6,0.199943,-0.970002,0.333333,-1.250000,4,1.928229,-1.342961,1.742848,6,252.000,50385.69,1,0
30_30_30_10,symbol|quarter,MARA|2025-Q4,1,-0.659667,-0.659667,0.000000,-0.659667,1,0.000000,-0.659667,-0.659667,1,252.000,-166236.00,1,0
30_30_30_10,symbol|quarter,META|2025-Q3,3,1.547237,2.048780,0.666667,-1.250000,1,2.109209,-0.839558,3.934031,2,378.000,584855.43,1,0
30_30_30_10,symbol|quarter,META|2025-Q4,7,-0.506557,-1.227913,0.142857,-1.250000,3,1.417750,-1.556841,0.543727,6,294.000,-148927.67,1,0
30_30_30_10,symbol|quarter,META|2026-Q1,11,0.158394,-0.855205,0.363636,-1.250000,3,1.863439,-0.942828,1.259616,11,252.000,39915.35,1,0
30_30_30_10,symbol|quarter,META|2026-Q2,7,1.350029,2.045161,0.571429,-1.250000,2,2.267870,-0.330032,3.030091,7,252.000,340207.37,1,0
30_30_30_10,symbol|quarter,META|2026-Q3,10,0.347818,-0.373064,0.400000,-1.250000,2,1.716541,-0.716106,1.411741,9,280.000,97388.91,1,0
30_30_30_10,symbol|quarter,MSFT|2025-Q4,4,0.433695,-1.217351,0.250000,-1.250000,2,2.878668,-2.387400,3.254790,4,252.000,109291.08,1,0
30_30_30_10,symbol|quarter,MSFT|2026-Q1,6,-1.157353,-1.250000,0.000000,-1.250000,6,0.207165,-1.323120,-0.991586,5,302.400,-349983.53,1,0
30_30_30_10,symbol|quarter,MSFT|2026-Q2,10,0.025549,-0.670545,0.400000,-1.250000,6,1.455106,-0.876335,0.927433,9,280.000,7153.73,1,0
30_30_30_10,symbol|quarter,MSFT|2026-Q3,10,0.132455,-0.636231,0.400000,-1.250000,5,1.594243,-0.855667,1.120577,9,280.000,37087.42,1,0
30_30_30_10,symbol|quarter,MU|2025-Q3,4,-0.661638,-1.112059,0.250000,-1.250000,2,0.862782,-1.507165,0.183888,4,252.000,-166732.87,1,0
30_30_30_10,symbol|quarter,MU|2025-Q4,14,-0.334687,-1.212500,0.285714,-1.250000,5,1.344557,-1.039009,0.369635,11,320.727,-107343.36,1,0
30_30_30_10,symbol|quarter,MU|2026-Q1,22,0.805270,-1.040099,0.318182,-1.250000,5,4.208335,-0.953282,2.563821,20,277.200,223220.73,0,0
30_30_30_10,symbol|quarter,MU|2026-Q2,24,0.025645,-0.808333,0.250000,-1.250000,12,1.999075,-0.774151,0.825442,22,274.909,7050.18,0,0
30_30_30_10,symbol|quarter,MU|2026-Q3,8,1.108726,-1.250000,0.250000,-1.250000,6,4.600484,-2.079247,4.296698,7,288.000,319312.95,1,0
30_30_30_10,symbol|quarter,NFLX|2025-Q3,3,-0.167478,-1.250000,0.333333,-1.250000,2,1.530918,-1.899874,1.564919,3,252.000,-42204.38,1,0
30_30_30_10,symbol|quarter,NFLX|2025-Q4,2,-0.632875,-0.632875,0.000000,-1.112973,2,0.480098,-1.298257,0.032506,2,252.000,-159484.59,1,0
30_30_30_10,symbol|quarter,NFLX|2026-Q1,6,0.957230,-0.591809,0.333333,-1.193750,2,2.642739,-1.157402,3.071862,6,252.000,241222.03,1,0
30_30_30_10,symbol|quarter,NFLX|2026-Q2,6,0.631733,0.147220,0.666667,-1.250000,1,1.639766,-0.680353,1.943819,6,252.000,159196.70,1,0
30_30_30_10,symbol|quarter,NFLX|2026-Q3,2,-1.248214,-1.248214,0.000000,-1.250000,2,0.001786,-1.250689,-1.245739,2,252.000,-314550.00,1,0
30_30_30_10,symbol|quarter,NVDA|2025-Q3,4,-0.525693,-0.514768,0.000000,-0.602326,4,0.047797,-0.572533,-0.478852,3,336.000,-176632.75,1,0
30_30_30_10,symbol|quarter,NVDA|2025-Q4,8,0.611158,0.208620,0.625000,-1.250000,2,1.696425,-0.564404,1.786720,6,336.000,205349.11,1,0
30_30_30_10,symbol|quarter,NVDA|2026-Q1,9,-0.257474,-0.977451,0.111111,-1.250000,8,1.944940,-1.528168,1.013220,9,252.000,-64883.48,1,0
30_30_30_10,symbol|quarter,NVDA|2026-Q2,6,0.184485,-0.344188,0.333333,-1.250000,2,1.315426,-0.868075,1.237045,6,252.000,46490.29,1,0
30_30_30_10,symbol|quarter,NVDA|2026-Q3,12,-0.270122,-0.901283,0.250000,-1.250000,8,1.394161,-1.058943,0.518699,10,302.400,-81684.89,1,0
30_30_30_10,symbol|quarter,ORCL|2025-Q3,11,-0.613749,-0.953846,0.181818,-1.250000,8,0.860266,-1.122134,-0.105364,7,396.000,-243044.67,1,0
30_30_30_10,symbol|quarter,ORCL|2025-Q4,13,0.543695,-0.479896,0.461538,-1.250000,2,2.542389,-0.838363,1.925754,11,297.818,161922.38,1,0
30_30_30_10,symbol|quarter,ORCL|2026-Q1,11,-0.229358,-1.250000,0.090909,-1.250000,8,2.987234,-1.994701,1.535984,9,308.000,-70642.34,1,0
30_30_30_10,symbol|quarter,ORCL|2026-Q2,21,-0.454891,-1.250000,0.190476,-1.250000,10,1.563180,-1.123474,0.213692,17,311.294,-141604.81,0,0
30_30_30_10,symbol|quarter,ORCL|2026-Q3,3,-0.679070,-0.487903,0.000000,-1.250000,3,0.410985,-1.144143,-0.213997,2,378.000,-256688.51,1,0
30_30_30_10,symbol|quarter,PLTR|2025-Q3,1,2.348115,2.348115,1.000000,2.348115,0,0.000000,2.348115,2.348115,1,252.000,591725.08,1,0
30_30_30_10,symbol|quarter,PLTR|2025-Q4,13,-0.381066,-1.212890,0.153846,-1.250000,8,1.913333,-1.421166,0.659034,11,297.818,-113488.39,1,0
30_30_30_10,symbol|quarter,PLTR|2026-Q1,18,-0.534236,-1.118683,0.166667,-1.250000,10,1.297709,-1.133747,0.065275,17,266.824,-142546.72,1,0
30_30_30_10,symbol|quarter,PLTR|2026-Q2,19,-0.165207,-0.973889,0.315789,-1.250000,8,1.522768,-0.849927,0.519513,18,266.000,-43945.09,1,0
30_30_30_10,symbol|quarter,PLTR|2026-Q3,10,1.683142,0.509291,0.600000,-1.250000,2,3.269971,-0.343607,3.709891,10,252.000,424151.76,1,0
30_30_30_10,symbol|quarter,QQQ|2025-Q3,1,-0.284532,-0.284532,0.000000,-0.284532,1,0.000000,-0.284532,-0.284532,1,252.000,-71702.02,1,0
30_30_30_10,symbol|quarter,QQQ|2025-Q4,3,3.538782,3.651064,1.000000,1.593284,0,1.544696,1.790794,5.286771,3,252.000,891773.18,1,0
30_30_30_10,symbol|quarter,QQQ|2026-Q1,2,0.054724,0.054724,0.500000,-0.757474,1,0.812199,-1.070925,1.180374,2,252.000,13790.56,1,0
30_30_30_10,symbol|quarter,QQQ|2026-Q2,3,-0.780586,-0.897881,0.000000,-1.250000,3,0.439065,-1.277435,-0.283737,3,252.000,-196707.75,1,0
30_30_30_10,symbol|quarter,SOFI|2025-Q4,1,-1.250000,-1.250000,0.000000,-1.250000,1,0.000000,-1.250000,-1.250000,1,252.000,-315000.00,1,0
30_30_30_10,symbol|quarter,SOFI|2026-Q1,1,0.285714,0.285714,1.000000,0.285714,0,0.000000,0.285714,0.285714,1,252.000,72000.00,1,0
30_30_30_10,symbol|quarter,SOFI|2026-Q2,1,-0.804348,-0.804348,0.000000,-0.804348,1,0.000000,-0.804348,-0.804348,1,252.000,-202695.65,1,0
30_30_30_10,symbol|quarter,SOFI|2026-Q3,1,-1.195690,-1.195690,0.000000,-1.195690,1,0.000000,-1.195690,-1.195690,1,252.000,-301313.79,1,0
30_30_30_10,symbol|quarter,TSLA|2025-Q3,5,-1.169214,-1.155867,0.000000,-1.250000,5,0.072915,-1.233126,-1.105301,4,315.000,-368302.34,1,0
30_30_30_10,symbol|quarter,TSLA|2025-Q4,29,-0.184200,-0.847989,0.275862,-1.250000,7,1.527246,-0.740061,0.371661,23,317.739,-58527.58,0,0
30_30_30_10,symbol|quarter,TSLA|2026-Q1,12,-0.822631,-1.120657,0.166667,-1.250000,9,0.631779,-1.180093,-0.465168,12,252.000,-207302.89,1,0
30_30_30_10,symbol|quarter,TSLA|2026-Q2,15,0.298857,-0.995586,0.333333,-1.250000,4,2.297986,-0.864084,1.461798,13,290.769,86898.36,1,0
30_30_30_10,symbol|quarter,TSLA|2026-Q3,10,-0.363014,-1.100872,0.200000,-1.250000,7,1.616543,-1.364958,0.638929,9,280.000,-101643.94,1,0
30_30_30_10,symbol|quarter,TSM|2025-Q3,3,-0.807632,-1.148256,0.000000,-1.250000,3,0.555215,-1.435917,-0.179348,3,252.000,-203523.29,1,0
30_30_30_10,symbol|quarter,TSM|2025-Q4,11,-0.542978,-1.250000,0.181818,-1.250000,7,1.381909,-1.359634,0.273678,10,277.200,-150513.46,1,0
30_30_30_10,symbol|quarter,TSM|2026-Q1,10,0.234270,-0.427501,0.300000,-1.250000,4,1.705854,-0.823030,1.291569,8,315.000,73794.96,1,0
30_30_30_10,symbol|quarter,TSM|2026-Q2,11,-0.140233,-0.622588,0.363636,-1.250000,3,1.210679,-0.855699,0.575232,11,252.000,-35338.78,1,0
30_30_30_10,symbol|quarter,TSM|2026-Q3,7,-0.392317,-0.515972,0.285714,-1.250000,4,0.814285,-0.995548,0.210913,7,252.000,-98864.01,1,0
30_30_30_10,symbol|quarter,UBER|2025-Q3,1,5.680167,5.680167,1.000000,5.680167,0,0.000000,5.680167,5.680167,1,252.000,1431402.00,1,0
30_30_30_10,symbol|quarter,UBER|2025-Q4,7,0.043221,-1.071053,0.285714,-1.250000,3,1.834431,-1.315744,1.402186,7,252.000,10891.63,1,0
30_30_30_10,symbol|quarter,UBER|2026-Q1,12,0.856931,-0.127355,0.500000,-1.250000,2,2.383677,-0.491761,2.205623,12,252.000,215946.70,1,0
30_30_30_10,symbol|quarter,UBER|2026-Q2,5,0.032788,-1.169595,0.400000,-1.250000,3,1.540284,-1.317330,1.382907,5,252.000,8262.64,1,0
30_30_30_10,symbol|quarter,UBER|2026-Q3,1,-0.660465,-0.660465,0.000000,-0.660465,1,0.000000,-0.660465,-0.660465,1,252.000,-166437.21,1,0
30_30_30_10,symbol|setup,AAPL|break_and_retest,14,0.082975,-0.265191,0.500000,-1.250000,2,1.290964,-0.593273,0.759224,14,252.000,20909.73,1,0
30_30_30_10,symbol|setup,AAPL|one_candle_rule,5,0.674466,-0.845492,0.400000,-1.176818,3,2.117063,-1.181222,2.530154,4,315.000,212456.81,1,0
30_30_30_10,symbol|setup,AMD|break_and_retest,56,0.415222,-1.096552,0.303571,-1.250000,15,2.875163,-0.337829,1.168273,44,320.727,133173.13,0,0
30_30_30_10,symbol|setup,AMD|one_candle_rule,8,0.313432,-1.250000,0.250000,-1.250000,3,2.743468,-1.587695,2.214558,7,288.000,90268.33,1,0
30_30_30_10,symbol|setup,AMZN|break_and_retest,18,-0.360709,-0.957167,0.222222,-1.250000,7,1.260181,-0.942883,0.221465,18,252.000,-90898.67,1,0
30_30_30_10,symbol|setup,AMZN|one_candle_rule,2,-1.068210,-1.068210,0.000000,-1.250000,2,0.181790,-1.320158,-0.816262,2,252.000,-269188.93,1,0
30_30_30_10,symbol|setup,AVGO|break_and_retest,40,-0.151815,-1.158170,0.250000,-1.250000,6,1.763795,-0.698421,0.394791,37,272.432,-41359.34,0,0
30_30_30_10,symbol|setup,AVGO|one_candle_rule,6,-0.377206,-1.250000,0.166667,-1.250000,5,1.918281,-1.912151,1.157739,6,252.000,-95055.88,1,0
30_30_30_10,symbol|setup,BABA|break_and_retest,9,-0.344889,-1.231333,0.333333,-1.250000,4,1.337154,-1.218496,0.528719,9,252.000,-86911.96,1,0
30_30_30_10,symbol|setup,COIN|break_and_retest,71,-0.253697,-1.178000,0.267606,-1.250000,23,1.537377,-0.611305,0.103911,65,275.262,-69833.04,0,0
30_30_30_10,symbol|setup,COIN|one_candle_rule,5,0.133060,0.174634,0.600000,-1.250000,1,1.218195,-0.934735,1.200855,5,252.000,33531.07,1,0
30_30_30_10,symbol|setup,CRM|break_and_retest,34,0.281711,-0.948108,0.352941,-1.250000,9,2.310885,-0.495064,1.058485,31,276.387,77861.18,0,0
30_30_30_10,symbol|setup,CRM|one_candle_rule,3,0.136642,-0.231046,0.333333,-1.212558,2,1.278441,-1.310051,1.583334,3,252.000,34433.67,1,0
30_30_30_10,symbol|setup,GOOGL|break_and_retest,17,-0.047975,-0.856250,0.352941,-1.250000,4,1.423568,-0.724696,0.628747,17,252.000,-12089.68,1,0
30_30_30_10,symbol|setup,GOOGL|one_candle_rule,3,0.910025,-1.033824,0.333333,-1.244444,1,2.899224,-2.370756,4.190805,3,252.000,229326.29,1,0
30_30_30_10,symbol|setup,HOOD|break_and_retest,49,0.452528,-0.824077,0.367347,-1.250000,7,2.351883,-0.205999,1.111055,46,268.435,121474.31,0,0
30_30_30_10,symbol|setup,INTC|break_and_retest,28,0.518891,-0.522917,0.392857,-1.250000,4,2.262542,-0.319166,1.356948,28,252.000,130760.55,0,0
30_30_30_10,symbol|setup,IREN|break_and_retest,66,0.253574,-0.926042,0.272727,-1.250000,12,2.748287,-0.409476,0.916624,63,264.000,66943.59,0,0
30_30_30_10,symbol|setup,MARA|break_and_retest,1,-0.659667,-0.659667,0.000000,-0.659667,1,0.000000,-0.659667,-0.659667,1,252.000,-166236.00,1,0
30_30_30_10,symbol|setup,META|break_and_retest,24,0.515639,-0.386170,0.416667,-1.250000,3,1.959934,-0.268498,1.299777,22,274.909,141753.99,0,0
30_30_30_10,symbol|setup,META|one_candle_rule,14,0.242227,-1.004875,0.357143,-1.250000,5,1.980396,-0.795168,1.279622,13,271.385,65736.75,1,0
30_30_30_10,symbol|setup,MSFT|break_and_retest,16,0.212054,-0.787245,0.375000,-1.250000,7,1.881855,-0.710055,1.134162,15,268.800,57000.01,1,0
30_30_30_10,symbol|setup,MSFT|one_candle_rule,13,-0.444012,-1.250000,0.230769,-1.250000,6,1.453327,-1.234050,0.346026,12,273.000,-121215.26,1,0
30_30_30_10,symbol|setup,MSFT|reentry_84_rule,1,-1.250000,-1.250000,0.000000,-1.250000,1,0.000000,-1.250000,-1.250000,1,252.000,-315000.00,1,0
30_30_30_10,symbol|setup,MU|break_and_retest,68,0.282528,-1.092330,0.279412,-1.250000,10,3.178021,-0.472839,1.037896,61,280.918,79367.32,0,0
30_30_30_10,symbol|setup,MU|one_candle_rule,4,0.164280,-0.967475,0.250000,-1.250000,3,2.135866,-1.928869,2.257429,4,252.000,41398.48,1,0
30_30_30_10,symbol|setup,NFLX|break_and_retest,19,0.277325,-0.795000,0.368421,-1.250000,4,1.999498,-0.621759,1.176408,19,252.000,69885.79,1,0
30_30_30_10,symbol|setup,NVDA|break_and_retest,34,-0.045643,-0.560333,0.264706,-1.250000,7,1.627442,-0.592687,0.501400,31,276.387,-12615.23,0,0
30_30_30_10,symbol|setup,NVDA|one_candle_rule,5,-0.022691,-0.631410,0.400000,-0.977451,2,1.133908,-1.016605,0.971224,5,252.000,-5718.01,1,0
30_30_30_10,symbol|setup,ORCL|break_and_retest,54,-0.155806,-1.194082,0.240741,-1.250000,12,2.147740,-0.728656,0.417044,44,309.273,-48186.61,0,0
30_30_30_10,symbol|setup,ORCL|one_candle_rule,5,-1.076504,-1.235653,0.000000,-1.250000,5,0.222546,-1.271574,-0.881435,5,252.000,-271279.12,1,0
30_30_30_10,symbol|setup,PLTR|break_and_retest,57,0.096137,-1.006496,0.315789,-1.250000,9,2.156323,-0.463662,0.655936,53,271.019,26054.95,0,0
30_30_30_10,symbol|setup,PLTR|one_candle_rule,4,-1.002329,-1.239564,0.000000,-1.250000,4,0.417015,-1.411004,-0.593654,4,252.000,-252586.98,1,0
30_30_30_10,symbol|setup,QQQ|break_and_retest,4,0.856557,0.336523,0.500000,-0.897881,2,1.731390,-0.840205,2.553319,4,252.000,215852.36,1,0
30_30_30_10,symbol|setup,QQQ|one_candle_rule,5,0.934656,-0.284532,0.400000,-1.250000,2,2.418523,-1.185273,3.054584,5,252.000,235533.19,1,0
30_30_30_10,symbol|setup,SOFI|break_and_retest,4,-0.741081,-1.000019,0.250000,-1.250000,2,0.617248,-1.345984,-0.136178,4,252.000,-186752.36,1,0
30_30_30_10,symbol|setup,TSLA|break_and_retest,55,-0.272972,-1.128680,0.254545,-1.250000,7,1.640071,-0.706421,0.160476,50,277.200,-75667.92,0,0
30_30_30_10,symbol|setup,TSLA|one_candle_rule,15,-0.694410,-1.060704,0.133333,-1.250000,9,0.810271,-1.104464,-0.284356,15,252.000,-174991.29,1,0
30_30_30_10,symbol|setup,TSLA|reentry_84_rule,1,5.222899,5.222899,1.000000,5.222899,0,0.000000,5.222899,5.222899,1,252.000,1316170.43,1,0
30_30_30_10,symbol|setup,TSM|break_and_retest,37,-0.379470,-0.900297,0.243243,-1.250000,11,1.124948,-0.741953,-0.016987,36,259.000,-98282.75,0,0
30_30_30_10,symbol|setup,TSM|one_candle_rule,5,0.739730,-0.893595,0.400000,-1.250000,1,2.188602,-1.178664,2.658124,5,252.000,186411.92,1,0
30_30_30_10,symbol|setup,UBER|break_and_retest,26,0.606514,-0.700788,0.423077,-1.250000,4,2.283451,-0.271216,1.484244,26,252.000,152841.53,0,0
30_30_30_10,symbol|grade,AAPL|B,11,0.657763,0.859486,0.636364,-1.250000,2,1.449624,-0.198910,1.514436,11,252.000,165756.22,1,0
30_30_30_10,symbol|grade,AAPL|C,8,-0.337676,-1.146140,0.250000,-1.250000,5,1.554271,-1.414731,0.739379,8,252.000,-85094.38,1,0
30_30_30_10,symbol|grade,AMD|A+,2,-1.250000,-1.250000,0.000000,-1.250000,2,0.000000,-1.250000,-1.250000,1,504.000,-630000.00,1,0
30_30_30_10,symbol|grade,AMD|B,36,0.893366,-1.112854,0.416667,-1.250000,7,3.148751,-0.135226,1.921958,35,259.200,231560.44,0,0
30_30_30_10,symbol|grade,AMD|C,26,-0.150049,-1.204783,0.153846,-1.250000,9,2.355128,-1.055331,0.755233,24,273.000,-40963.31,0,0
30_30_30_10,symbol|grade,AMZN|B,14,-0.133863,-0.712962,0.285714,-1.250000,4,1.344153,-0.837973,0.570248,14,252.000,-33733.36,1,0
30_30_30_10,symbol|grade,AMZN|C,6,-1.125851,-1.193843,0.000000,-1.250000,6,0.144157,-1.241201,-1.010501,6,252.000,-283714.48,1,0
30_30_30_10,symbol|grade,AVGO|B,25,0.101975,-1.147800,0.280000,-1.250000,7,2.014580,-0.687740,0.891691,25,252.000,25697.75,0,0
30_30_30_10,symbol|grade,AVGO|C,21,-0.518344,-1.210113,0.190476,-1.250000,7,1.396045,-1.115442,0.078755,20,264.600,-137153.73,0,0
30_30_30_10,symbol|grade,BABA|B,9,-0.344889,-1.231333,0.333333,-1.250000,4,1.337154,-1.218496,0.528719,9,252.000,-86911.96,1,0
30_30_30_10,symbol|grade,COIN|B,54,-0.161826,-0.965851,0.296296,-1.250000,17,1.509862,-0.564540,0.240887,53,256.755,-41549.68,0,0
30_30_30_10,symbol|grade,COIN|C,22,-0.391299,-1.237687,0.272727,-1.250000,8,1.537459,-1.033762,0.251164,20,277.200,-108467.96,0,0
30_30_30_10,symbol|grade,CRM|A,1,6.645230,6.645230,1.000000,6.645230,0,0.000000,6.645230,6.645230,1,252.000,1674598.07,1,0
30_30_30_10,symbol|grade,CRM|B,21,0.859335,0.076230,0.523810,-1.250000,5,2.316454,-0.131429,1.850099,21,252.000,216552.41,0,0
30_30_30_10,symbol|grade,CRM|C,15,-0.980212,-1.175000,0.066667,-1.250000,8,0.404963,-1.185151,-0.775272,15,252.000,-247013.40,1,0
30_30_30_10,symbol|grade,GOOGL|B,12,0.264134,-0.380029,0.500000,-1.248810,3,1.569168,-0.623707,1.151975,12,252.000,66561.76,1,0
30_30_30_10,symbol|grade,GOOGL|C,8,-0.156888,-0.945037,0.125000,-1.250000,4,1.987768,-1.534341,1.220565,8,252.000,-39535.85,1,0
30_30_30_10,symbol|grade,HOOD|B,43,0.514696,-0.612307,0.372093,-1.250000,6,2.408190,-0.205106,1.234497,43,252.000,129703.28,0,0
30_30_30_10,symbol|grade,HOOD|C,6,0.006996,-1.236556,0.333333,-1.250000,4,1.839645,-1.465027,1.479019,5,302.400,2115.45,1,0
30_30_30_10,symbol|grade,INTC|B,26,0.623710,-0.415765,0.423077,-1.250000,3,2.312220,-0.265079,1.512498,26,252.000,157174.82,0,0
30_30_30_10,symbol|grade,INTC|C,2,-0.843750,-0.843750,0.000000,-1.250000,2,0.406250,-1.406784,-0.280716,2,252.000,-212625.00,1,0
30_30_30_10,symbol|grade,IREN|B,55,0.488957,-0.748429,0.309091,-1.250000,10,2.945812,-0.289581,1.267495,55,252.000,123217.09,0,0
30_30_30_10,symbol|grade,IREN|C,11,-0.923338,-1.236805,0.090909,-1.250000,10,0.517014,-1.228874,-0.617802,11,252.000,-232681.22,1,0
30_30_30_10,symbol|grade,MARA|B,1,-0.659667,-0.659667,0.000000,-0.659667,1,0.000000,-0.659667,-0.659667,1,252.000,-166236.00,1,0
30_30_30_10,symbol|grade,META|A+,1,-1.250000,-1.250000,0.000000,-1.250000,1,0.000000,-1.250000,-1.250000,1,252.000,-315000.00,1,0
30_30_30_10,symbol|grade,META|B,23,0.807164,-0.305000,0.478261,-1.250000,2,2.078904,-0.042460,1.656787,22,263.455,212651.02,0,0
30_30_30_10,symbol|grade,META|C,14,-0.110589,-0.965102,0.285714,-1.250000,4,1.651440,-0.975666,0.754489,13,271.385,-30012.08,1,0
30_30_30_10,symbol|grade,MSFT|A,2,-1.250000,-1.250000,0.000000,-1.250000,2,0.000000,-1.250000,-1.250000,1,504.000,-630000.00,1,0
30_30_30_10,symbol|grade,MSFT|B,19,0.010343,-1.250000,0.368421,-1.250000,5,1.829566,-0.812330,0.833016,19,252.000,2606.40,1,0
30_30_30_10,symbol|grade,MSFT|C,9,-0.147312,-0.880372,0.222222,-1.250000,5,1.565025,-1.169795,0.875170,9,252.000,-37122.72,1,0
30_30_30_10,symbol|grade,MU|B,47,0.901814,-0.405038,0.382979,-1.250000,5,3.696190,-0.154909,1.958538,47,252.000,227257.23,0,0
30_30_30_10,symbol|grade,MU|C,25,-0.900649,-1.229714,0.080000,-1.250000,13,0.631278,-1.148110,-0.653188,23,273.913,-246699.52,0,0
30_30_30_10,symbol|grade,NFLX|B,19,0.277325,-0.795000,0.368421,-1.250000,4,1.999498,-0.621759,1.176408,19,252.000,69885.79,1,0
30_30_30_10,symbol|grade,NVDA|A,1,-1.250000,-1.250000,0.000000,-1.250000,1,0.000000,-1.250000,-1.250000,1,252.000,-315000.00,1,0
30_30_30_10,symbol|grade,NVDA|B,24,0.435374,-0.470252,0.416667,-1.250000,5,1.815619,-0.291025,1.161773,24,252.000,109714.20,0,0
30_30_30_10,symbol|grade,NVDA|C,14,-0.776021,-0.895306,0.071429,-1.250000,11,0.454771,-1.014245,-0.537797,14,252.000,-195557.35,1,0
30_30_30_10,symbol|grade,ORCL|B,38,0.143855,-1.147292,0.315789,-1.250000,7,2.420659,-0.625804,0.913513,38,252.000,36251.38,0,0
30_30_30_10,symbol|grade,ORCL|C,21,-0.917264,-1.250000,0.047619,-1.250000,11,0.854224,-1.282621,-0.551906,17,311.294,-285538.74,0,0
30_30_30_10,symbol|grade,PLTR|B,49,0.198289,-0.984458,0.326531,-1.250000,8,2.262532,-0.435220,0.831798,48,257.250,51009.73,0,0
30_30_30_10,symbol|grade,PLTR|C,12,-0.687137,-1.050347,0.166667,-1.250000,7,0.993710,-1.249381,-0.124893,12,252.000,-173158.56,1,0
30_30_30_10,symbol|grade,QQQ|B,6,0.628252,0.336523,0.500000,-1.250000,3,1.666256,-0.705030,1.961534,6,252.000,158319.49,1,0
30_30_30_10,symbol|grade,QQQ|C,3,1.443331,-0.284532,0.333333,-0.757474,1,2.784690,-1.707842,4.594505,3,252.000,363719.49,1,0
30_30_30_10,symbol|grade,SOFI|B,4,-0.741081,-1.000019,0.250000,-1.250000,2,0.617248,-1.345984,-0.136178,4,252.000,-186752.36,1,0
30_30_30_10,symbol|grade,TSLA|A,3,0.907633,-1.250000,0.333333,-1.250000,2,3.051354,-2.545299,4.360565,2,378.000,343085.22,1,0
30_30_30_10,symbol|grade,TSLA|B,34,0.015055,-0.830743,0.323529,-1.250000,5,1.771315,-0.580350,0.610460,34,252.000,3793.94,0,0
30_30_30_10,symbol|grade,TSLA|C,34,-0.689456,-1.215138,0.147059,-1.250000,15,1.126534,-1.068126,-0.310786,34,252.000,-173742.92,0,0
30_30_30_10,symbol|grade,TSM|B,26,0.278019,-0.294341,0.423077,-1.250000,7,1.474690,-0.288833,0.844872,25,262.080,72863.29,0,0
30_30_30_10,symbol|grade,TSM|C,16,-1.098140,-1.250000,0.000000,-1.250000,16,0.248854,-1.220079,-0.976202,15,268.800,-295180.12,1,0
30_30_30_10,symbol|grade,UBER|B,26,0.606514,-0.700788,0.423077,-1.250000,4,2.283451,-0.271216,1.484244,26,252.000,152841.53,0,0
30_30_30_10,symbol|alert_only,AAPL|actioned,11,0.657763,0.859486,0.636364,-1.250000,2,1.449624,-0.198910,1.514436,11,252.000,165756.22,1,0
30_30_30_10,symbol|alert_only,AAPL|alert_only,8,-0.337676,-1.146140,0.250000,-1.250000,5,1.554271,-1.414731,0.739379,8,252.000,-85094.38,1,0
30_30_30_10,symbol|alert_only,AMD|actioned,38,0.780557,-1.208584,0.394737,-1.250000,7,3.101915,-0.205709,1.766823,35,273.600,213560.44,0,0
30_30_30_10,symbol|alert_only,AMD|alert_only,26,-0.150049,-1.204783,0.153846,-1.250000,9,2.355128,-1.055331,0.755233,24,273.000,-40963.31,0,0
30_30_30_10,symbol|alert_only,AMZN|actioned,14,-0.133863,-0.712962,0.285714,-1.250000,4,1.344153,-0.837973,0.570248,14,252.000,-33733.36,1,0
30_30_30_10,symbol|alert_only,AMZN|alert_only,6,-1.125851,-1.193843,0.000000,-1.250000,6,0.144157,-1.241201,-1.010501,6,252.000,-283714.48,1,0
30_30_30_10,symbol|alert_only,AVGO|actioned,25,0.101975,-1.147800,0.280000,-1.250000,7,2.014580,-0.687740,0.891691,25,252.000,25697.75,0,0
30_30_30_10,symbol|alert_only,AVGO|alert_only,21,-0.518344,-1.210113,0.190476,-1.250000,7,1.396045,-1.115442,0.078755,20,264.600,-137153.73,0,0
30_30_30_10,symbol|alert_only,BABA|actioned,9,-0.344889,-1.231333,0.333333,-1.250000,4,1.337154,-1.218496,0.528719,9,252.000,-86911.96,1,0
30_30_30_10,symbol|alert_only,COIN|actioned,54,-0.161826,-0.965851,0.296296,-1.250000,17,1.509862,-0.564540,0.240887,53,256.755,-41549.68,0,0
30_30_30_10,symbol|alert_only,COIN|alert_only,22,-0.391299,-1.237687,0.272727,-1.250000,8,1.537459,-1.033762,0.251164,20,277.200,-108467.96,0,0
30_30_30_10,symbol|alert_only,CRM|actioned,22,1.122330,0.094773,0.545455,-1.250000,5,2.564088,0.050866,2.193795,22,252.000,282827.21,0,0
30_30_30_10,symbol|alert_only,CRM|alert_only,15,-0.980212,-1.175000,0.066667,-1.250000,8,0.404963,-1.185151,-0.775272,15,252.000,-247013.40,1,0
30_30_30_10,symbol|alert_only,GOOGL|actioned,12,0.264134,-0.380029,0.500000,-1.248810,3,1.569168,-0.623707,1.151975,12,252.000,66561.76,1,0
30_30_30_10,symbol|alert_only,GOOGL|alert_only,8,-0.156888,-0.945037,0.125000,-1.250000,4,1.987768,-1.534341,1.220565,8,252.000,-39535.85,1,0
30_30_30_10,symbol|alert_only,HOOD|actioned,43,0.514696,-0.612307,0.372093,-1.250000,6,2.408190,-0.205106,1.234497,43,252.000,129703.28,0,0
30_30_30_10,symbol|alert_only,HOOD|alert_only,6,0.006996,-1.236556,0.333333,-1.250000,4,1.839645,-1.465027,1.479019,5,302.400,2115.45,1,0
30_30_30_10,symbol|alert_only,INTC|actioned,26,0.623710,-0.415765,0.423077,-1.250000,3,2.312220,-0.265079,1.512498,26,252.000,157174.82,0,0
30_30_30_10,symbol|alert_only,INTC|alert_only,2,-0.843750,-0.843750,0.000000,-1.250000,2,0.406250,-1.406784,-0.280716,2,252.000,-212625.00,1,0
30_30_30_10,symbol|alert_only,IREN|actioned,55,0.488957,-0.748429,0.309091,-1.250000,10,2.945812,-0.289581,1.267495,55,252.000,123217.09,0,0
30_30_30_10,symbol|alert_only,IREN|alert_only,11,-0.923338,-1.236805,0.090909,-1.250000,10,0.517014,-1.228874,-0.617802,11,252.000,-232681.22,1,0
30_30_30_10,symbol|alert_only,MARA|actioned,1,-0.659667,-0.659667,0.000000,-0.659667,1,0.000000,-0.659667,-0.659667,1,252.000,-166236.00,1,0
30_30_30_10,symbol|alert_only,META|actioned,24,0.721449,-0.386170,0.458333,-1.250000,2,2.076234,-0.109218,1.552115,23,262.957,189709.67,0,0
30_30_30_10,symbol|alert_only,META|alert_only,14,-0.110589,-0.965102,0.285714,-1.250000,4,1.651440,-0.975666,0.754489,13,271.385,-30012.08,1,0
30_30_30_10,symbol|alert_only,MSFT|actioned,21,-0.109690,-1.250000,0.333333,-1.250000,5,1.779156,-0.870647,0.651268,20,264.600,-29023.92,0,0
30_30_30_10,symbol|alert_only,MSFT|alert_only,9,-0.147312,-0.880372,0.222222,-1.250000,5,1.565025,-1.169795,0.875170,9,252.000,-37122.72,1,0
30_30_30_10,symbol|alert_only,MU|actioned,47,0.901814,-0.405038,0.382979,-1.250000,5,3.696190,-0.154909,1.958538,47,252.000,227257.23,0,0
30_30_30_10,symbol|alert_only,MU|alert_only,25,-0.900649,-1.229714,0.080000,-1.250000,13,0.631278,-1.148110,-0.653188,23,273.913,-246699.52,0,0
30_30_30_10,symbol|alert_only,NFLX|actioned,19,0.277325,-0.795000,0.368421,-1.250000,4,1.999498,-0.621759,1.176408,19,252.000,69885.79,1,0
30_30_30_10,symbol|alert_only,NVDA|actioned,25,0.367959,-0.470909,0.400000,-1.250000,5,1.809333,-0.341300,1.077218,25,252.000,92725.64,0,0
30_30_30_10,symbol|alert_only,NVDA|alert_only,14,-0.776021,-0.895306,0.071429,-1.250000,11,0.454771,-1.014245,-0.537797,14,252.000,-195557.35,1,0
30_30_30_10,symbol|alert_only,ORCL|actioned,38,0.143855,-1.147292,0.315789,-1.250000,7,2.420659,-0.625804,0.913513,38,252.000,36251.38,0,0
30_30_30_10,symbol|alert_only,ORCL|alert_only,21,-0.917264,-1.250000,0.047619,-1.250000,11,0.854224,-1.282621,-0.551906,17,311.294,-285538.74,0,0
30_30_30_10,symbol|alert_only,PLTR|actioned,49,0.198289,-0.984458,0.326531,-1.250000,8,2.262532,-0.435220,0.831798,48,257.250,51009.73,0,0
30_30_30_10,symbol|alert_only,PLTR|alert_only,12,-0.687137,-1.050347,0.166667,-1.250000,7,0.993710,-1.249381,-0.124893,12,252.000,-173158.56,1,0
30_30_30_10,symbol|alert_only,QQQ|actioned,6,0.628252,0.336523,0.500000,-1.250000,3,1.666256,-0.705030,1.961534,6,252.000,158319.49,1,0
30_30_30_10,symbol|alert_only,QQQ|alert_only,3,1.443331,-0.284532,0.333333,-0.757474,1,2.784690,-1.707842,4.594505,3,252.000,363719.49,1,0
30_30_30_10,symbol|alert_only,SOFI|actioned,4,-0.741081,-1.000019,0.250000,-1.250000,2,0.617248,-1.345984,-0.136178,4,252.000,-186752.36,1,0
30_30_30_10,symbol|alert_only,TSLA|actioned,37,0.087426,-0.892606,0.324324,-1.250000,5,1.922874,-0.532166,0.707019,36,259.000,22643.45,0,0
30_30_30_10,symbol|alert_only,TSLA|alert_only,34,-0.689456,-1.215138,0.147059,-1.250000,15,1.126534,-1.068126,-0.310786,34,252.000,-173742.92,0,0
30_30_30_10,symbol|alert_only,TSM|actioned,26,0.278019,-0.294341,0.423077,-1.250000,7,1.474690,-0.288833,0.844872,25,262.080,72863.29,0,0
30_30_30_10,symbol|alert_only,TSM|alert_only,16,-1.098140,-1.250000,0.000000,-1.250000,16,0.248854,-1.220079,-0.976202,15,268.800,-295180.12,1,0
30_30_30_10,symbol|alert_only,UBER|actioned,26,0.606514,-0.700788,0.423077,-1.250000,4,2.283451,-0.271216,1.484244,26,252.000,152841.53,0,0
30_30_30_10,symbol|trend_qqq,AAPL|aligned,9,0.513296,0.082353,0.555556,-1.115462,2,1.528637,-0.485414,1.512005,8,283.500,145519.37,1,0
30_30_30_10,symbol|trend_qqq,AAPL|flat,1,-1.176818,-1.176818,0.000000,-1.176818,1,0.000000,-1.176818,-1.176818,1,252.000,-296558.18,1,0
30_30_30_10,symbol|trend_qqq,AAPL|opposed,9,0.121237,-0.773729,0.444444,-1.250000,3,1.605336,-0.927582,1.170057,9,252.000,30551.85,1,0
30_30_30_10,symbol|trend_qqq,AMD|aligned,33,0.528007,-1.192169,0.363636,-1.250000,8,2.916114,-0.466948,1.522963,28,297.000,156818.16,0,0
30_30_30_10,symbol|trend_qqq,AMD|flat,9,2.230478,-0.543951,0.444444,-1.250000,3,3.824441,-0.268157,4.729112,8,283.500,632340.41,1,0
30_30_30_10,symbol|trend_qqq,AMD|opposed,22,-0.533574,-1.250000,0.136364,-1.250000,12,1.666275,-1.229866,0.162718,17,326.118,-174007.99,0,0
30_30_30_10,symbol|trend_qqq,AMZN|aligned,7,0.103505,-0.225000,0.428571,-1.250000,2,1.242466,-0.816927,1.023937,7,252.000,26083.31,1,0
30_30_30_10,symbol|trend_qqq,AMZN|flat,1,-1.250000,-1.250000,0.000000,-1.250000,1,0.000000,-1.250000,-1.250000,1,252.000,-315000.00,1,0
30_30_30_10,symbol|trend_qqq,AMZN|opposed,12,-0.675310,-1.084191,0.083333,-1.250000,11,1.131341,-1.315426,-0.035194,12,252.000,-170178.10,1,0
30_30_30_10,symbol|trend_qqq,AVGO|aligned,25,-0.418371,-1.175000,0.200000,-1.250000,9,1.427055,-0.977777,0.141034,24,262.500,-109822.40,0,0
30_30_30_10,symbol|trend_qqq,AVGO|flat,8,0.843137,-0.951172,0.375000,-1.250000,3,2.672379,-1.008728,2.695001,8,252.000,212470.43,1,0
30_30_30_10,symbol|trend_qqq,AVGO|opposed,13,-0.355512,-1.197479,0.230769,-1.250000,7,1.481746,-1.160998,0.449975,12,273.000,-97054.73,1,0
30_30_30_10,symbol|trend_qqq,BABA|aligned,6,-0.523592,-1.167230,0.333333,-1.250000,4,1.007802,-1.330002,0.282817,6,252.000,-131945.27,1,0
30_30_30_10,symbol|trend_qqq,BABA|opposed,3,0.012519,-1.231333,0.333333,-1.250000,2,1.772288,-1.993014,2.018051,3,252.000,3154.67,1,0
30_30_30_10,symbol|trend_qqq,COIN|aligned,34,-0.106921,-1.045837,0.352941,-1.250000,10,1.531310,-0.621651,0.407809,29,295.448,-31589.65,0,0
30_30_30_10,symbol|trend_qqq,COIN|flat,12,0.162670,-0.374069,0.333333,-1.250000,5,1.706066,-0.802628,1.127968,10,302.400,49191.41,1,0
30_30_30_10,symbol|trend_qqq,COIN|opposed,30,-0.522131,-1.250000,0.200000,-1.250000,9,1.370510,-1.012561,-0.031700,30,252.000,-131576.89,0,0
30_30_30_10,symbol|trend_qqq,CRM|aligned,20,0.386965,-0.874501,0.350000,-1.250000,5,2.361309,-0.647924,1.421855,17,296.471,114723.87,0,0
30_30_30_10,symbol|trend_qqq,CRM|flat,1,0.076230,0.076230,1.000000,0.076230,0,0.000000,0.076230,0.076230,1,252.000,19209.84,1,0
30_30_30_10,symbol|trend_qqq,CRM|opposed,16,0.135784,-1.153462,0.312500,-1.250000,4,2.156570,-0.920935,1.192503,15,268.800,36498.80,1,0
30_30_30_10,symbol|trend_qqq,GOOGL|aligned,9,0.499646,-0.857432,0.444444,-1.248810,2,2.102445,-0.873951,1.873244,9,252.000,125910.91,1,0
30_30_30_10,symbol|trend_qqq,GOOGL|flat,1,-0.135833,-0.135833,0.000000,-0.135833,1,0.000000,-0.135833,-0.135833,1,252.000,-34230.00,1,0
30_30_30_10,symbol|trend_qqq,GOOGL|opposed,10,-0.244648,-0.945037,0.300000,-1.250000,4,1.398037,-1.111161,0.621864,10,252.000,-61651.39,1,0
30_30_30_10,symbol|trend_qqq,HOOD|aligned,29,0.432927,-0.608139,0.413793,-1.250000,5,1.954978,-0.278613,1.144466,28,261.000,112993.85,0,0
30_30_30_10,symbol|trend_qqq,HOOD|flat,5,1.103467,-1.250000,0.400000,-1.250000,3,3.452782,-1.923030,4.129964,4,315.000,347592.07,1,0
30_30_30_10,symbol|trend_qqq,HOOD|opposed,15,0.273445,-1.250000,0.266667,-1.250000,4,2.555787,-1.019961,1.566851,15,252.000,68908.14,1,0
30_30_30_10,symbol|trend_qqq,INTC|aligned,19,1.182735,0.774071,0.526316,-1.250000,3,2.416643,0.096080,2.269390,19,252.000,298049.29,1,0
30_30_30_10,symbol|trend_qqq,INTC|flat,1,-1.250000,-1.250000,0.000000,-1.250000,1,0.000000,-1.250000,-1.250000,1,252.000,-315000.00,1,0
30_30_30_10,symbol|trend_qqq,INTC|opposed,7,-0.777574,-1.250000,0.142857,-1.250000,5,0.923877,-1.461992,-0.093157,7,252.000,-195948.76,1,0
30_30_30_10,symbol|trend_qqq,INTC|unknown,1,-1.250000,-1.250000,0.000000,-1.250000,1,0.000000,-1.250000,-1.250000,1,252.000,-315000.00,1,0
30_30_30_10,symbol|trend_qqq,IREN|aligned,40,0.376526,-0.775135,0.325000,-1.250000,9,2.475489,-0.390636,1.143688,38,265.263,99878.49,0,0
30_30_30_10,symbol|trend_qqq,IREN|flat,7,-0.818163,-1.250000,0.142857,-1.250000,5,1.041324,-1.589586,-0.046740,7,252.000,-206177.13,1,0
30_30_30_10,symbol|trend_qqq,IREN|opposed,19,0.389579,-0.826116,0.210526,-1.250000,8,3.530279,-1.197828,1.976986,18,266.000,103627.97,1,0
30_30_30_10,symbol|trend_qqq,MARA|aligned,1,-0.659667,-0.659667,0.000000,-0.659667,1,0.000000,-0.659667,-0.659667,1,252.000,-166236.00,1,0
30_30_30_10,symbol|trend_qqq,META|aligned,22,0.941249,0.478369,0.500000,-1.250000,3,2.201077,0.021478,1.861021,20,277.200,260914.29,0,0
30_30_30_10,symbol|trend_qqq,META|flat,4,-0.891188,-1.004875,0.000000,-1.250000,4,0.368448,-1.252266,-0.530109,4,252.000,-224579.27,1,0
30_30_30_10,symbol|trend_qqq,META|opposed,12,-0.114684,-0.771170,0.333333,-1.250000,3,1.424475,-0.920656,0.691289,11,274.909,-31527.56,1,0
30_30_30_10,symbol|trend_qqq,MSFT|aligned,10,-0.219528,-1.001356,0.300000,-1.250000,6,1.378652,-1.074026,0.634969,9,280.000,-61467.91,1,0
30_30_30_10,symbol|trend_qqq,MSFT|flat,2,2.084740,2.084740,0.500000,-1.250000,1,3.334740,-2.536974,6.706454,2,252.000,525354.55,1,0
30_30_30_10,symbol|trend_qqq,MSFT|opposed,17,-0.460590,-1.232353,0.235294,-1.250000,7,1.327960,-1.091862,0.170683,15,285.600,-131544.39,1,0
30_30_30_10,symbol|trend_qqq,MSFT|unknown,1,2.226527,2.226527,1.000000,2.226527,0,0.000000,2.226527,2.226527,1,252.000,561084.90,1,0
30_30_30_10,symbol|trend_qqq,MU|aligned,44,0.628768,-0.928898,0.272727,-1.250000,7,3.740804,-0.476569,1.734105,39,284.308,178763.65,0,0
30_30_30_10,symbol|trend_qqq,MU|flat,7,0.531486,0.225277,0.571429,-1.250000,3,1.731762,-0.751421,1.814393,6,294.000,156257.01,1,0
30_30_30_10,symbol|trend_qqq,MU|opposed,21,-0.548436,-1.250000,0.190476,-1.250000,7,1.514533,-1.196212,0.099340,20,264.600,-145116.19,0,0
30_30_30_10,symbol|trend_qqq,NFLX|aligned,13,0.173719,-0.795000,0.307692,-1.250000,5,1.908967,-0.864007,1.211446,13,252.000,43777.27,1,0
30_30_30_10,symbol|trend_qqq,NFLX|flat,3,-0.821151,-1.250000,0.333333,-1.250000,1,0.606483,-1.507452,-0.134851,3,252.000,-206930.17,1,0
30_30_30_10,symbol|trend_qqq,NFLX|opposed,3,1.824757,1.997567,0.666667,-1.133618,1,2.348135,-0.832408,4.481921,3,252.000,459838.69,1,0
30_30_30_10,symbol|trend_qqq,NVDA|aligned,24,0.267601,-0.310146,0.416667,-1.250000,5,1.495856,-0.330866,0.866068,21,288.000,77069.19,0,0
30_30_30_10,symbol|trend_qqq,NVDA|flat,3,-1.246696,-1.250000,0.000000,-1.250000,3,0.004673,-1.251984,-1.241407,3,252.000,-314167.29,1,0
30_30_30_10,symbol|trend_qqq,NVDA|opposed,12,-0.362306,-0.804431,0.083333,-1.250000,6,1.705254,-1.327144,0.602532,10,302.400,-109561.33,1,0
30_30_30_10,symbol|trend_qqq,ORCL|aligned,37,0.048071,-1.175000,0.270270,-1.250000,9,2.462030,-0.745250,0.841391,29,321.517,15455.60,0,0
30_30_30_10,symbol|trend_qqq,ORCL|flat,10,-0.506990,-1.067641,0.200000,-1.250000,5,1.203330,-1.252822,0.238841,10,252.000,-127761.56,1,0
30_30_30_10,symbol|trend_qqq,ORCL|opposed,12,-0.875398,-1.203249,0.083333,-1.250000,8,0.697178,-1.269863,-0.480933,11,274.909,-240654.83,1,0
30_30_30_10,symbol|trend_qqq,PLTR|aligned,30,-0.302459,-0.995858,0.300000,-1.250000,14,1.261124,-0.753746,0.148828,29,260.690,-78847.91,0,0
30_30_30_10,symbol|trend_qqq,PLTR|flat,6,1.297954,0.440400,0.500000,-1.250000,1,2.613149,-0.793001,3.388908,6,252.000,327084.30,1,0
30_30_30_10,symbol|trend_qqq,PLTR|opposed,24,0.049469,-1.124695,0.208333,-1.250000,6,2.631677,-1.003421,1.102359,22,274.909,13599.41,0,0
30_30_30_10,symbol|trend_qqq,PLTR|unknown,1,1.569290,1.569290,1.000000,1.569290,0,0.000000,1.569290,1.569290,1,252.000,395461.16,1,0
30_30_30_10,symbol|trend_qqq,QQQ|aligned,6,1.731919,1.230103,0.666667,-0.897881,2,2.172759,-0.006651,3.470488,6,252.000,436443.49,1,0
30_30_30_10,symbol|trend_qqq,QQQ|opposed,3,-0.764002,-0.757474,0.000000,-1.250000,3,0.394178,-1.210056,-0.317948,3,252.000,-192528.51,1,0
30_30_30_10,symbol|trend_qqq,SOFI|aligned,1,-1.250000,-1.250000,0.000000,-1.250000,1,0.000000,-1.250000,-1.250000,1,252.000,-315000.00,1,0
30_30_30_10,symbol|trend_qqq,SOFI|flat,1,-0.804348,-0.804348,0.000000,-0.804348,1,0.000000,-0.804348,-0.804348,1,252.000,-202695.65,1,0
30_30_30_10,symbol|trend_qqq,SOFI|opposed,2,-0.454988,-0.454988,0.500000,-1.195690,1,0.740702,-1.481548,0.571573,2,252.000,-114656.90,1,0
30_30_30_10,symbol|trend_qqq,TSLA|aligned,33,-0.281312,-0.995586,0.242424,-1.250000,9,1.515777,-0.798483,0.235859,28,297.000,-83549.69,0,0
30_30_30_10,symbol|trend_qqq,TSLA|flat,9,-0.832001,-1.250000,0.111111,-1.250000,8,1.166694,-1.594241,-0.069761,8,283.500,-235872.16,1,0
30_30_30_10,symbol|trend_qqq,TSLA|opposed,29,-0.118463,-1.046710,0.275862,-1.250000,5,1.848388,-0.791207,0.554282,25,292.320,-34629.06,0,0
30_30_30_10,symbol|trend_qqq,TSM|aligned,21,-0.271224,-0.959649,0.238095,-1.250000,8,1.351341,-0.849201,0.306754,20,264.600,-71765.74,0,0
30_30_30_10,symbol|trend_qqq,TSM|flat,5,-0.147076,-0.515972,0.400000,-1.250000,1,0.947926,-0.977970,0.683818,5,252.000,-37063.16,1,0
30_30_30_10,symbol|trend_qqq,TSM|opposed,16,-0.244417,-1.071798,0.250000,-1.250000,8,1.444547,-0.952245,0.463411,14,288.000,-70392.06,1,0
30_30_30_10,symbol|trend_qqq,UBER|aligned,14,1.414125,1.283608,0.642857,-1.250000,3,2.320540,0.198552,2.629698,14,252.000,356359.55,1,0
30_30_30_10,symbol|trend_qqq,UBER|flat,3,0.055512,-0.616000,0.333333,-1.250000,2,1.421726,-1.553322,1.664346,3,252.000,13988.97,1,0
30_30_30_10,symbol|trend_qqq,UBER|opposed,9,-0.466103,-1.177387,0.111111,-1.250000,7,1.935592,-1.730690,0.798484,9,252.000,-117457.87,1,0
30_30_30_10,symbol|side,AAPL|long,10,0.663284,0.240834,0.600000,-1.250000,1,1.680077,-0.378039,1.704606,10,252.000,167147.46,1,0
30_30_30_10,symbol|side,AAPL|short,9,-0.233206,-0.845492,0.333333,-1.250000,3,1.290884,-1.076584,0.610172,8,283.500,-66113.89,1,0
30_30_30_10,symbol|side,AMD|long,31,0.221341,-1.192169,0.290323,-1.250000,11,2.444702,-0.639259,1.081941,25,312.480,69164.60,0,0
30_30_30_10,symbol|side,AMD|short,33,0.572677,-1.235366,0.303030,-1.250000,7,3.190735,-0.515977,1.661331,25,332.640,190495.24,0,0
30_30_30_10,symbol|side,AMZN|long,6,-0.196932,-1.084191,0.333333,-1.250000,3,1.544429,-1.432732,1.038869,6,252.000,-49626.78,1,0
30_30_30_10,symbol|side,AMZN|short,14,-0.531971,-0.909877,0.142857,-1.250000,7,1.027100,-1.069999,0.006057,14,252.000,-134056.66,1,0
30_30_30_10,symbol|side,AVGO|long,28,-0.242268,-1.192557,0.250000,-1.250000,7,1.809751,-0.912609,0.428073,26,271.385,-65747.85,0,0
30_30_30_10,symbol|side,AVGO|short,18,-0.086240,-1.056827,0.222222,-1.250000,7,1.745002,-0.892390,0.719909,17,266.824,-23010.99,1,0
30_30_30_10,symbol|side,BABA|long,4,0.338578,0.042711,0.500000,-1.250000,1,1.635450,-1.264163,1.941319,4,252.000,85321.55,1,0
30_30_30_10,symbol|side,BABA|short,5,-0.891662,-1.250000,0.200000,-1.250000,4,0.637140,-1.450140,-0.333184,5,252.000,-224698.76,1,0
30_30_30_10,symbol|side,COIN|long,39,-0.594476,-1.163960,0.230769,-1.250000,16,0.976865,-0.901067,-0.287886,34,289.059,-171838.66,0,0
30_30_30_10,symbol|side,COIN|short,37,0.157767,-1.178000,0.351351,-1.250000,8,1.859734,-0.441480,0.757015,34,274.235,43265.36,0,0
30_30_30_10,symbol|side,CRM|long,21,0.543190,-0.727487,0.380952,-1.250000,5,2.295586,-0.438648,1.525028,19,278.526,151292.73,0,0
30_30_30_10,symbol|side,CRM|short,16,-0.088682,-1.219991,0.312500,-1.250000,5,2.124824,-1.129845,0.952482,14,288.000,-25540.30,1,0
30_30_30_10,symbol|side,GOOGL|long,10,0.368909,-0.584828,0.400000,-1.250000,4,2.076838,-0.918329,1.656146,10,252.000,92964.97,1,0
30_30_30_10,symbol|side,GOOGL|short,10,-0.177458,-0.856841,0.300000,-1.235000,5,1.318444,-0.994639,0.639722,10,252.000,-44719.54,1,0
30_30_30_10,symbol|side,HOOD|long,22,0.505744,-1.057885,0.318182,-1.250000,6,2.575204,-0.570365,1.581853,21,264.000,133516.36,0,0
30_30_30_10,symbol|side,HOOD|short,27,0.409167,-0.330204,0.407407,-1.250000,6,2.151884,-0.402528,1.220863,25,272.160,111358.98,0,0
30_30_30_10,symbol|side,INTC|long,12,0.090423,-1.243293,0.250000,-1.250000,5,2.079454,-1.086139,1.266985,12,252.000,22786.52,1,0
30_30_30_10,symbol|side,INTC|short,16,0.840242,0.275437,0.500000,-1.250000,2,2.339737,-0.306229,1.986713,16,252.000,211741.07,1,0
30_30_30_10,symbol|side,IREN|long,29,0.538335,-1.222778,0.310345,-1.250000,15,3.302557,-0.663673,1.740343,28,261.000,140505.51,0,0
30_30_30_10,symbol|side,IREN|short,37,0.030383,-0.826116,0.243243,-1.250000,8,2.193412,-0.676383,0.737149,35,266.400,8094.06,0,0
30_30_30_10,symbol|side,MARA|short,1,-0.659667,-0.659667,0.000000,-0.659667,1,0.000000,-0.659667,-0.659667,1,252.000,-166236.00,1,0
30_30_30_10,symbol|side,META|long,21,0.594125,-0.467341,0.428571,-1.250000,4,2.010615,-0.265830,1.454079,19,278.526,165479.36,0,0
30_30_30_10,symbol|side,META|short,17,0.193524,-1.075000,0.352941,-1.250000,4,1.899830,-0.709598,1.096646,16,267.750,51816.10,1,0
30_30_30_10,symbol|side,MSFT|long,15,-0.264329,-1.184701,0.333333,-1.250000,5,1.402569,-0.974127,0.445468,13,290.769,-76858.85,1,0
30_30_30_10,symbol|side,MSFT|short,15,0.022376,-1.122340,0.266667,-1.250000,7,1.973177,-0.976189,1.020942,14,270.000,6041.57,1,0
30_30_30_10,symbol|side,MU|long,34,0.056975,-1.250000,0.205882,-1.250000,7,2.935431,-0.929732,1.043683,32,267.750,15255.18,0,0
30_30_30_10,symbol|side,MU|short,38,0.471892,-0.403462,0.342105,-1.250000,7,3.280843,-0.571265,1.515049,33,290.182,136934.39,0,0
30_30_30_10,symbol|side,NFLX|long,9,0.217869,-1.246429,0.333333,-1.250000,2,2.402580,-1.351816,1.787554,9,252.000,54902.97,1,0
30_30_30_10,symbol|side,NFLX|short,10,0.330835,-0.101389,0.400000,-1.193750,5,1.547575,-0.628362,1.290031,10,252.000,83370.34,1,0
30_30_30_10,symbol|side,NVDA|long,20,-0.011427,-0.616868,0.300000,-1.250000,5,1.627852,-0.724864,0.702011,17,296.471,-3387.74,0,0
30_30_30_10,symbol|side,NVDA|short,19,-0.075620,-0.518340,0.263158,-1.250000,7,1.512128,-0.755556,0.604315,17,281.647,-21298.27,1,0
30_30_30_10,symbol|side,ORCL|long,29,-0.718663,-1.250000,0.137931,-1.250000,11,1.101331,-1.119507,-0.317820,22,332.182,-238726.87,0,0
30_30_30_10,symbol|side,ORCL|short,30,0.234839,-1.117391,0.300000,-1.250000,6,2.611744,-0.699761,1.169440,24,315.000,73974.36,0,0
30_30_30_10,symbol|side,PLTR|long,31,0.168314,-1.007258,0.290323,-1.250000,9,2.468043,-0.700502,1.037131,30,260.400,43829.07,0,0
30_30_30_10,symbol|side,PLTR|short,30,-0.124908,-1.060751,0.300000,-1.250000,7,1.634023,-0.709636,0.459819,27,280.000,-34974.35,0,0
30_30_30_10,symbol|side,QQQ|long,2,0.417905,0.417905,0.500000,-0.757474,1,1.175379,-1.211087,2.046897,2,252.000,105311.98,1,0
30_30_30_10,symbol|side,QQQ|short,7,1.037671,-0.193878,0.428571,-1.250000,3,2.326558,-0.685868,2.761209,7,252.000,261493.06,1,0
30_30_30_10,symbol|side,SOFI|long,2,-1.222845,-1.222845,0.000000,-1.250000,2,0.027155,-1.260480,-1.185210,2,252.000,-308156.90,1,0
30_30_30_10,symbol|side,SOFI|short,2,-0.259317,-0.259317,0.500000,-0.804348,1,0.545031,-1.014691,0.496058,2,252.000,-65347.83,1,0
30_30_30_10,symbol|side,TSLA|long,31,-0.184068,-1.021469,0.322581,-1.250000,6,1.591650,-0.744371,0.376235,28,279.000,-51354.97,0,0
30_30_30_10,symbol|side,TSLA|short,40,-0.362515,-1.141238,0.175000,-1.250000,8,1.670015,-0.880059,0.155028,33,305.455,-110732.00,0,0
30_30_30_10,symbol|side,TSM|long,21,-0.096907,-0.622588,0.333333,-1.250000,4,1.320849,-0.661844,0.468029,20,264.600,-25641.62,0,0
30_30_30_10,symbol|side,TSM|short,21,-0.395557,-0.988841,0.190476,-1.250000,10,1.357819,-0.976306,0.185192,19,278.526,-110173.00,0,0
30_30_30_10,symbol|side,UBER|long,9,1.365991,-1.169595,0.444444,-1.250000,3,3.060417,-0.633481,3.365463,9,252.000,344229.72,1,0
30_30_30_10,symbol|side,UBER|short,17,0.204438,-0.660465,0.411765,-1.250000,2,1.596559,-0.554518,0.963394,17,252.000,51518.37,1,0
30_30_30_10,pool|month,equity|2025-08,11,0.422650,-1.060704,0.454545,-1.250000,2,1.992836,-0.755041,1.600341,4,693.000,292896.66,1,0
30_30_30_10,pool|month,equity|2025-09,28,-0.304703,-0.919564,0.250000,-1.250000,5,1.261126,-0.771831,0.162424,15,470.400,-143332.41,0,0
30_30_30_10,pool|month,equity|2025-10,31,0.458669,-1.154545,0.322581,-1.250000,5,3.052798,-0.615996,1.533334,21,372.000,170624.88,0,0
30_30_30_10,pool|month,equity|2025-11,50,-0.034501,-1.182500,0.280000,-1.250000,11,2.186395,-0.640538,0.571537,15,840.000,-28980.51,0,0
30_30_30_10,pool|month,equity|2025-12,38,0.400168,-0.586460,0.421053,-1.250000,10,1.882980,-0.198533,0.998869,17,563.294,225412.07,0,0
30_30_30_10,pool|month,equity|2026-01,38,-0.159230,-1.190536,0.236842,-1.250000,7,2.094451,-0.825169,0.506709,18,532.000,-84710.32,0,0
30_30_30_10,pool|month,equity|2026-02,42,0.178697,-1.120657,0.214286,-1.250000,8,3.298593,-0.818911,1.176306,18,588.000,105074.07,0,0
30_30_30_10,pool|month,equity|2026-03,51,-0.595311,-1.193750,0.137255,-1.250000,16,1.348994,-0.965550,-0.225073,19,676.421,-402681.22,0,0
30_30_30_10,pool|month,equity|2026-04,41,0.333855,-0.830173,0.365854,-1.250000,8,2.216956,-0.344757,1.012466,20,516.600,172469.41,0,0
30_30_30_10,pool|month,equity|2026-05,60,-0.012467,-1.134043,0.266667,-1.250000,9,1.987412,-0.515351,0.490418,18,840.000,-10472.04,0,0
30_30_30_10,pool|month,equity|2026-06,59,0.195096,-0.773729,0.372881,-1.250000,7,1.866351,-0.281142,0.671333,19,782.526,152667.42,0,0
30_30_30_10,pool|month,equity|2026-07,66,-0.207066,-0.986238,0.242424,-1.250000,11,1.744720,-0.627996,0.213864,20,831.600,-172196.03,0,0
30_30_30_10,pool|month,equity|2026-08,25,1.419618,0.751799,0.560000,-1.250000,6,3.280440,0.133685,2.705550,8,787.500,1117949.09,0,0
30_30_30_10,pool|month,index|2025-08,1,-0.284532,-0.284532,0.000000,-0.284532,1,0.000000,-0.284532,-0.284532,1,252.000,-71702.02,1,0
30_30_30_10,pool|month,index|2025-10,1,1.593284,1.593284,1.000000,1.593284,0,0.000000,1.593284,1.593284,1,252.000,401507.46,1,0
30_30_30_10,pool|month,index|2025-11,1,3.651064,3.651064,1.000000,3.651064,0,0.000000,3.651064,3.651064,1,252.000,920068.09,1,0
30_30_30_10,pool|month,index|2025-12,1,5.372000,5.372000,1.000000,5.372000,0,0.000000,5.372000,5.372000,1,252.000,1353744.00,1,0
30_30_30_10,pool|month,index|2026-01,1,0.866923,0.866923,1.000000,0.866923,0,0.000000,0.866923,0.866923,1,252.000,218464.62,1,0
30_30_30_10,pool|month,index|2026-02,1,-0.757474,-0.757474,0.000000,-0.757474,1,0.000000,-0.757474,-0.757474,1,252.000,-190883.51,1,0
30_30_30_10,pool|month,index|2026-06,3,-0.780586,-0.897881,0.000000,-1.250000,3,0.439065,-1.277435,-0.283737,3,252.000,-196707.75,1,0
30_30_30_10,pool|month,other|2025-08,10,-0.363696,-0.825705,0.400000,-1.250000,4,1.023845,-0.998282,0.270890,4,630.000,-229128.66,1,0
30_30_30_10,pool|month,other|2025-09,22,0.021898,-0.272360,0.409091,-1.250000,6,1.607093,-0.649663,0.693460,12,462.000,10117.08,0,0
30_30_30_10,pool|month,other|2025-10,32,-0.695900,-1.194200,0.125000,-1.250000,7,0.993194,-1.040024,-0.351776,18,448.000,-311763.22,0,0
30_30_30_10,pool|month,other|2025-11,27,-0.137697,-1.250000,0.259259,-1.250000,5,1.962650,-0.878013,0.602618,13,523.385,-72068.75,0,0
30_30_30_10,pool|month,other|2025-12,27,0.335707,-0.908333,0.333333,-1.250000,7,2.167140,-0.481743,1.153157,16,425.250,142759.58,0,0
30_30_30_10,pool|month,other|2026-01,24,-0.266746,-1.173476,0.208333,-1.250000,6,1.487924,-0.862039,0.328548,15,403.200,-107551.81,0,0
30_30_30_10,pool|month,other|2026-02,42,0.160781,-0.654947,0.357143,-1.250000,4,2.047378,-0.458417,0.779979,15,705.600,113446.99,0,0
30_30_30_10,pool|month,other|2026-03,38,0.302780,-0.682214,0.342105,-1.250000,6,2.329820,-0.437995,1.043556,16,598.500,181214.01,0,0
30_30_30_10,pool|month,other|2026-04,28,0.355843,-1.017423,0.321429,-1.250000,6,2.313871,-0.501227,1.212912,16,441.000,156926.61,0,0
30_30_30_10,pool|month,other|2026-05,32,0.061442,-1.186212,0.250000,-1.250000,8,2.958062,-0.963474,1.086358,17,474.353,29145.12,0,0
30_30_30_10,pool|month,other|2026-06,31,-0.061980,-1.118580,0.225806,-1.250000,10,2.118699,-0.807818,0.683857,19,411.158,-25483.73,0,0
30_30_30_10,pool|month,other|2026-07,34,0.204713,-0.849572,0.382353,-1.250000,5,1.739968,-0.380155,0.789581,17,504.000,103175.36,0,0
30_30_30_10,pool|month,other|2026-08,9,1.463007,1.023665,0.555556,-1.250000,1,2.543785,-0.198933,3.124946,6,378.000,553016.58,1,0
30_30_30_10,pool|quarter,equity|2025-Q3,39,-0.099552,-0.953846,0.307692,-1.250000,5,1.539195,-0.582630,0.383526,19,517.263,-51494.71,0,0
30_30_30_10,pool|quarter,equity|2025-Q4,119,0.232774,-0.953517,0.336134,-1.250000,11,2.370822,-0.193199,0.658746,53,565.811,131706.04,0,0
30_30_30_10,pool|quarter,equity|2026-Q1,131,-0.220659,-1.159566,0.190840,-1.250000,16,2.361419,-0.625043,0.183724,55,600.218,-132443.56,0,0
30_30_30_10,pool|quarter,equity|2026-Q2,160,0.152817,-0.871926,0.331250,-1.250000,9,2.011064,-0.158801,0.464434,57,707.368,108097.76,0,0
30_30_30_10,pool|quarter,equity|2026-Q3,91,0.239825,-0.884047,0.329670,-1.250000,11,2.385667,-0.250343,0.729994,28,819.000,196416.86,0,0
30_30_30_10,pool|quarter,index|2025-Q3,1,-0.284532,-0.284532,0.000000,-0.284532,1,0.000000,-0.284532,-0.284532,1,252.000,-71702.02,1,0
30_30_30_10,pool|quarter,index|2025-Q4,3,3.538782,3.651064,1.000000,1.593284,0,1.544696,1.790794,5.286771,3,252.000,891773.18,1,0
30_30_30_10,pool|quarter,index|2026-Q1,2,0.054724,0.054724,0.500000,-0.757474,1,0.812199,-1.070925,1.180374,2,252.000,13790.56,1,0
30_30_30_10,pool|quarter,index|2026-Q2,3,-0.780586,-0.897881,0.000000,-1.250000,3,0.439065,-1.277435,-0.283737,3,252.000,-196707.75,1,0
30_30_30_10,pool|quarter,other|2025-Q3,32,-0.098600,-0.547236,0.406250,-1.250000,6,1.461220,-0.604887,0.407687,16,504.000,-49694.36,0,0
30_30_30_10,pool|quarter,other|2025-Q4,86,-0.196774,-1.170674,0.232558,-1.250000,7,1.798245,-0.576837,0.183289,47,461.106,-90733.58,0,0
30_30_30_10,pool|quarter,other|2026-Q1,104,0.114005,-0.804032,0.317308,-1.250000,8,2.057770,-0.281485,0.509496,46,569.739,64953.30,0,0
30_30_30_10,pool|quarter,other|2026-Q2,91,0.109982,-1.168539,0.263736,-1.250000,10,2.506598,-0.405034,0.624997,52,441.000,48501.96,0,0
30_30_30_10,pool|quarter,other|2026-Q3,43,0.468077,-0.824077,0.418605,-1.250000,5,2.002553,-0.130481,1.066634,23,471.130,220525.24,0,0
30_30_30_10,pool|setup,equity|break_and_retest,460,0.113880,-0.990022,0.306522,-1.250000,13,2.279423,-0.094426,0.322186,197,588.426,67010.19,0,0
30_30_30_10,pool|setup,equity|one_candle_rule,78,-0.194511,-1.122481,0.230769,-1.250000,15,1.794420,-0.592740,0.203718,66,297.818,-57928.91,0,0
30_30_30_10,pool|setup,equity|reentry_84_rule,2,1.986449,1.986449,0.500000,-1.250000,1,3.236449,-2.499041,6.471939,2,252.000,500585.22,1,0
30_30_30_10,pool|setup,index|break_and_retest,4,0.856557,0.336523,0.500000,-0.897881,2,1.731390,-0.840205,2.553319,4,252.000,215852.36,1,0
30_30_30_10,pool|setup,index|one_candle_rule,5,0.934656,-0.284532,0.400000,-1.250000,2,2.418523,-1.185273,3.054584,5,252.000,235533.19,1,0
30_30_30_10,pool|setup,other|break_and_retest,337,0.057578,-1.014198,0.299703,-1.250000,10,2.097977,-0.166419,0.281575,180,471.800,27165.36,0,0
30_30_30_10,pool|setup,other|one_candle_rule,19,0.132139,-0.988841,0.368421,-1.250000,5,1.802840,-0.678517,0.942795,18,266.000,35148.93,1,0
30_30_30_10,pool|grade,equity|A,6,-0.171184,-1.250000,0.166667,-1.250000,3,2.412307,-2.101431,1.759064,4,378.000,-64707.39,1,0
30_30_30_10,pool|grade,equity|A+,3,-1.250000,-1.250000,0.000000,-1.250000,3,0.000000,-1.250000,-1.250000,2,378.000,-472500.00,1,0
30_30_30_10,pool|grade,equity|B,352,0.424624,-0.717375,0.383523,-1.250000,13,2.475686,0.165993,0.683255,183,484.721,205824.43,0,0
30_30_30_10,pool|grade,equity|C,179,-0.578238,-1.137687,0.134078,-1.250000,28,1.415112,-0.785548,-0.370928,121,372.793,-215563.41,0,0
30_30_30_10,pool|grade,index|B,6,0.628252,0.336523,0.500000,-1.250000,3,1.666256,-0.705030,1.961534,6,252.000,158319.49,1,0
30_30_30_10,pool|grade,index|C,3,1.443331,-0.284532,0.333333,-0.757474,1,2.784690,-1.707842,4.594505,3,252.000,363719.49,1,0
30_30_30_10,pool|grade,other|A,1,6.645230,6.645230,1.000000,6.645230,0,0.000000,6.645230,6.645230,1,252.000,1674598.07,1,0
30_30_30_10,pool|grade,other|B,264,0.292239,-0.680501,0.352273,-1.250000,8,2.225951,0.023724,0.560755,161,413.217,120758.39,0,0
30_30_30_10,pool|grade,other|C,91,-0.680021,-1.217000,0.153846,-1.250000,17,1.193585,-0.925260,-0.434783,78,294.000,-199926.32,0,0
30_30_30_10,pool|alert_only,equity|actioned,361,0.400805,-0.773729,0.376731,-1.250000,13,2.470137,0.145991,0.655619,184,494.413,198163.27,0,0
30_30_30_10,pool|alert_only,equity|alert_only,179,-0.578238,-1.137687,0.134078,-1.250000,28,1.415112,-0.785548,-0.370928,121,372.793,-215563.41,0,0
30_30_30_10,pool|alert_only,index|actioned,6,0.628252,0.336523,0.500000,-1.250000,3,1.666256,-0.705030,1.961534,6,252.000,158319.49,1,0
30_30_30_10,pool|alert_only,index|alert_only,3,1.443331,-0.284532,0.333333,-0.757474,1,2.784690,-1.707842,4.594505,3,252.000,363719.49,1,0
30_30_30_10,pool|alert_only,other|actioned,265,0.316213,-0.675658,0.354717,-1.250000,8,2.255635,0.044630,0.587796,162,412.222,130349.99,0,0
30_30_30_10,pool|alert_only,other|alert_only,91,-0.680021,-1.217000,0.153846,-1.250000,17,1.193585,-0.925260,-0.434783,78,294.000,-199926.32,0,0
30_30_30_10,pool|trend_qqq,equity|aligned,290,0.303509,-0.846275,0.348276,-1.250000,9,2.429759,0.023855,0.583162,152,480.789,145923.87,0,0
30_30_30_10,pool|trend_qqq,equity|flat,57,0.168650,-1.159566,0.280702,-1.250000,13,2.411022,-0.457271,0.794572,31,463.355,78144.83,0,0
30_30_30_10,pool|trend_qqq,equity|opposed,190,-0.310476,-1.175000,0.215789,-1.250000,11,1.747043,-0.558894,-0.062058,113,423.717,-131553.93,0,0
30_30_30_10,pool|trend_qqq,equity|unknown,3,0.848606,1.569290,0.666667,-1.250000,1,1.508001,-0.857858,2.555070,1,756.000,641546.06,1,0
30_30_30_10,pool|trend_qqq,index|aligned,6,1.731919,1.230103,0.666667,-0.897881,2,2.172759,-0.006651,3.470488,6,252.000,436443.49,1,0
30_30_30_10,pool|trend_qqq,index|opposed,3,-0.764002,-0.757474,0.000000,-1.250000,3,0.394178,-1.210056,-0.317948,3,252.000,-192528.51,1,0
30_30_30_10,pool|trend_qqq,other|aligned,191,0.158699,-0.900297,0.340314,-1.250000,16,2.001548,-0.125162,0.442560,119,404.471,64188.99,0,0
30_30_30_10,pool|trend_qqq,other|flat,42,0.171199,-0.744846,0.333333,-1.250000,5,2.105177,-0.465479,0.807877,31,341.419,58450.68,0,0
30_30_30_10,pool|trend_qqq,other|opposed,123,-0.126727,-1.197479,0.235772,-1.250000,11,2.184904,-0.512859,0.259405,92,336.913,-42695.82,0,0
30_30_30_10,pool|side,equity|long,259,0.030651,-1.049118,0.297297,-1.250000,18,2.126289,-0.228307,0.289608,147,444.000,13608.86,0,0
30_30_30_10,pool|side,equity|short,281,0.118318,-0.933333,0.295374,-1.250000,26,2.313371,-0.152170,0.388807,141,502.213,59421.04,0,0
30_30_30_10,pool|side,index|long,2,0.417905,0.417905,0.500000,-0.757474,1,1.175379,-1.211087,2.046897,2,252.000,105311.98,1,0
30_30_30_10,pool|side,index|short,7,1.037671,-0.193878,0.428571,-1.250000,3,2.326558,-0.685868,2.761209,7,252.000,261493.06,1,0
30_30_30_10,pool|side,other|long,175,0.099111,-1.090250,0.302857,-1.250000,11,2.252351,-0.234602,0.432824,115,383.478,38007.03,0,0
30_30_30_10,pool|side,other|short,181,0.025249,-0.908333,0.303867,-1.250000,14,1.905049,-0.252290,0.302787,114,400.105,10102.08,0,0
30_30_30_10,month|quarter,2025-08|2025-Q3,22,0.033075,-0.825705,0.409091,-1.250000,5,1.616851,-0.642564,0.708714,4,1386.000,45842.50,0,0
30_30_30_10,month|quarter,2025-09|2025-Q3,50,-0.160999,-0.664906,0.320000,-1.250000,8,1.432947,-0.558191,0.236194,17,741.176,-119328.31,0,0
30_30_30_10,month|quarter,2025-10|2025-Q4,64,-0.100887,-1.168973,0.234375,-1.250000,8,2.319680,-0.669209,0.467434,22,733.091,-73959.46,0,0
30_30_30_10,month|quarter,2025-11|2025-Q4,78,-0.022972,-1.183694,0.282051,-1.250000,7,2.139017,-0.497676,0.451732,18,1092.000,-25085.18,0,0
30_30_30_10,month|quarter,2025-12|2025-Q4,66,0.449128,-0.711973,0.393939,-1.250000,7,2.082437,-0.053279,0.951536,20,831.600,373495.13,0,0
30_30_30_10,month|quarter,2026-01|2026-Q1,63,-0.183900,-1.175000,0.238095,-1.250000,9,1.873464,-0.646527,0.278727,19,835.579,-153663.07,0,0
30_30_30_10,month|quarter,2026-02|2026-Q1,85,0.158831,-1.006496,0.282353,-1.250000,9,2.730870,-0.421730,0.739391,19,1127.368,179060.76,0,0
30_30_30_10,month|quarter,2026-03|2026-Q1,89,-0.211857,-1.034902,0.224719,-1.250000,16,1.886197,-0.603732,0.180019,21,1068.000,-226262.81,0,0
30_30_30_10,month|quarter,2026-04|2026-Q2,69,0.342777,-0.892606,0.347826,-1.250000,6,2.256811,-0.189731,0.875286,20,869.400,298010.70,0,0
30_30_30_10,month|quarter,2026-05|2026-Q2,92,0.013241,-1.175000,0.260870,-1.250000,8,2.370807,-0.471220,0.497701,19,1220.211,16156.33,0,0
30_30_30_10,month|quarter,2026-06|2026-Q2,93,0.077930,-0.897881,0.311828,-1.250000,9,1.936837,-0.315718,0.471578,21,1116.000,86969.85,0,0
30_30_30_10,month|quarter,2026-07|2026-Q3,100,-0.067061,-0.949294,0.290000,-1.250000,13,1.753986,-0.410842,0.276720,21,1200.000,-80473.31,0,0
30_30_30_10,month|quarter,2026-08|2026-Q3,34,1.431103,0.754348,0.558824,-1.250000,4,3.102571,0.388214,2.473993,8,1071.000,1532711.53,0,0
30_30_30_10,month|setup,2025-08|break_and_retest,15,-0.418132,-1.155867,0.333333,-1.250000,5,1.174705,-1.012614,0.176351,4,945.000,-395134.34,1,0
30_30_30_10,month|setup,2025-08|one_candle_rule,7,0.999947,0.174634,0.571429,-1.250000,1,1.971797,-0.460780,2.460675,3,588.000,587969.12,1,0
30_30_30_10,month|setup,2025-09|break_and_retest,46,-0.167663,-0.590989,0.326087,-1.250000,7,1.399282,-0.572036,0.236710,15,772.800,-129570.12,0,0
30_30_30_10,month|setup,2025-09|one_candle_rule,4,-0.084355,-1.041672,0.250000,-1.235653,2,1.772976,-1.821871,1.653162,4,252.000,-21257.38,1,0
30_30_30_10,month|setup,2025-10|break_and_retest,54,0.056178,-1.015351,0.259259,-1.250000,8,2.467045,-0.601837,0.714194,21,648.000,36403.55,0,0
30_30_30_10,month|setup,2025-10|one_candle_rule,10,-0.949041,-1.250000,0.100000,-1.250000,9,0.848051,-1.474668,-0.423413,8,315.000,-298947.85,1,0
30_30_30_10,month|setup,2025-11|break_and_retest,71,0.065145,-1.175000,0.295775,-1.250000,7,2.216401,-0.450410,0.580701,17,1052.471,68563.49,0,0
30_30_30_10,month|setup,2025-11|one_candle_rule,7,-0.916730,-1.250000,0.142857,-1.250000,5,0.528468,-1.308225,-0.525236,5,352.800,-323422.51,1,0
30_30_30_10,month|setup,2025-12|break_and_retest,55,0.410390,-0.612546,0.400000,-1.250000,7,1.998023,-0.117660,0.938440,19,729.474,299368.82,0,0
30_30_30_10,month|setup,2025-12|one_candle_rule,11,0.642819,-0.795099,0.363636,-1.250000,5,2.452298,-0.806396,2.092035,8,346.500,222736.86,1,0
30_30_30_10,month|setup,2026-01|break_and_retest,57,-0.128824,-1.171951,0.245614,-1.250000,8,1.925904,-0.628805,0.371156,18,798.000,-102801.80,0,0
30_30_30_10,month|setup,2026-01|one_candle_rule,6,-0.707120,-1.250000,0.166667,-1.250000,3,1.146532,-1.624537,0.210297,6,252.000,-178194.30,1,0
30_30_30_10,month|setup,2026-02|break_and_retest,78,0.128094,-1.120657,0.269231,-1.250000,8,2.783563,-0.489652,0.745839,18,1092.000,139878.15,0,0
30_30_30_10,month|setup,2026-02|one_candle_rule,7,0.501331,-0.757474,0.428571,-1.250000,2,2.022865,-0.997229,1.999891,6,294.000,147391.30,1,0
30_30_30_10,month|setup,2026-03|break_and_retest,76,-0.180230,-1.040183,0.236842,-1.250000,14,1.971733,-0.623530,0.263069,20,957.600,-172588.65,0,0
30_30_30_10,month|setup,2026-03|one_candle_rule,13,-0.396748,-0.977451,0.153846,-1.250000,6,1.260359,-1.081887,0.288391,10,327.600,-129974.61,1,0
30_30_30_10,month|setup,2026-04|break_and_retest,62,0.354290,-0.821336,0.354839,-1.250000,7,2.227386,-0.200151,0.908732,20,781.200,276771.65,0,0
30_30_30_10,month|setup,2026-04|one_candle_rule,7,0.240806,-1.183206,0.285714,-1.250000,4,2.500064,-1.611268,2.092879,5,352.800,84956.20,1,0
30_30_30_10,month|setup,2026-05|break_and_retest,81,-0.009870,-1.175000,0.259259,-1.250000,10,2.387163,-0.529742,0.510001,18,1134.000,-11193.07,0,0
30_30_30_10,month|setup,2026-05|one_candle_rule,9,-0.217251,-1.175000,0.222222,-1.250000,3,1.708366,-1.333383,0.898882,7,324.000,-70389.27,1,0
30_30_30_10,month|setup,2026-05|reentry_84_rule,2,1.986449,1.986449,0.500000,-1.250000,1,3.236449,-2.499041,6.471939,2,252.000,500585.22,1,0
30_30_30_10,month|setup,2026-06|break_and_retest,81,0.053650,-0.897881,0.308642,-1.250000,10,1.913116,-0.362984,0.470284,21,972.000,52147.81,0,0
30_30_30_10,month|setup,2026-06|one_candle_rule,12,0.241820,-1.000941,0.333333,-1.250000,3,2.082535,-0.936485,1.420125,8,378.000,91407.85,1,0
30_30_30_10,month|setup,2026-07|break_and_retest,94,-0.029921,-0.949294,0.297872,-1.250000,12,1.795659,-0.392929,0.333087,21,1128.000,-33750.67,0,0
30_30_30_10,month|setup,2026-07|one_candle_rule,6,-0.648926,-0.861841,0.166667,-1.212558,5,0.631513,-1.154241,-0.143610,5,302.400,-196235.09,1,0
30_30_30_10,month|setup,2026-08|break_and_retest,31,1.526409,0.756897,0.580645,-1.250000,4,3.156834,0.415120,2.637698,8,976.500,1490538.76,0,0
30_30_30_10,month|setup,2026-08|one_candle_rule,3,0.446273,-1.033824,0.333333,-1.250000,2,2.247765,-2.097313,2.989858,2,378.000,168691.07,1,0
30_30_30_10,month|grade,2025-08|B,13,0.079771,-0.685345,0.461538,-1.250000,4,1.615992,-0.798692,0.958234,4,819.000,65332.36,1,0
30_30_30_10,month|grade,2025-08|C,9,-0.034374,-0.966066,0.333333,-1.250000,2,1.615710,-1.089971,1.021224,4,567.000,-19489.86,1,0
30_30_30_10,month|grade,2025-09|B,30,0.111289,-0.440018,0.400000,-1.250000,4,1.600599,-0.461478,0.684056,15,504.000,56089.76,0,0
30_30_30_10,month|grade,2025-09|C,20,-0.569430,-1.041672,0.200000,-1.250000,8,1.006201,-1.010417,-0.128443,12,420.000,-239160.64,0,0
30_30_30_10,month|grade,2025-10|B,47,0.086250,-0.943750,0.297872,-1.250000,6,2.341223,-0.583095,0.755595,21,564.000,48645.08,0,0
30_30_30_10,month|grade,2025-10|C,17,-0.618267,-1.250000,0.058824,-1.250000,16,2.176879,-1.653089,0.416556,14,306.000,-189189.62,1,0
30_30_30_10,month|grade,2025-11|A+,2,-1.250000,-1.250000,0.000000,-1.250000,2,0.000000,-1.250000,-1.250000,1,504.000,-630000.00,1,0
30_30_30_10,month|grade,2025-11|B,52,0.473173,-0.885684,0.403846,-1.250000,5,2.459652,-0.195368,1.141715,16,819.000,387529.07,0,0
30_30_30_10,month|grade,2025-11|C,24,-0.995701,-1.250000,0.041667,-1.250000,17,0.396130,-1.154186,-0.837216,12,504.000,-501833.20,0,0
30_30_30_10,month|grade,2025-12|B,42,0.474474,-0.427448,0.428571,-1.250000,6,1.952023,-0.115886,1.064833,19,557.053,264306.82,0,0
30_30_30_10,month|grade,2025-12|C,24,0.404774,-0.935665,0.333333,-1.250000,5,2.292207,-0.512300,1.321848,13,465.231,188313.30,0,0
30_30_30_10,month|grade,2026-01|A,1,-1.250000,-1.250000,0.000000,-1.250000,1,0.000000,-1.250000,-1.250000,1,252.000,-315000.00,1,0
30_30_30_10,month|grade,2026-01|B,49,-0.033652,-1.183571,0.265306,-1.250000,8,2.026841,-0.601167,0.533864,18,686.000,-23085.00,0,0
30_30_30_10,month|grade,2026-01|C,13,-0.668214,-1.159566,0.153846,-1.250000,7,1.057341,-1.242991,-0.093436,9,364.000,-243229.80,1,0
30_30_30_10,month|grade,2026-02|B,59,0.550052,-0.650000,0.355932,-1.250000,6,3.112479,-0.244160,1.344264,19,782.526,430429.89,0,0
30_30_30_10,month|grade,2026-02|C,26,-0.728940,-1.132112,0.115385,-1.250000,15,1.123430,-1.160773,-0.297107,16,409.500,-298500.84,0,0
30_30_30_10,month|grade,2026-03|B,65,0.102542,-0.781452,0.307692,-1.250000,13,2.115348,-0.411716,0.616800,19,862.105,88401.83,0,0
30_30_30_10,month|grade,2026-03|C,24,-1.063352,-1.225828,0.000000,-1.250000,24,0.285567,-1.177603,-0.949102,16,378.000,-401947.11,0,0
30_30_30_10,month|grade,2026-04|A,1,6.645230,6.645230,1.000000,6.645230,0,0.000000,6.645230,6.645230,1,252.000,1674598.07,1,0
30_30_30_10,month|grade,2026-04|B,50,0.445863,-0.726381,0.380000,-1.250000,6,2.228453,-0.171833,1.063559,19,663.158,295677.53,0,0
30_30_30_10,month|grade,2026-04|C,18,-0.293707,-1.098260,0.222222,-1.250000,5,1.757307,-1.105542,0.518127,11,412.364,-121114.29,1,0
30_30_30_10,month|grade,2026-05|A,4,0.368225,-1.250000,0.250000,-1.250000,2,2.802847,-2.378566,3.115015,2,504.000,185585.22,1,0
30_30_30_10,month|grade,2026-05|B,57,0.406336,-0.857432,0.333333,-1.250000,7,2.766326,-0.311825,1.124497,18,798.000,324256.14,0,0
30_30_30_10,month|grade,2026-05|C,31,-0.755352,-1.197479,0.129032,-1.250000,11,0.839786,-1.050979,-0.459725,16,488.250,-368800.67,0,0
30_30_30_10,month|grade,2026-06|A,1,-1.250000,-1.250000,0.000000,-1.250000,1,0.000000,-1.250000,-1.250000,1,252.000,-315000.00,1,0
30_30_30_10,month|grade,2026-06|B,70,0.267801,-0.680579,0.371429,-1.250000,8,2.000489,-0.200843,0.736446,21,840.000,224953.15,0,0
30_30_30_10,month|grade,2026-06|C,22,-0.465846,-1.102840,0.136364,-1.250000,8,1.622923,-1.144022,0.212330,12,462.000,-215220.77,0,0
30_30_30_10,month|grade,2026-07|B,65,0.373804,-0.515972,0.400000,-1.250000,8,1.980248,-0.107610,0.855218,19,862.105,322258.57,0,0
30_30_30_10,month|grade,2026-07|C,35,-0.885811,-1.210113,0.085714,-1.250000,9,0.689949,-1.114391,-0.657230,16,551.250,-488303.27,0,0
30_30_30_10,month|grade,2026-08|A+,1,-1.250000,-1.250000,0.000000,-1.250000,1,0.000000,-1.250000,-1.250000,1,252.000,-315000.00,1,0
30_30_30_10,month|grade,2026-08|B,23,2.237351,1.023665,0.695652,-1.250000,2,3.330785,0.876098,3.598604,8,724.500,1620960.79,0,0
30_30_30_10,month|grade,2026-08|C,10,-0.155156,-1.134412,0.300000,-1.250000,4,1.575310,-1.131543,0.821231,6,420.000,-65165.68,1,0
30_30_30_10,month|alert_only,2025-08|actioned,13,0.079771,-0.685345,0.461538,-1.250000,4,1.615992,-0.798692,0.958234,4,819.000,65332.36,1,0
30_30_30_10,month|alert_only,2025-08|alert_only,9,-0.034374,-0.966066,0.333333,-1.250000,2,1.615710,-1.089971,1.021224,4,567.000,-19489.86,1,0
30_30_30_10,month|alert_only,2025-09|actioned,30,0.111289,-0.440018,0.400000,-1.250000,4,1.600599,-0.461478,0.684056,15,504.000,56089.76,0,0
30_30_30_10,month|alert_only,2025-09|alert_only,20,-0.569430,-1.041672,0.200000,-1.250000,8,1.006201,-1.010417,-0.128443,12,420.000,-239160.64,0,0
30_30_30_10,month|alert_only,2025-10|actioned,47,0.086250,-0.943750,0.297872,-1.250000,6,2.341223,-0.583095,0.755595,21,564.000,48645.08,0,0
30_30_30_10,month|alert_only,2025-10|alert_only,17,-0.618267,-1.250000,0.058824,-1.250000,16,2.176879,-1.653089,0.416556,14,306.000,-189189.62,1,0
30_30_30_10,month|alert_only,2025-11|actioned,54,0.409352,-0.959729,0.388889,-1.250000,6,2.435513,-0.240253,1.058958,16,850.500,348154.07,0,0
30_30_30_10,month|alert_only,2025-11|alert_only,24,-0.995701,-1.250000,0.041667,-1.250000,17,0.396130,-1.154186,-0.837216,12,504.000,-501833.20,0,0
30_30_30_10,month|alert_only,2025-12|actioned,42,0.474474,-0.427448,0.428571,-1.250000,6,1.952023,-0.115886,1.064833,19,557.053,264306.82,0,0
30_30_30_10,month|alert_only,2025-12|alert_only,24,0.404774,-0.935665,0.333333,-1.250000,5,2.292207,-0.512300,1.321848,13,465.231,188313.30,0,0
30_30_30_10,month|alert_only,2026-01|actioned,50,-0.057979,-1.190536,0.260000,-1.250000,8,2.013683,-0.616143,0.500186,18,700.000,-40585.00,0,0
30_30_30_10,month|alert_only,2026-01|alert_only,13,-0.668214,-1.159566,0.153846,-1.250000,7,1.057341,-1.242991,-0.093436,9,364.000,-243229.80,1,0
30_30_30_10,month|alert_only,2026-02|actioned,59,0.550052,-0.650000,0.355932,-1.250000,6,3.112479,-0.244160,1.344264,19,782.526,430429.89,0,0
30_30_30_10,month|alert_only,2026-02|alert_only,26,-0.728940,-1.132112,0.115385,-1.250000,15,1.123430,-1.160773,-0.297107,16,409.500,-298500.84,0,0
30_30_30_10,month|alert_only,2026-03|actioned,65,0.102542,-0.781452,0.307692,-1.250000,13,2.115348,-0.411716,0.616800,19,862.105,88401.83,0,0
30_30_30_10,month|alert_only,2026-03|alert_only,24,-1.063352,-1.225828,0.000000,-1.250000,24,0.285567,-1.177603,-0.949102,16,378.000,-401947.11,0,0
30_30_30_10,month|alert_only,2026-04|actioned,51,0.567419,-0.622588,0.392157,-1.250000,6,2.368000,-0.082490,1.217328,19,676.421,383814.27,0,0
30_30_30_10,month|alert_only,2026-04|alert_only,18,-0.293707,-1.098260,0.222222,-1.250000,5,1.757307,-1.105542,0.518127,11,412.364,-121114.29,1,0
30_30_30_10,month|alert_only,2026-05|actioned,61,0.403837,-0.965854,0.327869,-1.250000,7,2.768751,-0.290988,1.098661,18,854.000,344876.72,0,0
30_30_30_10,month|alert_only,2026-05|alert_only,31,-0.755352,-1.197479,0.129032,-1.250000,11,0.839786,-1.050979,-0.459725,16,488.250,-368800.67,0,0
30_30_30_10,month|alert_only,2026-06|actioned,71,0.246424,-0.723658,0.366197,-1.250000,8,1.994387,-0.217489,0.710337,21,852.000,209953.15,0,0
30_30_30_10,month|alert_only,2026-06|alert_only,22,-0.465846,-1.102840,0.136364,-1.250000,8,1.622923,-1.144022,0.212330,12,462.000,-215220.77,0,0
30_30_30_10,month|alert_only,2026-07|actioned,65,0.373804,-0.515972,0.400000,-1.250000,8,1.980248,-0.107610,0.855218,19,862.105,322258.57,0,0
30_30_30_10,month|alert_only,2026-07|alert_only,35,-0.885811,-1.210113,0.085714,-1.250000,9,0.689949,-1.114391,-0.657230,16,551.250,-488303.27,0,0
30_30_30_10,month|alert_only,2026-08|actioned,24,2.092045,0.941575,0.666667,-1.250000,2,3.334290,0.758051,3.426039,8,756.000,1581585.79,0,0
30_30_30_10,month|alert_only,2026-08|alert_only,10,-0.155156,-1.134412,0.300000,-1.250000,4,1.575310,-1.131543,0.821231,6,420.000,-65165.68,1,0
30_30_30_10,month|trend_qqq,2025-08|aligned,10,0.502585,-0.443035,0.500000,-1.250000,3,1.964472,-0.715007,1.720178,3,840.000,422171.79,1,0
30_30_30_10,month|trend_qqq,2025-08|flat,1,-0.685345,-0.685345,0.000000,-0.685345,1,0.000000,-0.685345,-0.685345,1,252.000,-172706.90,1,0
30_30_30_10,month|trend_qqq,2025-08|opposed,11,-0.328441,-0.966066,0.363636,-1.250000,4,1.158482,-1.013060,0.356178,4,693.000,-227609.62,1,0
30_30_30_10,month|trend_qqq,2025-09|aligned,25,-0.015874,-0.518340,0.400000,-1.250000,6,1.615540,-0.649166,0.617417,12,525.000,-8333.90,0,0
30_30_30_10,month|trend_qqq,2025-09|flat,8,-0.440930,-1.055328,0.250000,-1.250000,3,1.045131,-1.165169,0.283309,4,504.000,-222228.77,1,0
30_30_30_10,month|trend_qqq,2025-09|opposed,17,-0.242684,-0.602326,0.235294,-1.250000,8,1.269840,-0.846328,0.360959,12,357.000,-86638.28,1,0
30_30_30_10,month|trend_qqq,2025-10|aligned,34,-0.071310,-1.101611,0.235294,-1.250000,7,2.460538,-0.898389,0.755768,19,450.947,-32157.24,0,0
30_30_30_10,month|trend_qqq,2025-10|flat,14,0.831374,-0.180313,0.428571,-1.250000,3,2.789593,-0.629904,2.292652,8,441.000,366635.90,1,0
30_30_30_10,month|trend_qqq,2025-10|opposed,16,-0.979466,-1.247794,0.062500,-1.250000,13,0.561292,-1.254499,-0.704433,10,403.200,-394920.77,1,0
30_30_30_10,month|trend_qqq,2025-11|aligned,36,0.190460,-0.959729,0.361111,-1.250000,7,2.113770,-0.500038,0.880958,11,824.727,157077.65,0,0
30_30_30_10,month|trend_qqq,2025-11|flat,8,1.600082,0.517578,0.625000,-1.250000,2,3.101884,-0.549414,3.749578,3,672.000,1075255.23,1,0
30_30_30_10,month|trend_qqq,2025-11|opposed,34,-0.630854,-1.250000,0.117647,-1.250000,13,1.569754,-1.158506,-0.103201,11,778.909,-491377.55,0,0
30_30_30_10,month|trend_qqq,2025-12|aligned,37,0.777143,-0.527174,0.432432,-1.250000,5,2.255016,0.050527,1.503759,15,621.600,483071.97,0,0
30_30_30_10,month|trend_qqq,2025-12|flat,10,0.095389,-0.652784,0.300000,-1.250000,3,1.763273,-0.997499,1.188277,5,504.000,48075.84,1,0
30_30_30_10,month|trend_qqq,2025-12|opposed,19,-0.003458,-0.851748,0.368421,-1.250000,5,1.744885,-0.788054,0.781138,12,399.000,-1379.69,1,0
30_30_30_10,month|trend_qqq,2026-01|aligned,32,0.011038,-1.134101,0.250000,-1.250000,4,2.203896,-0.752573,0.774650,18,448.000,4945.23,0,0
30_30_30_10,month|trend_qqq,2026-01|flat,5,0.856769,0.620524,0.600000,-1.250000,1,1.924479,-0.830111,2.543649,5,252.000,215905.82,1,0
30_30_30_10,month|trend_qqq,2026-01|opposed,26,-0.623953,-1.250000,0.153846,-1.250000,11,1.168640,-1.073164,-0.174742,14,468.000,-292010.10,0,0
30_30_30_10,month|trend_qqq,2026-02|aligned,39,0.692750,-0.650000,0.358974,-1.250000,8,3.487232,-0.401721,1.787222,15,655.200,453890.02,0,0
30_30_30_10,month|trend_qqq,2026-02|flat,7,-0.228733,-1.205682,0.285714,-1.250000,4,1.836075,-1.588916,1.131451,3,588.000,-134494.73,1,0
30_30_30_10,month|trend_qqq,2026-02|opposed,39,-0.305526,-1.135543,0.205128,-1.250000,11,1.720561,-0.845526,0.234474,16,614.250,-187669.47,0,0
30_30_30_10,month|trend_qqq,2026-03|aligned,49,0.062074,-0.769452,0.306122,-1.250000,6,2.031089,-0.506631,0.630779,18,686.000,42582.52,0,0
30_30_30_10,month|trend_qqq,2026-03|flat,14,-0.704857,-1.250000,0.071429,-1.250000,8,1.785173,-1.639988,0.230274,5,705.600,-497347.30,1,0
30_30_30_10,month|trend_qqq,2026-03|opposed,26,-0.462648,-1.173917,0.153846,-1.250000,10,1.533813,-1.052226,0.126931,12,546.000,-252605.65,0,0
30_30_30_10,month|trend_qqq,2026-04|aligned,38,0.361615,-0.821336,0.394737,-1.250000,3,2.129658,-0.315519,1.038748,17,563.294,203695.43,0,0
30_30_30_10,month|trend_qqq,2026-04|flat,13,-0.092277,-0.804167,0.230769,-1.250000,5,1.938027,-1.145801,0.961246,6,546.000,-50383.47,1,0
30_30_30_10,month|trend_qqq,2026-04|opposed,18,0.617216,-1.131657,0.333333,-1.250000,4,2.650228,-0.607127,1.841559,10,453.600,279969.24,1,0
30_30_30_10,month|trend_qqq,2026-05|aligned,52,-0.038090,-1.180738,0.250000,-1.250000,6,2.089348,-0.605981,0.529801,18,728.000,-27729.41,0,0
30_30_30_10,month|trend_qqq,2026-05|flat,7,-0.406377,-0.804348,0.285714,-1.250000,4,1.014965,-1.158273,0.345519,4,441.000,-179212.20,1,0
30_30_30_10,month|trend_qqq,2026-05|opposed,33,0.183135,-0.998218,0.272727,-1.250000,7,2.915861,-0.811734,1.178004,13,639.692,117149.87,0,0
30_30_30_10,month|trend_qqq,2026-06|aligned,66,0.176900,-0.759329,0.363636,-1.250000,6,1.822712,-0.262846,0.616647,20,831.600,147110.14,0,0
30_30_30_10,month|trend_qqq,2026-06|flat,4,2.389886,1.585130,0.500000,-1.250000,1,3.813665,-1.347505,6.127278,3,336.000,803001.80,1,0
30_30_30_10,month|trend_qqq,2026-06|opposed,23,-0.608151,-1.205233,0.130435,-1.250000,8,1.295048,-1.137422,-0.078880,12,483.000,-293736.78,0,0
30_30_30_10,month|trend_qqq,2026-07|aligned,51,0.091395,-0.702212,0.352941,-1.250000,12,1.574812,-0.340820,0.523610,15,856.800,78307.28,0,0
30_30_30_10,month|trend_qqq,2026-07|flat,7,-1.002256,-1.176818,0.000000,-1.250000,7,0.307487,-1.230045,-0.774466,2,882.000,-883989.48,1,0
30_30_30_10,month|trend_qqq,2026-07|opposed,42,-0.103606,-1.154789,0.261905,-1.250000,12,2.029804,-0.717489,0.510277,18,588.000,-60920.54,0,0
30_30_30_10,month|trend_qqq,2026-08|aligned,18,1.799773,0.754348,0.611111,-1.250000,3,3.402471,0.227911,3.371634,7,648.000,1166252.77,1,0
30_30_30_10,month|trend_qqq,2026-08|flat,1,4.308197,4.308197,1.000000,4.308197,0,0.000000,4.308197,4.308197,1,252.000,1085665.57,1,0
30_30_30_10,month|trend_qqq,2026-08|opposed,12,0.783965,-1.141912,0.416667,-1.250000,5,2.818243,-0.810606,2.378536,6,504.000,395118.53,1,0
30_30_30_10,month|trend_qqq,2026-08|unknown,3,0.848606,1.569290,0.666667,-1.250000,1,1.508001,-0.857858,2.555070,1,756.000,641546.06,1,0
30_30_30_10,month|side,2025-08|long,13,-0.133472,-0.966066,0.384615,-1.250000,3,1.522135,-0.960914,0.693969,4,819.000,-109313.84,1,0
30_30_30_10,month|side,2025-08|short,9,0.273644,-0.284532,0.444444,-1.250000,3,1.716310,-0.847678,1.394967,3,756.000,206875.11,1,0
30_30_30_10,month|side,2025-09|long,31,-0.120282,-0.727487,0.322581,-1.250000,10,1.553189,-0.667045,0.426482,16,488.250,-58727.62,0,0
30_30_30_10,month|side,2025-09|short,19,-0.227431,-0.579651,0.315789,-1.250000,5,1.208464,-0.770822,0.315961,12,399.000,-90744.95,1,0
30_30_30_10,month|side,2025-10|long,32,-0.043415,-1.137476,0.250000,-1.250000,4,2.173631,-0.796540,0.709710,16,504.000,-21881.17,0,0
30_30_30_10,month|side,2025-10|short,32,-0.158359,-1.168973,0.218750,-1.250000,7,2.455717,-1.009222,0.692503,17,474.353,-75118.20,0,0
30_30_30_10,month|side,2025-11|long,15,-0.459210,-1.235937,0.266667,-1.250000,5,1.244872,-1.089203,0.170782,8,472.500,-216976.91,1,0
30_30_30_10,month|side,2025-11|short,63,0.080895,-1.175000,0.285714,-1.250000,7,2.289038,-0.484353,0.646142,13,1221.231,98790.92,0,0
30_30_30_10,month|side,2025-12|long,29,0.533130,-0.732538,0.413793,-1.250000,5,2.165574,-0.255059,1.321318,16,456.750,243506.95,0,0
30_30_30_10,month|side,2025-12|short,37,0.383289,-0.612546,0.378378,-1.250000,6,2.012429,-0.265159,1.031738,15,621.600,238252.75,0,0
30_30_30_10,month|side,2026-01|long,29,-0.399702,-1.096250,0.172414,-1.250000,12,1.408445,-0.912324,0.112919,15,487.200,-194734.85,0,0
30_30_30_10,month|side,2026-01|short,34,0.000166,-1.201098,0.294118,-1.250000,6,2.176691,-0.731501,0.731833,17,504.000,83.79,0,0
30_30_30_10,month|side,2026-02|long,38,-0.114973,-1.207649,0.210526,-1.250000,15,2.116951,-0.788066,0.558120,14,684.000,-78641.36,0,0
30_30_30_10,month|side,2026-02|short,47,0.380204,-0.568782,0.340426,-1.250000,7,3.123187,-0.512701,1.273108,16,740.250,281445.84,0,0
30_30_30_10,month|side,2026-03|long,40,-0.160933,-1.022491,0.225000,-1.250000,8,1.971267,-0.771835,0.449969,17,592.941,-95424.03,0,0
30_30_30_10,month|side,2026-03|short,49,-0.253427,-1.147800,0.224490,-1.250000,11,1.812735,-0.760992,0.254139,18,686.000,-173850.58,0,0
30_30_30_10,month|side,2026-04|long,42,0.088733,-1.162228,0.333333,-1.250000,7,2.086813,-0.542392,0.719857,16,661.500,58696.70,0,0
30_30_30_10,month|side,2026-04|short,27,0.737958,-0.319053,0.370370,-1.250000,5,2.446481,-0.184860,1.660776,12,567.000,418422.24,0,0
30_30_30_10,month|side,2026-05|long,53,-0.048839,-1.250000,0.245283,-1.250000,10,2.622015,-0.754756,0.657077,19,702.947,-34331.47,0,0
30_30_30_10,month|side,2026-05|short,39,0.097606,-0.847059,0.282051,-1.250000,9,1.975827,-0.522510,0.717721,13,756.000,73789.86,0,0
30_30_30_10,month|side,2026-06|long,36,-0.056084,-1.143560,0.250000,-1.250000,6,2.146368,-0.757231,0.645063,15,604.800,-33919.40,0,0
30_30_30_10,month|side,2026-06|short,57,0.162570,-0.637500,0.350877,-1.250000,9,1.786751,-0.301285,0.626426,17,844.941,137362.22,0,0
30_30_30_10,month|side,2026-07|long,54,0.112940,-0.876700,0.351852,-1.250000,5,1.950945,-0.407420,0.633300,18,756.000,85382.64,0,0
30_30_30_10,month|side,2026-07|short,46,-0.278367,-0.982602,0.217391,-1.250000,22,1.461902,-0.700836,0.144103,16,724.500,-201676.69,0,0
30_30_30_10,month|side,2026-08|long,24,1.732457,0.807698,0.625000,-1.250000,4,3.259366,0.428439,3.036475,8,756.000,1309737.44,0,0
30_30_30_10,month|side,2026-08|short,10,0.707854,-0.733284,0.400000,-1.250000,3,2.547716,-0.871236,2.286945,6,420.000,297298.78,1,0
30_30_30_10,quarter|setup,2025-Q3|break_and_retest,61,-0.229254,-0.727487,0.327869,-1.250000,7,1.351842,-0.568502,0.109994,19,809.053,-185478.37,0,0
30_30_30_10,quarter|setup,2025-Q3|one_candle_rule,11,0.605656,-0.284532,0.454545,-1.250000,2,1.972132,-0.559800,1.771112,7,396.000,239839.69,1,0
30_30_30_10,quarter|setup,2025-Q4|break_and_retest,180,0.167947,-0.939375,0.316667,-1.250000,8,2.238137,-0.159022,0.494916,57,795.789,133650.20,0,0
30_30_30_10,quarter|setup,2025-Q4|one_candle_rule,28,-0.315590,-1.247222,0.214286,-1.250000,9,1.812107,-0.986803,0.355624,21,336.000,-106038.12,0,0
30_30_30_10,quarter|setup,2026-Q1|break_and_retest,211,-0.052366,-1.128680,0.251185,-1.250000,14,2.299149,-0.362595,0.257863,56,949.500,-49721.41,0,0
30_30_30_10,quarter|setup,2026-Q1|one_candle_rule,26,-0.226582,-0.983146,0.230769,-1.250000,7,1.552326,-0.823277,0.370113,22,297.818,-67480.19,0,0
30_30_30_10,quarter|setup,2026-Q2|break_and_retest,224,0.113894,-0.977444,0.303571,-1.250000,10,2.186360,-0.172428,0.400215,59,956.746,108967.15,0,0
30_30_30_10,quarter|setup,2026-Q2|one_candle_rule,28,0.094008,-1.145231,0.285714,-1.250000,6,2.098871,-0.683425,0.871440,20,352.800,33165.95,0,0
30_30_30_10,quarter|setup,2026-Q2|reentry_84_rule,2,1.986449,1.986449,0.500000,-1.250000,1,3.236449,-2.499041,6.471939,2,252.000,500585.22,1,0
30_30_30_10,quarter|setup,2026-Q3|break_and_retest,125,0.356049,-0.826116,0.368000,-1.250000,12,2.312560,-0.049361,0.761459,29,1086.207,386742.97,0,0
30_30_30_10,quarter|setup,2026-Q3|one_candle_rule,9,-0.283859,-1.021469,0.222222,-1.250000,7,1.488814,-1.256552,0.688833,7,324.000,-91970.47,1,0
30_30_30_10,quarter|grade,2025-Q3|B,43,0.101760,-0.470909,0.418605,-1.250000,4,1.605334,-0.378069,0.581590,19,570.316,58035.57,0,0
30_30_30_10,quarter|grade,2025-Q3|C,29,-0.403378,-0.966066,0.241379,-1.250000,8,1.252865,-0.859374,0.052618,16,456.750,-184242.94,0,0
30_30_30_10,quarter|grade,2025-Q4|A+,2,-1.250000,-1.250000,0.000000,-1.250000,2,0.000000,-1.250000,-1.250000,1,504.000,-630000.00,1,0
30_30_30_10,quarter|grade,2025-Q4|B,141,0.344586,-0.768881,0.375887,-1.250000,6,2.286188,-0.032776,0.721948,56,634.500,218640.02,0,0
30_30_30_10,quarter|grade,2025-Q4|C,65,-0.379889,-1.250000,0.153846,-1.250000,17,1.902512,-0.842405,0.082627,39,420.000,-159553.34,0,0
30_30_30_10,quarter|grade,2026-Q1|A,1,-1.250000,-1.250000,0.000000,-1.250000,1,0.000000,-1.250000,-1.250000,1,252.000,-315000.00,1,0
30_30_30_10,quarter|grade,2026-Q1|B,173,0.216586,-1.030696,0.312139,-1.250000,13,2.491825,-0.154736,0.587908,56,778.500,168612.01,0,0
30_30_30_10,quarter|grade,2026-Q1|C,63,-0.843804,-1.159566,0.079365,-1.250000,39,0.901550,-1.066430,-0.621178,41,387.220,-326737.45,0,0
30_30_30_10,quarter|grade,2026-Q2|A,6,1.144688,-1.250000,0.333333,-1.250000,3,3.411400,-1.585000,3.874376,4,378.000,432692.13,1,0
30_30_30_10,quarter|grade,2026-Q2|B,177,0.362714,-0.795000,0.361582,-1.250000,8,2.335815,0.018596,0.706832,58,769.034,278939.65,0,0
30_30_30_10,quarter|grade,2026-Q2|C,71,-0.548609,-1.168539,0.154930,-1.250000,15,1.394351,-0.872948,-0.224270,39,458.769,-251685.06,0,0
30_30_30_10,quarter|grade,2026-Q3|A+,1,-1.250000,-1.250000,0.000000,-1.250000,1,0.000000,-1.250000,-1.250000,1,252.000,-315000.00,1,0
30_30_30_10,quarter|grade,2026-Q3|B,88,0.860868,-0.322229,0.477273,-1.250000,8,2.542934,0.329555,1.392180,27,821.333,707059.23,0,0
30_30_30_10,quarter|grade,2026-Q3|C,45,-0.723443,-1.210113,0.133333,-1.250000,9,1.006967,-1.017659,-0.429228,22,515.455,-372902.11,0,0
30_30_30_10,quarter|alert_only,2025-Q3|actioned,43,0.101760,-0.470909,0.418605,-1.250000,4,1.605334,-0.378069,0.581590,19,570.316,58035.57,0,0
30_30_30_10,quarter|alert_only,2025-Q3|alert_only,29,-0.403378,-0.966066,0.241379,-1.250000,8,1.252865,-0.859374,0.052618,16,456.750,-184242.94,0,0
30_30_30_10,quarter|alert_only,2025-Q4|actioned,143,0.322284,-0.769872,0.370629,-1.250000,6,2.277854,-0.051064,0.695632,56,643.500,207390.02,0,0
30_30_30_10,quarter|alert_only,2025-Q4|alert_only,65,-0.379889,-1.250000,0.153846,-1.250000,17,1.902512,-0.842405,0.082627,39,420.000,-159553.34,0,0
30_30_30_10,quarter|alert_only,2026-Q1|actioned,174,0.208157,-1.032015,0.310345,-1.250000,13,2.487126,-0.161398,0.577712,56,783.000,162987.01,0,0
30_30_30_10,quarter|alert_only,2026-Q1|alert_only,63,-0.843804,-1.159566,0.079365,-1.250000,39,0.901550,-1.066430,-0.621178,41,387.220,-326737.45,0,0
30_30_30_10,quarter|alert_only,2026-Q2|actioned,183,0.388353,-0.804348,0.360656,-1.250000,8,2.382876,0.043104,0.733601,58,795.103,308780.49,0,0
30_30_30_10,quarter|alert_only,2026-Q2|alert_only,71,-0.548609,-1.168539,0.154930,-1.250000,15,1.394351,-0.872948,-0.224270,39,458.769,-251685.06,0,0
30_30_30_10,quarter|alert_only,2026-Q3|actioned,89,0.837150,-0.336111,0.471910,-1.250000,8,2.538377,0.309778,1.364522,27,830.667,695392.56,0,0
30_30_30_10,quarter|alert_only,2026-Q3|alert_only,45,-0.723443,-1.210113,0.133333,-1.250000,9,1.006967,-1.017659,-0.429228,22,515.455,-372902.11,0,0
30_30_30_10,quarter|trend_qqq,2025-Q3|aligned,35,0.132257,-0.518340,0.428571,-1.250000,6,1.738314,-0.443647,0.708161,15,588.000,77767.24,0,0
30_30_30_10,quarter|trend_qqq,2025-Q3|flat,9,-0.468087,-0.885283,0.222222,-1.250000,4,0.988348,-1.113808,0.177633,5,453.600,-212324.39,1,0
30_30_30_10,quarter|trend_qqq,2025-Q3|opposed,28,-0.276374,-0.664906,0.285714,-1.250000,8,1.228012,-0.731237,0.178488,16,441.000,-121881.11,0,0
30_30_30_10,quarter|trend_qqq,2025-Q4|aligned,107,0.310152,-0.908333,0.345794,-1.250000,7,2.304757,-0.126554,0.746858,45,599.200,185843.25,0,0
30_30_30_10,quarter|trend_qqq,2025-Q4|flat,32,0.793556,-0.392448,0.437500,-1.250000,3,2.664047,-0.129490,1.716601,16,504.000,399952.00,0,0
30_30_30_10,quarter|trend_qqq,2025-Q4|opposed,69,-0.538930,-1.216057,0.173913,-1.250000,13,1.501252,-0.893160,-0.184700,33,526.909,-283967.18,0,0
30_30_30_10,quarter|trend_qqq,2026-Q1|aligned,120,0.253434,-0.849353,0.308333,-1.250000,8,2.650538,-0.220807,0.727676,51,592.941,150271.56,0,0
30_30_30_10,quarter|trend_qqq,2026-Q1|flat,26,-0.276357,-1.250000,0.230769,-1.250000,12,1.918918,-1.013966,0.461251,13,504.000,-139283.97,0,0
30_30_30_10,quarter|trend_qqq,2026-Q1|opposed,91,-0.441397,-1.198165,0.175824,-1.250000,11,1.532530,-0.756277,-0.126518,42,546.000,-241002.88,0,0
30_30_30_10,quarter|trend_qqq,2026-Q2|aligned,156,0.150231,-0.896441,0.333333,-1.250000,10,1.997123,-0.163168,0.463631,55,714.764,107379.93,0,0
30_30_30_10,quarter|trend_qqq,2026-Q2|flat,24,0.229804,-0.804257,0.291667,-1.250000,9,2.389735,-0.726289,1.185897,13,465.231,106911.98,0,0
30_30_30_10,quarter|trend_qqq,2026-Q2|opposed,74,0.042782,-1.157670,0.243243,-1.250000,8,2.498405,-0.526468,0.612032,35,532.800,22794.27,0,0
30_30_30_10,quarter|trend_qqq,2026-Q3|aligned,69,0.537059,-0.405038,0.420290,-1.250000,12,2.327198,-0.012058,1.086176,22,790.364,424471.75,0,0
30_30_30_10,quarter|trend_qqq,2026-Q3|flat,8,-0.338449,-1.102933,0.125000,-1.250000,7,1.779664,-1.571693,0.894795,3,672.000,-227437.79,1,0
30_30_30_10,quarter|trend_qqq,2026-Q3|opposed,54,0.093632,-1.154789,0.296296,-1.250000,12,2.259576,-0.509047,0.696311,24,567.000,53089.23,0,0
30_30_30_10,quarter|trend_qqq,2026-Q3|unknown,3,0.848606,1.569290,0.666667,-1.250000,1,1.508001,-0.857858,2.555070,1,756.000,641546.06,1,0
30_30_30_10,quarter|side,2025-Q3|long,44,-0.124179,-0.806385,0.340909,-1.250000,10,1.544091,-0.580429,0.332071,20,554.400,-68844.86,0,0
30_30_30_10,quarter|side,2025-Q3|short,28,-0.066371,-0.548996,0.357143,-1.250000,5,1.411587,-0.589230,0.456488,15,470.400,-31220.94,0,0
30_30_30_10,quarter|side,2025-Q4|long,76,0.094517,-0.948998,0.315789,-1.250000,5,2.055877,-0.367700,0.556735,40,478.800,45254.93,0,0
30_30_30_10,quarter|side,2025-Q4|short,132,0.107656,-1.077756,0.295455,-1.250000,7,2.266429,-0.278988,0.494300,45,739.200,79579.20,0,0
30_30_30_10,quarter|side,2026-Q1|long,107,-0.209324,-1.112634,0.205607,-1.250000,15,1.896240,-0.568624,0.149976,46,586.174,-122700.23,0,0
30_30_30_10,quarter|side,2026-Q1|short,130,0.041979,-1.040806,0.284615,-1.250000,11,2.465562,-0.381859,0.465818,51,642.353,26965.64,0,0
30_30_30_10,quarter|side,2026-Q2|long,131,-0.006723,-1.222778,0.274809,-1.250000,10,2.334093,-0.406427,0.392981,50,660.240,-4438.84,0,0
30_30_30_10,quarter|side,2026-Q2|short,123,0.268276,-0.723658,0.333333,-1.250000,9,2.023349,-0.089305,0.625857,42,738.000,197987.93,0,0
30_30_30_10,quarter|side,2026-Q3|long,78,0.611253,-0.477622,0.435897,-1.250000,5,2.542149,0.047083,1.175423,26,756.000,462107.20,0,0
30_30_30_10,quarter|side,2026-Q3|short,56,-0.102256,-0.982602,0.250000,-1.250000,22,1.748506,-0.560217,0.355706,22,641.455,-65592.47,0,0
30_30_30_10,setup|grade,break_and_retest|A,3,1.381743,-1.250000,0.333333,-1.250000,2,3.721847,-2.829923,5.593410,3,252.000,348199.36,1,0
30_30_30_10,setup|grade,break_and_retest|A+,3,-1.250000,-1.250000,0.000000,-1.250000,3,0.000000,-1.250000,-1.250000,2,378.000,-472500.00,1,0
30_30_30_10,setup|grade,break_and_retest|B,583,0.393374,-0.637500,0.375643,-1.250000,12,2.395704,0.198903,0.587845,210,699.600,275204.47,0,0
30_30_30_10,setup|grade,break_and_retest|C,212,-0.728855,-1.226399,0.113208,-1.250000,37,1.178609,-0.887512,-0.570199,135,395.733,-288432.26,0,0
30_30_30_10,setup|grade,one_candle_rule|A,2,-1.250000,-1.250000,0.000000,-1.250000,2,0.000000,-1.250000,-1.250000,2,252.000,-315000.00,1,0
30_30_30_10,setup|grade,one_candle_rule|B,39,0.026959,-1.184701,0.307692,-1.250000,5,1.855179,-0.555291,0.609209,37,265.622,7160.83,0,0
30_30_30_10,setup|grade,one_candle_rule|C,61,-0.107202,-0.977451,0.245902,-1.250000,12,1.863044,-0.574737,0.360333,51,301.412,-32311.99,0,0
30_30_30_10,setup|grade,reentry_84_rule|A,2,1.986449,1.986449,0.500000,-1.250000,1,3.236449,-2.499041,6.471939,2,252.000,500585.22,1,0
30_30_30_10,setup|alert_only,break_and_retest|actioned,589,0.390038,-0.650000,0.373514,-1.250000,12,2.402126,0.196041,0.584034,211,703.450,274372.21,0,0
30_30_30_10,setup|alert_only,break_and_retest|alert_only,212,-0.728855,-1.226399,0.113208,-1.250000,37,1.178609,-0.887512,-0.570199,135,395.733,-288432.26,0,0
30_30_30_10,setup|alert_only,one_candle_rule|actioned,41,-0.035332,-1.229128,0.292683,-1.250000,6,1.830154,-0.595543,0.524879,39,264.923,-9360.24,0,0
30_30_30_10,setup|alert_only,one_candle_rule|alert_only,61,-0.107202,-0.977451,0.245902,-1.250000,12,1.863044,-0.574737,0.360333,51,301.412,-32311.99,0,0
30_30_30_10,setup|alert_only,reentry_84_rule|actioned,2,1.986449,1.986449,0.500000,-1.250000,1,3.236449,-2.499041,6.471939,2,252.000,500585.22,1,0
30_30_30_10,setup|trend_qqq,break_and_retest|aligned,440,0.269255,-0.828393,0.350000,-1.250000,12,2.300271,0.054320,0.484191,182,609.231,164038.64,0,0
30_30_30_10,setup|trend_qqq,break_and_retest|flat,86,0.260865,-0.844815,0.325581,-1.250000,10,2.322156,-0.229928,0.751657,47,461.106,120286.35,0,0
30_30_30_10,setup|trend_qqq,break_and_retest|opposed,272,-0.250873,-1.186653,0.220588,-1.250000,21,1.955030,-0.483214,-0.018533,138,496.696,-124607.65,0,0
30_30_30_10,setup|trend_qqq,break_and_retest|unknown,3,0.848606,1.569290,0.666667,-1.250000,1,1.508001,-0.857858,2.555070,1,756.000,641546.06,1,0
30_30_30_10,setup|trend_qqq,one_candle_rule|aligned,46,0.249961,-0.920133,0.347826,-1.250000,5,2.035702,-0.338329,0.838251,36,322.000,80487.39,0,0
30_30_30_10,setup|trend_qqq,one_candle_rule|flat,13,-0.433149,-1.250000,0.153846,-1.250000,6,1.927347,-1.480867,0.614568,11,297.818,-128999.78,1,0
30_30_30_10,setup|trend_qqq,one_candle_rule|opposed,43,-0.322214,-1.184701,0.209302,-1.250000,9,1.533434,-0.780553,0.136125,36,301.000,-96986.38,0,0
30_30_30_10,setup|trend_qqq,reentry_84_rule|aligned,1,-1.250000,-1.250000,0.000000,-1.250000,1,0.000000,-1.250000,-1.250000,1,252.000,-315000.00,1,0
30_30_30_10,setup|trend_qqq,reentry_84_rule|opposed,1,5.222899,5.222899,1.000000,5.222899,0,0.000000,5.222899,5.222899,1,252.000,1316170.43,1,0
30_30_30_10,setup|side,break_and_retest|long,381,0.094366,-1.054878,0.312336,-1.250000,13,2.225414,-0.129097,0.317828,171,561.474,52983.93,0,0
30_30_30_10,setup|side,break_and_retest|short,420,0.093480,-0.888326,0.297619,-1.250000,26,2.182952,-0.115294,0.302254,166,637.590,59601.98,0,0
30_30_30_10,setup|side,one_candle_rule|long,54,-0.158974,-1.065037,0.222222,-1.250000,8,1.777536,-0.633082,0.315134,45,302.400,-48073.72,0,0
30_30_30_10,setup|side,one_candle_rule|short,48,0.012430,-1.088083,0.312500,-1.250000,10,1.924700,-0.532071,0.556931,39,310.154,3855.29,0,0
30_30_30_10,setup|side,reentry_84_rule|long,1,-1.250000,-1.250000,0.000000,-1.250000,1,0.000000,-1.250000,-1.250000,1,252.000,-315000.00,1,0
30_30_30_10,setup|side,reentry_84_rule|short,1,5.222899,5.222899,1.000000,5.222899,0,0.000000,5.222899,5.222899,1,252.000,1316170.43,1,0
30_30_30_10,grade|alert_only,A|actioned,7,0.802590,-1.250000,0.285714,-1.250000,3,3.267616,-1.618094,3.223274,5,352.800,283153.70,1,0
30_30_30_10,grade|alert_only,A+|actioned,3,-1.250000,-1.250000,0.000000,-1.250000,3,0.000000,-1.250000,-1.250000,2,378.000,-472500.00,1,0
30_30_30_10,grade|alert_only,B|actioned,622,0.370399,-0.680501,0.371383,-1.250000,13,2.367112,0.184371,0.556428,216,725.667,268786.52,0,0
30_30_30_10,grade|alert_only,C|alert_only,273,-0.589951,-1.186475,0.142857,-1.250000,44,1.386125,-0.754379,-0.425522,157,438.191,-258511.25,0,0
30_30_30_10,grade|trend_qqq,A|aligned,4,0.723808,-1.250000,0.250000,-1.250000,2,3.418735,-2.626553,4.074168,3,336.000,243199.36,1,0
30_30_30_10,grade|trend_qqq,A|opposed,3,0.907633,-1.250000,0.333333,-1.250000,1,3.051354,-2.545299,4.360565,2,378.000,343085.22,1,0
30_30_30_10,grade|trend_qqq,A+|opposed,3,-1.250000,-1.250000,0.000000,-1.250000,3,0.000000,-1.250000,-1.250000,2,378.000,-472500.00,1,0
30_30_30_10,grade|trend_qqq,B|aligned,363,0.528597,-0.487903,0.410468,-1.250000,7,2.424346,0.279196,0.777997,172,531.837,281127.41,0,0
30_30_30_10,grade|trend_qqq,B|flat,62,0.442435,-0.614273,0.370968,-1.250000,7,2.379349,-0.149833,1.034703,43,363.349,160758.19,0,0
30_30_30_10,grade|trend_qqq,B|opposed,195,0.051797,-1.175000,0.297436,-1.250000,13,2.225050,-0.260508,0.364101,124,396.290,20526.51,0,0
30_30_30_10,grade|trend_qqq,B|unknown,2,0.488264,0.488264,0.500000,-1.250000,1,1.738264,-1.920847,2.897374,1,504.000,246084.90,1,0
30_30_30_10,grade|trend_qqq,C|aligned,120,-0.550461,-1.179138,0.166667,-1.250000,18,1.399286,-0.800825,-0.300097,85,355.765,-195834.51,0,0
30_30_30_10,grade|trend_qqq,C|flat,37,-0.287231,-1.236805,0.189189,-1.250000,10,2.041062,-0.944906,0.370444,22,423.818,-121733.69,0,0
30_30_30_10,grade|trend_qqq,C|opposed,115,-0.747331,-1.197479,0.095652,-1.250000,29,1.039809,-0.937378,-0.557284,85,340.941,-254795.92,0,0
30_30_30_10,grade|trend_qqq,C|unknown,1,1.569290,1.569290,1.000000,1.569290,0,0.000000,1.569290,1.569290,1,252.000,395461.16,1,0
30_30_30_10,grade|side,A|long,2,-1.250000,-1.250000,0.000000,-1.250000,2,0.000000,-1.250000,-1.250000,1,504.000,-630000.00,1,0
30_30_30_10,grade|side,A|short,5,1.623626,-1.250000,0.400000,-1.250000,1,3.548083,-1.486406,4.733657,4,315.000,511442.13,1,0
30_30_30_10,grade|side,A+|long,1,-1.250000,-1.250000,0.000000,-1.250000,1,0.000000,-1.250000,-1.250000,1,252.000,-315000.00,1,0
30_30_30_10,grade|side,A+|short,2,-1.250000,-1.250000,0.000000,-1.250000,2,0.000000,-1.250000,-1.250000,1,504.000,-630000.00,1,0
30_30_30_10,grade|side,B|long,287,0.438616,-0.685345,0.390244,-1.250000,10,2.408405,0.159976,0.717257,155,466.606,204661.15,0,0
30_30_30_10,grade|side,B|short,335,0.311957,-0.675658,0.355224,-1.250000,16,2.329567,0.062492,0.561422,156,541.154,168816.73,0,0
30_30_30_10,grade|side,C|long,146,-0.657631,-1.231756,0.130137,-1.250000,33,1.375093,-0.880685,-0.434576,108,340.667,-224032.81,0,0
30_30_30_10,grade|side,C|short,127,-0.512146,-1.115462,0.157480,-1.250000,26,1.394648,-0.754706,-0.269586,87,367.862,-188399.11,0,0
30_30_30_10,alert_only|trend_qqq,actioned|aligned,367,0.530724,-0.498667,0.408719,-1.250000,7,2.437456,0.281345,0.780103,172,537.698,285369.26,0,0
30_30_30_10,alert_only|trend_qqq,actioned|flat,62,0.442435,-0.614273,0.370968,-1.250000,7,2.379349,-0.149833,1.034703,43,363.349,160758.19,0,0
30_30_30_10,alert_only|trend_qqq,actioned|opposed,201,0.045141,-1.183306,0.293532,-1.250000,13,2.231190,-0.263316,0.353597,124,408.484,18439.18,0,0
30_30_30_10,alert_only|trend_qqq,actioned|unknown,2,0.488264,0.488264,0.500000,-1.250000,1,1.738264,-1.920847,2.897374,1,504.000,246084.90,1,0
30_30_30_10,alert_only|trend_qqq,alert_only|aligned,120,-0.550461,-1.179138,0.166667,-1.250000,18,1.399286,-0.800825,-0.300097,85,355.765,-195834.51,0,0
30_30_30_10,alert_only|trend_qqq,alert_only|flat,37,-0.287231,-1.236805,0.189189,-1.250000,10,2.041062,-0.944906,0.370444,22,423.818,-121733.69,0,0
30_30_30_10,alert_only|trend_qqq,alert_only|opposed,115,-0.747331,-1.197479,0.095652,-1.250000,29,1.039809,-0.937378,-0.557284,85,340.941,-254795.92,0,0
30_30_30_10,alert_only|trend_qqq,alert_only|unknown,1,1.569290,1.569290,1.000000,1.569290,0,0.000000,1.569290,1.569290,1,252.000,395461.16,1,0
30_30_30_10,alert_only|side,actioned|long,290,0.421148,-0.717375,0.386207,-1.250000,10,2.401999,0.144689,0.697606,155,471.484,198564.38,0,0
30_30_30_10,alert_only|side,actioned|short,342,0.321999,-0.732385,0.353801,-1.250000,17,2.353545,0.072560,0.571439,156,552.462,177892.17,0,0
30_30_30_10,alert_only|side,alert_only|long,146,-0.657631,-1.231756,0.130137,-1.250000,33,1.375093,-0.880685,-0.434576,108,340.667,-224032.81,0,0
30_30_30_10,alert_only|side,alert_only|short,127,-0.512146,-1.115462,0.157480,-1.250000,26,1.394648,-0.754706,-0.269586,87,367.862,-188399.11,0,0
30_30_30_10,trend_qqq|side,aligned|long,231,0.090668,-1.007258,0.320346,-1.250000,16,2.086524,-0.178407,0.359743,99,588.000,53312.86,0,0
30_30_30_10,trend_qqq|side,aligned|short,256,0.421001,-0.522757,0.375000,-1.250000,13,2.422357,0.124262,0.717740,97,665.072,279995.94,0,0
30_30_30_10,trend_qqq|side,flat|long,60,0.068888,-1.168192,0.283333,-1.250000,9,2.236107,-0.496925,0.634701,36,420.000,28933.12,0,0
30_30_30_10,trend_qqq|side,flat|short,39,0.324875,-0.804348,0.333333,-1.250000,8,2.352945,-0.413600,1.063349,24,409.500,133036.18,0,0
30_30_30_10,trend_qqq|side,opposed|long,144,-0.003668,-1.135652,0.270833,-1.250000,10,2.287487,-0.377291,0.369955,73,497.096,-1823.17,0,0
30_30_30_10,trend_qqq|side,opposed|short,172,-0.443847,-1.201699,0.180233,-1.250000,27,1.529204,-0.672384,-0.215310,83,522.217,-231784.38,0,0
30_30_30_10,trend_qqq|side,unknown|long,1,1.569290,1.569290,1.000000,1.569290,0,0.000000,1.569290,1.569290,1,252.000,395461.16,1,0
30_30_30_10,trend_qqq|side,unknown|short,2,0.488264,0.488264,0.500000,-1.250000,1,1.738264,-1.920847,2.897374,1,504.000,246084.90,1,0
50_20_20_10,ALL,all trades,905,0.056534,-1.038462,0.300552,-1.250000,16,2.169095,-0.084788,0.197856,229,995.895,56301.98,0,0
50_20_20_10,symbol,AAPL,19,0.176691,-0.794811,0.473684,-1.250000,3,1.521533,-0.507474,0.860856,18,266.000,46999.88,1,0
50_20_20_10,symbol,AMD,64,0.448820,-1.189612,0.296875,-1.250000,16,2.970959,-0.279065,1.176705,50,322.560,144771.36,0,0
50_20_20_10,symbol,AMZN,20,-0.398818,-0.999912,0.200000,-1.250000,7,1.283246,-0.961226,0.163589,20,252.000,-100502.25,0,0
50_20_20_10,symbol,AVGO,46,-0.210344,-1.165502,0.260870,-1.250000,6,1.717898,-0.706793,0.286105,43,269.581,-56704.81,0,0
50_20_20_10,symbol,BABA,9,-0.314312,-1.236667,0.333333,-1.250000,4,1.414636,-1.238541,0.609917,9,252.000,-79206.65,1,0
50_20_20_10,symbol,COIN,76,-0.240453,-1.141336,0.276316,-1.250000,14,1.504652,-0.578740,0.097834,67,285.851,-68733.55,0,0
50_20_20_10,symbol,CRM,37,0.242393,-0.960244,0.324324,-1.250000,9,2.218795,-0.472552,0.957337,33,282.545,68486.96,0,0
50_20_20_10,symbol,GOOGL,20,0.077307,-0.969172,0.400000,-1.250000,4,1.784742,-0.704891,0.859504,20,252.000,19481.25,0,0
50_20_20_10,symbol,HOOD,49,0.449836,-0.913763,0.346939,-1.250000,7,2.349743,-0.208092,1.107764,46,268.435,120751.59,0,0
50_20_20_10,symbol,INTC,28,0.489528,-0.654118,0.428571,-1.250000,3,2.280571,-0.355208,1.334263,28,252.000,123361.05,0,0
50_20_20_10,symbol,IREN,66,0.217884,-1.014881,0.272727,-1.250000,12,2.786012,-0.454267,0.890036,63,264.000,57521.42,0,0
50_20_20_10,symbol,MARA,1,-0.828333,-0.828333,0.000000,-0.828333,1,0.000000,-0.828333,-0.828333,1,252.000,-208740.00,1,0
50_20_20_10,symbol,META,38,0.446968,-0.790807,0.421053,-1.250000,4,2.010326,-0.192223,1.086159,35,273.600,122290.46,0,0
50_20_20_10,symbol,MSFT,30,-0.116483,-1.162849,0.300000,-1.250000,7,1.748322,-0.742112,0.509145,27,280.000,-32615.38,0,0
50_20_20_10,symbol,MU,72,0.235725,-1.110679,0.277778,-1.250000,7,3.104447,-0.481366,0.952816,64,283.500,66828.08,0,0
50_20_20_10,symbol,NFLX,19,0.230724,-0.925000,0.315789,-1.250000,4,1.984616,-0.661668,1.123116,19,252.000,58142.47,1,0
50_20_20_10,symbol,NVDA,39,-0.086717,-0.692568,0.307692,-1.250000,8,1.558119,-0.575735,0.402301,34,289.059,-25066.34,0,0
50_20_20_10,symbol,ORCL,59,-0.255477,-1.163608,0.220339,-1.250000,13,2.053885,-0.779567,0.268613,46,323.217,-82574.60,0,0
50_20_20_10,symbol,PLTR,61,-0.014846,-1.076069,0.278689,-1.250000,11,2.038309,-0.526364,0.496672,57,269.684,-4003.79,0,0
50_20_20_10,symbol,QQQ,9,0.776427,-0.244898,0.444444,-1.250000,4,2.009087,-0.536176,2.089030,9,252.000,195659.60,1,0
50_20_20_10,symbol,SOFI,4,-0.742899,-1.003654,0.250000,-1.250000,2,0.612321,-1.342973,-0.142824,4,252.000,-187210.46,1,0
50_20_20_10,symbol,TSLA,71,-0.319654,-1.108243,0.239437,-1.250000,9,1.630293,-0.698875,0.059567,61,293.311,-93758.14,0,0
50_20_20_10,symbol,TSM,42,-0.272704,-0.982124,0.261905,-1.250000,11,1.365660,-0.685727,0.140319,39,271.385,-74007.63,0,0
50_20_20_10,symbol,UBER,26,0.487265,-0.797610,0.423077,-1.250000,4,2.102817,-0.321032,1.295562,26,252.000,122790.66,0,0
50_20_20_10,pool,equity,540,0.059534,-1.053889,0.300000,-1.250000,16,2.234780,-0.128959,0.248026,212,641.887,38213.97,0,0
50_20_20_10,pool,index,9,0.776427,-0.244898,0.444444,-1.250000,4,2.009087,-0.536176,2.089030,9,252.000,195659.60,1,0
50_20_20_10,pool,other,356,0.033784,-1.043657,0.297753,-1.250000,10,2.066269,-0.180859,0.248428,184,487.565,16472.04,0,0
50_20_20_10,month,2025-08,22,-0.003286,-0.911526,0.318182,-1.250000,7,1.639262,-0.688290,0.681718,4,1386.000,-4553.90,0,0
50_20_20_10,month,2025-09,50,-0.239574,-0.791297,0.300000,-1.250000,8,1.321273,-0.605812,0.126664,17,741.176,-177566.37,0,0
50_20_20_10,month,2025-10,64,-0.093863,-1.157000,0.234375,-1.250000,8,2.376480,-0.676100,0.488375,22,733.091,-68809.85,0,0
50_20_20_10,month,2025-11,78,-0.016494,-1.151788,0.282051,-1.250000,7,2.199748,-0.504676,0.471688,18,1092.000,-18011.18,0,0
50_20_20_10,month,2025-12,66,0.433725,-0.804526,0.393939,-1.250000,7,2.097081,-0.072215,0.939666,20,831.600,360685.94,0,0
50_20_20_10,month,2026-01,63,-0.183228,-1.139286,0.253968,-1.250000,9,1.869748,-0.644938,0.278481,19,835.579,-153101.70,0,0
50_20_20_10,month,2026-02,85,0.108595,-1.076069,0.294118,-1.250000,9,2.742807,-0.474504,0.691693,19,1127.368,122426.05,0,0
50_20_20_10,month,2026-03,89,-0.229206,-1.067623,0.224719,-1.250000,16,1.888517,-0.621563,0.163152,21,1068.000,-244791.55,0,0
50_20_20_10,month,2026-04,69,0.308091,-0.986358,0.362319,-1.250000,5,2.221448,-0.216074,0.832256,20,869.400,267854.34,0,0
50_20_20_10,month,2026-05,92,0.006859,-1.125000,0.260870,-1.250000,7,2.437590,-0.491248,0.504966,19,1220.211,8369.41,0,0
50_20_20_10,month,2026-06,93,0.062321,-0.977891,0.301075,-1.250000,9,1.938407,-0.331646,0.456288,21,1116.000,69550.38,0,0
50_20_20_10,month,2026-07,100,-0.090784,-0.992624,0.300000,-1.250000,13,1.713844,-0.426698,0.245129,21,1200.000,-108941.34,0,0
50_20_20_10,month,2026-08,34,1.352575,0.750397,0.558824,-1.250000,4,2.891729,0.380557,2.324593,8,1071.000,1448607.54,0,0
50_20_20_10,quarter,2025-Q3,72,-0.167375,-0.826319,0.305556,-1.250000,8,1.430127,-0.497717,0.162968,21,864.000,-144611.62,0,0
50_20_20_10,quarter,2025-Q4,208,0.102558,-1.048520,0.302885,-1.250000,8,2.236012,-0.201319,0.406436,60,873.600,89595.01,0,0
50_20_20_10,quarter,2026-Q1,237,-0.095832,-1.116220,0.257384,-1.250000,16,2.233929,-0.380246,0.188582,59,1012.271,-97007.79,0,0
50_20_20_10,quarter,2026-Q2,254,0.108997,-1.037484,0.303150,-1.250000,12,2.209937,-0.162784,0.380778,60,1066.800,116277.73,0,0
50_20_20_10,quarter,2026-Q3,134,0.275441,-0.955094,0.365672,-1.250000,13,2.169836,-0.091952,0.642834,29,1164.414,320727.31,0,0
50_20_20_10,setup,break_and_retest,801,0.071286,-1.025000,0.305868,-1.250000,14,2.198245,-0.080949,0.223522,220,917.509,65405.74,0,0
50_20_20_10,setup,one_candle_rule,102,-0.099616,-1.113496,0.254902,-1.250000,11,1.861976,-0.460968,0.261735,77,333.818,-33253.72,0,0
50_20_20_10,setup,reentry_84_rule,2,2.111957,2.111957,0.500000,-1.250000,1,3.361957,-2.547477,6.771391,2,252.000,532213.04,1,0
50_20_20_10,grade,A,7,0.838449,-1.250000,0.285714,-1.250000,3,3.316933,-1.618770,3.295668,5,352.800,295804.83,1,0
50_20_20_10,grade,A+,3,-1.250000,-1.250000,0.000000,-1.250000,3,0.000000,-1.250000,-1.250000,2,378.000,-472500.00,1,0
50_20_20_10,grade,B,622,0.346272,-0.793171,0.371383,-1.250000,13,2.359269,0.160860,0.531684,216,725.667,251278.19,0,0
50_20_20_10,grade,C,273,-0.609294,-1.169776,0.142857,-1.250000,44,1.401462,-0.775541,-0.443046,157,438.191,-266987.01,0,0
50_20_20_10,alert_only,actioned,632,0.344146,-0.804685,0.368671,-1.250000,13,2.369538,0.159406,0.528886,216,737.333,253750.52,0,0
50_20_20_10,alert_only,alert_only,273,-0.609294,-1.169776,0.142857,-1.250000,44,1.401462,-0.775541,-0.443046,157,438.191,-266987.01,0,0
50_20_20_10,trend_qqq,aligned,487,0.238805,-0.937500,0.351129,-1.250000,12,2.270902,0.037112,0.440497,188,652.787,155888.59,0,0
50_20_20_10,trend_qqq,flat,99,0.146319,-1.116220,0.303030,-1.250000,14,2.282318,-0.303269,0.595907,50,498.960,73007.20,0,0
50_20_20_10,trend_qqq,opposed,316,-0.260561,-1.169011,0.218354,-1.250000,21,1.926535,-0.472978,-0.048144,150,530.880,-138326.54,0,0
50_20_20_10,trend_qqq,unknown,3,0.905711,1.733763,0.666667,-1.250000,1,1.537904,-0.834590,2.646013,1,756.000,684717.87,1,0
50_20_20_10,session_third,09:30-10:00,905,0.056534,-1.038462,0.300552,-1.250000,16,2.169095,-0.084788,0.197856,229,995.895,56301.98,0,0
50_20_20_10,side,long,436,0.034070,-1.095311,0.302752,-1.250000,21,2.125979,-0.165489,0.233629,182,603.692,20567.90,0,0
50_20_20_10,side,short,469,0.077417,-0.988605,0.298507,-1.250000,27,2.208218,-0.122436,0.277271,175,675.360,52284.54,0,0
50_20_20_10,symbol|pool,AAPL|equity,19,0.176691,-0.794811,0.473684,-1.250000,3,1.521533,-0.507474,0.860856,18,266.000,46999.88,1,0
50_20_20_10,symbol|pool,AMD|equity,64,0.448820,-1.189612,0.296875,-1.250000,16,2.970959,-0.279065,1.176705,50,322.560,144771.36,0,0
50_20_20_10,symbol|pool,AMZN|equity,20,-0.398818,-0.999912,0.200000,-1.250000,7,1.283246,-0.961226,0.163589,20,252.000,-100502.25,0,0
50_20_20_10,symbol|pool,AVGO|other,46,-0.210344,-1.165502,0.260870,-1.250000,6,1.717898,-0.706793,0.286105,43,269.581,-56704.81,0,0
50_20_20_10,symbol|pool,BABA|other,9,-0.314312,-1.236667,0.333333,-1.250000,4,1.414636,-1.238541,0.609917,9,252.000,-79206.65,1,0
50_20_20_10,symbol|pool,COIN|other,76,-0.240453,-1.141336,0.276316,-1.250000,14,1.504652,-0.578740,0.097834,67,285.851,-68733.55,0,0
50_20_20_10,symbol|pool,CRM|other,37,0.242393,-0.960244,0.324324,-1.250000,9,2.218795,-0.472552,0.957337,33,282.545,68486.96,0,0
50_20_20_10,symbol|pool,GOOGL|equity,20,0.077307,-0.969172,0.400000,-1.250000,4,1.784742,-0.704891,0.859504,20,252.000,19481.25,0,0
50_20_20_10,symbol|pool,HOOD|other,49,0.449836,-0.913763,0.346939,-1.250000,7,2.349743,-0.208092,1.107764,46,268.435,120751.59,0,0
50_20_20_10,symbol|pool,INTC|equity,28,0.489528,-0.654118,0.428571,-1.250000,3,2.280571,-0.355208,1.334263,28,252.000,123361.05,0,0
50_20_20_10,symbol|pool,IREN|other,66,0.217884,-1.014881,0.272727,-1.250000,12,2.786012,-0.454267,0.890036,63,264.000,57521.42,0,0
50_20_20_10,symbol|pool,MARA|other,1,-0.828333,-0.828333,0.000000,-0.828333,1,0.000000,-0.828333,-0.828333,1,252.000,-208740.00,1,0
50_20_20_10,symbol|pool,META|equity,38,0.446968,-0.790807,0.421053,-1.250000,4,2.010326,-0.192223,1.086159,35,273.600,122290.46,0,0
50_20_20_10,symbol|pool,MSFT|equity,30,-0.116483,-1.162849,0.300000,-1.250000,7,1.748322,-0.742112,0.509145,27,280.000,-32615.38,0,0
50_20_20_10,symbol|pool,MU|equity,72,0.235725,-1.110679,0.277778,-1.250000,7,3.104447,-0.481366,0.952816,64,283.500,66828.08,0,0
50_20_20_10,symbol|pool,NFLX|equity,19,0.230724,-0.925000,0.315789,-1.250000,4,1.984616,-0.661668,1.123116,19,252.000,58142.47,1,0
50_20_20_10,symbol|pool,NVDA|equity,39,-0.086717,-0.692568,0.307692,-1.250000,8,1.558119,-0.575735,0.402301,34,289.059,-25066.34,0,0
50_20_20_10,symbol|pool,ORCL|equity,59,-0.255477,-1.163608,0.220339,-1.250000,13,2.053885,-0.779567,0.268613,46,323.217,-82574.60,0,0
50_20_20_10,symbol|pool,PLTR|equity,61,-0.014846,-1.076069,0.278689,-1.250000,11,2.038309,-0.526364,0.496672,57,269.684,-4003.79,0,0
50_20_20_10,symbol|pool,QQQ|index,9,0.776427,-0.244898,0.444444,-1.250000,4,2.009087,-0.536176,2.089030,9,252.000,195659.60,1,0
50_20_20_10,symbol|pool,SOFI|other,4,-0.742899,-1.003654,0.250000,-1.250000,2,0.612321,-1.342973,-0.142824,4,252.000,-187210.46,1,0
50_20_20_10,symbol|pool,TSLA|equity,71,-0.319654,-1.108243,0.239437,-1.250000,9,1.630293,-0.698875,0.059567,61,293.311,-93758.14,0,0
50_20_20_10,symbol|pool,TSM|other,42,-0.272704,-0.982124,0.261905,-1.250000,11,1.365660,-0.685727,0.140319,39,271.385,-74007.63,0,0
50_20_20_10,symbol|pool,UBER|other,26,0.487265,-0.797610,0.423077,-1.250000,4,2.102817,-0.321032,1.295562,26,252.000,122790.66,0,0
50_20_20_10,symbol|month,AAPL|2025-08,1,3.489316,3.489316,1.000000,3.489316,0,0.000000,3.489316,3.489316,1,252.000,879307.59,1,0
50_20_20_10,symbol|month,AAPL|2025-09,1,2.372807,2.372807,1.000000,2.372807,0,0.000000,2.372807,2.372807,1,252.000,597947.37,1,0
50_20_20_10,symbol|month,AAPL|2026-01,3,-0.027778,-1.250000,0.333333,-1.250000,2,1.728483,-1.983741,1.928185,3,252.000,-7000.00,1,0
50_20_20_10,symbol|month,AAPL|2026-02,1,-1.000000,-1.000000,0.000000,-1.000000,1,0.000000,-1.000000,-1.000000,1,252.000,-252000.00,1,0
50_20_20_10,symbol|month,AAPL|2026-03,1,-1.231594,-1.231594,0.000000,-1.231594,1,0.000000,-1.231594,-1.231594,1,252.000,-310361.64,1,0
50_20_20_10,symbol|month,AAPL|2026-05,2,-0.353288,-0.353288,0.500000,-0.794811,1,0.441523,-0.965208,0.258632,2,252.000,-89028.58,1,0
50_20_20_10,symbol|month,AAPL|2026-06,5,0.024913,-0.843220,0.400000,-1.153902,3,1.282673,-1.099400,1.149225,4,315.000,7847.48,1,0
50_20_20_10,symbol|month,AAPL|2026-07,4,-0.117044,-0.405370,0.500000,-1.250000,1,1.186199,-1.279519,1.045431,4,252.000,-29495.17,1,0
50_20_20_10,symbol|month,AAPL|2026-08,1,0.860129,0.860129,1.000000,0.860129,0,0.000000,0.860129,0.860129,1,252.000,216752.41,1,0
50_20_20_10,symbol|month,AMD|2025-09,1,-1.250000,-1.250000,0.000000,-1.250000,1,0.000000,-1.250000,-1.250000,1,252.000,-315000.00,1,0
50_20_20_10,symbol|month,AMD|2025-10,5,4.449991,4.400821,0.600000,-1.250000,2,5.269173,-0.168643,9.068624,5,252.000,1121397.61,1,0
50_20_20_10,symbol|month,AMD|2025-11,10,0.313152,-1.063906,0.300000,-1.250000,4,2.890377,-1.478323,2.104626,6,420.000,131523.71,1,0
50_20_20_10,symbol|month,AMD|2025-12,5,1.795100,3.108139,0.600000,-1.250000,2,2.520888,-0.414556,4.004756,2,630.000,1130913.08,1,0
50_20_20_10,symbol|month,AMD|2026-01,6,-1.040184,-1.183110,0.000000,-1.250000,6,0.346299,-1.317281,-0.763087,5,302.400,-314551.64,1,0
50_20_20_10,symbol|month,AMD|2026-02,3,-1.019928,-1.250000,0.000000,-1.250000,3,0.325372,-1.388120,-0.651735,3,252.000,-257021.74,1,0
50_20_20_10,symbol|month,AMD|2026-03,5,-1.190179,-1.250000,0.000000,-1.250000,5,0.110930,-1.287413,-1.092944,4,315.000,-374906.25,1,0
50_20_20_10,symbol|month,AMD|2026-04,5,0.546643,-1.250000,0.400000,-1.250000,3,2.763061,-1.875287,2.968573,5,252.000,137753.95,1,0
50_20_20_10,symbol|month,AMD|2026-05,6,1.886878,0.804906,0.500000,-1.250000,2,3.322395,-0.771592,4.545347,5,302.400,570591.82,1,0
50_20_20_10,symbol|month,AMD|2026-06,7,-0.649877,-1.225610,0.285714,-1.250000,5,0.818542,-1.256261,-0.043493,6,294.000,-191063.94,1,0
50_20_20_10,symbol|month,AMD|2026-07,8,-0.260692,-0.918928,0.250000,-1.250000,5,1.333482,-1.184748,0.663364,6,336.000,-87592.56,1,0
50_20_20_10,symbol|month,AMD|2026-08,3,1.149828,-1.250000,0.333333,-1.250000,2,3.393870,-2.690697,4.990354,2,378.000,434635.16,1,0
50_20_20_10,symbol|month,AMZN|2025-08,1,-1.250000,-1.250000,0.000000,-1.250000,1,0.000000,-1.250000,-1.250000,1,252.000,-315000.00,1,0
50_20_20_10,symbol|month,AMZN|2025-11,3,-1.147358,-1.250000,0.000000,-1.250000,3,0.145158,-1.311620,-0.983096,3,252.000,-289134.15,1,0
50_20_20_10,symbol|month,AMZN|2026-01,1,-1.250000,-1.250000,0.000000,-1.250000,1,0.000000,-1.250000,-1.250000,1,252.000,-315000.00,1,0
50_20_20_10,symbol|month,AMZN|2026-02,4,0.561122,0.324068,0.500000,-1.169776,2,1.549356,-0.957246,2.079491,4,252.000,141402.80,1,0
50_20_20_10,symbol|month,AMZN|2026-03,3,-1.048006,-1.009524,0.000000,-1.250000,3,0.151678,-1.219646,-0.876366,3,252.000,-264097.47,1,0
50_20_20_10,symbol|month,AMZN|2026-04,1,0.576923,0.576923,1.000000,0.576923,0,0.000000,0.576923,0.576923,1,252.000,145384.62,1,0
50_20_20_10,symbol|month,AMZN|2026-05,3,-0.871822,-1.143617,0.000000,-1.250000,3,0.461648,-1.394226,-0.349417,3,252.000,-219699.05,1,0
50_20_20_10,symbol|month,AMZN|2026-06,3,-0.720347,-0.990300,0.000000,-1.055000,3,0.428336,-1.205055,-0.235639,3,252.000,-181527.43,1,0
50_20_20_10,symbol|month,AMZN|2026-07,1,3.064815,3.064815,1.000000,3.064815,0,0.000000,3.064815,3.064815,1,252.000,772333.33,1,0
50_20_20_10,symbol|month,AVGO|2025-08,1,-0.775862,-0.775862,0.000000,-0.775862,1,0.000000,-0.775862,-0.775862,1,252.000,-195517.24,1,0
50_20_20_10,symbol|month,AVGO|2025-09,1,-0.644841,-0.644841,0.000000,-0.644841,1,0.000000,-0.644841,-0.644841,1,252.000,-162500.00,1,0
50_20_20_10,symbol|month,AVGO|2025-10,1,-0.373289,-0.373289,0.000000,-0.373289,1,0.000000,-0.373289,-0.373289,1,252.000,-94068.82,1,0
50_20_20_10,symbol|month,AVGO|2025-11,2,0.383097,0.383097,0.500000,-1.250000,1,1.633097,-1.880260,2.646454,2,252.000,96540.49,1,0
50_20_20_10,symbol|month,AVGO|2025-12,4,0.040441,-1.250000,0.250000,-1.250000,3,2.235110,-2.149966,2.230849,4,252.000,10191.18,1,0
50_20_20_10,symbol|month,AVGO|2026-01,5,0.510375,-1.091463,0.400000,-1.250000,2,2.102878,-1.332879,2.353630,5,252.000,128614.58,1,0
50_20_20_10,symbol|month,AVGO|2026-02,7,-0.265452,-0.719423,0.285714,-1.250000,2,1.380299,-1.287992,0.757088,6,294.000,-78042.92,1,0
50_20_20_10,symbol|month,AVGO|2026-03,5,0.130685,-1.195000,0.200000,-1.250000,2,2.697527,-2.233802,2.495172,5,252.000,32932.56,1,0
50_20_20_10,symbol|month,AVGO|2026-04,5,-0.888906,-1.250000,0.200000,-1.250000,3,0.722188,-1.521932,-0.255881,4,315.000,-280005.42,1,0
50_20_20_10,symbol|month,AVGO|2026-05,8,-0.329405,-1.125000,0.250000,-1.250000,5,1.505187,-1.372447,0.713636,7,288.000,-94868.73,1,0
50_20_20_10,symbol|month,AVGO|2026-06,2,-1.162334,-1.162334,0.000000,-1.168539,2,0.006205,-1.170934,-1.153734,2,252.000,-292908.13,1,0
50_20_20_10,symbol|month,AVGO|2026-07,2,0.310239,0.310239,0.500000,-1.183522,1,1.493761,-1.760008,2.380486,2,252.000,78180.27,1,0
50_20_20_10,symbol|month,AVGO|2026-08,3,-0.457654,-1.250000,0.333333,-1.250000,1,1.120547,-1.725672,0.810365,3,252.000,-115328.72,1,0
50_20_20_10,symbol|month,BABA|2025-11,1,0.326051,0.326051,1.000000,0.326051,0,0.000000,0.326051,0.326051,1,252.000,82164.78,1,0
50_20_20_10,symbol|month,BABA|2025-12,1,-1.131757,-1.131757,0.000000,-1.131757,1,0.000000,-1.131757,-1.131757,1,252.000,-285202.70,1,0
50_20_20_10,symbol|month,BABA|2026-01,1,2.761111,2.761111,1.000000,2.761111,0,0.000000,2.761111,2.761111,1,252.000,695800.00,1,0
50_20_20_10,symbol|month,BABA|2026-02,1,-1.250000,-1.250000,0.000000,-1.250000,1,0.000000,-1.250000,-1.250000,1,252.000,-315000.00,1,0
50_20_20_10,symbol|month,BABA|2026-04,1,-1.250000,-1.250000,0.000000,-1.250000,1,0.000000,-1.250000,-1.250000,1,252.000,-315000.00,1,0
50_20_20_10,symbol|month,BABA|2026-05,1,-1.250000,-1.250000,0.000000,-1.250000,1,0.000000,-1.250000,-1.250000,1,252.000,-315000.00,1,0
50_20_20_10,symbol|month,BABA|2026-06,1,-1.250000,-1.250000,0.000000,-1.250000,1,0.000000,-1.250000,-1.250000,1,252.000,-315000.00,1,0
50_20_20_10,symbol|month,BABA|2026-07,2,0.107893,0.107893,0.500000,-1.236667,1,1.344560,-1.755572,1.971358,2,252.000,27189.06,1,0
50_20_20_10,symbol|month,COIN|2025-08,4,-0.636677,-0.604083,0.000000,-1.250000,4,0.517550,-1.143875,-0.129478,3,336.000,-213923.41,1,0
50_20_20_10,symbol|month,COIN|2025-09,5,0.454084,0.180672,0.600000,-1.208955,2,1.182790,-0.582677,1.490845,3,420.000,190715.25,1,0
50_20_20_10,symbol|month,COIN|2025-10,6,-0.585852,-0.968750,0.166667,-1.250000,5,0.849795,-1.265830,0.094125,6,252.000,-147634.80,1,0
50_20_20_10,symbol|month,COIN|2025-11,4,0.448022,0.265488,0.500000,-1.250000,2,1.407975,-0.931793,1.827837,4,252.000,112901.53,1,0
50_20_20_10,symbol|month,COIN|2025-12,10,0.594490,-0.991609,0.400000,-1.250000,5,2.316828,-0.841495,2.030475,9,280.000,166457.19,1,0
50_20_20_10,symbol|month,COIN|2026-01,2,-0.784091,-0.784091,0.000000,-1.250000,2,0.465909,-1.429808,-0.138374,2,252.000,-197590.91,1,0
50_20_20_10,symbol|month,COIN|2026-02,8,-0.653940,-1.250000,0.250000,-1.250000,5,1.070479,-1.395744,0.087864,7,288.000,-188334.71,1,0
50_20_20_10,symbol|month,COIN|2026-03,7,-0.213173,-1.250000,0.428571,-1.250000,3,1.377723,-1.233805,0.807458,6,294.000,-62672.94,1,0
50_20_20_10,symbol|month,COIN|2026-04,9,-0.910111,-1.152672,0.111111,-1.250000,4,0.485706,-1.227439,-0.592783,7,324.000,-294875.86,1,0
50_20_20_10,symbol|month,COIN|2026-05,6,-1.250000,-1.250000,0.000000,-1.250000,6,0.000000,-1.250000,-1.250000,6,252.000,-315000.00,1,0
50_20_20_10,symbol|month,COIN|2026-06,7,-0.563317,-1.095000,0.142857,-1.250000,4,1.037076,-1.331594,0.204959,6,294.000,-165615.34,1,0
50_20_20_10,symbol|month,COIN|2026-07,7,0.206265,-0.980735,0.428571,-1.250000,3,1.620260,-0.994041,1.406571,7,252.000,51978.80,1,0
50_20_20_10,symbol|month,COIN|2026-08,1,4.262295,4.262295,1.000000,4.262295,0,0.000000,4.262295,4.262295,1,252.000,1074098.36,1,0
50_20_20_10,symbol|month,CRM|2025-08,2,0.220361,0.220361,0.500000,-1.250000,1,1.470361,-1.817455,2.258177,2,252.000,55530.93,1,0
50_20_20_10,symbol|month,CRM|2025-09,2,-1.063388,-1.063388,0.000000,-1.250000,2,0.186612,-1.322019,-0.804757,2,252.000,-267973.82,1,0
50_20_20_10,symbol|month,CRM|2025-10,2,-1.124856,-1.124856,0.000000,-1.175000,2,0.050144,-1.194352,-1.055360,2,252.000,-283463.70,1,0
50_20_20_10,symbol|month,CRM|2025-11,1,-0.679852,-0.679852,0.000000,-0.679852,1,0.000000,-0.679852,-0.679852,1,252.000,-171322.71,1,0
50_20_20_10,symbol|month,CRM|2025-12,2,2.301373,2.301373,1.000000,0.362663,0,1.938710,-0.385542,4.988289,2,252.000,579946.08,1,0
50_20_20_10,symbol|month,CRM|2026-01,3,0.106349,-0.351190,0.333333,-1.125000,2,1.235301,-1.291526,1.504224,2,378.000,40199.93,1,0
50_20_20_10,symbol|month,CRM|2026-02,4,-0.203113,0.091851,0.500000,-1.221154,2,0.597253,-0.788420,0.382195,3,336.000,-68245.87,1,0
50_20_20_10,symbol|month,CRM|2026-03,4,-0.974694,-1.063849,0.000000,-1.250000,4,0.292224,-1.261073,-0.688314,4,252.000,-245622.79,1,0
50_20_20_10,symbol|month,CRM|2026-04,3,5.119974,5.848837,1.000000,2.865854,0,1.626725,3.279161,6.960787,3,252.000,1290233.39,1,0
50_20_20_10,symbol|month,CRM|2026-05,4,-1.177561,-1.250000,0.000000,-1.250000,4,0.125468,-1.300520,-1.054602,4,252.000,-296745.37,1,0
50_20_20_10,symbol|month,CRM|2026-06,4,-1.200929,-1.250000,0.000000,-1.250000,4,0.084993,-1.284223,-1.117636,3,336.000,-403512.16,1,0
50_20_20_10,symbol|month,CRM|2026-07,5,0.502892,-1.144231,0.400000,-1.250000,2,2.085025,-1.324713,2.330497,4,315.000,158411.08,1,0
50_20_20_10,symbol|month,CRM|2026-08,1,5.013158,5.013158,1.000000,5.013158,0,0.000000,5.013158,5.013158,1,252.000,1263315.79,1,0
50_20_20_10,symbol|month,GOOGL|2025-08,1,0.097375,0.097375,1.000000,0.097375,0,0.000000,0.097375,0.097375,1,252.000,24538.41,1,0
50_20_20_10,symbol|month,GOOGL|2025-09,2,1.973673,1.973673,1.000000,1.670319,0,0.303354,1.553246,2.394100,2,252.000,497365.62,1,0
50_20_20_10,symbol|month,GOOGL|2025-10,1,-1.240741,-1.240741,0.000000,-1.240741,1,0.000000,-1.240741,-1.240741,1,252.000,-312666.67,1,0
50_20_20_10,symbol|month,GOOGL|2025-12,1,0.806122,0.806122,1.000000,0.806122,0,0.000000,0.806122,0.806122,1,252.000,203142.86,1,0
50_20_20_10,symbol|month,GOOGL|2026-01,2,-1.249008,-1.249008,0.000000,-1.250000,2,0.000992,-1.250383,-1.247633,2,252.000,-314750.00,1,0
50_20_20_10,symbol|month,GOOGL|2026-02,1,-0.968750,-0.968750,0.000000,-0.968750,1,0.000000,-0.968750,-0.968750,1,252.000,-244125.00,1,0
50_20_20_10,symbol|month,GOOGL|2026-03,2,0.400583,0.400583,0.500000,-1.190359,1,1.590942,-1.804351,2.605517,2,252.000,100946.91,1,0
50_20_20_10,symbol|month,GOOGL|2026-04,1,-1.166096,-1.166096,0.000000,-1.166096,1,0.000000,-1.166096,-1.166096,1,252.000,-293856.16,1,0
50_20_20_10,symbol|month,GOOGL|2026-05,4,0.215676,-0.470214,0.500000,-1.202362,2,1.675826,-1.426633,1.857986,4,252.000,54350.42,1,0
50_20_20_10,symbol|month,GOOGL|2026-06,2,2.237804,2.237804,0.500000,-0.690678,1,2.928482,-1.820865,6.296473,2,252.000,563926.58,1,0
50_20_20_10,symbol|month,GOOGL|2026-07,1,-1.250000,-1.250000,0.000000,-1.250000,1,0.000000,-1.250000,-1.250000,1,252.000,-315000.00,1,0
50_20_20_10,symbol|month,GOOGL|2026-08,2,-1.160294,-1.160294,0.000000,-1.225000,2,0.064706,-1.249972,-1.070616,2,252.000,-292394.12,1,0
50_20_20_10,symbol|month,HOOD|2025-08,3,-0.460741,-1.250000,0.333333,-1.250000,1,1.116181,-1.723819,0.802337,3,252.000,-116106.67,1,0
50_20_20_10,symbol|month,HOOD|2025-09,5,0.024275,-0.250000,0.400000,-1.250000,2,1.193306,-1.021703,1.070254,5,252.000,6117.42,1,0
50_20_20_10,symbol|month,HOOD|2025-10,5,-0.515217,-1.250000,0.200000,-1.250000,2,1.469565,-1.803348,0.772913,4,315.000,-162293.48,1,0
50_20_20_10,symbol|month,HOOD|2025-11,6,0.309963,-1.250000,0.166667,-1.250000,5,3.388556,-2.401447,3.021372,5,302.400,93732.77,1,0
50_20_20_10,symbol|month,HOOD|2025-12,1,4.070222,4.070222,1.000000,4.070222,0,0.000000,4.070222,4.070222,1,252.000,1025696.00,1,0
50_20_20_10,symbol|month,HOOD|2026-01,4,-1.078203,-1.250000,0.000000,-1.250000,4,0.297561,-1.369813,-0.786593,4,252.000,-271707.19,1,0
50_20_20_10,symbol|month,HOOD|2026-02,5,-0.528927,-1.134615,0.200000,-1.250000,4,0.880342,-1.300581,0.242726,5,252.000,-133289.70,1,0
50_20_20_10,symbol|month,HOOD|2026-03,4,-0.473324,-0.418912,0.250000,-1.250000,3,0.577248,-1.039027,0.092379,4,252.000,-119277.58,1,0
50_20_20_10,symbol|month,HOOD|2026-04,3,0.611905,-1.250000,0.333333,-1.250000,2,2.633131,-2.367763,3.591573,3,252.000,154200.00,1,0
50_20_20_10,symbol|month,HOOD|2026-05,1,-0.192759,-0.192759,0.000000,-0.192759,1,0.000000,-0.192759,-0.192759,1,252.000,-48575.26,1,0
50_20_20_10,symbol|month,HOOD|2026-06,5,3.370050,3.657407,0.800000,-0.757805,1,2.377847,1.285775,5.454325,4,315.000,1061565.84,1,0
50_20_20_10,symbol|month,HOOD|2026-07,5,1.540754,2.910714,0.600000,-1.250000,2,2.289304,-0.465910,3.547417,5,252.000,388269.93,1,0
50_20_20_10,symbol|month,HOOD|2026-08,2,1.301329,1.301329,0.500000,-0.913763,1,2.215093,-1.768632,4.371291,2,252.000,327934.96,1,0
50_20_20_10,symbol|month,INTC|2025-09,1,-1.227644,-1.227644,0.000000,-1.227644,1,0.000000,-1.227644,-1.227644,1,252.000,-309366.25,1,0
50_20_20_10,symbol|month,INTC|2025-11,3,0.185000,0.742500,0.666667,-1.250000,1,1.023073,-0.972717,1.342717,3,252.000,46620.00,1,0
50_20_20_10,symbol|month,INTC|2025-12,1,4.584286,4.584286,1.000000,4.584286,0,0.000000,4.584286,4.584286,1,252.000,1155240.00,1,0
50_20_20_10,symbol|month,INTC|2026-01,2,0.052692,0.052692,0.500000,-1.250000,1,1.302692,-1.752747,1.858132,2,252.000,13278.46,1,0
50_20_20_10,symbol|month,INTC|2026-02,1,0.035088,0.035088,1.000000,0.035088,0,0.000000,0.035088,0.035088,1,252.000,8842.11,1,0
50_20_20_10,symbol|month,INTC|2026-03,1,-0.437500,-0.437500,0.000000,-0.437500,1,0.000000,-0.437500,-0.437500,1,252.000,-110250.00,1,0
50_20_20_10,symbol|month,INTC|2026-04,2,-1.250000,-1.250000,0.000000,-1.250000,2,0.000000,-1.250000,-1.250000,2,252.000,-315000.00,1,0
50_20_20_10,symbol|month,INTC|2026-05,3,1.073141,-0.516569,0.333333,-1.250000,2,2.782958,-2.076072,4.222354,3,252.000,270431.49,1,0
50_20_20_10,symbol|month,INTC|2026-06,8,0.972513,-0.043561,0.500000,-1.250000,2,2.738314,-0.925042,2.870068,8,252.000,245073.24,1,0
50_20_20_10,symbol|month,INTC|2026-07,5,0.568529,-0.791667,0.400000,-1.250000,1,2.118211,-1.288165,2.425222,5,252.000,143269.27,1,0
50_20_20_10,symbol|month,INTC|2026-08,1,-1.250000,-1.250000,0.000000,-1.250000,1,0.000000,-1.250000,-1.250000,1,252.000,-315000.00,1,0
50_20_20_10,symbol|month,IREN|2025-09,5,-0.647893,-1.228008,0.400000,-1.250000,2,0.732043,-1.289557,-0.006229,5,252.000,-163269.03,1,0
50_20_20_10,symbol|month,IREN|2025-10,8,-1.078279,-1.194500,0.000000,-1.250000,8,0.214967,-1.227243,-0.929315,7,288.000,-310544.29,1,0
50_20_20_10,symbol|month,IREN|2025-11,6,-0.491238,-0.956406,0.166667,-1.250000,3,1.179779,-1.435257,0.452782,6,252.000,-123791.86,1,0
50_20_20_10,symbol|month,IREN|2025-12,6,-1.019108,-1.127976,0.000000,-1.250000,6,0.257192,-1.224905,-0.813311,5,302.400,-308178.26,1,0
50_20_20_10,symbol|month,IREN|2026-01,6,-0.437362,-1.098790,0.166667,-1.250000,3,1.220010,-1.413574,0.538849,6,252.000,-110215.27,1,0
50_20_20_10,symbol|month,IREN|2026-02,7,0.649870,-1.250000,0.285714,-1.250000,4,2.975255,-1.554229,2.853970,6,294.000,191061.84,1,0
50_20_20_10,symbol|month,IREN|2026-03,8,1.535052,0.296591,0.500000,-1.250000,4,3.268918,-0.730193,3.800296,8,252.000,386833.04,1,0
50_20_20_10,symbol|month,IREN|2026-04,2,0.480310,0.480310,0.500000,-1.230556,1,1.710866,-1.890829,2.851450,2,252.000,121038.24,1,0
50_20_20_10,symbol|month,IREN|2026-05,6,3.154140,0.571200,0.500000,-1.250000,2,5.759710,-1.454588,7.762868,6,252.000,794843.30,1,0
50_20_20_10,symbol|month,IREN|2026-06,6,0.075641,-0.662711,0.333333,-1.250000,4,1.767440,-1.338606,1.489888,6,252.000,19061.49,1,0
50_20_20_10,symbol|month,IREN|2026-07,5,-0.564611,-1.152778,0.200000,-1.250000,4,1.175989,-1.595411,0.466189,5,252.000,-142281.95,1,0
50_20_20_10,symbol|month,IREN|2026-08,1,3.586538,3.586538,1.000000,3.586538,0,0.000000,3.586538,3.586538,1,252.000,903807.69,1,0
50_20_20_10,symbol|month,MARA|2025-10,1,-0.828333,-0.828333,0.000000,-0.828333,1,0.000000,-0.828333,-0.828333,1,252.000,-208740.00,1,0
50_20_20_10,symbol|month,META|2025-08,3,1.595385,2.048780,0.666667,-1.250000,1,2.162051,-0.851206,4.041976,2,378.000,603055.43,1,0
50_20_20_10,symbol|month,META|2025-10,5,-0.258831,-1.181818,0.200000,-1.250000,3,1.622486,-1.681002,1.163340,4,315.000,-81531.77,1,0
50_20_20_10,symbol|month,META|2025-11,2,-1.238281,-1.238281,0.000000,-1.250000,2,0.011719,-1.254523,-1.222040,2,252.000,-312046.88,1,0
50_20_20_10,symbol|month,META|2026-01,3,0.159987,-1.250000,0.333333,-1.250000,1,1.994022,-2.096462,2.416435,3,252.000,40316.64,1,0
50_20_20_10,symbol|month,META|2026-02,5,0.830823,0.439152,0.600000,-1.250000,1,2.075824,-0.988717,2.650363,5,252.000,209367.35,1,0
50_20_20_10,symbol|month,META|2026-03,3,-0.956547,-0.956597,0.000000,-1.250000,3,0.239624,-1.227707,-0.685387,3,252.000,-241049.82,1,0
50_20_20_10,symbol|month,META|2026-04,2,1.249865,1.249865,0.500000,-1.250000,1,2.499865,-2.214771,4.714502,2,252.000,314966.08,1,0
50_20_20_10,symbol|month,META|2026-05,1,3.965702,3.965702,1.000000,3.965702,0,0.000000,3.965702,3.965702,1,252.000,999356.91,1,0
50_20_20_10,symbol|month,META|2026-06,4,0.758994,0.496640,0.500000,-1.175388,2,1.948464,-1.150501,2.668489,4,252.000,191266.56,1,0
50_20_20_10,symbol|month,META|2026-07,7,0.500957,0.054432,0.571429,-1.250000,2,1.494501,-0.606185,1.608099,6,294.000,147281.43,1,0
50_20_20_10,symbol|month,META|2026-08,3,0.398935,-1.250000,0.333333,-1.250000,2,2.331947,-2.239911,3.037781,3,252.000,100531.69,1,0
50_20_20_10,symbol|month,MSFT|2025-10,1,-1.203358,-1.203358,0.000000,-1.203358,1,0.000000,-1.203358,-1.203358,1,252.000,-303246.27,1,0
50_20_20_10,symbol|month,MSFT|2025-11,3,1.034632,-1.250000,0.333333,-1.250000,1,3.230958,-2.621541,4.690805,3,252.000,260727.27,1,0
50_20_20_10,symbol|month,MSFT|2026-02,4,-1.150735,-1.250000,0.000000,-1.250000,4,0.171932,-1.319228,-0.982242,3,336.000,-386647.06,1,0
50_20_20_10,symbol|month,MSFT|2026-03,2,-1.250000,-1.250000,0.000000,-1.250000,2,0.000000,-1.250000,-1.250000,2,252.000,-315000.00,1,0
50_20_20_10,symbol|month,MSFT|2026-04,3,1.728329,1.741667,1.000000,0.529026,0,0.973828,0.626340,2.830319,3,252.000,435539.01,1,0
50_20_20_10,symbol|month,MSFT|2026-05,5,-0.660388,-1.250000,0.200000,-1.250000,4,1.116490,-1.639034,0.318258,4,315.000,-208022.19,1,0
50_20_20_10,symbol|month,MSFT|2026-06,2,-0.734375,-0.734375,0.000000,-1.250000,2,0.515625,-1.448995,-0.019755,2,252.000,-185062.50,1,0
50_20_20_10,symbol|month,MSFT|2026-07,8,-0.570302,-0.978877,0.250000,-1.250000,5,0.794174,-1.120636,-0.019967,7,288.000,-164246.86,1,0
50_20_20_10,symbol|month,MSFT|2026-08,2,2.928006,2.928006,1.000000,2.233371,0,0.694635,1.965291,3.890722,2,252.000,737857.57,1,0
50_20_20_10,symbol|month,MU|2025-08,1,-1.250000,-1.250000,0.000000,-1.250000,1,0.000000,-1.250000,-1.250000,1,252.000,-315000.00,1,0
50_20_20_10,symbol|month,MU|2025-09,3,-0.674249,-1.060294,0.333333,-1.196429,1,0.644612,-1.403696,0.055197,3,252.000,-169910.86,1,0
50_20_20_10,symbol|month,MU|2025-10,1,-1.250000,-1.250000,0.000000,-1.250000,1,0.000000,-1.250000,-1.250000,1,252.000,-315000.00,1,0
50_20_20_10,symbol|month,MU|2025-11,6,-0.280403,-1.187500,0.333333,-1.250000,2,1.346475,-1.357807,0.797001,4,378.000,-105992.35,1,0
50_20_20_10,symbol|month,MU|2025-12,7,-0.219685,-0.879231,0.285714,-1.250000,5,1.376850,-1.239669,0.800299,6,294.000,-64587.40,1,0
50_20_20_10,symbol|month,MU|2026-01,4,0.475393,-0.057477,0.500000,-1.162500,2,1.685449,-1.176347,2.127133,4,252.000,119798.97,1,0
50_20_20_10,symbol|month,MU|2026-02,6,4.034423,1.362429,0.500000,-1.250000,1,7.240242,-1.758977,9.827824,5,302.400,1220009.63,1,0
50_20_20_10,symbol|month,MU|2026-03,12,-0.650666,-1.141929,0.166667,-1.250000,4,1.052968,-1.246439,-0.054893,11,274.909,-178874.01,1,0
50_20_20_10,symbol|month,MU|2026-04,10,-0.136477,-0.934524,0.200000,-1.250000,7,2.108544,-1.443366,1.170413,8,315.000,-42990.11,1,0
50_20_20_10,symbol|month,MU|2026-05,9,-0.314511,-1.144125,0.222222,-1.250000,3,1.424342,-1.245081,0.616060,9,252.000,-79256.68,1,0
50_20_20_10,symbol|month,MU|2026-06,5,0.731657,-0.641131,0.400000,-1.250000,3,2.309949,-1.293103,2.756416,5,252.000,184377.46,1,0
50_20_20_10,symbol|month,MU|2026-07,7,-0.536987,-1.250000,0.142857,-1.250000,6,1.438274,-1.602475,0.528502,6,294.000,-157874.06,1,0
50_20_20_10,symbol|month,MU|2026-08,1,10.711039,10.711039,1.000000,10.711039,0,0.000000,10.711039,10.711039,1,252.000,2699181.82,1,0
50_20_20_10,symbol|month,NFLX|2025-08,1,-1.250000,-1.250000,0.000000,-1.250000,1,0.000000,-1.250000,-1.250000,1,252.000,-315000.00,1,0
50_20_20_10,symbol|month,NFLX|2025-09,2,0.420012,0.420012,0.500000,-1.250000,1,1.670012,-1.894507,2.734531,2,252.000,105843.07,1,0
50_20_20_10,symbol|month,NFLX|2025-10,1,-1.094595,-1.094595,0.000000,-1.094595,1,0.000000,-1.094595,-1.094595,1,252.000,-275837.84,1,0
50_20_20_10,symbol|month,NFLX|2025-12,1,-0.069444,-0.069444,0.000000,-0.069444,1,0.000000,-0.069444,-0.069444,1,252.000,-17500.00,1,0
50_20_20_10,symbol|month,NFLX|2026-01,1,-1.139286,-1.139286,0.000000,-1.139286,1,0.000000,-1.139286,-1.139286,1,252.000,-287100.00,1,0
50_20_20_10,symbol|month,NFLX|2026-02,2,2.057318,2.057318,0.500000,-0.328947,1,2.386265,-1.249877,5.364512,2,252.000,518444.08,1,0
50_20_20_10,symbol|month,NFLX|2026-03,3,0.820049,-1.124853,0.333333,-1.156250,2,2.772737,-2.317599,3.957697,3,252.000,206652.35,1,0
50_20_20_10,symbol|month,NFLX|2026-04,2,-0.770076,-0.770076,0.000000,-1.250000,2,0.479924,-1.435217,-0.104936,2,252.000,-194059.24,1,0
50_20_20_10,symbol|month,NFLX|2026-06,4,1.139119,1.022661,0.750000,-0.925000,1,1.656055,-0.483816,2.762053,4,252.000,287057.96,1,0
50_20_20_10,symbol|month,NFLX|2026-07,2,-1.247024,-1.247024,0.000000,-1.250000,2,0.002976,-1.251149,-1.242899,2,252.000,-314250.00,1,0
50_20_20_10,symbol|month,NVDA|2025-09,4,-0.570237,-0.594899,0.000000,-0.682059,4,0.111752,-0.679754,-0.460720,3,336.000,-191599.69,1,0
50_20_20_10,symbol|month,NVDA|2025-10,1,0.348183,0.348183,1.000000,0.348183,0,0.000000,0.348183,0.348183,1,252.000,87742.09,1,0
50_20_20_10,symbol|month,NVDA|2025-11,4,1.310358,0.941275,0.750000,-0.634802,1,1.796378,-0.450093,3.070808,2,504.000,660420.34,1,0
50_20_20_10,symbol|month,NVDA|2025-12,3,-0.536499,-0.901163,0.333333,-1.250000,2,0.775565,-1.414133,0.341136,3,252.000,-135197.67,1,0
50_20_20_10,symbol|month,NVDA|2026-01,2,-0.613057,-0.613057,0.500000,-1.237625,1,0.624568,-1.478664,0.252551,2,252.000,-154490.28,1,0
50_20_20_10,symbol|month,NVDA|2026-02,3,-1.147287,-1.250000,0.000000,-1.250000,3,0.145258,-1.311662,-0.982912,3,252.000,-289116.28,1,0
50_20_20_10,symbol|month,NVDA|2026-03,4,0.526909,-0.853637,0.250000,-1.233478,3,2.617557,-2.038297,3.092115,4,252.000,132781.05,1,0
50_20_20_10,symbol|month,NVDA|2026-05,3,0.382256,-0.149559,0.333333,-0.808150,2,1.247122,-1.028996,1.793508,3,252.000,96328.51,1,0
50_20_20_10,symbol|month,NVDA|2026-06,3,0.014979,-0.996429,0.333333,-1.250000,2,1.612974,-1.810273,1.840232,3,252.000,3774.82,1,0
50_20_20_10,symbol|month,NVDA|2026-07,9,-0.833374,-1.250000,0.111111,-1.250000,8,0.842935,-1.384092,-0.282657,7,324.000,-270013.28,1,0
50_20_20_10,symbol|month,NVDA|2026-08,3,1.262622,0.837000,0.666667,-0.311783,1,1.489968,-0.423436,2.948679,3,252.000,318180.70,1,0
50_20_20_10,symbol|month,ORCL|2025-09,11,-0.650429,-1.038462,0.181818,-1.250000,8,0.863928,-1.160978,-0.139880,7,396.000,-257569.89,1,0
50_20_20_10,symbol|month,ORCL|2025-10,3,-0.059703,0.515625,0.666667,-1.250000,1,0.841823,-1.012315,0.892910,3,252.000,-15045.03,1,0
50_20_20_10,symbol|month,ORCL|2025-11,3,1.985294,-1.150000,0.333333,-1.242313,2,4.499408,-3.106266,7.076853,3,252.000,500294.05,1,0
50_20_20_10,symbol|month,ORCL|2025-12,7,0.267233,-0.479896,0.428571,-1.250000,2,1.461330,-0.815336,1.349801,5,352.800,94279.64,1,0
50_20_20_10,symbol|month,ORCL|2026-01,3,2.196297,-1.163608,0.333333,-1.250000,2,4.812841,-3.249945,7.642540,3,252.000,553466.94,1,0
50_20_20_10,symbol|month,ORCL|2026-02,3,-1.226852,-1.250000,0.000000,-1.250000,3,0.032736,-1.263897,-1.189807,2,378.000,-463750.00,1,0
50_20_20_10,symbol|month,ORCL|2026-03,5,-1.146215,-1.250000,0.000000,-1.250000,5,0.201834,-1.323130,-0.969300,4,315.000,-361057.64,1,0
50_20_20_10,symbol|month,ORCL|2026-04,5,0.497595,-0.905651,0.400000,-1.114130,1,1.881885,-1.151950,2.147140,5,252.000,125393.95,1,0
50_20_20_10,symbol|month,ORCL|2026-05,11,-0.586771,-1.250000,0.181818,-1.250000,5,1.399594,-1.413878,0.240336,8,346.500,-203316.22,1,0
50_20_20_10,symbol|month,ORCL|2026-06,5,-1.250000,-1.250000,0.000000,-1.250000,5,0.000000,-1.250000,-1.250000,4,315.000,-393750.00,1,0
50_20_20_10,symbol|month,ORCL|2026-07,1,-0.570934,-0.570934,0.000000,-0.570934,1,0.000000,-0.570934,-0.570934,1,252.000,-143875.29,1,0
50_20_20_10,symbol|month,ORCL|2026-08,2,-0.977823,-0.977823,0.000000,-1.250000,2,0.272177,-1.355041,-0.600604,1,504.000,-492822.58,1,0
50_20_20_10,symbol|month,PLTR|2025-08,1,2.368654,2.368654,1.000000,2.368654,0,0.000000,2.368654,2.368654,1,252.000,596900.77,1,0
50_20_20_10,symbol|month,PLTR|2025-10,5,0.821325,-0.007585,0.400000,-1.250000,2,2.584228,-1.443850,3.086501,5,252.000,206973.94,1,0
50_20_20_10,symbol|month,PLTR|2025-11,6,-1.139622,-1.188534,0.000000,-1.250000,6,0.117602,-1.233723,-1.045520,4,378.000,-430776.94,1,0
50_20_20_10,symbol|month,PLTR|2025-12,2,-1.221714,-1.221714,0.000000,-1.250000,2,0.028286,-1.260916,-1.182511,2,252.000,-307871.91,1,0
50_20_20_10,symbol|month,PLTR|2026-01,8,0.122512,-1.064286,0.375000,-1.250000,3,1.775514,-1.107857,1.352880,8,252.000,30872.97,1,0
50_20_20_10,symbol|month,PLTR|2026-02,4,-1.073150,-1.153755,0.000000,-1.235092,4,0.197304,-1.266508,-0.879792,4,252.000,-270433.89,1,0
50_20_20_10,symbol|month,PLTR|2026-03,6,-1.049719,-1.250000,0.000000,-1.250000,6,0.375675,-1.350321,-0.749116,5,302.400,-317434.88,1,0
50_20_20_10,symbol|month,PLTR|2026-04,5,0.282215,-1.250000,0.400000,-1.250000,1,2.019822,-1.488237,2.052667,5,252.000,71118.18,1,0
50_20_20_10,symbol|month,PLTR|2026-05,7,-1.020639,-1.052778,0.000000,-1.250000,7,0.235152,-1.194842,-0.846436,6,294.000,-300067.90,1,0
50_20_20_10,symbol|month,PLTR|2026-06,7,0.247677,-0.156250,0.428571,-1.250000,2,1.557447,-0.906097,1.401450,7,252.000,62414.49,1,0
50_20_20_10,symbol|month,PLTR|2026-07,6,1.023131,-0.646845,0.333333,-1.250000,2,3.269962,-1.593384,3.639645,6,252.000,257828.91,1,0
50_20_20_10,symbol|month,PLTR|2026-08,4,2.342989,1.289544,1.000000,0.270726,0,2.468489,-0.076131,4.762109,4,252.000,590433.20,1,0
50_20_20_10,symbol|month,QQQ|2025-08,1,-0.508708,-0.508708,0.000000,-0.508708,1,0.000000,-0.508708,-0.508708,1,252.000,-128194.52,1,0
50_20_20_10,symbol|month,QQQ|2025-10,1,1.526119,1.526119,1.000000,1.526119,0,0.000000,1.526119,1.526119,1,252.000,384582.09,1,0
50_20_20_10,symbol|month,QQQ|2025-11,1,3.021277,3.021277,1.000000,3.021277,0,0.000000,3.021277,3.021277,1,252.000,761361.70,1,0
50_20_20_10,symbol|month,QQQ|2025-12,1,5.140000,5.140000,1.000000,5.140000,0,0.000000,5.140000,5.140000,1,252.000,1295280.00,1,0
50_20_20_10,symbol|month,QQQ|2026-01,1,0.865385,0.865385,1.000000,0.865385,0,0.000000,0.865385,0.865385,1,252.000,218076.92,1,0
50_20_20_10,symbol|month,QQQ|2026-02,1,-0.898196,-0.898196,0.000000,-0.898196,1,0.000000,-0.898196,-0.898196,1,252.000,-226345.36,1,0
50_20_20_10,symbol|month,QQQ|2026-06,3,-0.719345,-0.663136,0.000000,-1.250000,3,0.412252,-1.185851,-0.252838,3,252.000,-181274.82,1,0
50_20_20_10,symbol|month,SOFI|2025-10,1,-1.250000,-1.250000,0.000000,-1.250000,1,0.000000,-1.250000,-1.250000,1,252.000,-315000.00,1,0
50_20_20_10,symbol|month,SOFI|2026-02,1,0.285714,0.285714,1.000000,0.285714,0,0.000000,0.285714,0.285714,1,252.000,72000.00,1,0
50_20_20_10,symbol|month,SOFI|2026-05,1,-0.847826,-0.847826,0.000000,-0.847826,1,0.000000,-0.847826,-0.847826,1,252.000,-213652.17,1,0
50_20_20_10,symbol|month,SOFI|2026-07,1,-1.159483,-1.159483,0.000000,-1.159483,1,0.000000,-1.159483,-1.159483,1,252.000,-292189.66,1,0
50_20_20_10,symbol|month,TSLA|2025-08,2,-1.145502,-1.145502,0.000000,-1.182762,2,0.037260,-1.197142,-1.093863,1,504.000,-577333.12,1,0
50_20_20_10,symbol|month,TSLA|2025-09,3,-1.221309,-1.250000,0.000000,-1.250000,3,0.040575,-1.267224,-1.175394,3,252.000,-307769.92,1,0
50_20_20_10,symbol|month,TSLA|2025-10,8,-0.737135,-1.250000,0.125000,-1.250000,6,1.107305,-1.504458,0.030188,6,336.000,-247677.25,1,0
50_20_20_10,symbol|month,TSLA|2025-11,10,-0.484486,-1.004673,0.200000,-1.250000,7,1.058123,-1.140317,0.171345,8,315.000,-152613.05,1,0
50_20_20_10,symbol|month,TSLA|2025-12,11,0.381331,-0.795099,0.454545,-1.250000,3,1.848141,-0.710850,1.473513,9,308.000,117450.00,1,0
50_20_20_10,symbol|month,TSLA|2026-01,3,-1.153144,-1.118750,0.000000,-1.250000,3,0.069439,-1.231722,-1.074566,3,252.000,-290592.36,1,0
50_20_20_10,symbol|month,TSLA|2026-02,5,-1.191910,-1.176136,0.000000,-1.250000,5,0.049488,-1.235288,-1.148532,5,252.000,-300361.39,1,0
50_20_20_10,symbol|month,TSLA|2026-03,4,-0.123669,0.089260,0.500000,-1.250000,1,0.685150,-0.795116,0.547777,4,252.000,-31164.69,1,0
50_20_20_10,symbol|month,TSLA|2026-04,5,0.793057,-0.994718,0.400000,-1.250000,2,2.743269,-1.611524,3.197638,5,252.000,199850.37,1,0
50_20_20_10,symbol|month,TSLA|2026-05,6,0.124330,-1.250000,0.333333,-1.250000,4,2.456115,-1.840971,2.089631,4,378.000,46996.86,1,0
50_20_20_10,symbol|month,TSLA|2026-06,4,-0.209721,-0.705250,0.250000,-1.075820,2,1.111310,-1.298805,0.879363,4,252.000,-52849.71,1,0
50_20_20_10,symbol|month,TSLA|2026-07,7,-1.084387,-1.190818,0.000000,-1.250000,7,0.212299,-1.241661,-0.927114,7,252.000,-273265.61,1,0
50_20_20_10,symbol|month,TSLA|2026-08,3,1.146264,0.663793,0.666667,-1.250000,1,2.180365,-1.321051,3.613580,2,378.000,433287.93,1,0
50_20_20_10,symbol|month,TSM|2025-09,3,-0.820326,-1.177326,0.000000,-1.250000,3,0.557053,-1.450691,-0.189961,3,252.000,-206722.09,1,0
50_20_20_10,symbol|month,TSM|2025-10,3,-0.216716,-1.008772,0.333333,-1.250000,2,1.294462,-1.681537,1.248105,3,252.000,-54612.46,1,0
50_20_20_10,symbol|month,TSM|2025-11,6,-0.499955,-1.250000,0.166667,-1.250000,5,1.677153,-1.841956,0.842047,5,302.400,-151186.25,1,0
50_20_20_10,symbol|month,TSM|2025-12,2,-1.048077,-1.048077,0.000000,-1.250000,2,0.201923,-1.327928,-0.768226,2,252.000,-264115.38,1,0
50_20_20_10,symbol|month,TSM|2026-01,1,-1.194251,-1.194251,0.000000,-1.194251,1,0.000000,-1.194251,-1.194251,1,252.000,-300951.26,1,0
50_20_20_10,symbol|month,TSM|2026-02,4,0.320433,-0.388301,0.250000,-1.250000,3,1.763976,-1.408264,2.049129,3,336.000,107665.38,1,0
50_20_20_10,symbol|month,TSM|2026-03,5,0.435979,-0.334270,0.400000,-1.067623,3,1.756873,-1.103988,1.975946,4,315.000,137333.40,1,0
50_20_20_10,symbol|month,TSM|2026-04,3,0.226227,-0.801849,0.333333,-0.986358,1,1.586176,-1.568700,2.021154,3,252.000,57009.13,1,0
50_20_20_10,symbol|month,TSM|2026-05,5,0.126789,0.105932,0.600000,-1.164543,1,0.957707,-0.712678,0.966256,5,252.000,31950.84,1,0
50_20_20_10,symbol|month,TSM|2026-06,3,-1.159297,-1.250000,0.000000,-1.250000,3,0.128274,-1.304452,-1.014142,3,252.000,-292142.81,1,0
50_20_20_10,symbol|month,TSM|2026-07,6,-0.349777,-0.498780,0.333333,-1.250000,4,0.738169,-0.940436,0.240881,6,252.000,-88143.91,1,0
50_20_20_10,symbol|month,TSM|2026-08,1,-1.250000,-1.250000,0.000000,-1.250000,1,0.000000,-1.250000,-1.250000,1,252.000,-315000.00,1,0
50_20_20_10,symbol|month,UBER|2025-09,1,4.541389,4.541389,1.000000,4.541389,0,0.000000,4.541389,4.541389,1,252.000,1144430.00,1,0
50_20_20_10,symbol|month,UBER|2025-10,5,-0.402028,-1.065789,0.200000,-1.250000,3,1.438082,-1.662563,0.858506,5,252.000,-101311.15,1,0
50_20_20_10,symbol|month,UBER|2025-11,1,-1.128979,-1.128979,0.000000,-1.128979,1,0.000000,-1.128979,-1.128979,1,252.000,-284502.65,1,0
50_20_20_10,symbol|month,UBER|2025-12,1,3.277778,3.277778,1.000000,3.277778,0,0.000000,3.277778,3.277778,1,252.000,826000.00,1,0
50_20_20_10,symbol|month,UBER|2026-01,2,-1.250000,-1.250000,0.000000,-1.250000,2,0.000000,-1.250000,-1.250000,2,252.000,-315000.00,1,0
50_20_20_10,symbol|month,UBER|2026-02,5,1.612029,2.093267,0.800000,-0.827778,1,1.723391,0.101410,3.122648,5,252.000,406231.21,1,0
50_20_20_10,symbol|month,UBER|2026-03,5,0.573601,-0.760000,0.400000,-1.250000,2,2.509500,-1.626073,2.773275,5,252.000,144547.43,1,0
50_20_20_10,symbol|month,UBER|2026-04,2,2.010347,2.010347,1.000000,1.889939,0,0.120408,1.843470,2.177224,2,252.000,506607.43,1,0
50_20_20_10,symbol|month,UBER|2026-06,3,-1.230856,-1.250000,0.000000,-1.250000,3,0.027074,-1.261493,-1.200219,3,252.000,-310175.68,1,0
50_20_20_10,symbol|month,UBER|2026-07,1,-0.767442,-0.767442,0.000000,-0.767442,1,0.000000,-0.767442,-0.767442,1,252.000,-193395.35,1,0
50_20_20_10,symbol|quarter,AAPL|2025-Q3,2,2.931061,2.931061,1.000000,2.372807,0,0.558254,2.157360,3.704763,2,252.000,738627.48,1,0
50_20_20_10,symbol|quarter,AAPL|2026-Q1,5,-0.462985,-1.231594,0.200000,-1.250000,2,1.442936,-1.727775,0.801804,5,252.000,-116672.33,1,0
50_20_20_10,symbol|quarter,AAPL|2026-Q2,7,-0.083145,-0.794811,0.428571,-1.153902,3,1.122527,-0.914724,0.748435,6,294.000,-24444.54,1,0
50_20_20_10,symbol|quarter,AAPL|2026-Q3,5,0.078390,0.386986,0.600000,-1.250000,1,1.130678,-0.912693,1.069473,5,252.000,19754.35,1,0
50_20_20_10,symbol|quarter,AMD|2025-Q3,1,-1.250000,-1.250000,0.000000,-1.250000,1,0.000000,-1.250000,-1.250000,1,252.000,-315000.00,1,0
50_20_20_10,symbol|quarter,AMD|2025-Q4,20,1.717849,-0.789289,0.450000,-1.250000,4,3.944760,-0.011019,3.446716,13,387.692,665996.65,0,0
50_20_20_10,symbol|quarter,AMD|2026-Q1,14,-1.089413,-1.250000,0.000000,-1.250000,14,0.290130,-1.241392,-0.937433,12,294.000,-320287.37,1,0
50_20_20_10,symbol|quarter,AMD|2026-Q2,18,0.528074,-1.147883,0.388889,-1.250000,5,2.686233,-0.712902,1.769051,16,283.500,149709.07,1,0
50_20_20_10,symbol|quarter,AMD|2026-Q3,11,0.123995,-1.092177,0.272727,-1.250000,5,2.197547,-1.174672,1.422662,8,346.500,42964.37,1,0
50_20_20_10,symbol|quarter,AMZN|2025-Q3,1,-1.250000,-1.250000,0.000000,-1.250000,1,0.000000,-1.250000,-1.250000,1,252.000,-315000.00,1,0
50_20_20_10,symbol|quarter,AMZN|2025-Q4,3,-1.147358,-1.250000,0.000000,-1.250000,3,0.145158,-1.311620,-0.983096,3,252.000,-289134.15,1,0
50_20_20_10,symbol|quarter,AMZN|2026-Q1,8,-0.268691,-0.947009,0.250000,-1.250000,3,1.378874,-1.224202,0.686820,8,252.000,-67710.15,1,0
50_20_20_10,symbol|quarter,AMZN|2026-Q2,7,-0.599940,-0.990300,0.142857,-1.250000,6,0.636961,-1.071807,-0.128073,7,252.000,-151184.97,1,0
50_20_20_10,symbol|quarter,AMZN|2026-Q3,1,3.064815,3.064815,1.000000,3.064815,0,0.000000,3.064815,3.064815,1,252.000,772333.33,1,0
50_20_20_10,symbol|quarter,AVGO|2025-Q3,2,-0.710352,-0.710352,0.000000,-0.775862,2,0.065510,-0.801144,-0.619559,2,252.000,-179008.62,1,0
50_20_20_10,symbol|quarter,AVGO|2025-Q4,7,0.079239,-1.250000,0.285714,-1.250000,3,1.916557,-1.340567,1.499044,7,252.000,19968.12,1,0
50_20_20_10,symbol|quarter,AVGO|2026-Q1,17,0.079243,-1.177000,0.294118,-1.250000,4,2.080790,-0.909901,1.068388,16,267.750,21217.39,1,0
50_20_20_10,symbol|quarter,AVGO|2026-Q2,15,-0.626963,-1.162465,0.200000,-1.250000,6,1.220852,-1.244799,-0.009126,13,290.769,-182301.47,1,0
50_20_20_10,symbol|quarter,AVGO|2026-Q3,5,-0.150497,-1.183522,0.400000,-1.250000,2,1.336945,-1.322381,1.021388,5,252.000,-37925.12,1,0
50_20_20_10,symbol|quarter,BABA|2025-Q4,2,-0.402853,-0.402853,0.500000,-1.131757,1,0.728904,-1.413062,0.607356,2,252.000,-101518.96,1,0
50_20_20_10,symbol|quarter,BABA|2026-Q1,2,0.755556,0.755556,0.500000,-1.250000,1,2.005556,-2.024003,3.535114,2,252.000,190400.00,1,0
50_20_20_10,symbol|quarter,BABA|2026-Q2,3,-1.250000,-1.250000,0.000000,-1.250000,3,0.000000,-1.250000,-1.250000,3,252.000,-315000.00,1,0
50_20_20_10,symbol|quarter,BABA|2026-Q3,2,0.107893,0.107893,0.500000,-1.236667,1,1.344560,-1.755572,1.971358,2,252.000,27189.06,1,0
50_20_20_10,symbol|quarter,COIN|2025-Q3,9,-0.030699,-0.088542,0.333333,-1.250000,6,1.090887,-0.743411,0.682014,6,378.000,-11604.08,1,0
50_20_20_10,symbol|quarter,COIN|2025-Q4,20,0.211094,-0.741088,0.350000,-1.250000,5,1.890035,-0.617251,1.039438,19,265.263,55995.37,0,0
50_20_20_10,symbol|quarter,COIN|2026-Q1,17,-0.487760,-1.250000,0.294118,-1.250000,7,1.183532,-1.050375,0.074856,15,285.600,-139304.16,1,0
50_20_20_10,symbol|quarter,COIN|2026-Q2,22,-0.892464,-1.250000,0.090909,-1.250000,14,0.712870,-1.190354,-0.594575,19,291.789,-260411.74,0,0
50_20_20_10,symbol|quarter,COIN|2026-Q3,8,0.713269,0.368123,0.500000,-1.250000,3,2.023971,-0.689271,2.115809,8,252.000,179743.74,1,0
50_20_20_10,symbol|quarter,CRM|2025-Q3,4,-0.421514,-1.063388,0.250000,-1.250000,2,1.228981,-1.625915,0.782888,4,252.000,-106221.44,1,0
50_20_20_10,symbol|quarter,CRM|2025-Q4,5,0.334637,-0.679852,0.400000,-1.175000,3,2.027203,-1.442285,2.111558,5,252.000,84328.41,1,0
50_20_20_10,symbol|quarter,CRM|2026-Q1,11,-0.399289,-0.521077,0.272727,-1.250000,6,0.883775,-0.921567,0.122989,9,308.000,-122980.99,1,0
50_20_20_10,symbol|quarter,CRM|2026-Q2,11,0.531451,-1.250000,0.272727,-1.250000,8,2.936938,-1.204168,2.267070,10,277.200,147318.22,1,0
50_20_20_10,symbol|quarter,CRM|2026-Q3,6,1.254603,0.821267,0.500000,-1.250000,2,2.539315,-0.777272,3.286479,5,302.400,379392.02,1,0
50_20_20_10,symbol|quarter,GOOGL|2025-Q3,3,1.348240,1.670319,1.000000,0.097375,0,0.918521,0.308836,2.387645,3,252.000,339756.55,1,0
50_20_20_10,symbol|quarter,GOOGL|2025-Q4,2,-0.217309,-0.217309,0.500000,-1.240741,1,1.023432,-1.635713,1.201095,2,252.000,-54761.90,1,0
50_20_20_10,symbol|quarter,GOOGL|2026-Q1,5,-0.533120,-1.190359,0.200000,-1.250000,4,1.266536,-1.643288,0.577048,5,252.000,-134346.24,1,0
50_20_20_10,symbol|quarter,GOOGL|2026-Q2,7,0.596031,-0.690678,0.428571,-1.202362,2,2.313321,-1.117701,2.309763,7,252.000,150199.81,1,0
50_20_20_10,symbol|quarter,GOOGL|2026-Q3,3,-1.190196,-1.225000,0.000000,-1.250000,3,0.067672,-1.266774,-1.113618,3,252.000,-299929.41,1,0
50_20_20_10,symbol|quarter,HOOD|2025-Q3,8,-0.157606,-0.716667,0.375000,-1.250000,2,1.188410,-0.981132,0.665921,8,252.000,-39716.61,1,0
50_20_20_10,symbol|quarter,HOOD|2025-Q4,12,0.279493,-1.250000,0.250000,-1.250000,5,2.846416,-1.331019,1.890004,10,302.400,84518.59,1,0
50_20_20_10,symbol|quarter,HOOD|2026-Q1,13,-0.680826,-1.134615,0.153846,-1.250000,7,0.706087,-1.064660,-0.296993,13,252.000,-171568.28,1,0
50_20_20_10,symbol|quarter,HOOD|2026-Q2,9,2.054801,3.136364,0.555556,-1.250000,2,2.769230,0.245571,3.864031,8,283.500,582536.01,1,0
50_20_20_10,symbol|quarter,HOOD|2026-Q3,7,1.472347,2.910714,0.571429,-1.250000,2,2.270926,-0.209979,3.154672,7,252.000,371031.37,1,0
50_20_20_10,symbol|quarter,INTC|2025-Q3,1,-1.227644,-1.227644,0.000000,-1.227644,1,0.000000,-1.227644,-1.227644,1,252.000,-309366.25,1,0
50_20_20_10,symbol|quarter,INTC|2025-Q4,4,1.284821,0.902500,0.750000,-1.250000,1,2.100912,-0.774072,3.343715,4,252.000,323775.00,1,0
50_20_20_10,symbol|quarter,INTC|2026-Q1,4,-0.074257,-0.201206,0.500000,-1.250000,1,0.944742,-1.000104,0.851590,4,252.000,-18712.74,1,0
50_20_20_10,symbol|quarter,INTC|2026-Q2,13,0.653810,-0.795455,0.384615,-1.250000,2,2.657508,-0.790828,2.098448,13,252.000,164760.03,1,0
50_20_20_10,symbol|quarter,INTC|2026-Q3,6,0.265441,-1.020833,0.333333,-1.250000,2,2.048982,-1.374086,1.904967,6,252.000,66891.06,1,0
50_20_20_10,symbol|quarter,IREN|2025-Q3,5,-0.647893,-1.228008,0.400000,-1.250000,2,0.732043,-1.289557,-0.006229,5,252.000,-163269.03,1,0
50_20_20_10,symbol|quarter,IREN|2025-Q4,20,-0.884415,-1.194500,0.050000,-1.250000,10,0.723011,-1.201289,-0.567542,18,280.000,-247636.25,0,0
50_20_20_10,symbol|quarter,IREN|2026-Q1,21,0.676444,-0.947581,0.333333,-1.250000,4,2.842937,-0.539500,1.892389,20,264.600,178987.19,0,0
50_20_20_10,symbol|quarter,IREN|2026-Q2,14,1.452808,-0.568961,0.428571,-1.250000,4,4.261799,-0.779659,3.685274,14,252.000,366107.52,1,0
50_20_20_10,symbol|quarter,IREN|2026-Q3,6,0.127247,-1.050002,0.333333,-1.250000,4,1.883029,-1.379490,1.633984,6,252.000,32066.32,1,0
50_20_20_10,symbol|quarter,MARA|2025-Q4,1,-0.828333,-0.828333,0.000000,-0.828333,1,0.000000,-0.828333,-0.828333,1,252.000,-208740.00,1,0
50_20_20_10,symbol|quarter,META|2025-Q3,3,1.595385,2.048780,0.666667,-1.250000,1,2.162051,-0.851206,4.041976,2,378.000,603055.43,1,0
50_20_20_10,symbol|quarter,META|2025-Q4,7,-0.538674,-1.226562,0.142857,-1.250000,3,1.440884,-1.606096,0.528748,6,294.000,-158370.14,1,0
50_20_20_10,symbol|quarter,META|2026-Q1,11,0.160403,-0.918570,0.363636,-1.250000,3,1.898226,-0.961377,1.282183,11,252.000,40421.57,1,0
50_20_20_10,symbol|quarter,META|2026-Q2,7,1.357344,2.118280,0.571429,-1.250000,2,2.266004,-0.321335,3.036024,7,252.000,342050.76,1,0
50_20_20_10,symbol|quarter,META|2026-Q3,10,0.470351,-0.215208,0.500000,-1.250000,2,1.788030,-0.637882,1.578583,9,280.000,131698.18,1,0
50_20_20_10,symbol|quarter,MSFT|2025-Q4,4,0.475134,-1.226679,0.250000,-1.250000,2,2.961153,-2.426796,3.377065,4,252.000,119733.89,1,0
50_20_20_10,symbol|quarter,MSFT|2026-Q1,6,-1.183824,-1.250000,0.000000,-1.250000,6,0.147975,-1.302228,-1.065419,5,302.400,-357988.24,1,0
50_20_20_10,symbol|quarter,MSFT|2026-Q2,10,0.041430,-0.670545,0.400000,-1.250000,6,1.476919,-0.873974,0.956833,9,280.000,11600.36,1,0
50_20_20_10,symbol|quarter,MSFT|2026-Q3,10,0.129360,-0.641254,0.400000,-1.250000,5,1.599743,-0.862171,1.120891,9,280.000,36220.79,1,0
50_20_20_10,symbol|quarter,MU|2025-Q3,4,-0.818187,-1.128361,0.250000,-1.250000,2,0.611390,-1.417349,-0.219025,4,252.000,-206183.14,1,0
50_20_20_10,symbol|quarter,MU|2025-Q4,14,-0.319301,-1.187500,0.285714,-1.250000,5,1.338782,-1.020598,0.381996,11,320.727,-102408.53,1,0
50_20_20_10,symbol|quarter,MU|2026-Q1,22,0.831824,-1.070827,0.318182,-1.250000,5,4.408751,-1.010476,2.674123,20,277.200,230581.50,0,0
50_20_20_10,symbol|quarter,MU|2026-Q2,24,-0.022378,-0.934524,0.250000,-1.250000,7,1.969970,-0.810530,0.765774,22,274.909,-6151.98,0,0
50_20_20_10,symbol|quarter,MU|2026-Q3,8,0.869017,-1.250000,0.250000,-1.250000,6,3.955751,-1.872179,3.610212,7,288.000,250276.78,1,0
50_20_20_10,symbol|quarter,NFLX|2025-Q3,3,-0.136659,-1.250000,0.333333,-1.250000,2,1.574503,-1.918376,1.645059,3,252.000,-34437.96,1,0
50_20_20_10,symbol|quarter,NFLX|2025-Q4,2,-0.582020,-0.582020,0.000000,-1.094595,2,0.512575,-1.292412,0.128373,2,252.000,-146668.92,1,0
50_20_20_10,symbol|quarter,NFLX|2026-Q1,6,0.905916,-0.726900,0.333333,-1.156250,2,2.623902,-1.193643,3.005475,6,252.000,228290.87,1,0
50_20_20_10,symbol|quarter,NFLX|2026-Q2,6,0.502720,-0.052971,0.500000,-1.250000,2,1.647765,-0.815766,1.821207,6,252.000,126685.56,1,0
50_20_20_10,symbol|quarter,NFLX|2026-Q3,2,-1.247024,-1.247024,0.000000,-1.250000,2,0.002976,-1.251149,-1.242899,2,252.000,-314250.00,1,0
50_20_20_10,symbol|quarter,NVDA|2025-Q3,4,-0.570237,-0.594899,0.000000,-0.682059,4,0.111752,-0.679754,-0.460720,3,336.000,-191599.69,1,0
50_20_20_10,symbol|quarter,NVDA|2025-Q4,8,0.497515,0.190366,0.625000,-1.250000,2,1.604101,-0.614070,1.609100,6,336.000,167164.96,1,0
50_20_20_10,symbol|quarter,NVDA|2026-Q1,9,-0.284482,-1.014706,0.222222,-1.250000,6,1.924478,-1.541808,0.972844,9,252.000,-71689.47,1,0
50_20_20_10,symbol|quarter,NVDA|2026-Q2,6,0.198618,-0.478855,0.333333,-1.250000,2,1.453349,-0.964304,1.361539,6,252.000,50051.67,1,0
50_20_20_10,symbol|quarter,NVDA|2026-Q3,12,-0.309375,-0.975784,0.250000,-1.250000,8,1.382617,-1.091665,0.472914,10,302.400,-93555.08,1,0
50_20_20_10,symbol|quarter,ORCL|2025-Q3,11,-0.650429,-1.038462,0.181818,-1.250000,8,0.863928,-1.160978,-0.139880,7,396.000,-257569.89,1,0
50_20_20_10,symbol|quarter,ORCL|2025-Q4,13,0.588262,-0.479896,0.461538,-1.250000,2,2.566717,-0.807022,1.983545,11,297.818,175195.02,1,0
50_20_20_10,symbol|quarter,ORCL|2026-Q1,11,-0.256612,-1.250000,0.090909,-1.250000,8,2.931468,-1.989000,1.475775,9,308.000,-79036.64,1,0
50_20_20_10,symbol|quarter,ORCL|2026-Q2,21,-0.486500,-1.250000,0.190476,-1.250000,10,1.497974,-1.127194,0.154193,17,311.294,-151444.71,0,0
50_20_20_10,symbol|quarter,ORCL|2026-Q3,3,-0.842193,-0.705645,0.000000,-1.250000,3,0.293561,-1.174388,-0.509998,2,378.000,-318348.93,1,0
50_20_20_10,symbol|quarter,PLTR|2025-Q3,1,2.368654,2.368654,1.000000,2.368654,0,0.000000,2.368654,2.368654,1,252.000,596900.77,1,0
50_20_20_10,symbol|quarter,PLTR|2025-Q4,13,-0.398041,-1.193428,0.153846,-1.250000,8,1.872196,-1.415778,0.619697,11,297.818,-118543.81,1,0
50_20_20_10,symbol|quarter,PLTR|2026-Q1,18,-0.533934,-1.134313,0.166667,-1.250000,10,1.342235,-1.154015,0.086147,17,266.824,-142466.24,1,0
50_20_20_10,symbol|quarter,PLTR|2026-Q2,19,-0.210509,-1.052778,0.263158,-1.250000,9,1.539695,-0.902840,0.481823,18,266.000,-55995.28,1,0
50_20_20_10,symbol|quarter,PLTR|2026-Q3,10,1.551074,0.558025,0.600000,-1.250000,2,3.044840,-0.336138,3.438285,10,252.000,390870.63,1,0
50_20_20_10,symbol|quarter,QQQ|2025-Q3,1,-0.508708,-0.508708,0.000000,-0.508708,1,0.000000,-0.508708,-0.508708,1,252.000,-128194.52,1,0
50_20_20_10,symbol|quarter,QQQ|2025-Q4,3,3.229132,3.021277,1.000000,1.526119,0,1.482663,1.551340,4.906924,3,252.000,813741.26,1,0
50_20_20_10,symbol|quarter,QQQ|2026-Q1,2,-0.016406,-0.016406,0.500000,-0.898196,1,0.881790,-1.238505,1.205693,2,252.000,-4134.22,1,0
50_20_20_10,symbol|quarter,QQQ|2026-Q2,3,-0.719345,-0.663136,0.000000,-1.250000,3,0.412252,-1.185851,-0.252838,3,252.000,-181274.82,1,0
50_20_20_10,symbol|quarter,SOFI|2025-Q4,1,-1.250000,-1.250000,0.000000,-1.250000,1,0.000000,-1.250000,-1.250000,1,252.000,-315000.00,1,0
50_20_20_10,symbol|quarter,SOFI|2026-Q1,1,0.285714,0.285714,1.000000,0.285714,0,0.000000,0.285714,0.285714,1,252.000,72000.00,1,0
50_20_20_10,symbol|quarter,SOFI|2026-Q2,1,-0.847826,-0.847826,0.000000,-0.847826,1,0.000000,-0.847826,-0.847826,1,252.000,-213652.17,1,0
50_20_20_10,symbol|quarter,SOFI|2026-Q3,1,-1.159483,-1.159483,0.000000,-1.159483,1,0.000000,-1.159483,-1.159483,1,252.000,-292189.66,1,0
50_20_20_10,symbol|quarter,TSLA|2025-Q3,5,-1.190986,-1.182762,0.000000,-1.250000,5,0.054058,-1.238371,-1.143602,4,315.000,-375160.72,1,0
50_20_20_10,symbol|quarter,TSLA|2025-Q4,29,-0.225769,-0.952416,0.275862,-1.250000,7,1.501639,-0.772310,0.320772,23,317.739,-71735.56,0,0
50_20_20_10,symbol|quarter,TSLA|2026-Q1,12,-0.826138,-1.141708,0.166667,-1.250000,9,0.636921,-1.186511,-0.465766,12,252.000,-208186.90,1,0
50_20_20_10,symbol|quarter,TSLA|2026-Q2,15,0.258159,-1.058649,0.333333,-1.250000,4,2.326318,-0.919121,1.435438,13,290.769,75064.65,1,0
50_20_20_10,symbol|quarter,TSLA|2026-Q3,10,-0.415192,-1.109534,0.200000,-1.250000,7,1.581982,-1.395714,0.565331,9,280.000,-116253.71,1,0
50_20_20_10,symbol|quarter,TSM|2025-Q3,3,-0.820326,-1.177326,0.000000,-1.250000,3,0.557053,-1.450691,-0.189961,3,252.000,-206722.09,1,0
50_20_20_10,symbol|quarter,TSM|2025-Q4,11,-0.522366,-1.250000,0.181818,-1.250000,7,1.440376,-1.373574,0.328841,10,277.200,-144799.94,1,0
50_20_20_10,symbol|quarter,TSM|2026-Q1,10,0.226737,-0.438769,0.300000,-1.250000,4,1.736453,-0.849527,1.303002,8,315.000,71422.31,1,0
50_20_20_10,symbol|quarter,TSM|2026-Q2,11,-0.196842,-0.801849,0.363636,-1.250000,3,1.206906,-0.910078,0.516394,11,252.000,-49604.26,1,0
50_20_20_10,symbol|quarter,TSM|2026-Q3,7,-0.478381,-0.725694,0.285714,-1.250000,4,0.752519,-1.035854,0.079093,7,252.000,-120551.92,1,0
50_20_20_10,symbol|quarter,UBER|2025-Q3,1,4.541389,4.541389,1.000000,4.541389,0,0.000000,4.541389,4.541389,1,252.000,1144430.00,1,0
50_20_20_10,symbol|quarter,UBER|2025-Q4,7,0.019808,-1.065789,0.285714,-1.250000,3,1.819113,-1.327810,1.367426,7,252.000,4991.66,1,0
50_20_20_10,symbol|quarter,UBER|2026-Q1,12,0.702346,-0.186452,0.500000,-1.250000,2,2.201934,-0.543516,1.948207,12,252.000,176991.10,1,0
50_20_20_10,symbol|quarter,UBER|2026-Q2,5,0.065625,-1.192568,0.400000,-1.250000,3,1.589822,-1.327915,1.459166,5,252.000,16537.57,1,0
50_20_20_10,symbol|quarter,UBER|2026-Q3,1,-0.767442,-0.767442,0.000000,-0.767442,1,0.000000,-0.767442,-0.767442,1,252.000,-193395.35,1,0
50_20_20_10,symbol|setup,AAPL|break_and_retest,14,0.057693,-0.353288,0.500000,-1.250000,2,1.282786,-0.614271,0.729658,14,252.000,14538.71,1,0
50_20_20_10,symbol|setup,AAPL|one_candle_rule,5,0.509886,-0.961066,0.400000,-1.197727,3,2.009742,-1.251731,2.271502,4,315.000,160613.98,1,0
50_20_20_10,symbol|setup,AMD|break_and_retest,56,0.463208,-1.105802,0.303571,-1.250000,15,2.995281,-0.321304,1.247720,44,320.727,148563.53,0,0
50_20_20_10,symbol|setup,AMD|one_candle_rule,8,0.348102,-1.250000,0.250000,-1.250000,3,2.792710,-1.587148,2.283351,7,288.000,100253.24,1,0
50_20_20_10,symbol|setup,AMZN|break_and_retest,18,-0.318671,-0.975798,0.222222,-1.250000,7,1.327998,-0.932174,0.294833,18,252.000,-80304.97,1,0
50_20_20_10,symbol|setup,AMZN|one_candle_rule,2,-1.120150,-1.120150,0.000000,-1.250000,2,0.129850,-1.300113,-0.940187,2,252.000,-282277.81,1,0
50_20_20_10,symbol|setup,AVGO|break_and_retest,40,-0.186565,-1.159297,0.275000,-1.250000,4,1.685078,-0.708776,0.335646,37,272.432,-50826.26,0,0
50_20_20_10,symbol|setup,AVGO|one_candle_rule,6,-0.368873,-1.250000,0.166667,-1.250000,5,1.914903,-1.901114,1.163369,6,252.000,-92955.88,1,0
50_20_20_10,symbol|setup,BABA|break_and_retest,9,-0.314312,-1.236667,0.333333,-1.250000,4,1.414636,-1.238541,0.609917,9,252.000,-79206.65,1,0
50_20_20_10,symbol|setup,COIN|break_and_retest,71,-0.262567,-1.188543,0.267606,-1.250000,19,1.520340,-0.616212,0.091078,65,275.262,-72274.53,0,0
50_20_20_10,symbol|setup,COIN|one_candle_rule,5,0.073569,-0.160976,0.400000,-1.250000,2,1.218408,-0.994413,1.141551,5,252.000,18539.33,1,0
50_20_20_10,symbol|setup,CRM|break_and_retest,34,0.261234,-1.006980,0.323529,-1.250000,9,2.282295,-0.505930,1.028399,31,276.387,72201.79,0,0
50_20_20_10,symbol|setup,CRM|one_candle_rule,3,0.028855,-0.521077,0.333333,-1.187596,2,1.278317,-1.417697,1.475407,3,252.000,7271.41,1,0
50_20_20_10,symbol|setup,GOOGL|break_and_retest,17,-0.075519,-0.968750,0.411765,-1.250000,4,1.420406,-0.750737,0.599699,17,252.000,-19030.83,1,0
50_20_20_10,symbol|setup,GOOGL|one_candle_rule,3,0.943319,-1.095588,0.333333,-1.240741,1,2.986676,-2.436424,4.323061,3,252.000,237716.37,1,0
50_20_20_10,symbol|setup,HOOD|break_and_retest,49,0.449836,-0.913763,0.346939,-1.250000,7,2.349743,-0.208092,1.107764,46,268.435,120751.59,0,0
50_20_20_10,symbol|setup,INTC|break_and_retest,28,0.489528,-0.654118,0.428571,-1.250000,3,2.280571,-0.355208,1.334263,28,252.000,123361.05,0,0
50_20_20_10,symbol|setup,IREN|break_and_retest,66,0.217884,-1.014881,0.272727,-1.250000,12,2.786012,-0.454267,0.890036,63,264.000,57521.42,0,0
50_20_20_10,symbol|setup,MARA|break_and_retest,1,-0.828333,-0.828333,0.000000,-0.828333,1,0.000000,-0.828333,-0.828333,1,252.000,-208740.00,1,0
50_20_20_10,symbol|setup,META|break_and_retest,24,0.565237,-0.529924,0.458333,-1.250000,3,1.990896,-0.231287,1.361761,22,274.909,155388.78,0,0
50_20_20_10,symbol|setup,META|one_candle_rule,14,0.244221,-1.050194,0.357143,-1.250000,5,2.027215,-0.817699,1.306141,13,271.385,66277.93,1,0
50_20_20_10,symbol|setup,MSFT|break_and_retest,16,0.212212,-0.912358,0.375000,-1.250000,7,1.932042,-0.734489,1.158912,15,268.800,57042.48,1,0
50_20_20_10,symbol|setup,MSFT|one_candle_rule,13,-0.433838,-1.250000,0.230769,-1.250000,6,1.458437,-1.226653,0.358978,12,273.000,-118437.71,1,0
50_20_20_10,symbol|setup,MSFT|reentry_84_rule,1,-1.250000,-1.250000,0.000000,-1.250000,1,0.000000,-1.250000,-1.250000,1,252.000,-315000.00,1,0
50_20_20_10,symbol|setup,MU|break_and_retest,68,0.241551,-1.110679,0.279412,-1.250000,7,3.150495,-0.507274,0.990377,61,280.918,67856.17,0,0
50_20_20_10,symbol|setup,MU|one_candle_rule,4,0.136678,-1.048197,0.250000,-1.250000,3,2.175024,-1.994846,2.268201,4,252.000,34442.76,1,0
50_20_20_10,symbol|setup,NFLX|break_and_retest,19,0.230724,-0.925000,0.315789,-1.250000,4,1.984616,-0.661668,1.123116,19,252.000,58142.47,1,0
50_20_20_10,symbol|setup,NVDA|break_and_retest,34,-0.090456,-0.687313,0.294118,-1.250000,7,1.600648,-0.628493,0.447581,31,276.387,-25000.87,0,0
50_20_20_10,symbol|setup,NVDA|one_candle_rule,5,-0.061292,-0.807522,0.400000,-1.014706,2,1.230241,-1.139646,1.017061,5,252.000,-15445.70,1,0
50_20_20_10,symbol|setup,ORCL|break_and_retest,54,-0.175827,-1.160227,0.240741,-1.250000,12,2.128729,-0.743606,0.391953,44,309.273,-54378.38,0,0
50_20_20_10,symbol|setup,ORCL|one_candle_rule,5,-1.115701,-1.226088,0.000000,-1.250000,5,0.170455,-1.265111,-0.966290,5,252.000,-281156.56,1,0
50_20_20_10,symbol|setup,PLTR|break_and_retest,57,0.053529,-1.052778,0.298246,-1.250000,9,2.088344,-0.488622,0.595681,53,271.019,14507.45,0,0
50_20_20_10,symbol|setup,PLTR|one_candle_rule,4,-0.989197,-1.242546,0.000000,-1.250000,4,0.443158,-1.423492,-0.554903,4,252.000,-249277.76,1,0
50_20_20_10,symbol|setup,QQQ|break_and_retest,4,0.744657,0.310243,0.500000,-0.663136,2,1.428169,-0.654949,2.144263,4,252.000,187653.54,1,0
50_20_20_10,symbol|setup,QQQ|one_candle_rule,5,0.801843,-0.508708,0.400000,-1.250000,2,2.373264,-1.278415,2.882101,5,252.000,202064.44,1,0
50_20_20_10,symbol|setup,SOFI|break_and_retest,4,-0.742899,-1.003654,0.250000,-1.250000,2,0.612321,-1.342973,-0.142824,4,252.000,-187210.46,1,0
50_20_20_10,symbol|setup,TSLA|break_and_retest,55,-0.320574,-1.131533,0.254545,-1.250000,7,1.612133,-0.746638,0.105491,50,277.200,-88863.06,0,0
50_20_20_10,symbol|setup,TSLA|one_candle_rule,15,-0.702518,-1.108243,0.133333,-1.250000,9,0.816494,-1.115721,-0.289315,15,252.000,-177034.64,1,0
50_20_20_10,symbol|setup,TSLA|reentry_84_rule,1,5.473913,5.473913,1.000000,5.473913,0,0.000000,5.473913,5.473913,1,252.000,1379426.09,1,0
50_20_20_10,symbol|setup,TSM|break_and_retest,37,-0.410055,-0.977891,0.243243,-1.250000,11,1.132990,-0.775129,-0.044981,36,259.000,-106204.21,0,0
50_20_20_10,symbol|setup,TSM|one_candle_rule,5,0.743694,-0.986358,0.400000,-1.250000,1,2.234822,-1.215214,2.702601,5,252.000,187410.82,1,0
50_20_20_10,symbol|setup,UBER|break_and_retest,26,0.487265,-0.797610,0.423077,-1.250000,4,2.102817,-0.321032,1.295562,26,252.000,122790.66,0,0
50_20_20_10,symbol|grade,AAPL|B,11,0.578079,0.860129,0.636364,-1.250000,2,1.366442,-0.229437,1.385594,11,252.000,145675.84,1,0
50_20_20_10,symbol|grade,AAPL|C,8,-0.375217,-1.175815,0.250000,-1.250000,5,1.550741,-1.449825,0.699392,8,252.000,-94554.56,1,0
50_20_20_10,symbol|grade,AMD|A+,2,-1.250000,-1.250000,0.000000,-1.250000,2,0.000000,-1.250000,-1.250000,1,504.000,-630000.00,1,0
50_20_20_10,symbol|grade,AMD|B,36,0.966461,-1.124500,0.416667,-1.250000,7,3.295223,-0.109978,2.042900,35,259.200,250506.71,0,0
50_20_20_10,symbol|grade,AMD|C,26,-0.137235,-1.183110,0.153846,-1.250000,9,2.399105,-1.059422,0.784951,24,273.000,-37465.27,0,0
50_20_20_10,symbol|grade,AMZN|B,14,-0.072235,-0.731815,0.285714,-1.250000,4,1.411506,-0.811627,0.667157,14,252.000,-18203.28,1,0
50_20_20_10,symbol|grade,AMZN|C,6,-1.160846,-1.209888,0.000000,-1.250000,6,0.103452,-1.243625,-1.078067,6,252.000,-292533.20,1,0
50_20_20_10,symbol|grade,AVGO|B,25,0.042943,-1.125000,0.320000,-1.250000,7,1.904510,-0.703625,0.789511,25,252.000,10821.61,0,0
50_20_20_10,symbol|grade,AVGO|C,21,-0.511876,-1.183522,0.190476,-1.250000,7,1.406817,-1.113582,0.089830,20,264.600,-135442.36,0,0
50_20_20_10,symbol|grade,BABA|B,9,-0.314312,-1.236667,0.333333,-1.250000,4,1.414636,-1.238541,0.609917,9,252.000,-79206.65,1,0
50_20_20_10,symbol|grade,COIN|B,54,-0.181035,-0.955929,0.296296,-1.250000,13,1.473079,-0.573938,0.211868,53,256.755,-46481.61,0,0
50_20_20_10,symbol|grade,COIN|C,22,-0.386296,-1.229478,0.227273,-1.250000,8,1.569971,-1.042345,0.269754,20,277.200,-107081.14,0,0
50_20_20_10,symbol|grade,CRM|A,1,6.645230,6.645230,1.000000,6.645230,0,0.000000,6.645230,6.645230,1,252.000,1674598.07,1,0
50_20_20_10,symbol|grade,CRM|B,21,0.830164,-0.036885,0.476190,-1.250000,5,2.271280,-0.141279,1.801606,21,252.000,209201.27,0,0
50_20_20_10,symbol|grade,CRM|C,15,-1.007343,-1.144231,0.066667,-1.250000,8,0.377798,-1.198535,-0.816150,15,252.000,-253850.33,1,0
50_20_20_10,symbol|grade,GOOGL|B,12,0.235891,-0.436110,0.500000,-1.248016,3,1.560584,-0.647092,1.118875,12,252.000,59444.60,1,0
50_20_20_10,symbol|grade,GOOGL|C,8,-0.160570,-1.032169,0.250000,-1.250000,3,2.053246,-1.583397,1.262256,8,252.000,-40463.76,1,0
50_20_20_10,symbol|grade,HOOD|B,43,0.503505,-0.791528,0.348837,-1.250000,6,2.397615,-0.213136,1.220145,43,252.000,126883.24,0,0
50_20_20_10,symbol|grade,HOOD|C,6,0.065207,-1.227594,0.333333,-1.250000,4,1.929762,-1.478924,1.609339,5,302.400,19718.71,1,0
50_20_20_10,symbol|grade,INTC|B,26,0.592088,-0.654118,0.461538,-1.250000,2,2.332623,-0.304544,1.488719,26,252.000,149206.13,0,0
50_20_20_10,symbol|grade,INTC|C,2,-0.843750,-0.843750,0.000000,-1.250000,2,0.406250,-1.406784,-0.280716,2,252.000,-212625.00,1,0
50_20_20_10,symbol|grade,IREN|B,55,0.457092,-0.812500,0.309091,-1.250000,10,2.988096,-0.332621,1.246805,55,252.000,115187.15,0,0
50_20_20_10,symbol|grade,IREN|C,11,-0.978155,-1.228008,0.090909,-1.250000,10,0.459325,-1.249599,-0.706711,11,252.000,-246494.94,1,0
50_20_20_10,symbol|grade,MARA|B,1,-0.828333,-0.828333,0.000000,-0.828333,1,0.000000,-0.828333,-0.828333,1,252.000,-208740.00,1,0
50_20_20_10,symbol|grade,META|A+,1,-1.250000,-1.250000,0.000000,-1.250000,1,0.000000,-1.250000,-1.250000,1,252.000,-315000.00,1,0
50_20_20_10,symbol|grade,META|B,23,0.863582,0.054432,0.521739,-1.250000,2,2.098778,0.005836,1.721328,22,263.455,227514.67,0,0
50_20_20_10,symbol|grade,META|C,14,-0.116258,-1.021785,0.285714,-1.250000,4,1.710235,-1.012134,0.779619,13,271.385,-31550.50,1,0
50_20_20_10,symbol|grade,MSFT|A,2,-1.250000,-1.250000,0.000000,-1.250000,2,0.000000,-1.250000,-1.250000,1,504.000,-630000.00,1,0
50_20_20_10,symbol|grade,MSFT|B,19,0.027727,-1.250000,0.368421,-1.250000,5,1.868352,-0.812387,0.867840,19,252.000,6987.18,1,0
50_20_20_10,symbol|grade,MSFT|C,9,-0.169035,-0.971774,0.222222,-1.250000,5,1.577096,-1.199404,0.861334,9,252.000,-42596.85,1,0
50_20_20_10,symbol|grade,MU|B,47,0.859838,-0.641131,0.382979,-1.250000,5,3.665655,-0.188156,1.907832,47,252.000,216679.21,0,0
50_20_20_10,symbol|grade,MU|C,25,-0.937607,-1.216190,0.080000,-1.250000,13,0.621004,-1.181041,-0.694174,23,273.913,-256822.86,0,0
50_20_20_10,symbol|grade,NFLX|B,19,0.230724,-0.925000,0.315789,-1.250000,4,1.984616,-0.661668,1.123116,19,252.000,58142.47,1,0
50_20_20_10,symbol|grade,NVDA|A,1,-1.250000,-1.250000,0.000000,-1.250000,1,0.000000,-1.250000,-1.250000,1,252.000,-315000.00,1,0
50_20_20_10,symbol|grade,NVDA|B,24,0.392508,-0.537817,0.458333,-1.250000,4,1.798596,-0.327080,1.112096,24,252.000,98912.00,0,0
50_20_20_10,symbol|grade,NVDA|C,14,-0.825154,-0.952412,0.071429,-1.250000,11,0.426275,-1.048451,-0.601857,14,252.000,-207938.81,1,0
50_20_20_10,symbol|grade,ORCL|B,38,0.126333,-1.125000,0.315789,-1.250000,7,2.396689,-0.635704,0.888370,38,252.000,31836.01,0,0
50_20_20_10,symbol|grade,ORCL|C,21,-0.946372,-1.250000,0.047619,-1.250000,11,0.846503,-1.308427,-0.584317,17,311.294,-294600.01,0,0
50_20_20_10,symbol|grade,PLTR|B,49,0.152043,-0.998193,0.306122,-1.250000,8,2.185479,-0.459891,0.763977,48,257.250,39113.15,0,0
50_20_20_10,symbol|grade,PLTR|C,12,-0.696312,-1.095100,0.166667,-1.250000,7,1.018981,-1.272855,-0.119769,12,252.000,-175470.60,1,0
50_20_20_10,symbol|grade,QQQ|B,6,0.542458,0.310243,0.500000,-1.250000,3,1.443532,-0.612608,1.697524,6,252.000,136699.38,1,0
50_20_20_10,symbol|grade,QQQ|C,3,1.244365,-0.508708,0.333333,-0.898196,1,2.759215,-1.877981,4.366711,3,252.000,313580.04,1,0
50_20_20_10,symbol|grade,SOFI|B,4,-0.742899,-1.003654,0.250000,-1.250000,2,0.612321,-1.342973,-0.142824,4,252.000,-187210.46,1,0
50_20_20_10,symbol|grade,TSLA|A,3,0.991304,-1.250000,0.333333,-1.250000,2,3.169683,-2.595530,4.578138,2,378.000,374713.04,1,0
50_20_20_10,symbol|grade,TSLA|B,34,-0.029070,-0.937551,0.323529,-1.250000,5,1.753805,-0.618589,0.560449,34,252.000,-7325.69,0,0
50_20_20_10,symbol|grade,TSLA|C,34,-0.725910,-1.220409,0.147059,-1.250000,15,1.089393,-1.092096,-0.359725,34,252.000,-182929.39,0,0
50_20_20_10,symbol|grade,TSM|B,26,0.243517,-0.283801,0.423077,-1.250000,7,1.509158,-0.336585,0.823618,25,262.080,63820.83,0,0
50_20_20_10,symbol|grade,TSM|C,16,-1.111562,-1.250000,0.000000,-1.250000,16,0.240713,-1.229511,-0.993613,15,268.800,-298787.89,1,0
50_20_20_10,symbol|grade,UBER|B,26,0.487265,-0.797610,0.423077,-1.250000,4,2.102817,-0.321032,1.295562,26,252.000,122790.66,0,0
50_20_20_10,symbol|alert_only,AAPL|actioned,11,0.578079,0.860129,0.636364,-1.250000,2,1.366442,-0.229437,1.385594,11,252.000,145675.84,1,0
50_20_20_10,symbol|alert_only,AAPL|alert_only,8,-0.375217,-1.175815,0.250000,-1.250000,5,1.550741,-1.449825,0.699392,8,252.000,-94554.56,1,0
50_20_20_10,symbol|alert_only,AMD|actioned,38,0.849805,-1.189612,0.394737,-1.250000,7,3.245296,-0.182050,1.881660,35,273.600,232506.71,0,0
50_20_20_10,symbol|alert_only,AMD|alert_only,26,-0.137235,-1.183110,0.153846,-1.250000,9,2.399105,-1.059422,0.784951,24,273.000,-37465.27,0,0
50_20_20_10,symbol|alert_only,AMZN|actioned,14,-0.072235,-0.731815,0.285714,-1.250000,4,1.411506,-0.811627,0.667157,14,252.000,-18203.28,1,0
50_20_20_10,symbol|alert_only,AMZN|alert_only,6,-1.160846,-1.209888,0.000000,-1.250000,6,0.103452,-1.243625,-1.078067,6,252.000,-292533.20,1,0
50_20_20_10,symbol|alert_only,AVGO|actioned,25,0.042943,-1.125000,0.320000,-1.250000,7,1.904510,-0.703625,0.789511,25,252.000,10821.61,0,0
50_20_20_10,symbol|alert_only,AVGO|alert_only,21,-0.511876,-1.183522,0.190476,-1.250000,7,1.406817,-1.113582,0.089830,20,264.600,-135442.36,0,0
50_20_20_10,symbol|alert_only,BABA|actioned,9,-0.314312,-1.236667,0.333333,-1.250000,4,1.414636,-1.238541,0.609917,9,252.000,-79206.65,1,0
50_20_20_10,symbol|alert_only,COIN|actioned,54,-0.181035,-0.955929,0.296296,-1.250000,13,1.473079,-0.573938,0.211868,53,256.755,-46481.61,0,0
50_20_20_10,symbol|alert_only,COIN|alert_only,22,-0.386296,-1.229478,0.227273,-1.250000,8,1.569971,-1.042345,0.269754,20,277.200,-107081.14,0,0
50_20_20_10,symbol|alert_only,CRM|actioned,22,1.094485,0.094057,0.500000,-1.250000,5,2.528123,0.038050,2.150920,22,252.000,275810.21,0,0
50_20_20_10,symbol|alert_only,CRM|alert_only,15,-1.007343,-1.144231,0.066667,-1.250000,8,0.377798,-1.198535,-0.816150,15,252.000,-253850.33,1,0
50_20_20_10,symbol|alert_only,GOOGL|actioned,12,0.235891,-0.436110,0.500000,-1.248016,3,1.560584,-0.647092,1.118875,12,252.000,59444.60,1,0
50_20_20_10,symbol|alert_only,GOOGL|alert_only,8,-0.160570,-1.032169,0.250000,-1.250000,3,2.053246,-1.583397,1.262256,8,252.000,-40463.76,1,0
50_20_20_10,symbol|alert_only,HOOD|actioned,43,0.503505,-0.791528,0.348837,-1.250000,6,2.397615,-0.213136,1.220145,43,252.000,126883.24,0,0
50_20_20_10,symbol|alert_only,HOOD|alert_only,6,0.065207,-1.227594,0.333333,-1.250000,4,1.929762,-1.478924,1.609339,5,302.400,19718.71,1,0
50_20_20_10,symbol|alert_only,INTC|actioned,26,0.592088,-0.654118,0.461538,-1.250000,2,2.332623,-0.304544,1.488719,26,252.000,149206.13,0,0
50_20_20_10,symbol|alert_only,INTC|alert_only,2,-0.843750,-0.843750,0.000000,-1.250000,2,0.406250,-1.406784,-0.280716,2,252.000,-212625.00,1,0
50_20_20_10,symbol|alert_only,IREN|actioned,55,0.457092,-0.812500,0.309091,-1.250000,10,2.988096,-0.332621,1.246805,55,252.000,115187.15,0,0
50_20_20_10,symbol|alert_only,IREN|alert_only,11,-0.978155,-1.228008,0.090909,-1.250000,10,0.459325,-1.249599,-0.706711,11,252.000,-246494.94,1,0
50_20_20_10,symbol|alert_only,MARA|actioned,1,-0.828333,-0.828333,0.000000,-0.828333,1,0.000000,-0.828333,-0.828333,1,252.000,-208740.00,1,0
50_20_20_10,symbol|alert_only,META|actioned,24,0.775516,-0.260284,0.500000,-1.250000,2,2.097549,-0.063678,1.614711,23,262.957,203927.08,0,0
50_20_20_10,symbol|alert_only,META|alert_only,14,-0.116258,-1.021785,0.285714,-1.250000,4,1.710235,-1.012134,0.779619,13,271.385,-31550.50,1,0
50_20_20_10,symbol|alert_only,MSFT|actioned,21,-0.093961,-1.250000,0.333333,-1.250000,5,1.816305,-0.870808,0.682885,20,264.600,-24862.18,0,0
50_20_20_10,symbol|alert_only,MSFT|alert_only,9,-0.169035,-0.971774,0.222222,-1.250000,5,1.577096,-1.199404,0.861334,9,252.000,-42596.85,1,0
50_20_20_10,symbol|alert_only,MU|actioned,47,0.859838,-0.641131,0.382979,-1.250000,5,3.665655,-0.188156,1.907832,47,252.000,216679.21,0,0
50_20_20_10,symbol|alert_only,MU|alert_only,25,-0.937607,-1.216190,0.080000,-1.250000,13,0.621004,-1.181041,-0.694174,23,273.913,-256822.86,0,0
50_20_20_10,symbol|alert_only,NFLX|actioned,19,0.230724,-0.925000,0.315789,-1.250000,4,1.984616,-0.661668,1.123116,19,252.000,58142.47,1,0
50_20_20_10,symbol|alert_only,NVDA|actioned,25,0.326808,-0.666543,0.440000,-1.250000,4,1.791409,-0.375425,1.029040,25,252.000,82355.52,0,0
50_20_20_10,symbol|alert_only,NVDA|alert_only,14,-0.825154,-0.952412,0.071429,-1.250000,11,0.426275,-1.048451,-0.601857,14,252.000,-207938.81,1,0
50_20_20_10,symbol|alert_only,ORCL|actioned,38,0.126333,-1.125000,0.315789,-1.250000,7,2.396689,-0.635704,0.888370,38,252.000,31836.01,0,0
50_20_20_10,symbol|alert_only,ORCL|alert_only,21,-0.946372,-1.250000,0.047619,-1.250000,11,0.846503,-1.308427,-0.584317,17,311.294,-294600.01,0,0
50_20_20_10,symbol|alert_only,PLTR|actioned,49,0.152043,-0.998193,0.306122,-1.250000,8,2.185479,-0.459891,0.763977,48,257.250,39113.15,0,0
50_20_20_10,symbol|alert_only,PLTR|alert_only,12,-0.696312,-1.095100,0.166667,-1.250000,7,1.018981,-1.272855,-0.119769,12,252.000,-175470.60,1,0
50_20_20_10,symbol|alert_only,QQQ|actioned,6,0.542458,0.310243,0.500000,-1.250000,3,1.443532,-0.612608,1.697524,6,252.000,136699.38,1,0
50_20_20_10,symbol|alert_only,QQQ|alert_only,3,1.244365,-0.508708,0.333333,-0.898196,1,2.759215,-1.877981,4.366711,3,252.000,313580.04,1,0
50_20_20_10,symbol|alert_only,SOFI|actioned,4,-0.742899,-1.003654,0.250000,-1.250000,2,0.612321,-1.342973,-0.142824,4,252.000,-187210.46,1,0
50_20_20_10,symbol|alert_only,TSLA|actioned,37,0.053663,-0.994718,0.324324,-1.250000,5,1.928374,-0.567702,0.675027,36,259.000,13898.68,0,0
50_20_20_10,symbol|alert_only,TSLA|alert_only,34,-0.725910,-1.220409,0.147059,-1.250000,15,1.089393,-1.092096,-0.359725,34,252.000,-182929.39,0,0
50_20_20_10,symbol|alert_only,TSM|actioned,26,0.243517,-0.283801,0.423077,-1.250000,7,1.509158,-0.336585,0.823618,25,262.080,63820.83,0,0
50_20_20_10,symbol|alert_only,TSM|alert_only,16,-1.111562,-1.250000,0.000000,-1.250000,16,0.240713,-1.229511,-0.993613,15,268.800,-298787.89,1,0
50_20_20_10,symbol|alert_only,UBER|actioned,26,0.487265,-0.797610,0.423077,-1.250000,4,2.102817,-0.321032,1.295562,26,252.000,122790.66,0,0
50_20_20_10,symbol|trend_qqq,AAPL|aligned,9,0.482565,0.088235,0.555556,-1.153902,2,1.555406,-0.533634,1.498764,8,283.500,136807.24,1,0
50_20_20_10,symbol|trend_qqq,AAPL|flat,1,-1.197727,-1.197727,0.000000,-1.197727,1,0.000000,-1.197727,-1.197727,1,252.000,-301827.27,1,0
50_20_20_10,symbol|trend_qqq,AAPL|opposed,9,0.023530,-0.843220,0.444444,-1.250000,3,1.463270,-0.932473,0.979534,9,252.000,5929.68,1,0
50_20_20_10,symbol|trend_qqq,AMD|aligned,33,0.603695,-1.153614,0.363636,-1.250000,8,3.032094,-0.430832,1.638222,28,297.000,179297.34,0,0
50_20_20_10,symbol|trend_qqq,AMD|flat,9,2.332627,-0.745679,0.444444,-1.250000,3,4.017892,-0.292396,4.957650,8,283.500,661299.75,1,0
50_20_20_10,symbol|trend_qqq,AMD|opposed,22,-0.554141,-1.250000,0.136364,-1.250000,12,1.670084,-1.252024,0.143743,17,326.118,-180715.01,0,0
50_20_20_10,symbol|trend_qqq,AMZN|aligned,7,0.172109,-0.115741,0.428571,-1.250000,2,1.355354,-0.831952,1.176169,7,252.000,43371.37,1,0
50_20_20_10,symbol|trend_qqq,AMZN|flat,1,-1.250000,-1.250000,0.000000,-1.250000,1,0.000000,-1.250000,-1.250000,1,252.000,-315000.00,1,0
50_20_20_10,symbol|trend_qqq,AMZN|opposed,12,-0.660927,-1.099309,0.083333,-1.250000,11,1.163504,-1.319242,-0.002613,12,252.000,-166553.72,1,0
50_20_20_10,symbol|trend_qqq,AVGO|aligned,25,-0.408582,-1.168539,0.240000,-1.250000,5,1.411414,-0.961857,0.144692,24,262.500,-107252.85,0,0
50_20_20_10,symbol|trend_qqq,AVGO|flat,8,0.676183,-0.985431,0.375000,-1.250000,3,2.482602,-1.044172,2.396538,8,252.000,170398.10,1,0
50_20_20_10,symbol|trend_qqq,AVGO|opposed,13,-0.374671,-1.162465,0.230769,-1.250000,7,1.494201,-1.186929,0.437586,12,273.000,-102285.28,1,0
50_20_20_10,symbol|trend_qqq,BABA|aligned,6,-0.517209,-1.190878,0.333333,-1.250000,4,1.047161,-1.355112,0.320694,6,252.000,-130336.64,1,0
50_20_20_10,symbol|trend_qqq,BABA|opposed,3,0.091481,-1.236667,0.333333,-1.250000,2,1.887721,-2.044676,2.227639,3,252.000,23053.33,1,0
50_20_20_10,symbol|trend_qqq,COIN|aligned,34,-0.144369,-1.037867,0.323529,-1.250000,10,1.500042,-0.648589,0.359851,29,295.448,-42653.51,0,0
50_20_20_10,symbol|trend_qqq,COIN|flat,12,0.174300,-0.414287,0.416667,-1.250000,2,1.688396,-0.781000,1.129600,10,302.400,52708.24,1,0
50_20_20_10,symbol|trend_qqq,COIN|opposed,30,-0.515248,-1.250000,0.166667,-1.250000,9,1.374848,-1.007232,-0.023265,30,252.000,-129842.62,0,0
50_20_20_10,symbol|trend_qqq,CRM|aligned,20,0.370579,-0.937783,0.350000,-1.250000,5,2.357385,-0.662590,1.403749,17,296.471,109865.85,0,0
50_20_20_10,symbol|trend_qqq,CRM|flat,1,-0.036885,-0.036885,0.000000,-0.036885,1,0.000000,-0.036885,-0.036885,1,252.000,-9295.08,1,0
50_20_20_10,symbol|trend_qqq,CRM|opposed,16,0.099614,-1.159615,0.312500,-1.250000,4,2.095751,-0.927303,1.126532,15,268.800,26776.35,1,0
50_20_20_10,symbol|trend_qqq,GOOGL|aligned,9,0.487946,-0.969595,0.444444,-1.248016,2,2.140769,-0.910690,1.886582,9,252.000,122962.38,1,0
50_20_20_10,symbol|trend_qqq,GOOGL|flat,1,0.029167,0.029167,1.000000,0.029167,0,0.000000,0.029167,0.029167,1,252.000,7350.00,1,0
50_20_20_10,symbol|trend_qqq,GOOGL|opposed,10,-0.287455,-1.032169,0.300000,-1.250000,4,1.400343,-1.155396,0.580487,10,252.000,-72438.63,1,0
50_20_20_10,symbol|trend_qqq,HOOD|aligned,29,0.423733,-0.757805,0.379310,-1.250000,5,2.003115,-0.305326,1.152793,28,261.000,110594.37,0,0
50_20_20_10,symbol|trend_qqq,HOOD|flat,5,0.905662,-1.250000,0.400000,-1.250000,3,3.061303,-1.777688,3.589012,4,315.000,285283.54,1,0
50_20_20_10,symbol|trend_qqq,HOOD|opposed,15,0.348359,-1.250000,0.266667,-1.250000,4,2.659709,-0.997640,1.694357,15,252.000,87786.43,1,0
50_20_20_10,symbol|trend_qqq,INTC|aligned,19,1.152466,0.708333,0.578947,-1.250000,2,2.446214,0.052514,2.252418,19,252.000,290421.43,1,0
50_20_20_10,symbol|trend_qqq,INTC|flat,1,-1.250000,-1.250000,0.000000,-1.250000,1,0.000000,-1.250000,-1.250000,1,252.000,-315000.00,1,0
50_20_20_10,symbol|trend_qqq,INTC|opposed,7,-0.812867,-1.250000,0.142857,-1.250000,5,0.898971,-1.478834,-0.146900,7,252.000,-204842.52,1,0
50_20_20_10,symbol|trend_qqq,INTC|unknown,1,-1.250000,-1.250000,0.000000,-1.250000,1,0.000000,-1.250000,-1.250000,1,252.000,-315000.00,1,0
50_20_20_10,symbol|trend_qqq,IREN|aligned,40,0.308664,-0.880040,0.325000,-1.250000,9,2.427510,-0.443629,1.060957,38,265.263,81877.10,0,0
50_20_20_10,symbol|trend_qqq,IREN|flat,7,-0.813023,-1.250000,0.142857,-1.250000,5,1.053492,-1.593461,-0.032585,7,252.000,-204881.88,1,0
50_20_20_10,symbol|trend_qqq,IREN|opposed,19,0.406577,-0.947225,0.210526,-1.250000,8,3.701752,-1.257933,2.071088,18,266.000,108149.59,1,0
50_20_20_10,symbol|trend_qqq,MARA|aligned,1,-0.828333,-0.828333,0.000000,-0.828333,1,0.000000,-0.828333,-0.828333,1,252.000,-208740.00,1,0
50_20_20_10,symbol|trend_qqq,META|aligned,22,0.980876,0.430849,0.500000,-1.250000,3,2.231545,0.048373,1.913379,20,277.200,271898.86,0,0
50_20_20_10,symbol|trend_qqq,META|flat,4,-0.981347,-1.050194,0.000000,-1.250000,4,0.265246,-1.241288,-0.721406,4,252.000,-247299.45,1,0
50_20_20_10,symbol|trend_qqq,META|opposed,12,-0.055758,-0.894022,0.416667,-1.250000,2,1.479647,-0.892947,0.781431,11,274.909,-15328.47,1,0
50_20_20_10,symbol|trend_qqq,MSFT|aligned,10,-0.214208,-1.054160,0.300000,-1.250000,6,1.409865,-1.088052,0.659635,9,280.000,-59978.30,1,0
50_20_20_10,symbol|trend_qqq,MSFT|flat,2,2.176948,2.176948,0.500000,-1.250000,1,3.426948,-2.572560,6.926456,2,252.000,548590.91,1,0
50_20_20_10,symbol|trend_qqq,MSFT|opposed,17,-0.467041,-1.220588,0.235294,-1.250000,7,1.330803,-1.099664,0.165583,15,285.600,-133386.79,1,0
50_20_20_10,symbol|trend_qqq,MSFT|unknown,1,2.233371,2.233371,1.000000,2.233371,0,0.000000,2.233371,2.233371,1,252.000,562809.49,1,0
50_20_20_10,symbol|trend_qqq,MU|aligned,44,0.575043,-0.991398,0.295455,-1.250000,5,3.706255,-0.520086,1.670171,39,284.308,163489.12,0,0
50_20_20_10,symbol|trend_qqq,MU|flat,7,0.555158,0.233974,0.571429,-1.250000,3,1.820528,-0.793508,1.903824,6,294.000,163216.37,1,0
50_20_20_10,symbol|trend_qqq,MU|opposed,21,-0.581704,-1.250000,0.142857,-1.250000,7,1.487977,-1.218122,0.054715,20,264.600,-153918.83,0,0
50_20_20_10,symbol|trend_qqq,NFLX|aligned,13,0.135781,-0.925000,0.307692,-1.250000,5,1.901799,-0.898049,1.169611,13,252.000,34216.87,1,0
50_20_20_10,symbol|trend_qqq,NFLX|flat,3,-0.930051,-1.250000,0.000000,-1.250000,3,0.452476,-1.442076,-0.418026,3,252.000,-234372.83,1,0
50_20_20_10,symbol|trend_qqq,NFLX|opposed,3,1.802918,2.090024,0.666667,-1.124853,1,2.282351,-0.779806,4.385642,3,252.000,454335.36,1,0
50_20_20_10,symbol|trend_qqq,NVDA|aligned,24,0.213649,-0.473293,0.458333,-1.250000,5,1.490995,-0.382874,0.810171,21,288.000,61530.85,0,0
50_20_20_10,symbol|trend_qqq,NVDA|flat,3,-1.244493,-1.250000,0.000000,-1.250000,3,0.007789,-1.253306,-1.235679,3,252.000,-313612.15,1,0
50_20_20_10,symbol|trend_qqq,NVDA|opposed,12,-0.398005,-0.911428,0.083333,-1.250000,6,1.682718,-1.350092,0.554083,10,302.400,-120356.69,1,0
50_20_20_10,symbol|trend_qqq,ORCL|aligned,37,0.027115,-1.156846,0.270270,-1.250000,9,2.440354,-0.759221,0.813451,29,321.517,8717.81,0,0
50_20_20_10,symbol|trend_qqq,ORCL|flat,10,-0.521157,-1.087227,0.200000,-1.250000,5,1.209273,-1.270672,0.228358,10,252.000,-131331.69,1,0
50_20_20_10,symbol|trend_qqq,ORCL|opposed,12,-0.905401,-1.172082,0.083333,-1.250000,8,0.657527,-1.277432,-0.533369,11,274.909,-248902.85,1,0
50_20_20_10,symbol|trend_qqq,PLTR|aligned,30,-0.334867,-1.037403,0.266667,-1.250000,15,1.266887,-0.788216,0.118483,29,260.690,-87296.27,0,0
50_20_20_10,symbol|trend_qqq,PLTR|flat,6,1.304879,0.431779,0.500000,-1.250000,1,2.597403,-0.773476,3.383234,6,252.000,328829.46,1,0
50_20_20_10,symbol|trend_qqq,PLTR|opposed,24,-0.017611,-1.144333,0.208333,-1.250000,6,2.485186,-1.011892,0.976671,22,274.909,-4841.33,0,0
50_20_20_10,symbol|trend_qqq,PLTR|unknown,1,1.733763,1.733763,1.000000,1.733763,0,0.000000,1.733763,1.733763,1,252.000,436908.39,1,0
50_20_20_10,symbol|trend_qqq,QQQ|aligned,6,1.607458,1.195752,0.666667,-0.663136,2,1.984181,0.019782,3.195133,6,252.000,405079.38,1,0
50_20_20_10,symbol|trend_qqq,QQQ|opposed,3,-0.885635,-0.898196,0.000000,-1.250000,3,0.302761,-1.228241,-0.543028,3,252.000,-223179.96,1,0
50_20_20_10,symbol|trend_qqq,SOFI|aligned,1,-1.250000,-1.250000,0.000000,-1.250000,1,0.000000,-1.250000,-1.250000,1,252.000,-315000.00,1,0
50_20_20_10,symbol|trend_qqq,SOFI|flat,1,-0.847826,-0.847826,0.000000,-0.847826,1,0.000000,-0.847826,-0.847826,1,252.000,-213652.17,1,0
50_20_20_10,symbol|trend_qqq,SOFI|opposed,2,-0.436884,-0.436884,0.500000,-1.159483,1,0.722599,-1.438355,0.564586,2,252.000,-110094.83,1,0
50_20_20_10,symbol|trend_qqq,TSLA|aligned,33,-0.329155,-1.058649,0.242424,-1.250000,9,1.491460,-0.838030,0.179719,28,297.000,-97759.07,0,0
50_20_20_10,symbol|trend_qqq,TSLA|flat,9,-0.862163,-1.250000,0.111111,-1.250000,8,1.071101,-1.561949,-0.162377,8,283.500,-244423.30,1,0
50_20_20_10,symbol|trend_qqq,TSLA|opposed,29,-0.140477,-1.090683,0.275862,-1.250000,5,1.869838,-0.821029,0.540075,25,292.320,-41064.25,0,0
50_20_20_10,symbol|trend_qqq,TSM|aligned,21,-0.294673,-0.995708,0.238095,-1.250000,8,1.392879,-0.890417,0.301072,20,264.600,-77970.44,0,0
50_20_20_10,symbol|trend_qqq,TSM|flat,5,-0.212598,-0.725694,0.400000,-1.250000,1,1.010445,-1.098292,0.673097,5,252.000,-53574.57,1,0
50_20_20_10,symbol|trend_qqq,TSM|opposed,16,-0.262653,-1.118179,0.250000,-1.250000,8,1.424209,-0.960515,0.435209,14,288.000,-75643.99,1,0
50_20_20_10,symbol|trend_qqq,UBER|aligned,14,1.258174,1.313213,0.642857,-1.250000,3,2.130001,0.142411,2.373937,14,252.000,317059.92,1,0
50_20_20_10,symbol|trend_qqq,UBER|flat,3,0.040252,-0.760000,0.333333,-1.250000,2,1.491683,-1.647747,1.728250,3,252.000,10143.43,1,0
50_20_20_10,symbol|trend_qqq,UBER|opposed,9,-0.562924,-1.192568,0.111111,-1.250000,7,1.697386,-1.671883,0.546035,9,252.000,-141856.87,1,0
50_20_20_10,symbol|side,AAPL|long,10,0.573447,0.237611,0.600000,-1.250000,1,1.613392,-0.426543,1.573438,10,252.000,144508.67,1,0
50_20_20_10,symbol|side,AAPL|short,9,-0.264149,-0.961066,0.333333,-1.250000,3,1.275089,-1.097207,0.568910,8,283.500,-74886.11,1,0
50_20_20_10,symbol|side,AMD|long,31,0.270725,-1.153614,0.290323,-1.250000,11,2.482677,-0.603242,1.144693,25,312.480,84596.29,0,0
50_20_20_10,symbol|side,AMD|short,33,0.616121,-1.225610,0.303030,-1.250000,7,3.357132,-0.529306,1.761548,25,332.640,204946.44,0,0
50_20_20_10,symbol|side,AMZN|long,6,-0.152089,-1.027135,0.333333,-1.250000,3,1.573894,-1.411466,1.107289,6,252.000,-38326.34,1,0
50_20_20_10,symbol|side,AMZN|short,14,-0.504560,-0.999912,0.142857,-1.250000,7,1.119623,-1.091054,0.081934,14,252.000,-127149.08,1,0
50_20_20_10,symbol|side,AVGO|long,28,-0.270028,-1.176031,0.250000,-1.250000,7,1.709721,-0.903317,0.363262,26,271.385,-73281.36,0,0
50_20_20_10,symbol|side,AVGO|short,18,-0.117503,-1.081232,0.277778,-1.250000,5,1.726445,-0.915079,0.680074,17,266.824,-31352.44,1,0
50_20_20_10,symbol|side,BABA|long,4,0.431724,0.107893,0.500000,-1.250000,1,1.737790,-1.271310,2.134758,4,252.000,108794.53,1,0
50_20_20_10,symbol|side,BABA|short,5,-0.911141,-1.250000,0.200000,-1.250000,4,0.620289,-1.454848,-0.367434,5,252.000,-229607.59,1,0
50_20_20_10,symbol|side,COIN|long,39,-0.580331,-1.152672,0.230769,-1.250000,11,0.994070,-0.892321,-0.268340,34,289.059,-167749.66,0,0
50_20_20_10,symbol|side,COIN|short,37,0.117797,-1.130000,0.324324,-1.250000,8,1.832658,-0.472726,0.708320,34,274.235,32304.13,0,0
50_20_20_10,symbol|side,CRM|long,21,0.484354,-0.876776,0.333333,-1.250000,5,2.269468,-0.486313,1.455022,19,278.526,134905.46,0,0
50_20_20_10,symbol|side,CRM|short,16,-0.075182,-1.199986,0.312500,-1.250000,5,2.108754,-1.108472,0.958107,14,288.000,-21652.44,1,0
50_20_20_10,symbol|side,GOOGL|long,10,0.388430,-0.533211,0.500000,-1.250000,3,2.108016,-0.918132,1.694992,10,252.000,97884.25,1,0
50_20_20_10,symbol|side,GOOGL|short,10,-0.233816,-0.969172,0.300000,-1.225000,5,1.316542,-1.049817,0.582184,10,252.000,-58921.75,1,0
50_20_20_10,symbol|side,HOOD|long,22,0.467215,-1.079808,0.318182,-1.250000,6,2.497587,-0.576460,1.510890,21,264.000,123344.80,0,0
50_20_20_10,symbol|side,HOOD|short,27,0.435675,-0.250000,0.370370,-1.250000,6,2.221916,-0.402437,1.273787,25,272.160,118573.29,0,0
50_20_20_10,symbol|side,INTC|long,12,0.087188,-1.238822,0.333333,-1.250000,3,2.080861,-1.090170,1.264546,12,252.000,21971.36,1,0
50_20_20_10,symbol|side,INTC|short,16,0.791283,0.135417,0.500000,-1.250000,2,2.375250,-0.372589,1.955155,16,252.000,199403.32,1,0
50_20_20_10,symbol|side,IREN|long,29,0.530558,-1.228008,0.310345,-1.250000,15,3.399267,-0.706649,1.767765,28,261.000,138475.73,0,0
50_20_20_10,symbol|side,IREN|short,37,-0.027185,-0.947225,0.243243,-1.250000,8,2.156887,-0.722181,0.667812,35,266.400,-7242.04,0,0
50_20_20_10,symbol|side,MARA|short,1,-0.828333,-0.828333,0.000000,-0.828333,1,0.000000,-0.828333,-0.828333,1,252.000,-208740.00,1,0
50_20_20_10,symbol|side,META|long,21,0.648889,-0.575000,0.476190,-1.250000,4,2.033547,-0.220874,1.518651,19,278.526,180732.57,0,0
50_20_20_10,symbol|side,META|short,17,0.197537,-1.125000,0.352941,-1.250000,4,1.952647,-0.730693,1.125766,16,267.750,52890.47,1,0
50_20_20_10,symbol|side,MSFT|long,15,-0.262005,-1.203358,0.333333,-1.250000,5,1.411409,-0.976277,0.452267,13,290.769,-76182.98,1,0
50_20_20_10,symbol|side,MSFT|short,15,0.029038,-1.122340,0.266667,-1.250000,7,2.019611,-0.993026,1.051102,14,270.000,7840.25,1,0
50_20_20_10,symbol|side,MU|long,34,-0.047771,-1.250000,0.205882,-1.250000,7,2.643471,-0.936340,0.840799,32,267.750,-12790.57,0,0
50_20_20_10,symbol|side,MU|short,38,0.489379,-0.602229,0.342105,-1.250000,5,3.445589,-0.606159,1.584918,33,290.182,142008.96,0,0
50_20_20_10,symbol|side,NFLX|long,9,0.169531,-1.244048,0.222222,-1.250000,5,2.383120,-1.387441,1.726503,9,252.000,42721.83,1,0
50_20_20_10,symbol|side,NFLX|short,10,0.285798,-0.199196,0.400000,-1.156250,5,1.538112,-0.667534,1.239130,10,252.000,72021.04,1,0
50_20_20_10,symbol|side,NVDA|long,20,-0.038366,-0.744790,0.350000,-1.250000,4,1.615786,-0.746515,0.669784,17,296.471,-11374.30,0,0
50_20_20_10,symbol|side,NVDA|short,19,-0.137613,-0.692568,0.263158,-1.250000,7,1.493326,-0.809094,0.533868,17,281.647,-38758.37,1,0
50_20_20_10,symbol|side,ORCL|long,29,-0.726010,-1.250000,0.137931,-1.250000,11,1.098918,-1.125975,-0.326044,22,332.182,-241167.20,0,0
50_20_20_10,symbol|side,ORCL|short,30,0.199371,-1.119565,0.300000,-1.250000,6,2.589980,-0.727441,1.126184,24,315.000,62801.95,0,0
50_20_20_10,symbol|side,PLTR|long,31,0.094951,-1.033333,0.258065,-1.250000,14,2.339684,-0.728679,0.918582,30,260.400,24725.29,0,0
50_20_20_10,symbol|side,PLTR|short,30,-0.128304,-1.114822,0.300000,-1.250000,7,1.663122,-0.723444,0.466837,27,280.000,-35924.99,0,0
50_20_20_10,symbol|side,QQQ|long,2,0.313962,0.313962,0.500000,-0.898196,1,1.212158,-1.366003,1.993927,2,252.000,79118.36,1,0
50_20_20_10,symbol|side,QQQ|short,7,0.908560,-0.244898,0.428571,-1.250000,3,2.165946,-0.695995,2.513115,7,252.000,228957.09,1,0
50_20_20_10,symbol|side,SOFI|long,2,-1.204741,-1.204741,0.000000,-1.250000,2,0.045259,-1.267467,-1.142016,2,252.000,-303594.83,1,0
50_20_20_10,symbol|side,SOFI|short,2,-0.281056,-0.281056,0.500000,-0.847826,1,0.566770,-1.066559,0.504448,2,252.000,-70826.09,1,0
50_20_20_10,symbol|side,TSLA|long,31,-0.221346,-1.058649,0.322581,-1.250000,6,1.576520,-0.776323,0.333631,28,279.000,-61755.49,0,0
50_20_20_10,symbol|side,TSLA|short,40,-0.395843,-1.119888,0.175000,-1.250000,8,1.666793,-0.912387,0.120702,33,305.455,-120911.91,0,0
50_20_20_10,symbol|side,TSM|long,21,-0.140159,-0.801849,0.333333,-1.250000,4,1.312338,-0.701456,0.421137,20,264.600,-37086.12,0,0
50_20_20_10,symbol|side,TSM|short,21,-0.405249,-1.008772,0.190476,-1.250000,10,1.404523,-1.005973,0.195476,19,278.526,-112872.38,0,0
50_20_20_10,symbol|side,UBER|long,9,1.134064,-1.128979,0.444444,-1.250000,3,2.744129,-0.658767,2.926895,9,252.000,285784.09,1,0
50_20_20_10,symbol|side,UBER|short,17,0.144841,-0.767442,0.411765,-1.250000,2,1.561244,-0.597327,0.887010,17,252.000,36500.02,1,0
50_20_20_10,pool|month,equity|2025-08,11,0.427318,-1.108243,0.454545,-1.250000,2,2.017210,-0.764777,1.619413,4,693.000,296131.13,1,0
50_20_20_10,pool|month,equity|2025-09,28,-0.372850,-0.981458,0.250000,-1.250000,5,1.195488,-0.815665,0.069965,15,470.400,-175388.81,0,0
50_20_20_10,pool|month,equity|2025-10,31,0.469217,-1.181818,0.322581,-1.250000,5,3.128594,-0.632131,1.570565,21,372.000,174548.73,0,0
50_20_20_10,pool|month,equity|2025-11,50,-0.025918,-1.151788,0.280000,-1.250000,11,2.255853,-0.651209,0.599372,15,840.000,-21771.39,0,0
50_20_20_10,pool|month,equity|2025-12,38,0.388711,-0.679213,0.421053,-1.250000,10,1.903579,-0.216540,0.993961,17,563.294,218958.59,0,0
50_20_20_10,pool|month,equity|2026-01,38,-0.153721,-1.150893,0.263158,-1.250000,7,2.075976,-0.813785,0.506344,18,532.000,-81779.36,0,0
50_20_20_10,pool|month,equity|2026-02,42,0.184496,-1.141708,0.238095,-1.250000,8,3.442278,-0.856568,1.225560,18,588.000,108483.54,0,0
50_20_20_10,pool|month,equity|2026-03,51,-0.609740,-1.187500,0.137255,-1.250000,16,1.349179,-0.980029,-0.239451,19,676.421,-412441.12,0,0
50_20_20_10,pool|month,equity|2026-04,41,0.299712,-0.937500,0.365854,-1.250000,6,2.181058,-0.367912,0.967335,20,516.600,154831.03,0,0
50_20_20_10,pool|month,equity|2026-05,60,-0.029861,-1.123670,0.266667,-1.250000,6,2.028552,-0.543156,0.483433,18,840.000,-25083.62,0,0
50_20_20_10,pool|month,equity|2026-06,59,0.171896,-0.843220,0.355932,-1.250000,7,1.903255,-0.313758,0.657550,19,782.526,134513.18,0,0
50_20_20_10,pool|month,equity|2026-07,66,-0.223154,-1.012446,0.257576,-1.250000,11,1.691218,-0.631176,0.184868,20,831.600,-185574.71,0,0
50_20_20_10,pool|month,equity|2026-08,25,1.325834,0.663793,0.560000,-1.250000,6,3.014942,0.143977,2.507691,8,787.500,1044094.34,0,0
50_20_20_10,pool|month,index|2025-08,1,-0.508708,-0.508708,0.000000,-0.508708,1,0.000000,-0.508708,-0.508708,1,252.000,-128194.52,1,0
50_20_20_10,pool|month,index|2025-10,1,1.526119,1.526119,1.000000,1.526119,0,0.000000,1.526119,1.526119,1,252.000,384582.09,1,0
50_20_20_10,pool|month,index|2025-11,1,3.021277,3.021277,1.000000,3.021277,0,0.000000,3.021277,3.021277,1,252.000,761361.70,1,0
50_20_20_10,pool|month,index|2025-12,1,5.140000,5.140000,1.000000,5.140000,0,0.000000,5.140000,5.140000,1,252.000,1295280.00,1,0
50_20_20_10,pool|month,index|2026-01,1,0.865385,0.865385,1.000000,0.865385,0,0.000000,0.865385,0.865385,1,252.000,218076.92,1,0
50_20_20_10,pool|month,index|2026-02,1,-0.898196,-0.898196,0.000000,-0.898196,1,0.000000,-0.898196,-0.898196,1,252.000,-226345.36,1,0
50_20_20_10,pool|month,index|2026-06,3,-0.719345,-0.663136,0.000000,-1.250000,3,0.412252,-1.185851,-0.252838,3,252.000,-181274.82,1,0
50_20_20_10,pool|month,other|2025-08,10,-0.426407,-0.911526,0.200000,-1.250000,6,1.013512,-1.054588,0.201774,4,630.000,-268636.40,1,0
50_20_20_10,pool|month,other|2025-09,22,-0.069949,-0.447421,0.363636,-1.250000,6,1.448202,-0.675114,0.535216,12,462.000,-32316.35,0,0
50_20_20_10,pool|month,other|2025-10,32,-0.689971,-1.157000,0.125000,-1.250000,7,1.033725,-1.048138,-0.331803,18,448.000,-309106.79,0,0
50_20_20_10,pool|month,other|2025-11,27,-0.111551,-1.250000,0.259259,-1.250000,5,2.050414,-0.884972,0.661870,13,523.385,-58384.01,0,0
50_20_20_10,pool|month,other|2025-12,27,0.322772,-1.005952,0.333333,-1.250000,7,2.194232,-0.504897,1.150442,16,425.250,137258.92,0,0
50_20_20_10,pool|month,other|2026-01,24,-0.273641,-1.159626,0.208333,-1.250000,6,1.515872,-0.880116,0.332834,15,403.200,-110332.05,0,0
50_20_20_10,pool|month,other|2026-02,42,0.056664,-0.773600,0.357143,-1.250000,7,1.828448,-0.496321,0.609650,15,705.600,39982.44,0,0
50_20_20_10,pool|month,other|2026-03,38,0.281512,-0.775764,0.342105,-1.250000,6,2.335577,-0.461094,1.024118,16,598.500,168484.92,0,0
50_20_20_10,pool|month,other|2026-04,28,0.320361,-1.052554,0.357143,-1.250000,6,2.279244,-0.523883,1.164605,16,441.000,141279.14,0,0
50_20_20_10,pool|month,other|2026-05,32,0.075710,-1.143732,0.250000,-1.250000,8,3.059391,-0.984315,1.135735,17,474.353,35913.17,0,0
50_20_20_10,pool|month,other|2026-06,31,-0.070580,-1.130000,0.225806,-1.250000,10,2.064452,-0.797321,0.656162,19,411.158,-29019.37,0,0
50_20_20_10,pool|month,other|2026-07,34,0.166168,-0.963980,0.382353,-1.250000,5,1.728231,-0.414755,0.747091,17,504.000,83748.59,0,0
50_20_20_10,pool|month,other|2026-08,9,1.426854,1.127039,0.555556,-1.250000,1,2.516542,-0.217286,3.070995,6,378.000,539350.94,1,0
50_20_20_10,pool|quarter,equity|2025-Q3,39,-0.147162,-1.038462,0.307692,-1.250000,5,1.517710,-0.623497,0.329173,19,517.263,-76121.45,0,0
50_20_20_10,pool|quarter,equity|2025-Q4,119,0.235469,-0.962468,0.336134,-1.250000,11,2.428082,-0.200791,0.671730,53,565.811,133231.10,0,0
50_20_20_10,pool|quarter,equity|2026-Q1,131,-0.222819,-1.156250,0.206107,-1.250000,16,2.422945,-0.637739,0.192100,55,600.218,-133740.11,0,0
50_20_20_10,pool|quarter,equity|2026-Q2,160,0.128990,-0.979947,0.325000,-1.250000,10,2.028665,-0.185355,0.443335,57,707.368,91243.26,0,0
50_20_20_10,pool|quarter,equity|2026-Q3,91,0.202392,-0.971774,0.340659,-1.250000,11,2.247162,-0.259318,0.664103,28,819.000,165759.30,0,0
50_20_20_10,pool|quarter,index|2025-Q3,1,-0.508708,-0.508708,0.000000,-0.508708,1,0.000000,-0.508708,-0.508708,1,252.000,-128194.52,1,0
50_20_20_10,pool|quarter,index|2025-Q4,3,3.229132,3.021277,1.000000,1.526119,0,1.482663,1.551340,4.906924,3,252.000,813741.26,1,0
50_20_20_10,pool|quarter,index|2026-Q1,2,-0.016406,-0.016406,0.500000,-0.898196,1,0.881790,-1.238505,1.205693,2,252.000,-4134.22,1,0
50_20_20_10,pool|quarter,index|2026-Q2,3,-0.719345,-0.663136,0.000000,-1.250000,3,0.412252,-1.185851,-0.252838,3,252.000,-181274.82,1,0
50_20_20_10,pool|quarter,other|2025-Q3,32,-0.181342,-0.710352,0.312500,-1.250000,6,1.337979,-0.644928,0.282244,16,504.000,-91396.36,0,0
50_20_20_10,pool|quarter,other|2025-Q4,86,-0.190420,-1.135378,0.232558,-1.250000,7,1.845700,-0.580512,0.199673,47,461.106,-87803.65,0,0
50_20_20_10,pool|quarter,other|2026-Q1,104,0.062596,-0.931452,0.317308,-1.250000,8,1.979188,-0.317792,0.442984,46,569.739,35663.36,0,0
50_20_20_10,pool|quarter,other|2026-Q2,91,0.101152,-1.125000,0.274725,-1.250000,10,2.523246,-0.417284,0.619588,52,441.000,44608.12,0,0
50_20_20_10,pool|quarter,other|2026-Q3,43,0.430032,-0.913763,0.418605,-1.250000,5,1.987505,-0.164027,1.024092,23,471.130,202601.37,0,0
50_20_20_10,pool|setup,equity|break_and_retest,460,0.095770,-1.015857,0.310870,-1.250000,13,2.285447,-0.113087,0.304626,197,588.426,56353.42,0,0
50_20_20_10,pool|setup,equity|one_candle_rule,78,-0.206791,-1.158915,0.230769,-1.250000,15,1.815248,-0.609642,0.196060,66,297.818,-61586.18,0,0
50_20_20_10,pool|setup,equity|reentry_84_rule,2,2.111957,2.111957,0.500000,-1.250000,1,3.361957,-2.547477,6.771391,2,252.000,532213.04,1,0
50_20_20_10,pool|setup,index|break_and_retest,4,0.744657,0.310243,0.500000,-0.663136,2,1.428169,-0.654949,2.144263,4,252.000,187653.54,1,0
50_20_20_10,pool|setup,index|one_candle_rule,5,0.801843,-0.508708,0.400000,-1.250000,2,2.373264,-1.278415,2.882101,5,252.000,202064.44,1,0
50_20_20_10,pool|setup,other|break_and_retest,337,0.029874,-1.047190,0.296736,-1.250000,10,2.079379,-0.192137,0.251885,180,471.800,14094.59,0,0
50_20_20_10,pool|setup,other|one_candle_rule,19,0.103139,-0.995708,0.315789,-1.250000,5,1.816697,-0.713748,0.920026,18,266.000,27434.98,1,0
50_20_20_10,pool|grade,equity|A,6,-0.129348,-1.250000,0.166667,-1.250000,3,2.505854,-2.134449,1.875753,4,378.000,-48893.48,1,0
50_20_20_10,pool|grade,equity|A+,3,-1.250000,-1.250000,0.000000,-1.250000,3,0.000000,-1.250000,-1.250000,2,378.000,-472500.00,1,0
50_20_20_10,pool|grade,equity|B,352,0.409753,-0.825371,0.386364,-1.250000,13,2.480049,0.150666,0.668840,183,484.721,198616.07,0,0
50_20_20_10,pool|grade,equity|C,179,-0.600887,-1.163928,0.139665,-1.250000,28,1.433019,-0.810820,-0.390954,121,372.793,-224006.66,0,0
50_20_20_10,pool|grade,index|B,6,0.542458,0.310243,0.500000,-1.250000,3,1.443532,-0.612608,1.697524,6,252.000,136699.38,1,0
50_20_20_10,pool|grade,index|C,3,1.244365,-0.508708,0.333333,-0.898196,1,2.759215,-1.877981,4.366711,3,252.000,313580.04,1,0
50_20_20_10,pool|grade,other|A,1,6.645230,6.645230,1.000000,6.645230,0,0.000000,6.645230,6.645230,1,252.000,1674598.07,1,0
50_20_20_10,pool|grade,other|B,264,0.257172,-0.793102,0.348485,-1.250000,8,2.202676,-0.008536,0.522880,161,413.217,106268.02,0,0
50_20_20_10,pool|grade,other|C,91,-0.686939,-1.195000,0.142857,-1.250000,17,1.217566,-0.937105,-0.436774,78,294.000,-201960.18,0,0
50_20_20_10,pool|alert_only,equity|actioned,361,0.387000,-0.884494,0.379501,-1.250000,13,2.475656,0.131617,0.642384,184,494.413,191337.86,0,0
50_20_20_10,pool|alert_only,equity|alert_only,179,-0.600887,-1.163928,0.139665,-1.250000,28,1.433019,-0.810820,-0.390954,121,372.793,-224006.66,0,0
50_20_20_10,pool|alert_only,index|actioned,6,0.542458,0.310243,0.500000,-1.250000,3,1.443532,-0.612608,1.697524,6,252.000,136699.38,1,0
50_20_20_10,pool|alert_only,index|alert_only,3,1.244365,-0.508708,0.333333,-0.898196,1,2.759215,-1.877981,4.366711,3,252.000,313580.04,1,0
50_20_20_10,pool|alert_only,other|actioned,265,0.281278,-0.791528,0.350943,-1.250000,8,2.233133,0.012405,0.550151,162,412.222,115949.07,0,0
50_20_20_10,pool|alert_only,other|alert_only,91,-0.686939,-1.195000,0.142857,-1.250000,17,1.217566,-0.937105,-0.436774,78,294.000,-201960.18,0,0
50_20_20_10,pool|trend_qqq,equity|aligned,290,0.287880,-0.941518,0.355172,-1.250000,9,2.443303,0.006667,0.569092,152,480.789,138409.46,0,0
50_20_20_10,pool|trend_qqq,equity|flat,57,0.174988,-1.176136,0.280702,-1.250000,14,2.486594,-0.470553,0.820528,31,463.355,81081.34,0,0
50_20_20_10,pool|trend_qqq,equity|opposed,190,-0.336991,-1.166086,0.215789,-1.250000,11,1.714077,-0.580721,-0.093260,113,423.717,-142788.64,0,0
50_20_20_10,pool|trend_qqq,equity|unknown,3,0.905711,1.733763,0.666667,-1.250000,1,1.537904,-0.834590,2.646013,1,756.000,684717.87,1,0
50_20_20_10,pool|trend_qqq,index|aligned,6,1.607458,1.195752,0.666667,-0.663136,2,1.984181,0.019782,3.195133,6,252.000,405079.38,1,0
50_20_20_10,pool|trend_qqq,index|opposed,3,-0.885635,-0.898196,0.000000,-1.250000,3,0.302761,-1.228241,-0.543028,3,252.000,-223179.96,1,0
50_20_20_10,pool|trend_qqq,other|aligned,191,0.121299,-0.960244,0.335079,-1.250000,16,1.971046,-0.158236,0.400834,119,404.471,49061.69,0,0
50_20_20_10,pool|trend_qqq,other|flat,42,0.107411,-0.824837,0.333333,-1.250000,5,1.970852,-0.488643,0.703465,31,341.419,36672.20,0,0
50_20_20_10,pool|trend_qqq,other|opposed,123,-0.127253,-1.187596,0.227642,-1.250000,11,2.226725,-0.520776,0.266270,92,336.913,-42873.10,0,0
50_20_20_10,pool|side,equity|long,259,0.007735,-1.095588,0.305019,-1.250000,18,2.063077,-0.243524,0.258994,147,444.000,3434.26,0,0
50_20_20_10,pool|side,equity|short,281,0.107277,-0.994718,0.295374,-1.250000,26,2.381107,-0.171131,0.385685,141,502.213,53876.06,0,0
50_20_20_10,pool|side,index|long,2,0.313962,0.313962,0.500000,-0.898196,1,1.212158,-1.366003,1.993927,2,252.000,79118.36,1,0
50_20_20_10,pool|side,index|short,7,0.908560,-0.244898,0.428571,-1.250000,3,2.165946,-0.695995,2.513115,7,252.000,228957.09,1,0
50_20_20_10,pool|side,other|long,175,0.069848,-1.095000,0.297143,-1.250000,11,2.222933,-0.259507,0.399202,115,383.478,26785.08,0,0
50_20_20_10,pool|side,other|short,181,-0.001084,-0.995708,0.298343,-1.250000,14,1.901920,-0.278166,0.275999,114,400.105,-433.59,0,0
50_20_20_10,month|quarter,2025-08|2025-Q3,22,-0.003286,-0.911526,0.318182,-1.250000,7,1.639262,-0.688290,0.681718,4,1386.000,-4553.90,0,0
50_20_20_10,month|quarter,2025-09|2025-Q3,50,-0.239574,-0.791297,0.300000,-1.250000,8,1.321273,-0.605812,0.126664,17,741.176,-177566.37,0,0
50_20_20_10,month|quarter,2025-10|2025-Q4,64,-0.093863,-1.157000,0.234375,-1.250000,8,2.376480,-0.676100,0.488375,22,733.091,-68809.85,0,0
50_20_20_10,month|quarter,2025-11|2025-Q4,78,-0.016494,-1.151788,0.282051,-1.250000,7,2.199748,-0.504676,0.471688,18,1092.000,-18011.18,0,0
50_20_20_10,month|quarter,2025-12|2025-Q4,66,0.433725,-0.804526,0.393939,-1.250000,7,2.097081,-0.072215,0.939666,20,831.600,360685.94,0,0
50_20_20_10,month|quarter,2026-01|2026-Q1,63,-0.183228,-1.139286,0.253968,-1.250000,9,1.869748,-0.644938,0.278481,19,835.579,-153101.70,0,0
50_20_20_10,month|quarter,2026-02|2026-Q1,85,0.108595,-1.076069,0.294118,-1.250000,9,2.742807,-0.474504,0.691693,19,1127.368,122426.05,0,0
50_20_20_10,month|quarter,2026-03|2026-Q1,89,-0.229206,-1.067623,0.224719,-1.250000,16,1.888517,-0.621563,0.163152,21,1068.000,-244791.55,0,0
50_20_20_10,month|quarter,2026-04|2026-Q2,69,0.308091,-0.986358,0.362319,-1.250000,5,2.221448,-0.216074,0.832256,20,869.400,267854.34,0,0
50_20_20_10,month|quarter,2026-05|2026-Q2,92,0.006859,-1.125000,0.260870,-1.250000,7,2.437590,-0.491248,0.504966,19,1220.211,8369.41,0,0
50_20_20_10,month|quarter,2026-06|2026-Q2,93,0.062321,-0.977891,0.301075,-1.250000,9,1.938407,-0.331646,0.456288,21,1116.000,69550.38,0,0
50_20_20_10,month|quarter,2026-07|2026-Q3,100,-0.090784,-0.992624,0.300000,-1.250000,13,1.713844,-0.426698,0.245129,21,1200.000,-108941.34,0,0
50_20_20_10,month|quarter,2026-08|2026-Q3,34,1.352575,0.750397,0.558824,-1.250000,4,2.891729,0.380557,2.324593,8,1071.000,1448607.54,0,0
50_20_20_10,month|setup,2025-08|break_and_retest,15,-0.437989,-1.182762,0.266667,-1.250000,6,1.180206,-1.035255,0.159278,4,945.000,-413899.14,1,0
50_20_20_10,month|setup,2025-08|one_candle_rule,7,0.928221,-0.160976,0.428571,-1.250000,2,2.046468,-0.587824,2.444265,3,588.000,545793.66,1,0
50_20_20_10,month|setup,2025-09|break_and_retest,46,-0.237457,-0.693938,0.304348,-1.250000,7,1.302151,-0.613761,0.138847,15,772.800,-183506.63,0,0
50_20_20_10,month|setup,2025-09|one_candle_rule,4,-0.263918,-1.101195,0.250000,-1.226088,2,1.523813,-1.757254,1.229419,4,252.000,-66507.22,1,0
50_20_20_10,month|setup,2025-10|break_and_retest,54,0.066529,-1.048520,0.259259,-1.250000,8,2.530140,-0.608315,0.741374,21,648.000,43111.06,0,0
50_20_20_10,month|setup,2025-10|one_candle_rule,10,-0.959980,-1.250000,0.100000,-1.250000,9,0.829013,-1.473808,-0.446152,8,315.000,-302393.63,1,0
50_20_20_10,month|setup,2025-11|break_and_retest,71,0.072479,-1.128979,0.295775,-1.250000,7,2.280565,-0.458001,0.602959,17,1052.471,76282.02,0,0
50_20_20_10,month|setup,2025-11|one_candle_rule,7,-0.918932,-1.250000,0.142857,-1.250000,5,0.521173,-1.305022,-0.532841,5,352.800,-324199.14,1,0
50_20_20_10,month|setup,2025-12|break_and_retest,55,0.394030,-0.794676,0.400000,-1.250000,7,2.014537,-0.138385,0.926444,19,729.474,287434.20,0,0
50_20_20_10,month|setup,2025-12|one_candle_rule,11,0.632204,-0.813953,0.363636,-1.250000,5,2.459149,-0.821061,2.085468,8,346.500,219058.60,1,0
50_20_20_10,month|setup,2026-01|break_and_retest,57,-0.126664,-1.125000,0.263158,-1.250000,8,1.922724,-0.625820,0.372491,18,798.000,-101078.17,0,0
50_20_20_10,month|setup,2026-01|one_candle_rule,6,-0.720585,-1.250000,0.166667,-1.250000,3,1.126130,-1.621677,0.180507,6,252.000,-181587.52,1,0
50_20_20_10,month|setup,2026-02|break_and_retest,78,0.075536,-1.133074,0.282051,-1.250000,10,2.794176,-0.544565,0.695637,18,1092.000,82485.26,0,0
50_20_20_10,month|setup,2026-02|one_candle_rule,7,0.476962,-0.898196,0.428571,-1.250000,2,2.050791,-1.042286,1.996209,6,294.000,140226.72,1,0
50_20_20_10,month|setup,2026-03|break_and_retest,76,-0.196362,-1.086486,0.236842,-1.250000,14,1.970074,-0.639289,0.246565,20,957.600,-188036.22,0,0
50_20_20_10,month|setup,2026-03|one_candle_rule,13,-0.421214,-0.995708,0.153846,-1.250000,6,1.297528,-1.126559,0.284130,10,327.600,-137989.82,1,0
50_20_20_10,month|setup,2026-04|break_and_retest,62,0.316691,-0.934524,0.370968,-1.250000,6,2.187109,-0.227724,0.861107,20,781.200,247399.37,0,0
50_20_20_10,month|setup,2026-04|one_candle_rule,7,0.231916,-1.152672,0.285714,-1.250000,4,2.503846,-1.622959,2.086791,5,352.800,81819.87,1,0
50_20_20_10,month|setup,2026-05|break_and_retest,81,-0.016660,-1.125000,0.259259,-1.250000,10,2.454594,-0.551216,0.517896,18,1134.000,-18892.24,0,0
50_20_20_10,month|setup,2026-05|one_candle_rule,9,-0.249271,-1.125000,0.222222,-1.250000,3,1.716548,-1.370749,0.872207,7,324.000,-80763.85,1,0
50_20_20_10,month|setup,2026-05|reentry_84_rule,2,2.111957,2.111957,0.500000,-1.250000,1,3.361957,-2.547477,6.771391,2,252.000,532213.04,1,0
50_20_20_10,month|setup,2026-06|break_and_retest,81,0.032917,-0.931122,0.296296,-1.250000,10,1.902226,-0.381345,0.447180,21,972.000,31995.65,0,0
50_20_20_10,month|setup,2026-06|one_candle_rule,12,0.260797,-1.072101,0.333333,-1.250000,3,2.156423,-0.959314,1.480908,8,378.000,98581.18,1,0
50_20_20_10,month|setup,2026-07|break_and_retest,94,-0.055615,-0.992624,0.308511,-1.250000,12,1.753855,-0.410172,0.298942,21,1128.000,-62733.31,0,0
50_20_20_10,month|setup,2026-07|one_candle_rule,6,-0.641778,-0.917885,0.166667,-1.197727,5,0.663775,-1.172909,-0.110648,5,302.400,-194073.73,1,0
50_20_20_10,month|setup,2026-08|break_and_retest,31,1.442274,0.837000,0.580645,-1.250000,4,2.930054,0.410817,2.473730,8,976.500,1408380.36,0,0
50_20_20_10,month|setup,2026-08|one_candle_rule,3,0.425684,-1.095588,0.333333,-1.250000,2,2.261469,-2.133408,2.984777,2,378.000,160908.71,1,0
50_20_20_10,month|grade,2025-08|B,13,0.074210,-0.775862,0.384615,-1.250000,5,1.649633,-0.822540,0.970961,4,819.000,60778.37,1,0
50_20_20_10,month|grade,2025-08|C,9,-0.115224,-1.047190,0.222222,-1.250000,5,1.617623,-1.172072,0.941623,4,567.000,-65332.27,1,0
50_20_20_10,month|grade,2025-09|B,30,-0.010572,-0.526966,0.366667,-1.250000,4,1.432363,-0.523136,0.501993,15,504.000,-5328.12,0,0
50_20_20_10,month|grade,2025-09|C,20,-0.583077,-1.101195,0.200000,-1.250000,8,1.044152,-1.040696,-0.125457,12,420.000,-244892.21,0,0
50_20_20_10,month|grade,2025-10|B,47,0.089132,-1.031250,0.297872,-1.250000,6,2.412866,-0.600695,0.778960,21,564.000,50270.69,0,0
50_20_20_10,month|grade,2025-10|C,17,-0.599790,-1.250000,0.058824,-1.250000,16,2.194841,-1.643151,0.443571,14,306.000,-183535.80,1,0
50_20_20_10,month|grade,2025-11|A+,2,-1.250000,-1.250000,0.000000,-1.250000,2,0.000000,-1.250000,-1.250000,1,504.000,-630000.00,1,0
50_20_20_10,month|grade,2025-11|B,52,0.499885,-0.970133,0.403846,-1.250000,5,2.529552,-0.187655,1.187425,16,819.000,409405.74,0,0
50_20_20_10,month|grade,2025-11|C,24,-1.032522,-1.250000,0.041667,-1.250000,17,0.354749,-1.174451,-0.890593,12,504.000,-520391.09,0,0
50_20_20_10,month|grade,2025-12|B,42,0.458343,-0.594163,0.428571,-1.250000,6,1.970849,-0.137710,1.054396,19,557.053,255321.23,0,0
50_20_20_10,month|grade,2025-12|C,24,0.390644,-1.008884,0.333333,-1.250000,5,2.300752,-0.529848,1.311137,13,465.231,181739.64,0,0
50_20_20_10,month|grade,2026-01|A,1,-1.250000,-1.250000,0.000000,-1.250000,1,0.000000,-1.250000,-1.250000,1,252.000,-315000.00,1,0
50_20_20_10,month|grade,2026-01|B,49,-0.041440,-1.162500,0.285714,-1.250000,8,2.019255,-0.606832,0.523951,18,686.000,-28428.13,0,0
50_20_20_10,month|grade,2026-01|C,13,-0.635600,-1.116220,0.153846,-1.250000,7,1.097894,-1.232422,-0.038778,9,364.000,-231358.42,1,0
50_20_20_10,month|grade,2026-02|B,59,0.493697,-0.750000,0.372881,-1.250000,7,3.126847,-0.304182,1.291575,19,782.526,386330.81,0,0
50_20_20_10,month|grade,2026-02|C,26,-0.765292,-1.160063,0.115385,-1.250000,15,1.143463,-1.204825,-0.325758,16,409.500,-313386.90,0,0
50_20_20_10,month|grade,2026-03|B,65,0.089415,-0.906751,0.307692,-1.250000,13,2.118258,-0.425551,0.604381,19,862.105,77085.09,0,0
50_20_20_10,month|grade,2026-03|C,24,-1.092136,-1.221984,0.000000,-1.250000,24,0.232009,-1.184959,-0.999313,16,378.000,-412827.46,0,0
50_20_20_10,month|grade,2026-04|A,1,6.645230,6.645230,1.000000,6.645230,0,0.000000,6.645230,6.645230,1,252.000,1674598.07,1,0
50_20_20_10,month|grade,2026-04|B,50,0.413795,-0.853750,0.400000,-1.250000,5,2.176865,-0.189601,1.017191,19,663.158,274411.37,0,0
50_20_20_10,month|grade,2026-04|C,18,-0.337594,-1.087431,0.222222,-1.250000,5,1.753475,-1.147658,0.472470,11,412.364,-139211.57,1,0
50_20_20_10,month|grade,2026-05|A,4,0.430978,-1.250000,0.250000,-1.250000,2,2.911540,-2.422331,3.284287,2,504.000,217213.04,1,0
50_20_20_10,month|grade,2026-05|B,57,0.410420,-0.969595,0.315789,-1.250000,10,2.848597,-0.329099,1.149940,18,798.000,327515.49,0,0
50_20_20_10,month|grade,2026-05|C,31,-0.789898,-1.164543,0.161290,-1.250000,7,0.813848,-1.076394,-0.503402,16,488.250,-385667.88,0,0
50_20_20_10,month|grade,2026-06|A,1,-1.250000,-1.250000,0.000000,-1.250000,1,0.000000,-1.250000,-1.250000,1,252.000,-315000.00,1,0
50_20_20_10,month|grade,2026-06|B,70,0.252290,-0.776630,0.357143,-1.250000,8,1.986466,-0.213069,0.717649,21,840.000,211923.44,0,0
50_20_20_10,month|grade,2026-06|C,22,-0.482474,-1.127500,0.136364,-1.250000,8,1.684673,-1.186454,0.221506,12,462.000,-222902.86,0,0
50_20_20_10,month|grade,2026-07|B,65,0.335336,-0.725694,0.415385,-1.250000,8,1.920750,-0.131614,0.802286,19,862.105,289095.06,0,0
50_20_20_10,month|grade,2026-07|C,35,-0.882151,-1.190818,0.085714,-1.250000,9,0.759722,-1.133847,-0.630455,16,551.250,-486285.90,0,0
50_20_20_10,month|grade,2026-08|A+,1,-1.250000,-1.250000,0.000000,-1.250000,1,0.000000,-1.250000,-1.250000,1,252.000,-315000.00,1,0
50_20_20_10,month|grade,2026-08|B,23,2.123901,1.127039,0.695652,-1.250000,2,3.061544,0.872683,3.375118,8,724.500,1538766.01,0,0
50_20_20_10,month|grade,2026-08|C,10,-0.161217,-1.160294,0.300000,-1.250000,4,1.592430,-1.148216,0.825781,6,420.000,-67711.29,1,0
50_20_20_10,month|alert_only,2025-08|actioned,13,0.074210,-0.775862,0.384615,-1.250000,5,1.649633,-0.822540,0.970961,4,819.000,60778.37,1,0
50_20_20_10,month|alert_only,2025-08|alert_only,9,-0.115224,-1.047190,0.222222,-1.250000,5,1.617623,-1.172072,0.941623,4,567.000,-65332.27,1,0
50_20_20_10,month|alert_only,2025-09|actioned,30,-0.010572,-0.526966,0.366667,-1.250000,4,1.432363,-0.523136,0.501993,15,504.000,-5328.12,0,0
50_20_20_10,month|alert_only,2025-09|alert_only,20,-0.583077,-1.101195,0.200000,-1.250000,8,1.044152,-1.040696,-0.125457,12,420.000,-244892.21,0,0
50_20_20_10,month|alert_only,2025-10|actioned,47,0.089132,-1.031250,0.297872,-1.250000,6,2.412866,-0.600695,0.778960,21,564.000,50270.69,0,0
50_20_20_10,month|alert_only,2025-10|alert_only,17,-0.599790,-1.250000,0.058824,-1.250000,16,2.194841,-1.643151,0.443571,14,306.000,-183535.80,1,0
50_20_20_10,month|alert_only,2025-11|actioned,54,0.435074,-1.011596,0.388889,-1.250000,6,2.504168,-0.232843,1.102992,16,850.500,370030.74,0,0
50_20_20_10,month|alert_only,2025-11|alert_only,24,-1.032522,-1.250000,0.041667,-1.250000,17,0.354749,-1.174451,-0.890593,12,504.000,-520391.09,0,0
50_20_20_10,month|alert_only,2025-12|actioned,42,0.458343,-0.594163,0.428571,-1.250000,6,1.970849,-0.137710,1.054396,19,557.053,255321.23,0,0
50_20_20_10,month|alert_only,2025-12|alert_only,24,0.390644,-1.008884,0.333333,-1.250000,5,2.300752,-0.529848,1.311137,13,465.231,181739.64,0,0
50_20_20_10,month|alert_only,2026-01|actioned,50,-0.065612,-1.163054,0.280000,-1.250000,8,2.006109,-0.621677,0.490453,18,700.000,-45928.13,0,0
50_20_20_10,month|alert_only,2026-01|alert_only,13,-0.635600,-1.116220,0.153846,-1.250000,7,1.097894,-1.232422,-0.038778,9,364.000,-231358.42,1,0
50_20_20_10,month|alert_only,2026-02|actioned,59,0.493697,-0.750000,0.372881,-1.250000,7,3.126847,-0.304182,1.291575,19,782.526,386330.81,0,0
50_20_20_10,month|alert_only,2026-02|alert_only,26,-0.765292,-1.160063,0.115385,-1.250000,15,1.143463,-1.204825,-0.325758,16,409.500,-313386.90,0,0
50_20_20_10,month|alert_only,2026-03|actioned,65,0.089415,-0.906751,0.307692,-1.250000,13,2.118258,-0.425551,0.604381,19,862.105,77085.09,0,0
50_20_20_10,month|alert_only,2026-03|alert_only,24,-1.092136,-1.221984,0.000000,-1.250000,24,0.232009,-1.184959,-0.999313,16,378.000,-412827.46,0,0
50_20_20_10,month|alert_only,2026-04|actioned,51,0.535980,-0.801849,0.411765,-1.250000,3,2.322129,-0.101340,1.173300,19,676.421,362548.11,0,0
50_20_20_10,month|alert_only,2026-04|alert_only,18,-0.337594,-1.087431,0.222222,-1.250000,5,1.753475,-1.147658,0.472470,11,412.364,-139211.57,1,0
50_20_20_10,month|alert_only,2026-05|actioned,61,0.411768,-1.000000,0.311475,-1.250000,7,2.852771,-0.304141,1.127678,18,854.000,351650.28,0,0
50_20_20_10,month|alert_only,2026-05|alert_only,31,-0.789898,-1.164543,0.161290,-1.250000,7,0.813848,-1.076394,-0.503402,16,488.250,-385667.88,0,0
50_20_20_10,month|alert_only,2026-06|actioned,71,0.231131,-0.795455,0.352113,-1.250000,8,1.980356,-0.229518,0.691780,21,852.000,196923.44,0,0
50_20_20_10,month|alert_only,2026-06|alert_only,22,-0.482474,-1.127500,0.136364,-1.250000,8,1.684673,-1.186454,0.221506,12,462.000,-222902.86,0,0
50_20_20_10,month|alert_only,2026-07|actioned,65,0.335336,-0.725694,0.415385,-1.250000,8,1.920750,-0.131614,0.802286,19,862.105,289095.06,0,0
50_20_20_10,month|alert_only,2026-07|alert_only,35,-0.882151,-1.190818,0.085714,-1.250000,9,0.759722,-1.133847,-0.630455,16,551.250,-486285.90,0,0
50_20_20_10,month|alert_only,2026-08|actioned,24,1.983321,0.993584,0.666667,-1.250000,2,3.071978,0.754274,3.212368,8,756.000,1499391.01,0,0
50_20_20_10,month|alert_only,2026-08|alert_only,10,-0.161217,-1.160294,0.300000,-1.250000,4,1.592430,-1.148216,0.825781,6,420.000,-67711.29,1,0
50_20_20_10,month|trend_qqq,2025-08|aligned,10,0.476114,-0.634609,0.400000,-1.250000,3,2.000203,-0.763624,1.715853,3,840.000,399935.86,1,0
50_20_20_10,month|trend_qqq,2025-08|flat,1,-0.775862,-0.775862,0.000000,-0.775862,1,0.000000,-0.775862,-0.775862,1,252.000,-195517.24,1,0
50_20_20_10,month|trend_qqq,2025-08|opposed,11,-0.368869,-1.047190,0.272727,-1.250000,5,1.157762,-1.053063,0.315324,4,693.000,-255626.48,1,0
50_20_20_10,month|trend_qqq,2025-09|aligned,25,-0.098114,-0.666543,0.360000,-1.250000,6,1.477025,-0.677108,0.480879,12,525.000,-51509.99,0,0
50_20_20_10,month|trend_qqq,2025-09|flat,8,-0.496540,-1.066705,0.250000,-1.250000,3,0.992816,-1.184526,0.191447,4,504.000,-250255.97,1,0
50_20_20_10,month|trend_qqq,2025-09|opposed,17,-0.326677,-0.705818,0.235294,-1.250000,8,1.180853,-0.888019,0.234665,12,357.000,-116623.72,1,0
50_20_20_10,month|trend_qqq,2025-10|aligned,34,-0.041308,-1.084653,0.235294,-1.250000,7,2.566854,-0.904123,0.821508,19,450.947,-18627.55,0,0
50_20_20_10,month|trend_qqq,2025-10|flat,14,0.787223,-0.291293,0.428571,-1.250000,3,2.781214,-0.669666,2.244112,8,441.000,347165.44,1,0
50_20_20_10,month|trend_qqq,2025-10|opposed,16,-0.976492,-1.246324,0.062500,-1.250000,13,0.597605,-1.269319,-0.683666,10,403.200,-393721.68,1,0
50_20_20_10,month|trend_qqq,2025-11|aligned,36,0.141402,-1.011596,0.361111,-1.250000,7,2.077199,-0.537149,0.819954,11,824.727,116618.14,0,0
50_20_20_10,month|trend_qqq,2025-11|flat,8,1.862544,1.037832,0.625000,-1.250000,2,3.324588,-0.441278,4.166365,3,672.000,1251629.30,1,0
50_20_20_10,month|trend_qqq,2025-11|opposed,34,-0.625804,-1.250000,0.117647,-1.250000,13,1.644175,-1.178472,-0.073136,11,778.909,-487444.43,0,0
50_20_20_10,month|trend_qqq,2025-12|aligned,37,0.761371,-0.733696,0.432432,-1.250000,5,2.262735,0.032268,1.490474,15,621.600,473268.06,0,0
50_20_20_10,month|trend_qqq,2025-12|flat,10,0.074140,-0.804315,0.300000,-1.250000,3,1.795140,-1.038499,1.186779,5,504.000,37366.43,1,0
50_20_20_10,month|trend_qqq,2025-12|opposed,19,-0.015066,-0.880385,0.368421,-1.250000,5,1.769557,-0.810756,0.780624,12,399.000,-6011.19,1,0
50_20_20_10,month|trend_qqq,2026-01|aligned,32,-0.002968,-1.121875,0.281250,-1.250000,4,2.175281,-0.756665,0.750728,18,448.000,-1329.73,0,0
50_20_20_10,month|trend_qqq,2026-01|flat,5,0.935026,0.576057,0.600000,-1.250000,1,2.008166,-0.825209,2.695261,5,252.000,235626.62,1,0
50_20_20_10,month|trend_qqq,2026-01|opposed,26,-0.620136,-1.250000,0.153846,-1.250000,11,1.183334,-1.074995,-0.165277,14,468.000,-290223.59,0,0
50_20_20_10,month|trend_qqq,2026-02|aligned,39,0.681879,-0.750000,0.410256,-1.250000,8,3.567637,-0.437828,1.801586,15,655.200,446767.16,0,0
50_20_20_10,month|trend_qqq,2026-02|flat,7,-0.430283,-1.176136,0.142857,-1.250000,6,1.406849,-1.472492,0.611925,3,588.000,-253006.62,1,0
50_20_20_10,month|trend_qqq,2026-02|opposed,39,-0.367968,-1.158333,0.205128,-1.250000,11,1.644715,-0.884164,0.148228,16,614.250,-226024.54,0,0
50_20_20_10,month|trend_qqq,2026-03|aligned,49,0.034272,-0.906751,0.306122,-1.250000,6,2.047018,-0.538893,0.607437,18,686.000,23510.70,0,0
50_20_20_10,month|trend_qqq,2026-03|flat,14,-0.725932,-1.250000,0.071429,-1.250000,8,1.738322,-1.636521,0.184657,5,705.600,-512217.93,1,0
50_20_20_10,month|trend_qqq,2026-03|opposed,26,-0.458291,-1.157606,0.153846,-1.250000,10,1.538847,-1.049805,0.133222,12,546.000,-250227.11,0,0
50_20_20_10,month|trend_qqq,2026-04|aligned,38,0.341416,-0.921576,0.421053,-1.250000,3,2.096552,-0.325191,1.008023,17,563.294,192317.64,0,0
50_20_20_10,month|trend_qqq,2026-04|flat,13,-0.125895,-0.931548,0.230769,-1.250000,5,1.958883,-1.190756,0.938966,6,546.000,-68738.90,1,0
50_20_20_10,month|trend_qqq,2026-04|opposed,18,0.551173,-1.136095,0.333333,-1.250000,4,2.582367,-0.641820,1.744166,10,453.600,250012.03,1,0
50_20_20_10,month|trend_qqq,2026-05|aligned,52,-0.066159,-1.134563,0.250000,-1.250000,6,2.113973,-0.640744,0.508425,18,728.000,-48164.01,0,0
50_20_20_10,month|trend_qqq,2026-05|flat,7,-0.385047,-0.847826,0.428571,-1.250000,2,1.035392,-1.152076,0.381982,4,441.000,-169805.61,1,0
50_20_20_10,month|trend_qqq,2026-05|opposed,33,0.205050,-1.070156,0.242424,-1.250000,8,3.035722,-0.830715,1.240815,13,639.692,131168.73,0,0
50_20_20_10,month|trend_qqq,2026-06|aligned,66,0.166939,-0.785153,0.348485,-1.250000,6,1.854202,-0.280405,0.614282,20,831.600,138826.09,0,0
50_20_20_10,month|trend_qqq,2026-06|flat,4,2.162930,1.656217,0.500000,-1.250000,1,3.487350,-1.254673,5.580533,3,336.000,726744.49,1,0
50_20_20_10,month|trend_qqq,2026-06|opposed,23,-0.603209,-1.192568,0.130435,-1.250000,8,1.403746,-1.176903,-0.029514,12,483.000,-291349.77,0,0
50_20_20_10,month|trend_qqq,2026-07|aligned,51,0.076107,-0.807522,0.352941,-1.250000,12,1.606191,-0.364720,0.516934,15,856.800,65208.42,0,0
50_20_20_10,month|trend_qqq,2026-07|flat,7,-1.073040,-1.197727,0.000000,-1.250000,7,0.219633,-1.235746,-0.910333,2,882.000,-946421.05,1,0
50_20_20_10,month|trend_qqq,2026-07|opposed,42,-0.129729,-1.156130,0.285714,-1.250000,10,1.912230,-0.708054,0.448595,18,588.000,-76280.69,0,0
50_20_20_10,month|trend_qqq,2026-08|aligned,18,1.640126,0.750397,0.611111,-1.250000,3,3.043440,0.234128,3.046123,7,648.000,1062801.44,1,0
50_20_20_10,month|trend_qqq,2026-08|flat,1,4.262295,4.262295,1.000000,4.262295,0,0.000000,4.262295,4.262295,1,252.000,1074098.36,1,0
50_20_20_10,month|trend_qqq,2026-08|opposed,12,0.790487,-1.172794,0.416667,-1.250000,5,2.830565,-0.811055,2.392030,6,504.000,398405.67,1,0
50_20_20_10,month|trend_qqq,2026-08|unknown,3,0.905711,1.733763,0.666667,-1.250000,1,1.537904,-0.834590,2.646013,1,756.000,684717.87,1,0
50_20_20_10,month|side,2025-08|long,13,-0.160415,-1.047190,0.307692,-1.250000,4,1.518798,-0.986044,0.665213,4,819.000,-131380.27,1,0
50_20_20_10,month|side,2025-08|short,9,0.223680,-0.508708,0.333333,-1.250000,3,1.774687,-0.935783,1.383142,3,756.000,169101.82,1,0
50_20_20_10,month|side,2025-09|long,31,-0.211183,-0.876776,0.322581,-1.250000,10,1.378186,-0.696341,0.273975,16,488.250,-103110.24,0,0
50_20_20_10,month|side,2025-09|short,19,-0.285895,-0.705818,0.263158,-1.250000,5,1.221324,-0.835069,0.263280,12,399.000,-114072.04,1,0
50_20_20_10,month|side,2025-10|long,32,-0.037497,-1.124856,0.250000,-1.250000,4,2.184238,-0.794297,0.719303,16,504.000,-18898.70,0,0
50_20_20_10,month|side,2025-10|short,32,-0.150228,-1.160409,0.218750,-1.250000,7,2.553051,-1.034815,0.734359,17,474.353,-71261.03,0,0
50_20_20_10,month|side,2025-11|long,15,-0.430386,-1.226562,0.266667,-1.250000,5,1.254425,-1.065212,0.204441,8,472.500,-203357.24,1,0
50_20_20_10,month|side,2025-11|short,63,0.082052,-1.150000,0.285714,-1.250000,7,2.359204,-0.500522,0.664626,13,1221.231,100204.36,0,0
50_20_20_10,month|side,2025-12|long,29,0.552482,-0.813953,0.413793,-1.250000,5,2.204179,-0.249757,1.354722,16,456.750,252346.26,0,0
50_20_20_10,month|side,2025-12|short,37,0.340645,-0.794676,0.378378,-1.250000,6,2.004239,-0.305164,0.986455,15,621.600,211745.24,0,0
50_20_20_10,month|side,2026-01|long,29,-0.381605,-1.116220,0.206897,-1.250000,12,1.443260,-0.906898,0.143688,15,487.200,-185918.06,0,0
50_20_20_10,month|side,2026-01|short,34,-0.014024,-1.168497,0.294118,-1.250000,6,2.153818,-0.738003,0.709954,17,504.000,-7068.32,0,0
50_20_20_10,month|side,2026-02|long,38,-0.197748,-1.198645,0.210526,-1.250000,21,1.963279,-0.821980,0.426485,14,684.000,-135259.44,0,0
50_20_20_10,month|side,2026-02|short,47,0.356276,-0.719423,0.361702,-1.250000,7,3.217422,-0.563571,1.276122,16,740.250,263732.95,0,0
50_20_20_10,month|side,2026-03|long,40,-0.203604,-1.034553,0.225000,-1.250000,8,1.935688,-0.803480,0.396271,17,592.941,-120725.49,0,0
50_20_20_10,month|side,2026-03|short,49,-0.250104,-1.156250,0.224490,-1.250000,11,1.848856,-0.767784,0.267575,18,686.000,-171571.62,0,0
50_20_20_10,month|side,2026-04|long,42,0.041314,-1.135711,0.333333,-1.250000,7,2.010021,-0.566586,0.649214,16,661.500,27329.28,0,0
50_20_20_10,month|side,2026-04|short,27,0.723077,-0.513609,0.407407,-1.250000,4,2.458370,-0.204225,1.650380,12,567.000,409984.86,0,0
50_20_20_10,month|side,2026-05|long,53,-0.052946,-1.250000,0.264151,-1.250000,8,2.687966,-0.776618,0.670726,19,702.947,-37218.43,0,0
50_20_20_10,month|side,2026-05|short,39,0.088133,-0.941176,0.256410,-1.250000,10,2.046067,-0.554028,0.730293,13,756.000,66628.39,0,0
50_20_20_10,month|side,2026-06|long,36,-0.075933,-1.162334,0.222222,-1.250000,6,2.111200,-0.765592,0.613726,15,604.800,-45924.13,0,0
50_20_20_10,month|side,2026-06|short,57,0.149639,-0.690678,0.350877,-1.250000,9,1.815428,-0.321661,0.620940,17,844.941,126436.47,0,0
50_20_20_10,month|side,2026-07|long,54,0.119093,-0.983357,0.370370,-1.250000,5,1.895119,-0.386377,0.624564,18,756.000,90034.46,0,0
50_20_20_10,month|side,2026-07|short,46,-0.337163,-1.018384,0.217391,-1.250000,22,1.434175,-0.751620,0.077294,16,724.500,-244274.28,0,0
50_20_20_10,month|side,2026-08|long,24,1.634127,0.841162,0.625000,-1.250000,4,2.995030,0.435865,2.832388,8,756.000,1235399.89,0,0
50_20_20_10,month|side,2026-08|short,10,0.676850,-0.768392,0.400000,-1.250000,3,2.501157,-0.873384,2.227083,6,420.000,284276.86,1,0
50_20_20_10,quarter|setup,2025-Q3|break_and_retest,61,-0.286768,-0.876776,0.295082,-1.250000,7,1.276173,-0.607026,0.033491,19,809.053,-232010.32,0,0
50_20_20_10,quarter|setup,2025-Q3|one_candle_rule,11,0.494716,-0.508708,0.363636,-1.250000,2,1.959170,-0.663080,1.652511,7,396.000,195907.44,1,0
50_20_20_10,quarter|setup,2025-Q4|break_and_retest,180,0.168946,-1.002073,0.316667,-1.250000,8,2.287866,-0.165288,0.503180,57,795.789,134445.20,0,0
50_20_20_10,quarter|setup,2025-Q4|one_candle_rule,28,-0.324217,-1.245370,0.214286,-1.250000,9,1.811426,-0.995179,0.346745,21,336.000,-108936.95,0,0
50_20_20_10,quarter|setup,2026-Q1|break_and_retest,211,-0.077022,-1.124853,0.260664,-1.250000,14,2.301564,-0.387576,0.233533,56,949.500,-73132.09,0,0
50_20_20_10,quarter|setup,2026-Q1|one_candle_rule,26,-0.248483,-1.005207,0.230769,-1.250000,7,1.573150,-0.853183,0.356216,22,297.818,-74002.87,0,0
50_20_20_10,quarter|setup,2026-Q2|break_and_retest,224,0.093535,-1.011095,0.303571,-1.250000,10,2.197874,-0.194295,0.381364,59,956.746,89488.74,0,0
50_20_20_10,quarter|setup,2026-Q2|one_candle_rule,28,0.089626,-1.138836,0.285714,-1.250000,6,2.135854,-0.701505,0.880758,20,352.800,31620.09,0,0
50_20_20_10,quarter|setup,2026-Q2|reentry_84_rule,2,2.111957,2.111957,0.500000,-1.250000,1,3.361957,-2.547477,6.771391,2,252.000,532213.04,1,0
50_20_20_10,quarter|setup,2026-Q3|break_and_retest,125,0.315862,-0.947225,0.376000,-1.250000,12,2.204706,-0.070640,0.702364,29,1086.207,343091.15,0,0
50_20_20_10,quarter|setup,2026-Q3|one_candle_rule,9,-0.285957,-1.028249,0.222222,-1.250000,7,1.500565,-1.266326,0.694412,7,324.000,-92650.17,1,0
50_20_20_10,quarter|grade,2025-Q3|B,43,0.015060,-0.644841,0.372093,-1.250000,5,1.501873,-0.433846,0.463966,19,570.316,8589.03,0,0
50_20_20_10,quarter|grade,2025-Q3|C,29,-0.437881,-1.047190,0.206897,-1.250000,8,1.269184,-0.899817,0.024055,16,456.750,-200002.22,0,0
50_20_20_10,quarter|grade,2025-Q4|A+,2,-1.250000,-1.250000,0.000000,-1.250000,2,0.000000,-1.250000,-1.250000,1,504.000,-630000.00,1,0
50_20_20_10,quarter|grade,2025-Q4|B,141,0.350593,-0.846154,0.375887,-1.250000,6,2.343479,-0.036226,0.737412,56,634.500,222451.42,0,0
50_20_20_10,quarter|grade,2025-Q4|C,65,-0.393869,-1.250000,0.153846,-1.250000,17,1.910453,-0.858316,0.070577,39,420.000,-165425.10,0,0
50_20_20_10,quarter|grade,2026-Q1|A,1,-1.250000,-1.250000,0.000000,-1.250000,1,0.000000,-1.250000,-1.250000,1,252.000,-315000.00,1,0
50_20_20_10,quarter|grade,2026-Q1|B,173,0.190228,-1.009524,0.323699,-1.250000,13,2.495111,-0.181583,0.562040,56,778.500,148092.78,0,0
50_20_20_10,quarter|grade,2026-Q1|C,63,-0.863042,-1.168245,0.079365,-1.250000,39,0.918396,-1.089828,-0.636256,41,387.220,-334186.72,0,0
50_20_20_10,quarter|grade,2026-Q2|A,6,1.186524,-1.250000,0.333333,-1.250000,3,3.462316,-1.583906,3.956953,4,378.000,448506.04,1,0
50_20_20_10,quarter|grade,2026-Q2|B,177,0.348836,-0.843220,0.355932,-1.250000,10,2.349139,0.002755,0.694918,58,769.034,268267.02,0,0
50_20_20_10,quarter|grade,2026-Q2|C,71,-0.579971,-1.152672,0.169014,-1.250000,15,1.408967,-0.907710,-0.252233,39,458.769,-266073.02,0,0
50_20_20_10,quarter|grade,2026-Q3|A+,1,-1.250000,-1.250000,0.000000,-1.250000,1,0.000000,-1.250000,-1.250000,1,252.000,-315000.00,1,0
50_20_20_10,quarter|grade,2026-Q3|B,88,0.802802,-0.483500,0.488636,-1.250000,8,2.406736,0.299946,1.305657,27,821.333,659367.93,0,0
50_20_20_10,quarter|grade,2026-Q3|C,45,-0.721944,-1.190818,0.133333,-1.250000,9,1.049889,-1.028700,-0.415188,22,515.455,-372129.19,0,0
50_20_20_10,quarter|alert_only,2025-Q3|actioned,43,0.015060,-0.644841,0.372093,-1.250000,5,1.501873,-0.433846,0.463966,19,570.316,8589.03,0,0
50_20_20_10,quarter|alert_only,2025-Q3|alert_only,29,-0.437881,-1.047190,0.206897,-1.250000,8,1.269184,-0.899817,0.024055,16,456.750,-200002.22,0,0
50_20_20_10,quarter|alert_only,2025-Q4|actioned,143,0.328207,-0.861328,0.370629,-1.250000,6,2.334612,-0.054444,0.710858,56,643.500,211201.42,0,0
50_20_20_10,quarter|alert_only,2025-Q4|alert_only,65,-0.393869,-1.250000,0.153846,-1.250000,17,1.910453,-0.858316,0.070577,39,420.000,-165425.10,0,0
50_20_20_10,quarter|alert_only,2026-Q1|actioned,174,0.181951,-1.043068,0.321839,-1.250000,13,2.490312,-0.188077,0.551980,56,783.000,142467.78,0,0
50_20_20_10,quarter|alert_only,2026-Q1|alert_only,63,-0.863042,-1.168245,0.079365,-1.250000,39,0.918396,-1.089828,-0.636256,41,387.220,-334186.72,0,0
50_20_20_10,quarter|alert_only,2026-Q2|actioned,183,0.376301,-0.847826,0.355191,-1.250000,9,2.398502,0.028789,0.723814,58,795.103,299198.47,0,0
50_20_20_10,quarter|alert_only,2026-Q2|alert_only,71,-0.579971,-1.152672,0.169014,-1.250000,15,1.408967,-0.907710,-0.252233,39,458.769,-266073.02,0,0
50_20_20_10,quarter|alert_only,2026-Q3|actioned,89,0.779737,-0.541675,0.483146,-1.250000,8,2.402939,0.280503,1.278970,27,830.667,647701.27,0,0
50_20_20_10,quarter|alert_only,2026-Q3|alert_only,45,-0.721944,-1.190818,0.133333,-1.250000,9,1.049889,-1.028700,-0.415188,22,515.455,-372129.19,0,0
50_20_20_10,quarter|trend_qqq,2025-Q3|aligned,35,0.065951,-0.666543,0.371429,-1.250000,6,1.663932,-0.485310,0.617212,15,588.000,38779.18,0,0
50_20_20_10,quarter|trend_qqq,2025-Q3|flat,9,-0.527575,-0.924454,0.222222,-1.250000,4,0.940143,-1.141803,0.086652,5,453.600,-239308.23,1,0
50_20_20_10,quarter|trend_qqq,2025-Q3|opposed,28,-0.343253,-0.791297,0.250000,-1.250000,8,1.172017,-0.777374,0.090869,16,441.000,-151374.41,0,0
50_20_20_10,quarter|trend_qqq,2025-Q4|aligned,107,0.297726,-0.998193,0.345794,-1.250000,7,2.331276,-0.144005,0.739457,45,599.200,178397.71,0,0
50_20_20_10,quarter|trend_qqq,2025-Q4|flat,32,0.833215,-0.527448,0.437500,-1.250000,3,2.756856,-0.121987,1.788417,16,504.000,419940.22,0,0
50_20_20_10,quarter|trend_qqq,2025-Q4|opposed,69,-0.538949,-1.222276,0.173913,-1.250000,13,1.549457,-0.904553,-0.173345,33,526.909,-283976.96,0,0
50_20_20_10,quarter|trend_qqq,2026-Q1|aligned,120,0.234814,-0.944721,0.333333,-1.250000,8,2.684385,-0.245484,0.715111,51,592.941,139230.68,0,0
50_20_20_10,quarter|trend_qqq,2026-Q1|flat,26,-0.326919,-1.250000,0.192308,-1.250000,14,1.824926,-1.028398,0.374559,13,504.000,-164767.42,0,0
50_20_20_10,quarter|trend_qqq,2026-Q1|opposed,91,-0.465823,-1.169776,0.175824,-1.250000,11,1.498970,-0.773807,-0.157839,42,546.000,-254339.24,0,0
50_20_20_10,quarter|trend_qqq,2026-Q2|aligned,156,0.131740,-0.973743,0.333333,-1.250000,11,2.009773,-0.183645,0.447125,55,714.764,94163.08,0,0
50_20_20_10,quarter|trend_qqq,2026-Q2|flat,24,0.179990,-0.889687,0.333333,-1.250000,7,2.284130,-0.733853,1.093832,13,465.231,83736.74,0,0
50_20_20_10,quarter|trend_qqq,2026-Q2|opposed,74,0.038026,-1.159297,0.229730,-1.250000,8,2.559005,-0.545031,0.621084,35,532.800,20260.47,0,0
50_20_20_10,quarter|trend_qqq,2026-Q3|aligned,69,0.484112,-0.597222,0.420290,-1.250000,12,2.189707,-0.032563,1.000787,22,790.364,382624.38,0,0
50_20_20_10,quarter|trend_qqq,2026-Q3|flat,8,-0.406123,-1.144952,0.125000,-1.250000,7,1.776417,-1.637117,0.824871,3,672.000,-272914.58,1,0
50_20_20_10,quarter|trend_qqq,2026-Q3|opposed,54,0.074763,-1.156130,0.314815,-1.250000,10,2.184231,-0.507820,0.657347,24,567.000,42390.90,0,0
50_20_20_10,quarter|trend_qqq,2026-Q3|unknown,3,0.905711,1.733763,0.666667,-1.250000,1,1.537904,-0.834590,2.646013,1,756.000,684717.87,1,0
50_20_20_10,quarter|side,2025-Q3|long,44,-0.196184,-0.900615,0.318182,-1.250000,10,1.421368,-0.616171,0.223804,20,554.400,-108764.25,0,0
50_20_20_10,quarter|side,2025-Q3|short,28,-0.122103,-0.686181,0.285714,-1.250000,5,1.442623,-0.656458,0.412252,15,470.400,-57437.27,0,0
50_20_20_10,quarter|side,2025-Q4|long,76,0.110083,-1.018407,0.315789,-1.250000,5,2.077196,-0.356928,0.577093,40,478.800,52707.58,0,0
50_20_20_10,quarter|side,2025-Q4|short,132,0.098226,-1.080192,0.295455,-1.250000,7,2.322519,-0.297987,0.494439,45,739.200,72608.84,0,0
50_20_20_10,quarter|side,2026-Q1|long,107,-0.249768,-1.118750,0.214953,-1.250000,21,1.827731,-0.596087,0.096551,46,586.174,-146407.31,0,0
50_20_20_10,quarter|side,2026-Q1|short,130,0.030869,-1.093521,0.292308,-1.250000,11,2.512534,-0.401044,0.462782,51,642.353,19828.95,0,0
50_20_20_10,quarter|side,2026-Q2|long,131,-0.029042,-1.216190,0.274809,-1.250000,11,2.333619,-0.428665,0.370581,50,660.240,-19174.87,0,0
50_20_20_10,quarter|side,2026-Q2|short,123,0.256014,-0.764812,0.333333,-1.250000,10,2.059954,-0.108036,0.620064,42,738.000,188938.27,0,0
50_20_20_10,quarter|side,2026-Q3|long,78,0.585257,-0.651434,0.448718,-1.250000,5,2.394873,0.053772,1.116743,26,756.000,442454.59,0,0
50_20_20_10,quarter|side,2026-Q3|short,56,-0.156089,-1.018384,0.250000,-1.250000,22,1.719736,-0.606515,0.294337,22,641.455,-100123.97,0,0
50_20_20_10,setup|grade,break_and_retest|A,3,1.381743,-1.250000,0.333333,-1.250000,2,3.721847,-2.829923,5.593410,3,252.000,348199.36,1,0
50_20_20_10,setup|grade,break_and_retest|A+,3,-1.250000,-1.250000,0.000000,-1.250000,3,0.000000,-1.250000,-1.250000,2,378.000,-472500.00,1,0
50_20_20_10,setup|grade,break_and_retest|B,583,0.367919,-0.760000,0.375643,-1.250000,12,2.387293,0.174130,0.561707,210,699.600,257395.94,0,0
50_20_20_10,setup|grade,break_and_retest|C,212,-0.744300,-1.214283,0.117925,-1.250000,37,1.197045,-0.905438,-0.583162,135,395.733,-294544.31,0,0
50_20_20_10,setup|grade,one_candle_rule|A,2,-1.250000,-1.250000,0.000000,-1.250000,2,0.000000,-1.250000,-1.250000,2,252.000,-315000.00,1,0
50_20_20_10,setup|grade,one_candle_rule|B,39,0.022684,-1.203358,0.307692,-1.250000,5,1.861714,-0.561617,0.606985,37,265.622,6025.45,0,0
50_20_20_10,setup|grade,one_candle_rule|C,61,-0.140091,-1.014706,0.229508,-1.250000,14,1.877939,-0.611364,0.331182,51,301.412,-42225.06,0,0
50_20_20_10,setup|grade,reentry_84_rule|A,2,2.111957,2.111957,0.500000,-1.250000,1,3.361957,-2.547477,6.771391,2,252.000,532213.04,1,0
50_20_20_10,setup|alert_only,break_and_retest|actioned,589,0.364842,-0.775862,0.373514,-1.250000,12,2.393789,0.171519,0.558165,211,703.450,256648.08,0,0
50_20_20_10,setup|alert_only,break_and_retest|alert_only,212,-0.744300,-1.214283,0.117925,-1.250000,37,1.197045,-0.905438,-0.583162,135,395.733,-294544.31,0,0
50_20_20_10,setup|alert_only,one_candle_rule|actioned,41,-0.039398,-1.235092,0.292683,-1.250000,6,1.836318,-0.601496,0.522700,39,264.923,-10437.39,0,0
50_20_20_10,setup|alert_only,one_candle_rule|alert_only,61,-0.140091,-1.014706,0.229508,-1.250000,14,1.877939,-0.611364,0.331182,51,301.412,-42225.06,0,0
50_20_20_10,setup|alert_only,reentry_84_rule|actioned,2,2.111957,2.111957,0.500000,-1.250000,1,3.361957,-2.547477,6.771391,2,252.000,532213.04,1,0
50_20_20_10,setup|trend_qqq,break_and_retest|aligned,440,0.241921,-0.920161,0.354545,-1.250000,12,2.292922,0.027672,0.456170,182,609.231,147385.62,0,0
50_20_20_10,setup|trend_qqq,break_and_retest|flat,86,0.236527,-0.928001,0.325581,-1.250000,12,2.317382,-0.253256,0.726311,47,461.106,109064.28,0,0
50_20_20_10,setup|trend_qqq,break_and_retest|opposed,272,-0.266189,-1.169011,0.216912,-1.250000,21,1.955569,-0.498594,-0.033784,138,496.696,-132214.92,0,0
50_20_20_10,setup|trend_qqq,break_and_retest|unknown,3,0.905711,1.733763,0.666667,-1.250000,1,1.537904,-0.834590,2.646013,1,756.000,684717.87,1,0
50_20_20_10,setup|trend_qqq,one_candle_rule|aligned,46,0.241362,-0.993004,0.326087,-1.250000,5,2.063873,-0.355069,0.837793,36,322.000,77718.68,0,0
50_20_20_10,setup|trend_qqq,one_candle_rule|flat,13,-0.450446,-1.250000,0.153846,-1.250000,6,1.931859,-1.500616,0.599724,11,297.818,-134151.05,1,0
50_20_20_10,setup|trend_qqq,one_candle_rule|opposed,43,-0.358319,-1.187596,0.209302,-1.250000,9,1.519989,-0.812640,0.096001,36,301.000,-107854.09,0,0
50_20_20_10,setup|trend_qqq,reentry_84_rule|aligned,1,-1.250000,-1.250000,0.000000,-1.250000,1,0.000000,-1.250000,-1.250000,1,252.000,-315000.00,1,0
50_20_20_10,setup|trend_qqq,reentry_84_rule|opposed,1,5.473913,5.473913,1.000000,5.473913,0,0.000000,5.473913,5.473913,1,252.000,1379426.09,1,0
50_20_20_10,setup|side,break_and_retest|long,381,0.068026,-1.095000,0.314961,-1.250000,19,2.169161,-0.149788,0.285839,171,561.474,38194.63,0,0
50_20_20_10,setup|side,break_and_retest|short,420,0.074244,-0.965856,0.297619,-1.250000,26,2.224295,-0.138484,0.286972,166,637.590,47337.23,0,0
50_20_20_10,setup|side,one_candle_rule|long,54,-0.181726,-1.107169,0.222222,-1.250000,8,1.791548,-0.659571,0.296120,45,302.400,-54953.89,0,0
50_20_20_10,setup|side,one_candle_rule|short,48,-0.007243,-1.131072,0.291667,-1.250000,10,1.933988,-0.554371,0.539885,39,310.154,-2246.45,0,0
50_20_20_10,setup|side,reentry_84_rule|long,1,-1.250000,-1.250000,0.000000,-1.250000,1,0.000000,-1.250000,-1.250000,1,252.000,-315000.00,1,0
50_20_20_10,setup|side,reentry_84_rule|short,1,5.473913,5.473913,1.000000,5.473913,0,0.000000,5.473913,5.473913,1,252.000,1379426.09,1,0
50_20_20_10,grade|alert_only,A|actioned,7,0.838449,-1.250000,0.285714,-1.250000,3,3.316933,-1.618770,3.295668,5,352.800,295804.83,1,0
50_20_20_10,grade|alert_only,A+|actioned,3,-1.250000,-1.250000,0.000000,-1.250000,3,0.000000,-1.250000,-1.250000,2,378.000,-472500.00,1,0
50_20_20_10,grade|alert_only,B|actioned,622,0.346272,-0.793171,0.371383,-1.250000,13,2.359269,0.160860,0.531684,216,725.667,251278.19,0,0
50_20_20_10,grade|alert_only,C|alert_only,273,-0.609294,-1.169776,0.142857,-1.250000,44,1.401462,-0.775541,-0.443046,157,438.191,-266987.01,0,0
50_20_20_10,grade|trend_qqq,A|aligned,4,0.723808,-1.250000,0.250000,-1.250000,2,3.418735,-2.626553,4.074168,3,336.000,243199.36,1,0
50_20_20_10,grade|trend_qqq,A|opposed,3,0.991304,-1.250000,0.333333,-1.250000,1,3.169683,-2.595530,4.578138,2,378.000,374713.04,1,0
50_20_20_10,grade|trend_qqq,A+|opposed,3,-1.250000,-1.250000,0.000000,-1.250000,3,0.000000,-1.250000,-1.250000,2,378.000,-472500.00,1,0
50_20_20_10,grade|trend_qqq,B|aligned,363,0.498963,-0.679852,0.415978,-1.250000,7,2.417289,0.250288,0.747637,172,531.837,265366.98,0,0
50_20_20_10,grade|trend_qqq,B|flat,62,0.406631,-0.767931,0.354839,-1.250000,8,2.367060,-0.182578,0.995840,43,363.349,147748.81,0,0
50_20_20_10,grade|trend_qqq,B|opposed,195,0.041350,-1.158333,0.292308,-1.250000,13,2.219631,-0.270194,0.352894,124,396.290,16386.76,0,0
50_20_20_10,grade|trend_qqq,B|unknown,2,0.491685,0.491685,0.500000,-1.250000,1,1.741685,-1.922167,2.905538,1,504.000,247809.49,1,0
50_20_20_10,grade|trend_qqq,C|aligned,120,-0.564341,-1.153287,0.158333,-1.250000,18,1.416213,-0.817733,-0.310948,85,355.765,-200772.52,0,0
50_20_20_10,grade|trend_qqq,C|flat,37,-0.289880,-1.228008,0.216216,-1.250000,8,2.060327,-0.953762,0.374003,22,423.818,-122856.32,0,0
50_20_20_10,grade|trend_qqq,C|opposed,115,-0.779343,-1.169776,0.095652,-1.250000,29,1.045166,-0.970369,-0.588317,85,340.941,-265710.18,0,0
50_20_20_10,grade|trend_qqq,C|unknown,1,1.733763,1.733763,1.000000,1.733763,0,0.000000,1.733763,1.733763,1,252.000,436908.39,1,0
50_20_20_10,grade|side,A|long,2,-1.250000,-1.250000,0.000000,-1.250000,2,0.000000,-1.250000,-1.250000,1,504.000,-630000.00,1,0
50_20_20_10,grade|side,A|short,5,1.673829,-1.250000,0.400000,-1.250000,1,3.600050,-1.481754,4.829412,4,315.000,527256.04,1,0
50_20_20_10,grade|side,A+|long,1,-1.250000,-1.250000,0.000000,-1.250000,1,0.000000,-1.250000,-1.250000,1,252.000,-315000.00,1,0
50_20_20_10,grade|side,A+|short,2,-1.250000,-1.250000,0.000000,-1.250000,2,0.000000,-1.250000,-1.250000,1,504.000,-630000.00,1,0
50_20_20_10,grade|side,B|long,287,0.401686,-0.801849,0.390244,-1.250000,14,2.339621,0.131003,0.672369,155,466.606,187429.30,0,0
50_20_20_10,grade|side,B|short,335,0.298798,-0.767442,0.355224,-1.250000,16,2.374944,0.044474,0.553122,156,541.154,161695.82,0,0
50_20_20_10,grade|side,C|long,146,-0.662187,-1.221376,0.136986,-1.250000,33,1.397479,-0.888873,-0.435501,108,340.667,-225585.03,0,0
50_20_20_10,grade|side,C|short,127,-0.548487,-1.125000,0.149606,-1.250000,26,1.403565,-0.792598,-0.304376,87,367.862,-201767.55,0,0
50_20_20_10,alert_only|trend_qqq,actioned|aligned,367,0.501413,-0.685902,0.414169,-1.250000,8,2.430542,0.252742,0.750085,172,537.698,269608.83,0,0
50_20_20_10,alert_only|trend_qqq,actioned|flat,62,0.406631,-0.767931,0.354839,-1.250000,8,2.367060,-0.182578,0.995840,43,363.349,147748.81,0,0
50_20_20_10,alert_only|trend_qqq,actioned|opposed,201,0.036255,-1.163608,0.288557,-1.250000,13,2.228896,-0.271885,0.344395,124,408.484,14809.56,0,0
50_20_20_10,alert_only|trend_qqq,actioned|unknown,2,0.491685,0.491685,0.500000,-1.250000,1,1.741685,-1.922167,2.905538,1,504.000,247809.49,1,0
50_20_20_10,alert_only|trend_qqq,alert_only|aligned,120,-0.564341,-1.153287,0.158333,-1.250000,18,1.416213,-0.817733,-0.310948,85,355.765,-200772.52,0,0
50_20_20_10,alert_only|trend_qqq,alert_only|flat,37,-0.289880,-1.228008,0.216216,-1.250000,8,2.060327,-0.953762,0.374003,22,423.818,-122856.32,0,0
50_20_20_10,alert_only|trend_qqq,alert_only|opposed,115,-0.779343,-1.169776,0.095652,-1.250000,29,1.045166,-0.970369,-0.588317,85,340.941,-265710.18,0,0
50_20_20_10,alert_only|trend_qqq,alert_only|unknown,1,1.733763,1.733763,1.000000,1.733763,0,0.000000,1.733763,1.733763,1,252.000,436908.39,1,0
50_20_20_10,alert_only|side,actioned|long,290,0.384600,-0.834425,0.386207,-1.250000,14,2.333480,0.116027,0.653172,155,471.484,181332.52,0,0
50_20_20_10,alert_only|side,actioned|short,342,0.309844,-0.793171,0.353801,-1.250000,17,2.399154,0.055570,0.564117,156,552.462,171176.74,0,0
50_20_20_10,alert_only|side,alert_only|long,146,-0.662187,-1.221376,0.136986,-1.250000,33,1.397479,-0.888873,-0.435501,108,340.667,-225585.03,0,0
50_20_20_10,alert_only|side,alert_only|short,127,-0.548487,-1.125000,0.149606,-1.250000,26,1.403565,-0.792598,-0.304376,87,367.862,-201767.55,0,0
50_20_20_10,trend_qqq|side,aligned|long,231,0.062183,-1.053716,0.324675,-1.250000,16,2.023463,-0.198760,0.323126,99,588.000,36563.74,0,0
50_20_20_10,trend_qqq|side,aligned|short,256,0.398178,-0.673198,0.375000,-1.250000,13,2.462169,0.096562,0.699793,97,665.072,264816.96,0,0
50_20_20_10,trend_qqq|side,flat|long,60,0.013170,-1.147443,0.283333,-1.250000,11,2.143515,-0.529214,0.555554,36,420.000,5531.51,0,0
50_20_20_10,trend_qqq|side,flat|short,39,0.351163,-0.931548,0.333333,-1.250000,8,2.466748,-0.423029,1.125354,24,409.500,143801.06,0,0
50_20_20_10,trend_qqq|side,opposed|long,144,-0.014123,-1.157806,0.270833,-1.250000,10,2.275639,-0.385811,0.357565,73,497.096,-7020.49,0,0
50_20_20_10,trend_qqq|side,opposed|short,172,-0.466881,-1.184076,0.174419,-1.250000,28,1.545943,-0.697920,-0.235842,83,522.217,-243813.07,0,0
50_20_20_10,trend_qqq|side,unknown|long,1,1.733763,1.733763,1.000000,1.733763,0,0.000000,1.733763,1.733763,1,252.000,436908.39,1,0
50_20_20_10,trend_qqq|side,unknown|short,2,0.491685,0.491685,0.500000,-1.250000,1,1.741685,-1.922167,2.905538,1,504.000,247809.49,1,0
adaptive,ALL,all trades,905,0.070624,-1.033333,0.300552,-1.250000,16,2.189068,-0.071999,0.213248,229,995.895,70334.56,0,0
adaptive,symbol,AAPL,19,0.211642,-0.794811,0.473684,-1.250000,3,1.564431,-0.491812,0.915096,18,266.000,56296.78,1,0
adaptive,symbol,AMD,64,0.381380,-1.208889,0.296875,-1.250000,16,2.862439,-0.319917,1.082678,50,322.560,123017.98,0,0
adaptive,symbol,AMZN,20,-0.443346,-0.982015,0.200000,-1.250000,7,1.232608,-0.983561,0.096868,20,252.000,-111723.28,0,0
adaptive,symbol,AVGO,46,-0.187072,-1.175000,0.239130,-1.250000,6,1.783338,-0.702432,0.328289,43,269.581,-50431.03,0,0
adaptive,symbol,BABA,9,-0.318568,-1.236667,0.333333,-1.250000,4,1.396070,-1.230667,0.593531,9,252.000,-80279.07,1,0
adaptive,symbol,COIN,76,-0.220699,-1.141336,0.302632,-1.250000,14,1.529697,-0.564617,0.123219,67,285.851,-63087.02,0,0
adaptive,symbol,CRM,37,0.233879,-0.915323,0.324324,-1.250000,9,2.223104,-0.482454,0.950212,33,282.545,66081.42,0,0
adaptive,symbol,GOOGL,20,0.089791,-0.913091,0.400000,-1.250000,4,1.788849,-0.694207,0.873789,20,252.000,22627.33,0,0
adaptive,symbol,HOOD,49,0.438386,-0.824077,0.367347,-1.250000,7,2.315154,-0.209857,1.086629,46,268.435,117677.95,0,0
adaptive,symbol,INTC,28,0.505520,-0.522917,0.392857,-1.250000,4,2.265612,-0.333675,1.344715,28,252.000,127391.03,0,0
adaptive,symbol,IREN,66,0.257503,-0.945488,0.272727,-1.250000,12,2.803712,-0.418919,0.933925,63,264.000,67980.74,0,0
adaptive,symbol,MARA,1,-0.659667,-0.659667,0.000000,-0.659667,1,0.000000,-0.659667,-0.659667,1,252.000,-166236.00,1,0
adaptive,symbol,META,38,0.419125,-0.790807,0.394737,-1.250000,4,1.999305,-0.216562,1.054812,35,273.600,114672.58,0,0
adaptive,symbol,MSFT,30,-0.119649,-1.162849,0.300000,-1.250000,7,1.742662,-0.743253,0.503954,27,280.000,-33501.79,0,0
adaptive,symbol,MU,72,0.270821,-1.110679,0.277778,-1.250000,12,3.216669,-0.472191,1.013834,64,283.500,76777.87,0,0
adaptive,symbol,NFLX,19,0.249378,-0.925000,0.315789,-1.250000,4,1.992304,-0.646471,1.145228,19,252.000,62843.34,1,0
adaptive,symbol,NVDA,39,-0.054536,-0.602326,0.282051,-1.250000,8,1.568084,-0.546681,0.437609,34,289.059,-15764.06,0,0
adaptive,symbol,ORCL,59,-0.233047,-1.180556,0.220339,-1.250000,13,2.077955,-0.763279,0.297185,46,323.217,-75324.81,0,0
adaptive,symbol,PLTR,61,0.018894,-1.076069,0.295082,-1.250000,11,2.124473,-0.514247,0.552036,57,269.684,5095.49,0,0
adaptive,symbol,QQQ,9,0.853732,-0.244898,0.444444,-1.250000,4,2.170848,-0.564556,2.272019,9,252.000,215140.43,1,0
adaptive,symbol,SOFI,4,-0.732029,-0.981915,0.250000,-1.250000,2,0.610746,-1.330560,-0.133498,4,252.000,-184471.33,1,0
adaptive,symbol,TSLA,71,-0.296263,-1.118750,0.239437,-1.250000,9,1.650219,-0.680119,0.087593,61,293.311,-86897.24,0,0
adaptive,symbol,TSM,42,-0.259978,-0.929973,0.261905,-1.250000,11,1.342203,-0.665906,0.145950,39,271.385,-70554.03,0,0
adaptive,symbol,UBER,26,0.597136,-0.750556,0.423077,-1.250000,4,2.288651,-0.282593,1.476865,26,252.000,150478.23,0,0
adaptive,pool,equity,540,0.067276,-1.040183,0.296296,-1.250000,16,2.250029,-0.122503,0.257054,212,641.887,43183.31,0,0
adaptive,pool,index,9,0.853732,-0.244898,0.444444,-1.250000,4,2.170848,-0.564556,2.272019,9,252.000,215140.43,1,0
adaptive,pool,other,356,0.055907,-1.043657,0.303371,-1.250000,10,2.089932,-0.161195,0.273008,184,487.565,27258.09,0,0
adaptive,month,2025-08,22,0.017416,-0.866267,0.409091,-1.250000,5,1.618023,-0.658713,0.693545,4,1386.000,24138.45,0,0
adaptive,month,2025-09,50,-0.174220,-0.739551,0.320000,-1.250000,8,1.430137,-0.570633,0.222194,17,741.176,-129127.46,0,0
adaptive,month,2025-10,64,-0.107414,-1.178409,0.234375,-1.250000,8,2.318819,-0.675525,0.460696,22,733.091,-78744.46,0,0
adaptive,month,2025-11,78,-0.019497,-1.151788,0.282051,-1.250000,7,2.174244,-0.502019,0.463025,18,1092.000,-21290.30,0,0
adaptive,month,2025-12,66,0.443751,-0.763011,0.393939,-1.250000,7,2.092705,-0.061134,0.948636,20,831.600,369023.33,0,0
adaptive,month,2026-01,63,-0.183323,-1.171951,0.238095,-1.250000,9,1.888825,-0.649743,0.283098,19,835.579,-153180.47,0,0
adaptive,month,2026-02,85,0.149745,-1.076069,0.270588,-1.250000,9,2.812682,-0.448209,0.747698,19,1127.368,168817.45,0,0
adaptive,month,2026-03,89,-0.226755,-1.067623,0.224719,-1.250000,16,1.883551,-0.618081,0.164571,21,1068.000,-242174.09,0,0
adaptive,month,2026-04,69,0.320518,-0.986358,0.347826,-1.250000,6,2.239190,-0.207833,0.848869,20,869.400,278658.71,0,0
adaptive,month,2026-05,92,0.014138,-1.168732,0.271739,-1.250000,7,2.421727,-0.480728,0.509004,19,1220.211,17251.49,0,0
adaptive,month,2026-06,93,0.058309,-0.900297,0.311828,-1.250000,9,1.909375,-0.329757,0.446375,21,1116.000,65072.93,0,0
adaptive,month,2026-07,100,-0.072204,-0.978877,0.290000,-1.250000,13,1.769139,-0.418955,0.274547,21,1200.000,-86644.62,0,0
adaptive,month,2026-08,34,1.433353,0.754348,0.558824,-1.250000,4,3.102777,0.390395,2.476312,8,1071.000,1535121.35,0,0
adaptive,quarter,2025-Q3,72,-0.115664,-0.781061,0.347222,-1.250000,8,1.492675,-0.460455,0.229126,21,864.000,-99933.95,0,0
adaptive,quarter,2025-Q4,208,0.100444,-1.045395,0.302885,-1.250000,8,2.207464,-0.199554,0.400442,60,873.600,87747.72,0,0
adaptive,quarter,2026-Q1,237,-0.080178,-1.116220,0.244726,-1.250000,16,2.268887,-0.369043,0.208687,59,1012.271,-81161.92,0,0
adaptive,quarter,2026-Q2,254,0.113540,-1.014169,0.307087,-1.250000,11,2.199429,-0.156949,0.384029,60,1066.800,121124.73,0,0
adaptive,quarter,2026-Q3,134,0.309803,-0.878537,0.358209,-1.250000,13,2.282026,-0.076585,0.696192,29,1164.414,360739.09,0,0
adaptive,setup,break_and_retest,801,0.085871,-1.025000,0.304619,-1.250000,14,2.220560,-0.067910,0.239652,220,917.509,78787.29,0,0
adaptive,setup,one_candle_rule,102,-0.089131,-1.105525,0.264706,-1.250000,11,1.861391,-0.450369,0.272107,77,333.818,-29753.46,0,0
adaptive,setup,reentry_84_rule,2,2.111957,2.111957,0.500000,-1.250000,1,3.361957,-2.547477,6.771391,2,252.000,532213.04,1,0
adaptive,grade,A,7,0.838449,-1.250000,0.285714,-1.250000,3,3.316933,-1.618770,3.295668,5,352.800,295804.83,1,0
adaptive,grade,A+,3,-1.250000,-1.250000,0.000000,-1.250000,3,0.000000,-1.250000,-1.250000,2,378.000,-472500.00,1,0
adaptive,grade,B,622,0.364756,-0.747054,0.369775,-1.250000,13,2.385083,0.177315,0.552197,216,725.667,264691.02,0,0
adaptive,grade,C,273,-0.604696,-1.183522,0.146520,-1.250000,44,1.398281,-0.770567,-0.438826,157,438.191,-264972.42,0,0
adaptive,alert_only,actioned,632,0.362337,-0.764440,0.367089,-1.250000,13,2.394854,0.175623,0.549051,216,737.333,267163.35,0,0
adaptive,alert_only,alert_only,273,-0.604696,-1.183522,0.146520,-1.250000,44,1.398281,-0.770567,-0.438826,157,438.191,-264972.42,0,0
adaptive,trend_qqq,aligned,487,0.261104,-0.873028,0.349076,-1.250000,12,2.296127,0.057171,0.465037,188,652.787,170445.06,0,0
adaptive,trend_qqq,flat,99,0.145386,-1.116220,0.303030,-1.250000,14,2.264049,-0.300604,0.591375,50,498.960,72541.57,0,0
adaptive,trend_qqq,opposed,316,-0.254259,-1.175000,0.221519,-1.250000,21,1.949533,-0.469212,-0.039306,150,530.880,-134980.86,0,0
adaptive,trend_qqq,unknown,3,0.903430,1.733763,0.666667,-1.250000,1,1.535936,-0.834645,2.641506,1,756.000,682993.29,1,0
adaptive,session_third,09:30-10:00,905,0.070624,-1.033333,0.300552,-1.250000,16,2.189068,-0.071999,0.213248,229,995.895,70334.56,0,0
adaptive,side,long,436,0.050835,-1.093232,0.300459,-1.250000,21,2.178278,-0.153633,0.255303,182,603.692,30688.67,0,0
adaptive,side,short,469,0.089022,-0.943750,0.300640,-1.250000,27,2.198892,-0.109988,0.288031,175,675.360,60121.58,0,0
adaptive,symbol|pool,AAPL|equity,19,0.211642,-0.794811,0.473684,-1.250000,3,1.564431,-0.491812,0.915096,18,266.000,56296.78,1,0
adaptive,symbol|pool,AMD|equity,64,0.381380,-1.208889,0.296875,-1.250000,16,2.862439,-0.319917,1.082678,50,322.560,123017.98,0,0
adaptive,symbol|pool,AMZN|equity,20,-0.443346,-0.982015,0.200000,-1.250000,7,1.232608,-0.983561,0.096868,20,252.000,-111723.28,0,0
adaptive,symbol|pool,AVGO|other,46,-0.187072,-1.175000,0.239130,-1.250000,6,1.783338,-0.702432,0.328289,43,269.581,-50431.03,0,0
adaptive,symbol|pool,BABA|other,9,-0.318568,-1.236667,0.333333,-1.250000,4,1.396070,-1.230667,0.593531,9,252.000,-80279.07,1,0
adaptive,symbol|pool,COIN|other,76,-0.220699,-1.141336,0.302632,-1.250000,14,1.529697,-0.564617,0.123219,67,285.851,-63087.02,0,0
adaptive,symbol|pool,CRM|other,37,0.233879,-0.915323,0.324324,-1.250000,9,2.223104,-0.482454,0.950212,33,282.545,66081.42,0,0
adaptive,symbol|pool,GOOGL|equity,20,0.089791,-0.913091,0.400000,-1.250000,4,1.788849,-0.694207,0.873789,20,252.000,22627.33,0,0
adaptive,symbol|pool,HOOD|other,49,0.438386,-0.824077,0.367347,-1.250000,7,2.315154,-0.209857,1.086629,46,268.435,117677.95,0,0
adaptive,symbol|pool,INTC|equity,28,0.505520,-0.522917,0.392857,-1.250000,4,2.265612,-0.333675,1.344715,28,252.000,127391.03,0,0
adaptive,symbol|pool,IREN|other,66,0.257503,-0.945488,0.272727,-1.250000,12,2.803712,-0.418919,0.933925,63,264.000,67980.74,0,0
adaptive,symbol|pool,MARA|other,1,-0.659667,-0.659667,0.000000,-0.659667,1,0.000000,-0.659667,-0.659667,1,252.000,-166236.00,1,0
adaptive,symbol|pool,META|equity,38,0.419125,-0.790807,0.394737,-1.250000,4,1.999305,-0.216562,1.054812,35,273.600,114672.58,0,0
adaptive,symbol|pool,MSFT|equity,30,-0.119649,-1.162849,0.300000,-1.250000,7,1.742662,-0.743253,0.503954,27,280.000,-33501.79,0,0
adaptive,symbol|pool,MU|equity,72,0.270821,-1.110679,0.277778,-1.250000,12,3.216669,-0.472191,1.013834,64,283.500,76777.87,0,0
adaptive,symbol|pool,NFLX|equity,19,0.249378,-0.925000,0.315789,-1.250000,4,1.992304,-0.646471,1.145228,19,252.000,62843.34,1,0
adaptive,symbol|pool,NVDA|equity,39,-0.054536,-0.602326,0.282051,-1.250000,8,1.568084,-0.546681,0.437609,34,289.059,-15764.06,0,0
adaptive,symbol|pool,ORCL|equity,59,-0.233047,-1.180556,0.220339,-1.250000,13,2.077955,-0.763279,0.297185,46,323.217,-75324.81,0,0
adaptive,symbol|pool,PLTR|equity,61,0.018894,-1.076069,0.295082,-1.250000,11,2.124473,-0.514247,0.552036,57,269.684,5095.49,0,0
adaptive,symbol|pool,QQQ|index,9,0.853732,-0.244898,0.444444,-1.250000,4,2.170848,-0.564556,2.272019,9,252.000,215140.43,1,0
adaptive,symbol|pool,SOFI|other,4,-0.732029,-0.981915,0.250000,-1.250000,2,0.610746,-1.330560,-0.133498,4,252.000,-184471.33,1,0
adaptive,symbol|pool,TSLA|equity,71,-0.296263,-1.118750,0.239437,-1.250000,9,1.650219,-0.680119,0.087593,61,293.311,-86897.24,0,0
adaptive,symbol|pool,TSM|other,42,-0.259978,-0.929973,0.261905,-1.250000,11,1.342203,-0.665906,0.145950,39,271.385,-70554.03,0,0
adaptive,symbol|pool,UBER|other,26,0.597136,-0.750556,0.423077,-1.250000,4,2.288651,-0.282593,1.476865,26,252.000,150478.23,0,0
adaptive,symbol|month,AAPL|2025-08,1,3.489316,3.489316,1.000000,3.489316,0,0.000000,3.489316,3.489316,1,252.000,879307.59,1,0
adaptive,symbol|month,AAPL|2025-09,1,2.981579,2.981579,1.000000,2.981579,0,0.000000,2.981579,2.981579,1,252.000,751357.89,1,0
adaptive,symbol|month,AAPL|2026-01,3,-0.027778,-1.250000,0.333333,-1.250000,2,1.728483,-1.983741,1.928185,3,252.000,-7000.00,1,0
adaptive,symbol|month,AAPL|2026-02,1,-0.972093,-0.972093,0.000000,-0.972093,1,0.000000,-0.972093,-0.972093,1,252.000,-244967.44,1,0
adaptive,symbol|month,AAPL|2026-03,1,-1.231594,-1.231594,0.000000,-1.231594,1,0.000000,-1.231594,-1.231594,1,252.000,-310361.64,1,0
adaptive,symbol|month,AAPL|2026-05,2,-0.356229,-0.356229,0.500000,-0.794811,1,0.438582,-0.964073,0.251615,2,252.000,-89769.76,1,0
adaptive,symbol|month,AAPL|2026-06,5,0.044899,-0.843220,0.400000,-1.115462,3,1.264652,-1.063618,1.153415,4,315.000,14143.13,1,0
adaptive,symbol|month,AAPL|2026-07,4,-0.133710,-0.405370,0.500000,-1.250000,1,1.162289,-1.272754,1.005333,4,252.000,-33694.97,1,0
adaptive,symbol|month,AAPL|2026-08,1,0.860129,0.860129,1.000000,0.860129,0,0.000000,0.860129,0.860129,1,252.000,216752.41,1,0
adaptive,symbol|month,AMD|2025-09,1,-1.250000,-1.250000,0.000000,-1.250000,1,0.000000,-1.250000,-1.250000,1,252.000,-315000.00,1,0
adaptive,symbol|month,AMD|2025-10,5,4.294660,4.215140,0.600000,-1.250000,2,5.097622,-0.173603,8.762922,5,252.000,1082254.27,1,0
adaptive,symbol|month,AMD|2025-11,10,0.186524,-1.063906,0.300000,-1.250000,4,2.598861,-1.424266,1.797315,6,420.000,78340.20,1,0
adaptive,symbol|month,AMD|2025-12,5,1.730735,3.142775,0.600000,-1.250000,2,2.455198,-0.421341,3.882810,2,630.000,1090362.80,1,0
adaptive,symbol|month,AMD|2026-01,6,-1.092662,-1.183110,0.000000,-1.250000,6,0.211661,-1.262026,-0.923299,5,302.400,-330421.10,1,0
adaptive,symbol|month,AMD|2026-02,3,-1.019928,-1.250000,0.000000,-1.250000,3,0.325372,-1.388120,-0.651735,3,252.000,-257021.74,1,0
adaptive,symbol|month,AMD|2026-03,5,-1.186679,-1.250000,0.000000,-1.250000,5,0.117917,-1.290038,-1.083320,4,315.000,-373803.75,1,0
adaptive,symbol|month,AMD|2026-04,5,0.546643,-1.250000,0.400000,-1.250000,3,2.763061,-1.875287,2.968573,5,252.000,137753.95,1,0
adaptive,symbol|month,AMD|2026-05,6,1.769201,0.586246,0.500000,-1.250000,2,3.217820,-0.805592,4.343993,5,302.400,535006.29,1,0
adaptive,symbol|month,AMD|2026-06,7,-0.680207,-1.225610,0.285714,-1.250000,5,0.785659,-1.262231,-0.098183,6,294.000,-199980.73,1,0
adaptive,symbol|month,AMD|2026-07,8,-0.352649,-0.918928,0.250000,-1.250000,5,1.191036,-1.177995,0.472697,6,336.000,-118490.07,1,0
adaptive,symbol|month,AMD|2026-08,3,1.149828,-1.250000,0.333333,-1.250000,2,3.393870,-2.690697,4.990354,2,378.000,434635.16,1,0
adaptive,symbol|month,AMZN|2025-08,1,-1.250000,-1.250000,0.000000,-1.250000,1,0.000000,-1.250000,-1.250000,1,252.000,-315000.00,1,0
adaptive,symbol|month,AMZN|2025-11,3,-1.106301,-1.250000,0.000000,-1.250000,3,0.203221,-1.336267,-0.876334,3,252.000,-278787.80,1,0
adaptive,symbol|month,AMZN|2026-01,1,-1.250000,-1.250000,0.000000,-1.250000,1,0.000000,-1.250000,-1.250000,1,252.000,-315000.00,1,0
adaptive,symbol|month,AMZN|2026-02,4,0.437100,0.193765,0.500000,-1.169776,2,1.438590,-0.972718,1.846918,4,252.000,110149.14,1,0
adaptive,symbol|month,AMZN|2026-03,3,-1.071343,-1.030696,0.000000,-1.250000,3,0.132435,-1.221208,-0.921479,3,252.000,-269978.48,1,0
adaptive,symbol|month,AMZN|2026-04,1,0.521978,0.521978,1.000000,0.521978,0,0.000000,0.521978,0.521978,1,252.000,131538.46,1,0
adaptive,symbol|month,AMZN|2026-05,3,-1.000922,-1.145745,0.000000,-1.250000,3,0.281763,-1.319767,-0.682077,3,252.000,-252232.38,1,0
adaptive,symbol|month,AMZN|2026-06,3,-0.722140,-0.886420,0.000000,-1.055000,3,0.358205,-1.127487,-0.316793,3,252.000,-181979.29,1,0
adaptive,symbol|month,AMZN|2026-07,1,3.064815,3.064815,1.000000,3.064815,0,0.000000,3.064815,3.064815,1,252.000,772333.33,1,0
adaptive,symbol|month,AVGO|2025-08,1,-0.685345,-0.685345,0.000000,-0.685345,1,0.000000,-0.685345,-0.685345,1,252.000,-172706.90,1,0
adaptive,symbol|month,AVGO|2025-09,1,-0.409127,-0.409127,0.000000,-0.409127,1,0.000000,-0.409127,-0.409127,1,252.000,-103100.00,1,0
adaptive,symbol|month,AVGO|2025-10,1,-0.723973,-0.723973,0.000000,-0.723973,1,0.000000,-0.723973,-0.723973,1,252.000,-182441.29,1,0
adaptive,symbol|month,AVGO|2025-11,2,0.292409,0.292409,0.500000,-1.250000,1,1.542409,-1.845261,2.430079,2,252.000,73687.04,1,0
adaptive,symbol|month,AVGO|2025-12,4,0.040441,-1.250000,0.250000,-1.250000,3,2.235110,-2.149966,2.230849,4,252.000,10191.18,1,0
adaptive,symbol|month,AVGO|2026-01,5,0.520031,-1.091463,0.400000,-1.250000,2,2.116229,-1.334926,2.374987,5,252.000,131047.69,1,0
adaptive,symbol|month,AVGO|2026-02,7,-0.133236,-0.719423,0.142857,-1.250000,4,1.791770,-1.460598,1.194126,6,294.000,-39171.35,1,0
adaptive,symbol|month,AVGO|2026-03,5,0.130685,-1.195000,0.200000,-1.250000,2,2.697527,-2.233802,2.495172,5,252.000,32932.56,1,0
adaptive,symbol|month,AVGO|2026-04,5,-0.848600,-1.250000,0.200000,-1.250000,3,0.802800,-1.552285,-0.144915,4,315.000,-267309.00,1,0
adaptive,symbol|month,AVGO|2026-05,8,-0.307776,-1.168732,0.250000,-1.250000,5,1.578555,-1.401658,0.786107,7,288.000,-88639.46,1,0
adaptive,symbol|month,AVGO|2026-06,2,-1.162334,-1.162334,0.000000,-1.168539,2,0.006205,-1.170934,-1.153734,2,252.000,-292908.13,1,0
adaptive,symbol|month,AVGO|2026-07,2,0.274239,0.274239,0.500000,-1.183522,1,1.457761,-1.746114,2.294593,2,252.000,69108.27,1,0
adaptive,symbol|month,AVGO|2026-08,3,-0.457654,-1.250000,0.333333,-1.250000,1,1.120547,-1.725672,0.810365,3,252.000,-115328.72,1,0
adaptive,symbol|month,BABA|2025-11,1,0.376151,0.376151,1.000000,0.376151,0,0.000000,0.376151,0.376151,1,252.000,94789.99,1,0
adaptive,symbol|month,BABA|2025-12,1,-1.084459,-1.084459,0.000000,-1.084459,1,0.000000,-1.084459,-1.084459,1,252.000,-273283.78,1,0
adaptive,symbol|month,BABA|2026-01,1,2.761111,2.761111,1.000000,2.761111,0,0.000000,2.761111,2.761111,1,252.000,695800.00,1,0
adaptive,symbol|month,BABA|2026-02,1,-1.250000,-1.250000,0.000000,-1.250000,1,0.000000,-1.250000,-1.250000,1,252.000,-315000.00,1,0
adaptive,symbol|month,BABA|2026-04,1,-1.250000,-1.250000,0.000000,-1.250000,1,0.000000,-1.250000,-1.250000,1,252.000,-315000.00,1,0
adaptive,symbol|month,BABA|2026-05,1,-1.250000,-1.250000,0.000000,-1.250000,1,0.000000,-1.250000,-1.250000,1,252.000,-315000.00,1,0
adaptive,symbol|month,BABA|2026-06,1,-1.250000,-1.250000,0.000000,-1.250000,1,0.000000,-1.250000,-1.250000,1,252.000,-315000.00,1,0
adaptive,symbol|month,BABA|2026-07,2,0.040044,0.040044,0.500000,-1.236667,1,1.276711,-1.729387,1.809475,2,252.000,10091.09,1,0
adaptive,symbol|month,COIN|2025-08,4,-0.522045,-0.506407,0.500000,-1.250000,1,0.632586,-1.141980,0.097889,3,336.000,-175407.19,1,0
adaptive,symbol|month,COIN|2025-09,5,0.371380,0.142017,0.600000,-1.208955,2,1.124733,-0.614492,1.357253,3,420.000,155979.74,1,0
adaptive,symbol|month,COIN|2025-10,6,-0.606039,-0.962829,0.166667,-1.250000,5,0.806077,-1.251035,0.038957,6,252.000,-152721.82,1,0
adaptive,symbol|month,COIN|2025-11,4,0.462663,0.236993,0.500000,-1.250000,2,1.446926,-0.955324,1.880650,4,252.000,116591.12,1,0
adaptive,symbol|month,COIN|2025-12,10,0.641347,-0.900544,0.400000,-1.250000,5,2.346857,-0.813251,2.095944,9,280.000,179577.06,1,0
adaptive,symbol|month,COIN|2026-01,2,-0.823485,-0.823485,0.000000,-1.250000,2,0.426515,-1.414605,-0.232365,2,252.000,-207518.18,1,0
adaptive,symbol|month,COIN|2026-02,8,-0.616482,-1.250000,0.250000,-1.250000,5,1.154170,-1.416280,0.183317,7,288.000,-177546.71,1,0
adaptive,symbol|month,COIN|2026-03,7,-0.213173,-1.250000,0.428571,-1.250000,3,1.377723,-1.233805,0.807458,6,294.000,-62672.94,1,0
adaptive,symbol|month,COIN|2026-04,9,-0.887094,-1.152672,0.111111,-1.250000,4,0.500258,-1.213930,-0.560259,7,324.000,-287418.58,1,0
adaptive,symbol|month,COIN|2026-05,6,-1.250000,-1.250000,0.000000,-1.250000,6,0.000000,-1.250000,-1.250000,6,252.000,-315000.00,1,0
adaptive,symbol|month,COIN|2026-06,7,-0.571645,-1.095000,0.142857,-1.250000,4,1.049340,-1.349007,0.205717,6,294.000,-168063.67,1,0
adaptive,symbol|month,COIN|2026-07,7,0.296923,-0.873028,0.428571,-1.250000,3,1.707364,-0.967909,1.561756,7,252.000,74824.65,1,0
adaptive,symbol|month,COIN|2026-08,1,4.308197,4.308197,1.000000,4.308197,0,0.000000,4.308197,4.308197,1,252.000,1085665.57,1,0
adaptive,symbol|month,CRM|2025-08,2,0.228608,0.228608,0.500000,-1.250000,1,1.478608,-1.820638,2.277855,2,252.000,57609.28,1,0
adaptive,symbol|month,CRM|2025-09,2,-1.063388,-1.063388,0.000000,-1.250000,2,0.186612,-1.322019,-0.804757,2,252.000,-267973.82,1,0
adaptive,symbol|month,CRM|2025-10,2,-1.124856,-1.124856,0.000000,-1.175000,2,0.050144,-1.194352,-1.055360,2,252.000,-283463.70,1,0
adaptive,symbol|month,CRM|2025-11,1,-0.836369,-0.836369,0.000000,-0.836369,1,0.000000,-0.836369,-0.836369,1,252.000,-210764.94,1,0
adaptive,symbol|month,CRM|2025-12,2,2.174612,2.174612,1.000000,0.113316,0,2.061296,-0.682199,5.031423,2,252.000,548002.23,1,0
adaptive,symbol|month,CRM|2026-01,3,0.109113,-0.351190,0.333333,-1.175000,2,1.278516,-1.337665,1.555890,2,378.000,41244.59,1,0
adaptive,symbol|month,CRM|2026-02,4,-0.231828,0.063420,0.500000,-1.221154,2,0.577125,-0.797411,0.333754,3,336.000,-77894.34,1,0
adaptive,symbol|month,CRM|2026-03,4,-0.974694,-1.063849,0.000000,-1.250000,4,0.292224,-1.261073,-0.688314,4,252.000,-245622.79,1,0
adaptive,symbol|month,CRM|2026-04,3,5.149010,5.848837,1.000000,2.952962,0,1.586512,3.353702,6.944317,3,252.000,1297550.46,1,0
adaptive,symbol|month,CRM|2026-05,4,-1.165659,-1.250000,0.000000,-1.250000,4,0.146084,-1.308821,-1.022497,4,252.000,-293745.95,1,0
adaptive,symbol|month,CRM|2026-06,4,-1.183395,-1.250000,0.000000,-1.250000,4,0.115363,-1.296451,-1.070340,3,336.000,-397620.81,1,0
adaptive,symbol|month,CRM|2026-07,5,0.498943,-1.144231,0.400000,-1.250000,2,2.079298,-1.323642,2.321527,4,315.000,157166.96,1,0
adaptive,symbol|month,CRM|2026-08,1,5.013158,5.013158,1.000000,5.013158,0,0.000000,5.013158,5.013158,1,252.000,1263315.79,1,0
adaptive,symbol|month,GOOGL|2025-08,1,0.097375,0.097375,1.000000,0.097375,0,0.000000,0.097375,0.097375,1,252.000,24538.41,1,0
adaptive,symbol|month,GOOGL|2025-09,2,2.020970,2.020970,1.000000,1.670319,0,0.350651,1.534993,2.506948,2,252.000,509284.54,1,0
adaptive,symbol|month,GOOGL|2025-10,1,-1.240741,-1.240741,0.000000,-1.240741,1,0.000000,-1.240741,-1.240741,1,252.000,-312666.67,1,0
adaptive,symbol|month,GOOGL|2025-12,1,0.846939,0.846939,1.000000,0.846939,0,0.000000,0.846939,0.846939,1,252.000,213428.57,1,0
adaptive,symbol|month,GOOGL|2026-01,2,-1.249405,-1.249405,0.000000,-1.250000,2,0.000595,-1.250230,-1.248580,2,252.000,-314850.00,1,0
adaptive,symbol|month,GOOGL|2026-02,1,-0.968750,-0.968750,0.000000,-0.968750,1,0.000000,-0.968750,-0.968750,1,252.000,-244125.00,1,0
adaptive,symbol|month,GOOGL|2026-03,2,0.386960,0.386960,0.500000,-1.214216,1,1.601176,-1.832156,2.606076,2,252.000,97513.91,1,0
adaptive,symbol|month,GOOGL|2026-04,1,-1.132534,-1.132534,0.000000,-1.132534,1,0.000000,-1.132534,-1.132534,1,252.000,-285398.63,1,0
adaptive,symbol|month,GOOGL|2026-05,4,0.245365,-0.414133,0.500000,-1.202362,2,1.659335,-1.380783,1.871514,4,252.000,61832.02,1,0
adaptive,symbol|month,GOOGL|2026-06,2,2.237804,2.237804,0.500000,-0.690678,1,2.928482,-1.820865,6.296473,2,252.000,563926.58,1,0
adaptive,symbol|month,GOOGL|2026-07,1,-1.250000,-1.250000,0.000000,-1.250000,1,0.000000,-1.250000,-1.250000,1,252.000,-315000.00,1,0
adaptive,symbol|month,GOOGL|2026-08,2,-1.165294,-1.165294,0.000000,-1.235000,2,0.069706,-1.261902,-1.068687,2,252.000,-293654.12,1,0
adaptive,symbol|month,HOOD|2025-08,3,-0.467259,-1.250000,0.333333,-1.250000,1,1.106963,-1.719905,0.785387,3,252.000,-117749.33,1,0
adaptive,symbol|month,HOOD|2025-09,5,0.096995,0.150000,0.600000,-1.250000,2,1.184426,-0.941200,1.135190,5,252.000,24442.84,1,0
adaptive,symbol|month,HOOD|2025-10,5,-0.573478,-1.250000,0.200000,-1.250000,2,1.353043,-1.759473,0.612517,4,315.000,-180645.65,1,0
adaptive,symbol|month,HOOD|2025-11,6,0.309963,-1.250000,0.166667,-1.250000,5,3.388556,-2.401447,3.021372,5,302.400,93732.77,1,0
adaptive,symbol|month,HOOD|2025-12,1,3.680533,3.680533,1.000000,3.680533,0,0.000000,3.680533,3.680533,1,252.000,927494.40,1,0
adaptive,symbol|month,HOOD|2026-01,4,-1.009484,-1.250000,0.000000,-1.250000,4,0.416585,-1.417738,-0.601231,4,252.000,-254390.06,1,0
adaptive,symbol|month,HOOD|2026-02,5,-0.565460,-1.180769,0.200000,-1.250000,4,0.873091,-1.330758,0.199838,5,252.000,-142495.86,1,0
adaptive,symbol|month,HOOD|2026-03,4,-0.495526,-0.418912,0.250000,-1.250000,3,0.552303,-1.036783,0.045731,4,252.000,-124872.52,1,0
adaptive,symbol|month,HOOD|2026-04,3,0.611905,-1.250000,0.333333,-1.250000,2,2.633131,-2.367763,3.591573,3,252.000,154200.00,1,0
adaptive,symbol|month,HOOD|2026-05,1,-0.192759,-0.192759,0.000000,-0.192759,1,0.000000,-0.192759,-0.192759,1,252.000,-48575.26,1,0
adaptive,symbol|month,HOOD|2026-06,5,3.295985,3.387037,0.800000,-0.612307,1,2.310947,1.270351,5.321620,4,315.000,1038235.28,1,0
adaptive,symbol|month,HOOD|2026-07,5,1.551379,3.121429,0.600000,-1.250000,2,2.298044,-0.462946,3.565703,5,252.000,390947.41,1,0
adaptive,symbol|month,HOOD|2026-08,2,1.346172,1.346172,0.500000,-0.824077,1,2.170250,-1.661640,4.353985,2,252.000,339235.41,1,0
adaptive,symbol|month,INTC|2025-09,1,-1.227644,-1.227644,0.000000,-1.227644,1,0.000000,-1.227644,-1.227644,1,252.000,-309366.25,1,0
adaptive,symbol|month,INTC|2025-11,3,0.193857,0.774071,0.666667,-1.250000,1,1.027497,-0.968865,1.356580,3,252.000,48852.00,1,0
adaptive,symbol|month,INTC|2025-12,1,4.742190,4.742190,1.000000,4.742190,0,0.000000,4.742190,4.742190,1,252.000,1195032.00,1,0
adaptive,symbol|month,INTC|2026-01,2,0.085308,0.085308,0.500000,-1.250000,1,1.335308,-1.765334,1.935950,2,252.000,21497.54,1,0
adaptive,symbol|month,INTC|2026-02,1,-0.042105,-0.042105,0.000000,-0.042105,1,0.000000,-0.042105,-0.042105,1,252.000,-10610.53,1,0
adaptive,symbol|month,INTC|2026-03,1,-0.437500,-0.437500,0.000000,-0.437500,1,0.000000,-0.437500,-0.437500,1,252.000,-110250.00,1,0
adaptive,symbol|month,INTC|2026-04,2,-1.250000,-1.250000,0.000000,-1.250000,2,0.000000,-1.250000,-1.250000,2,252.000,-315000.00,1,0
adaptive,symbol|month,INTC|2026-05,3,1.141478,-0.223196,0.333333,-1.250000,2,2.688877,-1.901273,4.184228,3,252.000,287652.36,1,0
adaptive,symbol|month,INTC|2026-06,8,0.984645,0.047348,0.500000,-1.250000,2,2.722856,-0.902198,2.871488,8,252.000,248130.51,1,0
adaptive,symbol|month,INTC|2026-07,5,0.563168,-0.608333,0.400000,-1.250000,1,2.044014,-1.228490,2.354825,5,252.000,141918.27,1,0
adaptive,symbol|month,INTC|2026-08,1,-1.250000,-1.250000,0.000000,-1.250000,1,0.000000,-1.250000,-1.250000,1,252.000,-315000.00,1,0
adaptive,symbol|month,IREN|2025-09,5,-0.520772,-1.228008,0.400000,-1.250000,2,0.884868,-1.296393,0.254849,5,252.000,-131234.53,1,0
adaptive,symbol|month,IREN|2025-10,8,-1.020690,-1.216700,0.000000,-1.250000,8,0.305487,-1.232382,-0.808998,7,288.000,-293958.81,1,0
adaptive,symbol|month,IREN|2025-11,6,-0.483599,-0.956406,0.166667,-1.250000,3,1.196395,-1.440914,0.473716,6,252.000,-121866.94,1,0
adaptive,symbol|month,IREN|2025-12,6,-0.926751,-1.079167,0.000000,-1.250000,6,0.360069,-1.214867,-0.638636,5,302.400,-280249.57,1,0
adaptive,symbol|month,IREN|2026-01,6,-0.435175,-1.038306,0.166667,-1.250000,3,1.212131,-1.405082,0.534731,6,252.000,-109664.21,1,0
adaptive,symbol|month,IREN|2026-02,7,0.854650,-1.250000,0.285714,-1.250000,4,3.312801,-1.599507,3.308808,6,294.000,251267.21,1,0
adaptive,symbol|month,IREN|2026-03,8,1.530083,0.425227,0.500000,-1.250000,4,3.219923,-0.701210,3.761376,8,252.000,385581.01,1,0
adaptive,symbol|month,IREN|2026-04,2,0.393023,0.393023,0.500000,-1.222778,1,1.615801,-1.846363,2.632408,2,252.000,99041.76,1,0
adaptive,symbol|month,IREN|2026-05,6,3.110397,0.553720,0.500000,-1.250000,2,5.747415,-1.488493,7.709287,6,252.000,783819.98,1,0
adaptive,symbol|month,IREN|2026-06,6,0.014588,-0.575211,0.333333,-1.250000,4,1.571408,-1.242801,1.271976,6,252.000,3676.07,1,0
adaptive,symbol|month,IREN|2026-07,5,-0.526982,-1.113889,0.200000,-1.250000,4,1.231640,-1.606563,0.552598,5,252.000,-132799.56,1,0
adaptive,symbol|month,IREN|2026-08,1,3.713462,3.713462,1.000000,3.713462,0,0.000000,3.713462,3.713462,1,252.000,935792.31,1,0
adaptive,symbol|month,MARA|2025-10,1,-0.659667,-0.659667,0.000000,-0.659667,1,0.000000,-0.659667,-0.659667,1,252.000,-166236.00,1,0
adaptive,symbol|month,META|2025-08,3,1.547237,2.048780,0.666667,-1.250000,1,2.109209,-0.839558,3.934031,2,378.000,584855.43,1,0
adaptive,symbol|month,META|2025-10,5,-0.271446,-1.181818,0.200000,-1.250000,3,1.594313,-1.668923,1.126031,4,315.000,-85505.62,1,0
adaptive,symbol|month,META|2025-11,2,-1.238281,-1.238281,0.000000,-1.250000,2,0.011719,-1.254523,-1.222040,2,252.000,-312046.88,1,0
adaptive,symbol|month,META|2026-01,3,0.158381,-1.250000,0.333333,-1.250000,1,1.991752,-2.095498,2.412261,3,252.000,39912.10,1,0
adaptive,symbol|month,META|2026-02,5,0.788016,0.439152,0.600000,-1.250000,1,2.033761,-0.994654,2.570686,5,252.000,198580.09,1,0
adaptive,symbol|month,META|2026-03,3,-0.982704,-1.035069,0.000000,-1.250000,3,0.242468,-1.257083,-0.708326,3,252.000,-247641.49,1,0
adaptive,symbol|month,META|2026-04,2,1.339042,1.339042,0.500000,-1.250000,1,2.589042,-2.249187,4.927272,2,252.000,337438.66,1,0
adaptive,symbol|month,META|2026-05,1,3.965702,3.965702,1.000000,3.965702,0,0.000000,3.965702,3.965702,1,252.000,999356.91,1,0
adaptive,symbol|month,META|2026-06,4,0.740715,0.460081,0.500000,-1.175388,2,1.935929,-1.156496,2.637925,4,252.000,186660.10,1,0
adaptive,symbol|month,META|2026-07,7,0.417246,-0.278788,0.428571,-1.250000,2,1.496501,-0.691377,1.525870,6,294.000,122670.46,1,0
adaptive,symbol|month,META|2026-08,3,0.374783,-1.250000,0.333333,-1.250000,2,2.297790,-2.225411,2.974978,3,252.000,94445.35,1,0
adaptive,symbol|month,MSFT|2025-10,1,-1.203358,-1.203358,0.000000,-1.203358,1,0.000000,-1.203358,-1.203358,1,252.000,-303246.27,1,0
adaptive,symbol|month,MSFT|2025-11,3,1.034632,-1.250000,0.333333,-1.250000,1,3.230958,-2.621541,4.690805,3,252.000,260727.27,1,0
adaptive,symbol|month,MSFT|2026-02,4,-1.150735,-1.250000,0.000000,-1.250000,4,0.171932,-1.319228,-0.982242,3,336.000,-386647.06,1,0
adaptive,symbol|month,MSFT|2026-03,2,-1.250000,-1.250000,0.000000,-1.250000,2,0.000000,-1.250000,-1.250000,2,252.000,-315000.00,1,0
adaptive,symbol|month,MSFT|2026-04,3,1.675393,1.696111,1.000000,0.495693,0,0.954876,0.594850,2.755937,3,252.000,422199.11,1,0
adaptive,symbol|month,MSFT|2026-05,5,-0.660388,-1.250000,0.200000,-1.250000,4,1.116490,-1.639034,0.318258,4,315.000,-208022.19,1,0
adaptive,symbol|month,MSFT|2026-06,2,-0.734375,-0.734375,0.000000,-1.250000,2,0.515625,-1.448995,-0.019755,2,252.000,-185062.50,1,0
adaptive,symbol|month,MSFT|2026-07,8,-0.561467,-0.978877,0.250000,-1.250000,5,0.809017,-1.122087,-0.000847,7,288.000,-161702.42,1,0
adaptive,symbol|month,MSFT|2026-08,2,2.924584,2.924584,1.000000,2.226527,0,0.698057,1.957127,3.892042,2,252.000,736995.28,1,0
adaptive,symbol|month,MU|2025-08,1,-1.250000,-1.250000,0.000000,-1.250000,1,0.000000,-1.250000,-1.250000,1,252.000,-315000.00,1,0
adaptive,symbol|month,MU|2025-09,3,-0.663381,-1.049118,0.333333,-1.175000,1,0.636604,-1.383766,0.057004,3,252.000,-167172.04,1,0
adaptive,symbol|month,MU|2025-10,1,-1.250000,-1.250000,0.000000,-1.250000,1,0.000000,-1.250000,-1.250000,1,252.000,-315000.00,1,0
adaptive,symbol|month,MU|2025-11,6,-0.362184,-1.187500,0.333333,-1.250000,2,1.375406,-1.462738,0.738370,4,378.000,-136905.62,1,0
adaptive,symbol|month,MU|2025-12,7,-0.212455,-0.730923,0.285714,-1.250000,5,1.361770,-1.221269,0.796358,6,294.000,-62461.87,1,0
adaptive,symbol|month,MU|2026-01,4,0.463456,-0.057477,0.500000,-1.162500,2,1.666320,-1.169537,2.096450,4,252.000,116791.00,1,0
adaptive,symbol|month,MU|2026-02,6,4.043953,1.336912,0.500000,-1.250000,1,7.242339,-1.751125,9.839031,5,302.400,1222891.43,1,0
adaptive,symbol|month,MU|2026-03,12,-0.641759,-1.141929,0.166667,-1.250000,4,1.016271,-1.216768,-0.066749,11,274.909,-176425.28,1,0
adaptive,symbol|month,MU|2026-04,10,-0.119714,-0.934524,0.100000,-1.250000,9,2.229851,-1.501789,1.262362,8,315.000,-37709.81,1,0
adaptive,symbol|month,MU|2026-05,9,-0.256076,-1.186475,0.333333,-1.250000,3,1.432423,-1.191925,0.679773,9,252.000,-64531.15,1,0
adaptive,symbol|month,MU|2026-06,5,0.773031,-0.401885,0.400000,-1.250000,3,2.279242,-1.224813,2.770874,5,252.000,194803.72,1,0
adaptive,symbol|month,MU|2026-07,7,-0.560807,-1.250000,0.142857,-1.250000,6,1.374491,-1.579045,0.457430,6,294.000,-164877.32,1,0
adaptive,symbol|month,MU|2026-08,1,12.795455,12.795455,1.000000,12.795455,0,0.000000,12.795455,12.795455,1,252.000,3224454.55,1,0
adaptive,symbol|month,NFLX|2025-08,1,-1.250000,-1.250000,0.000000,-1.250000,1,0.000000,-1.250000,-1.250000,1,252.000,-315000.00,1,0
adaptive,symbol|month,NFLX|2025-09,2,0.420012,0.420012,0.500000,-1.250000,1,1.670012,-1.894507,2.734531,2,252.000,105843.07,1,0
adaptive,symbol|month,NFLX|2025-10,1,-1.112973,-1.112973,0.000000,-1.112973,1,0.000000,-1.112973,-1.112973,1,252.000,-280469.19,1,0
adaptive,symbol|month,NFLX|2025-12,1,-0.152778,-0.152778,0.000000,-0.152778,1,0.000000,-0.152778,-0.152778,1,252.000,-38500.00,1,0
adaptive,symbol|month,NFLX|2026-01,1,-1.183571,-1.183571,0.000000,-1.183571,1,0.000000,-1.183571,-1.183571,1,252.000,-298260.00,1,0
adaptive,symbol|month,NFLX|2026-02,2,2.196791,2.196791,0.500000,-0.050000,1,2.246791,-0.917103,5.310686,2,252.000,553591.44,1,0
adaptive,symbol|month,NFLX|2026-03,3,0.788877,-1.133618,0.333333,-1.193750,2,2.761448,-2.335995,3.913750,3,252.000,198797.12,1,0
adaptive,symbol|month,NFLX|2026-04,2,-0.770076,-0.770076,0.000000,-1.250000,2,0.479924,-1.435217,-0.104936,2,252.000,-194059.24,1,0
adaptive,symbol|month,NFLX|2026-06,4,1.218463,1.176170,0.750000,-0.925000,1,1.676952,-0.424950,2.861876,4,252.000,307052.68,1,0
adaptive,symbol|month,NFLX|2026-07,2,-1.248214,-1.248214,0.000000,-1.250000,2,0.001786,-1.250689,-1.245739,2,252.000,-314550.00,1,0
adaptive,symbol|month,NVDA|2025-09,4,-0.525693,-0.514768,0.000000,-0.602326,4,0.047797,-0.572533,-0.478852,3,336.000,-176632.75,1,0
adaptive,symbol|month,NVDA|2025-10,1,0.359906,0.359906,1.000000,0.359906,0,0.000000,0.359906,0.359906,1,252.000,90696.37,1,0
adaptive,symbol|month,NVDA|2025-11,4,1.521761,1.057000,0.750000,-0.388723,1,1.880576,-0.321203,3.364726,2,504.000,766967.75,1,0
adaptive,symbol|month,NVDA|2025-12,3,-0.519229,-0.810465,0.333333,-1.250000,2,0.744612,-1.361837,0.323379,3,252.000,-130845.74,1,0
adaptive,symbol|month,NVDA|2026-01,2,-0.699126,-0.699126,0.000000,-1.237625,2,0.538499,-1.445447,0.047194,2,252.000,-176179.87,1,0
adaptive,symbol|month,NVDA|2026-02,3,-1.147287,-1.250000,0.000000,-1.250000,3,0.145258,-1.311662,-0.982912,3,252.000,-289116.28,1,0
adaptive,symbol|month,NVDA|2026-03,4,0.582652,-0.742150,0.250000,-1.233478,3,2.593255,-1.958738,3.124042,4,252.000,146828.34,1,0
adaptive,symbol|month,NVDA|2026-05,3,0.280763,-0.149559,0.333333,-0.808150,2,1.107398,-0.972375,1.533902,3,252.000,70752.39,1,0
adaptive,symbol|month,NVDA|2026-06,3,-0.001571,-0.895000,0.333333,-1.250000,2,1.521441,-1.723243,1.720102,3,252.000,-395.83,1,0
adaptive,symbol|month,NVDA|2026-07,9,-0.798787,-1.250000,0.111111,-1.250000,8,0.858920,-1.359947,-0.237626,7,324.000,-258806.87,1,0
adaptive,symbol|month,NVDA|2026-08,3,1.315872,0.858500,0.666667,-0.231569,1,1.485826,-0.365498,2.997242,3,252.000,331599.73,1,0
adaptive,symbol|month,ORCL|2025-09,11,-0.617310,-0.953846,0.181818,-1.250000,8,0.861463,-1.126402,-0.108218,7,396.000,-244454.86,1,0
adaptive,symbol|month,ORCL|2025-10,3,-0.189945,0.179123,0.666667,-1.250000,1,0.761006,-1.051104,0.671214,3,252.000,-47866.18,1,0
adaptive,symbol|month,ORCL|2025-11,3,1.984269,-1.150000,0.333333,-1.245388,2,4.500143,-3.108123,7.076661,3,252.000,500035.76,1,0
adaptive,symbol|month,ORCL|2025-12,7,0.238498,-0.479896,0.428571,-1.250000,2,1.424011,-0.816424,1.293420,5,352.800,84142.08,1,0
adaptive,symbol|month,ORCL|2026-01,3,2.250024,-1.198165,0.333333,-1.250000,2,4.913174,-3.309756,7.809804,3,252.000,567006.06,1,0
adaptive,symbol|month,ORCL|2026-02,3,-1.226852,-1.250000,0.000000,-1.250000,3,0.032736,-1.263897,-1.189807,2,378.000,-463750.00,1,0
adaptive,symbol|month,ORCL|2026-03,5,-1.112936,-1.250000,0.000000,-1.250000,5,0.266101,-1.346184,-0.879688,4,315.000,-350574.81,1,0
adaptive,symbol|month,ORCL|2026-04,5,0.573272,-0.830173,0.400000,-1.059783,1,1.936484,-1.124130,2.270675,5,252.000,144464.64,1,0
adaptive,symbol|month,ORCL|2026-05,11,-0.554164,-1.250000,0.181818,-1.250000,5,1.491049,-1.435317,0.326990,8,346.500,-192017.70,1,0
adaptive,symbol|month,ORCL|2026-06,5,-1.250000,-1.250000,0.000000,-1.250000,5,0.000000,-1.250000,-1.250000,4,315.000,-393750.00,1,0
adaptive,symbol|month,ORCL|2026-07,1,-0.299307,-0.299307,0.000000,-0.299307,1,0.000000,-0.299307,-0.299307,1,252.000,-75425.40,1,0
adaptive,symbol|month,ORCL|2026-08,2,-0.868952,-0.868952,0.000000,-1.250000,2,0.381048,-1.397058,-0.340845,1,504.000,-437951.61,1,0
adaptive,symbol|month,PLTR|2025-08,1,2.348115,2.348115,1.000000,2.348115,0,0.000000,2.348115,2.348115,1,252.000,591725.08,1,0
adaptive,symbol|month,PLTR|2025-10,5,0.833793,-0.007585,0.400000,-1.250000,2,2.585084,-1.432133,3.099720,5,252.000,210115.95,1,0
adaptive,symbol|month,PLTR|2025-11,6,-1.135565,-1.183233,0.000000,-1.250000,6,0.119227,-1.230967,-1.040164,4,378.000,-429243.66,1,0
adaptive,symbol|month,PLTR|2025-12,2,-1.221714,-1.221714,0.000000,-1.250000,2,0.028286,-1.260916,-1.182511,2,252.000,-307871.91,1,0
adaptive,symbol|month,PLTR|2026-01,8,0.130348,-1.064286,0.375000,-1.250000,3,1.787860,-1.108576,1.369272,8,252.000,32847.65,1,0
adaptive,symbol|month,PLTR|2026-02,4,-1.046660,-1.152599,0.000000,-1.231441,4,0.237509,-1.279419,-0.813900,4,252.000,-263758.20,1,0
adaptive,symbol|month,PLTR|2026-03,6,-1.059467,-1.250000,0.000000,-1.250000,6,0.354208,-1.342892,-0.776041,5,302.400,-320382.80,1,0
adaptive,symbol|month,PLTR|2026-04,5,0.282215,-1.250000,0.400000,-1.250000,1,2.019822,-1.488237,2.052667,5,252.000,71118.18,1,0
adaptive,symbol|month,PLTR|2026-05,7,-1.007194,-1.052778,0.000000,-1.250000,7,0.241905,-1.186399,-0.827988,6,294.000,-296114.96,1,0
adaptive,symbol|month,PLTR|2026-06,7,0.285443,0.226250,0.571429,-1.250000,2,1.528073,-0.846569,1.417455,7,252.000,71931.61,1,0
adaptive,symbol|month,PLTR|2026-07,6,1.293273,-0.530181,0.333333,-1.250000,2,3.716734,-1.680734,4.267280,6,252.000,325904.77,1,0
adaptive,symbol|month,PLTR|2026-08,4,2.318622,1.242781,1.000000,0.266784,0,2.483778,-0.115481,4.752725,4,252.000,584292.82,1,0
adaptive,symbol|month,QQQ|2025-08,1,-0.508708,-0.508708,0.000000,-0.508708,1,0.000000,-0.508708,-0.508708,1,252.000,-128194.52,1,0
adaptive,symbol|month,QQQ|2025-10,1,1.593284,1.593284,1.000000,1.593284,0,0.000000,1.593284,1.593284,1,252.000,401507.46,1,0
adaptive,symbol|month,QQQ|2025-11,1,3.651064,3.651064,1.000000,3.651064,0,0.000000,3.651064,3.651064,1,252.000,920068.09,1,0
adaptive,symbol|month,QQQ|2025-12,1,5.372000,5.372000,1.000000,5.372000,0,0.000000,5.372000,5.372000,1,252.000,1353744.00,1,0
adaptive,symbol|month,QQQ|2026-01,1,0.866923,0.866923,1.000000,0.866923,0,0.000000,0.866923,0.866923,1,252.000,218464.62,1,0
adaptive,symbol|month,QQQ|2026-02,1,-0.898196,-0.898196,0.000000,-0.898196,1,0.000000,-0.898196,-0.898196,1,252.000,-226345.36,1,0
adaptive,symbol|month,QQQ|2026-06,3,-0.797593,-0.897881,0.000000,-1.250000,3,0.416414,-1.268810,-0.326376,3,252.000,-200993.46,1,0
adaptive,symbol|month,SOFI|2025-10,1,-1.250000,-1.250000,0.000000,-1.250000,1,0.000000,-1.250000,-1.250000,1,252.000,-315000.00,1,0
adaptive,symbol|month,SOFI|2026-02,1,0.285714,0.285714,1.000000,0.285714,0,0.000000,0.285714,0.285714,1,252.000,72000.00,1,0
adaptive,symbol|month,SOFI|2026-05,1,-0.804348,-0.804348,0.000000,-0.804348,1,0.000000,-0.804348,-0.804348,1,252.000,-202695.65,1,0
adaptive,symbol|month,SOFI|2026-07,1,-1.159483,-1.159483,0.000000,-1.159483,1,0.000000,-1.159483,-1.159483,1,252.000,-292189.66,1,0
adaptive,symbol|month,TSLA|2025-08,2,-1.108285,-1.108285,0.000000,-1.155867,2,0.047582,-1.174230,-1.042340,1,504.000,-558575.70,1,0
adaptive,symbol|month,TSLA|2025-09,3,-1.221309,-1.250000,0.000000,-1.250000,3,0.040575,-1.267224,-1.175394,3,252.000,-307769.92,1,0
adaptive,symbol|month,TSLA|2025-10,8,-0.687952,-1.250000,0.125000,-1.250000,6,1.204884,-1.522895,0.146990,6,336.000,-231152.02,1,0
adaptive,symbol|month,TSLA|2025-11,10,-0.458342,-1.004673,0.200000,-1.250000,7,1.095116,-1.137102,0.220418,8,315.000,-144377.77,1,0
adaptive,symbol|month,TSLA|2025-12,11,0.403277,-0.795099,0.454545,-1.250000,3,1.869429,-0.701485,1.508039,9,308.000,124209.28,1,0
adaptive,symbol|month,TSLA|2026-01,3,-1.153144,-1.118750,0.000000,-1.250000,3,0.069439,-1.231722,-1.074566,3,252.000,-290592.36,1,0
adaptive,symbol|month,TSLA|2026-02,5,-1.191910,-1.176136,0.000000,-1.250000,5,0.049488,-1.235288,-1.148532,5,252.000,-300361.39,1,0
adaptive,symbol|month,TSLA|2026-03,4,-0.132902,0.064402,0.500000,-1.250000,1,0.687265,-0.806422,0.540617,4,252.000,-33491.42,1,0
adaptive,symbol|month,TSLA|2026-04,5,0.793057,-0.994718,0.400000,-1.250000,2,2.743269,-1.611524,3.197638,5,252.000,199850.37,1,0
adaptive,symbol|month,TSLA|2026-05,6,0.225802,-1.250000,0.333333,-1.250000,4,2.472643,-1.752725,2.204328,4,378.000,85353.00,1,0
adaptive,symbol|month,TSLA|2026-06,4,-0.243799,-0.679000,0.250000,-1.058649,2,1.012041,-1.235599,0.748001,4,252.000,-61437.29,1,0
adaptive,symbol|month,TSLA|2026-07,7,-1.077868,-1.190818,0.000000,-1.250000,7,0.215569,-1.237564,-0.918172,7,252.000,-271622.66,1,0
adaptive,symbol|month,TSLA|2026-08,3,1.215870,0.756897,0.666667,-1.250000,1,2.224551,-1.301447,3.733187,2,378.000,459598.97,1,0
adaptive,symbol|month,TSM|2025-09,3,-0.810636,-1.148256,0.000000,-1.250000,3,0.550979,-1.434127,-0.187145,3,252.000,-204280.23,1,0
adaptive,symbol|month,TSM|2025-10,3,-0.223191,-0.959649,0.333333,-1.250000,2,1.252441,-1.640461,1.194079,3,252.000,-56244.03,1,0
adaptive,symbol|month,TSM|2025-11,6,-0.533573,-1.250000,0.166667,-1.250000,5,1.601980,-1.815424,0.748278,5,302.400,-161352.39,1,0
adaptive,symbol|month,TSM|2025-12,2,-1.048077,-1.048077,0.000000,-1.250000,2,0.201923,-1.327928,-0.768226,2,252.000,-264115.38,1,0
adaptive,symbol|month,TSM|2026-01,1,-1.171951,-1.171951,0.000000,-1.171951,1,0.000000,-1.171951,-1.171951,1,252.000,-295331.77,1,0
adaptive,symbol|month,TSM|2026-02,4,0.335337,-0.358494,0.250000,-1.250000,3,1.756853,-1.386380,2.057053,3,336.000,112673.08,1,0
adaptive,symbol|month,TSM|2026-03,5,0.408089,-0.334270,0.400000,-1.067623,3,1.706127,-1.087398,1.903576,4,315.000,128548.08,1,0
adaptive,symbol|month,TSM|2026-04,3,0.285980,-0.622588,0.333333,-0.986358,1,1.549269,-1.467182,2.039143,3,252.000,72067.01,1,0
adaptive,symbol|month,TSM|2026-05,5,0.158876,0.105932,0.600000,-1.197424,1,0.925550,-0.652405,0.970157,5,252.000,40036.76,1,0
adaptive,symbol|month,TSM|2026-06,3,-1.133432,-1.250000,0.000000,-1.250000,3,0.164852,-1.319979,-0.946885,3,252.000,-285624.94,1,0
adaptive,symbol|month,TSM|2026-07,6,-0.288645,-0.498780,0.333333,-1.250000,4,0.813437,-0.939531,0.362240,6,252.000,-72738.57,1,0
adaptive,symbol|month,TSM|2026-08,1,-1.250000,-1.250000,0.000000,-1.250000,1,0.000000,-1.250000,-1.250000,1,252.000,-315000.00,1,0
adaptive,symbol|month,UBER|2025-09,1,5.680167,5.680167,1.000000,5.680167,0,0.000000,5.680167,5.680167,1,252.000,1431402.00,1,0
adaptive,symbol|month,UBER|2025-10,5,-0.402028,-1.065789,0.200000,-1.250000,3,1.438082,-1.662563,0.858506,5,252.000,-101311.15,1,0
adaptive,symbol|month,UBER|2025-11,1,-1.128979,-1.128979,0.000000,-1.128979,1,0.000000,-1.128979,-1.128979,1,252.000,-284502.65,1,0
adaptive,symbol|month,UBER|2025-12,1,3.344444,3.344444,1.000000,3.344444,0,0.000000,3.344444,3.344444,1,252.000,842800.00,1,0
adaptive,symbol|month,UBER|2026-01,2,-1.250000,-1.250000,0.000000,-1.250000,2,0.000000,-1.250000,-1.250000,2,252.000,-315000.00,1,0
adaptive,symbol|month,UBER|2026-02,5,1.890899,2.020655,0.800000,-0.741111,1,1.982212,0.153414,3.628385,5,252.000,476506.55,1,0
adaptive,symbol|month,UBER|2026-03,5,0.641009,-0.760000,0.400000,-1.250000,2,2.627663,-1.662240,2.944257,5,252.000,161534.18,1,0
adaptive,symbol|month,UBER|2026-04,2,1.916768,1.916768,1.000000,1.801001,0,0.115767,1.756323,2.077213,2,252.000,483025.52,1,0
adaptive,symbol|month,UBER|2026-06,3,-1.230856,-1.250000,0.000000,-1.250000,3,0.027074,-1.261493,-1.200219,3,252.000,-310175.68,1,0
adaptive,symbol|month,UBER|2026-07,1,-0.660465,-0.660465,0.000000,-0.660465,1,0.000000,-0.660465,-0.660465,1,252.000,-166437.21,1,0
adaptive,symbol|quarter,AAPL|2025-Q3,2,3.235447,3.235447,1.000000,2.981579,0,0.253868,2.883604,3.587291,2,252.000,815332.74,1,0
adaptive,symbol|quarter,AAPL|2026-Q1,5,-0.457404,-1.231594,0.200000,-1.250000,2,1.440901,-1.720409,0.805601,5,252.000,-115265.82,1,0
adaptive,symbol|quarter,AAPL|2026-Q2,7,-0.069709,-0.794811,0.428571,-1.115462,3,1.109137,-0.891370,0.751951,6,294.000,-20494.50,1,0
adaptive,symbol|quarter,AAPL|2026-Q3,5,0.065058,0.386986,0.600000,-1.250000,1,1.112999,-0.910529,1.040645,5,252.000,16394.51,1,0
adaptive,symbol|quarter,AMD|2025-Q3,1,-1.250000,-1.250000,0.000000,-1.250000,1,0.000000,-1.250000,-1.250000,1,252.000,-315000.00,1,0
adaptive,symbol|quarter,AMD|2025-Q4,20,1.599611,-0.789289,0.450000,-1.250000,4,3.768156,-0.051857,3.251078,13,387.692,620156.78,0,0
adaptive,symbol|quarter,AMD|2026-Q1,14,-1.110654,-1.250000,0.000000,-1.250000,14,0.225430,-1.228741,-0.992566,12,294.000,-326532.14,1,0
adaptive,symbol|quarter,AMD|2026-Q2,18,0.477054,-1.147883,0.388889,-1.250000,5,2.625054,-0.735659,1.689767,16,283.500,135244.80,1,0
adaptive,symbol|quarter,AMD|2026-Q3,11,0.057118,-1.092177,0.272727,-1.250000,5,2.149607,-1.213219,1.327454,8,346.500,19791.24,1,0
adaptive,symbol|quarter,AMZN|2025-Q3,1,-1.250000,-1.250000,0.000000,-1.250000,1,0.000000,-1.250000,-1.250000,1,252.000,-315000.00,1,0
adaptive,symbol|quarter,AMZN|2025-Q4,3,-1.106301,-1.250000,0.000000,-1.250000,3,0.203221,-1.336267,-0.876334,3,252.000,-278787.80,1,0
adaptive,symbol|quarter,AMZN|2026-Q1,8,-0.339454,-0.982015,0.250000,-1.250000,3,1.283501,-1.228875,0.549967,8,252.000,-85542.36,1,0
adaptive,symbol|quarter,AMZN|2026-Q2,7,-0.663887,-0.886420,0.142857,-1.250000,6,0.583136,-1.095880,-0.231893,7,252.000,-167299.50,1,0
adaptive,symbol|quarter,AMZN|2026-Q3,1,3.064815,3.064815,1.000000,3.064815,0,0.000000,3.064815,3.064815,1,252.000,772333.33,1,0
adaptive,symbol|quarter,AVGO|2025-Q3,2,-0.547236,-0.547236,0.000000,-0.685345,2,0.138109,-0.738645,-0.355827,2,252.000,-137903.45,1,0
adaptive,symbol|quarter,AVGO|2025-Q4,7,0.003230,-1.250000,0.285714,-1.250000,3,1.906475,-1.409106,1.415566,7,252.000,813.93,1,0
adaptive,symbol|quarter,AVGO|2026-Q1,17,0.136525,-1.177000,0.235294,-1.250000,6,2.202852,-0.910644,1.183694,16,267.750,36554.57,1,0
adaptive,symbol|quarter,AVGO|2026-Q2,15,-0.601992,-1.175000,0.200000,-1.250000,6,1.285347,-1.252467,0.048483,13,290.769,-175040.66,1,0
adaptive,symbol|quarter,AVGO|2026-Q3,5,-0.164897,-1.183522,0.400000,-1.250000,2,1.316040,-1.318457,0.988664,5,252.000,-41553.92,1,0
adaptive,symbol|quarter,BABA|2025-Q4,2,-0.354154,-0.354154,0.500000,-1.084459,1,0.730305,-1.366306,0.657997,2,252.000,-89246.90,1,0
adaptive,symbol|quarter,BABA|2026-Q1,2,0.755556,0.755556,0.500000,-1.250000,1,2.005556,-2.024003,3.535114,2,252.000,190400.00,1,0
adaptive,symbol|quarter,BABA|2026-Q2,3,-1.250000,-1.250000,0.000000,-1.250000,3,0.000000,-1.250000,-1.250000,3,252.000,-315000.00,1,0
adaptive,symbol|quarter,BABA|2026-Q3,2,0.040044,0.040044,0.500000,-1.236667,1,1.276711,-1.729387,1.809475,2,252.000,10091.09,1,0
adaptive,symbol|quarter,COIN|2025-Q3,9,-0.025698,0.034375,0.555556,-1.250000,3,1.038139,-0.703948,0.652553,6,378.000,-9713.72,1,0
adaptive,symbol|quarter,COIN|2025-Q4,20,0.231394,-0.644102,0.350000,-1.250000,5,1.916411,-0.608510,1.071299,19,265.263,61380.37,0,0
adaptive,symbol|quarter,COIN|2026-Q1,17,-0.474767,-1.250000,0.294118,-1.250000,7,1.217288,-1.053429,0.103895,15,285.600,-135593.40,1,0
adaptive,symbol|quarter,COIN|2026-Q2,22,-0.885698,-1.250000,0.090909,-1.250000,14,0.721326,-1.187121,-0.584275,19,291.789,-258437.48,0,0
adaptive,symbol|quarter,COIN|2026-Q3,8,0.798332,0.421976,0.500000,-1.250000,3,2.076194,-0.640397,2.237062,8,252.000,201179.77,1,0
adaptive,symbol|quarter,CRM|2025-Q3,4,-0.417390,-1.063388,0.250000,-1.250000,2,1.236069,-1.628738,0.793958,4,252.000,-105182.27,1,0
adaptive,symbol|quarter,CRM|2025-Q4,5,0.252629,-0.836369,0.400000,-1.175000,3,2.043125,-1.538249,2.043507,5,252.000,63662.43,1,0
adaptive,symbol|quarter,CRM|2026-Q1,11,-0.408977,-0.521077,0.272727,-1.250000,6,0.893848,-0.937208,0.119253,9,308.000,-125965.00,1,0
adaptive,symbol|quarter,CRM|2026-Q2,11,0.550074,-1.250000,0.272727,-1.250000,8,2.937762,-1.186032,2.286180,10,277.200,152480.52,1,0
adaptive,symbol|quarter,CRM|2026-Q3,6,1.251312,0.825679,0.500000,-1.250000,2,2.536374,-0.778210,3.280834,5,302.400,378396.73,1,0
adaptive,symbol|quarter,GOOGL|2025-Q3,3,1.379772,1.670319,1.000000,0.097375,0,0.950916,0.303709,2.455835,3,252.000,347702.49,1,0
adaptive,symbol|quarter,GOOGL|2025-Q4,2,-0.196901,-0.196901,0.500000,-1.240741,1,1.043840,-1.643589,1.249787,2,252.000,-49619.05,1,0
adaptive,symbol|quarter,GOOGL|2026-Q1,5,-0.538728,-1.214216,0.200000,-1.250000,4,1.267783,-1.649989,0.572533,5,252.000,-135759.44,1,0
adaptive,symbol|quarter,GOOGL|2026-Q2,7,0.617791,-0.690678,0.428571,-1.202362,2,2.300090,-1.086140,2.321721,7,252.000,155683.23,1,0
adaptive,symbol|quarter,GOOGL|2026-Q3,3,-1.193529,-1.235000,0.000000,-1.250000,3,0.069525,-1.272204,-1.114854,3,252.000,-300769.41,1,0
adaptive,symbol|quarter,HOOD|2025-Q3,8,-0.114600,-0.530000,0.500000,-1.250000,2,1.187823,-0.937720,0.708519,8,252.000,-28879.23,1,0
adaptive,symbol|quarter,HOOD|2025-Q4,12,0.222743,-1.250000,0.250000,-1.250000,5,2.787163,-1.354242,1.799729,10,302.400,67357.56,1,0
adaptive,symbol|quarter,HOOD|2026-Q1,13,-0.680565,-1.180769,0.153846,-1.250000,7,0.699545,-1.060842,-0.300288,13,252.000,-171502.28,1,0
adaptive,symbol|quarter,HOOD|2026-Q2,9,2.013653,3.090909,0.555556,-1.250000,2,2.717992,0.237898,3.789408,8,283.500,570870.73,1,0
adaptive,symbol|quarter,HOOD|2026-Q3,7,1.492748,3.121429,0.571429,-1.250000,2,2.264167,-0.184570,3.170066,7,252.000,376172.55,1,0
adaptive,symbol|quarter,INTC|2025-Q3,1,-1.227644,-1.227644,0.000000,-1.227644,1,0.000000,-1.227644,-1.227644,1,252.000,-309366.25,1,0
adaptive,symbol|quarter,INTC|2025-Q4,4,1.330940,0.915786,0.750000,-1.250000,1,2.161178,-0.787013,3.448894,4,252.000,335397.00,1,0
adaptive,symbol|quarter,INTC|2026-Q1,4,-0.077247,-0.239803,0.250000,-1.250000,2,0.968240,-1.026123,0.871628,4,252.000,-19466.36,1,0
adaptive,symbol|quarter,INTC|2026-Q2,13,0.677046,-0.613636,0.384615,-1.250000,2,2.628728,-0.751947,2.106039,13,252.000,170615.47,1,0
adaptive,symbol|quarter,INTC|2026-Q3,6,0.260973,-0.929167,0.333333,-1.250000,2,1.984507,-1.326964,1.848910,6,252.000,65765.22,1,0
adaptive,symbol|quarter,IREN|2025-Q3,5,-0.520772,-1.228008,0.400000,-1.250000,2,0.884868,-1.296393,0.254849,5,252.000,-131234.53,1,0
adaptive,symbol|quarter,IREN|2025-Q4,20,-0.831381,-1.216700,0.050000,-1.250000,10,0.747651,-1.159054,-0.503709,18,280.000,-232786.73,0,0
adaptive,symbol|quarter,IREN|2026-Q1,21,0.743437,-0.826613,0.333333,-1.250000,4,2.943542,-0.515537,2.002410,20,264.600,196713.30,0,0
adaptive,symbol|quarter,IREN|2026-Q2,14,1.395425,-0.568961,0.428571,-1.250000,4,4.220113,-0.815205,3.606055,14,252.000,351647.13,1,0
adaptive,symbol|quarter,IREN|2026-Q3,6,0.179758,-1.030557,0.333333,-1.250000,4,1.939465,-1.372137,1.731654,6,252.000,45299.08,1,0
adaptive,symbol|quarter,MARA|2025-Q4,1,-0.659667,-0.659667,0.000000,-0.659667,1,0.000000,-0.659667,-0.659667,1,252.000,-166236.00,1,0
adaptive,symbol|quarter,META|2025-Q3,3,1.547237,2.048780,0.666667,-1.250000,1,2.109209,-0.839558,3.934031,2,378.000,584855.43,1,0
adaptive,symbol|quarter,META|2025-Q4,7,-0.547685,-1.226562,0.142857,-1.250000,3,1.416476,-1.597025,0.501655,6,294.000,-161019.37,1,0
adaptive,symbol|quarter,META|2026-Q1,11,0.133374,-0.918570,0.363636,-1.250000,3,1.874229,-0.974225,1.240972,11,252.000,33610.21,1,0
adaptive,symbol|quarter,META|2026-Q2,7,1.372378,2.045161,0.571429,-1.250000,2,2.290387,-0.324365,3.069120,7,252.000,345839.24,1,0
adaptive,symbol|quarter,META|2026-Q3,10,0.404507,-0.373064,0.400000,-1.250000,2,1.775385,-0.695888,1.504903,9,280.000,113262.09,1,0
adaptive,symbol|quarter,MSFT|2025-Q4,4,0.475134,-1.226679,0.250000,-1.250000,2,2.961153,-2.426796,3.377065,4,252.000,119733.89,1,0
adaptive,symbol|quarter,MSFT|2026-Q1,6,-1.183824,-1.250000,0.000000,-1.250000,6,0.147975,-1.302228,-1.065419,5,302.400,-357988.24,1,0
adaptive,symbol|quarter,MSFT|2026-Q2,10,0.025549,-0.670545,0.400000,-1.250000,6,1.455106,-0.876335,0.927433,9,280.000,7153.73,1,0
adaptive,symbol|quarter,MSFT|2026-Q3,10,0.135743,-0.641254,0.400000,-1.250000,5,1.601709,-0.857006,1.128493,9,280.000,38008.18,1,0
adaptive,symbol|quarter,MU|2025-Q3,4,-0.810036,-1.112059,0.250000,-1.250000,2,0.607018,-1.404914,-0.215158,4,252.000,-204129.03,1,0
adaptive,symbol|quarter,MU|2025-Q4,14,-0.350735,-1.187500,0.285714,-1.250000,5,1.343628,-1.054570,0.353100,11,320.727,-112490.34,1,0
adaptive,symbol|quarter,MU|2026-Q1,22,0.837111,-1.070827,0.318182,-1.250000,5,4.404105,-1.003247,2.677469,20,277.200,232047.15,0,0
adaptive,symbol|quarter,MU|2026-Q2,24,0.015139,-0.934524,0.250000,-1.250000,12,2.019482,-0.792822,0.823100,22,274.909,4161.81,0,0
adaptive,symbol|quarter,MU|2026-Q3,8,1.108726,-1.250000,0.250000,-1.250000,6,4.600484,-2.079247,4.296698,7,288.000,319312.95,1,0
adaptive,symbol|quarter,NFLX|2025-Q3,3,-0.136659,-1.250000,0.333333,-1.250000,2,1.574503,-1.918376,1.645059,3,252.000,-34437.96,1,0
adaptive,symbol|quarter,NFLX|2025-Q4,2,-0.632875,-0.632875,0.000000,-1.112973,2,0.480098,-1.298257,0.032506,2,252.000,-159484.59,1,0
adaptive,symbol|quarter,NFLX|2026-Q1,6,0.929441,-0.591809,0.333333,-1.193750,2,2.604783,-1.154820,3.013701,6,252.000,234219.04,1,0
adaptive,symbol|quarter,NFLX|2026-Q2,6,0.555617,-0.016129,0.500000,-1.250000,2,1.682345,-0.790540,1.901773,6,252.000,140015.37,1,0
adaptive,symbol|quarter,NFLX|2026-Q3,2,-1.248214,-1.248214,0.000000,-1.250000,2,0.001786,-1.250689,-1.245739,2,252.000,-314550.00,1,0
adaptive,symbol|quarter,NVDA|2025-Q3,4,-0.525693,-0.514768,0.000000,-0.602326,4,0.047797,-0.572533,-0.478852,3,336.000,-176632.75,1,0
adaptive,symbol|quarter,NVDA|2025-Q4,8,0.611158,0.208620,0.625000,-1.250000,2,1.696425,-0.564404,1.786720,6,336.000,205349.11,1,0
adaptive,symbol|quarter,NVDA|2026-Q1,9,-0.278834,-1.014706,0.111111,-1.250000,8,1.918556,-1.532290,0.974623,9,252.000,-70266.13,1,0
adaptive,symbol|quarter,NVDA|2026-Q2,6,0.139596,-0.478855,0.333333,-1.250000,2,1.338090,-0.931099,1.210291,6,252.000,35178.28,1,0
adaptive,symbol|quarter,NVDA|2026-Q3,12,-0.270122,-0.901283,0.250000,-1.250000,8,1.394161,-1.058943,0.518699,10,302.400,-81684.89,1,0
adaptive,symbol|quarter,ORCL|2025-Q3,11,-0.617310,-0.953846,0.181818,-1.250000,8,0.861463,-1.126402,-0.108218,7,396.000,-244454.86,1,0
adaptive,symbol|quarter,ORCL|2025-Q4,13,0.542497,-0.479896,0.461538,-1.250000,2,2.559723,-0.848985,1.933978,11,297.818,161565.38,1,0
adaptive,symbol|quarter,ORCL|2026-Q1,11,-0.226833,-1.250000,0.090909,-1.250000,8,2.986417,-1.991693,1.538027,9,308.000,-69864.56,1,0
adaptive,symbol|quarter,ORCL|2026-Q2,21,-0.451402,-1.250000,0.190476,-1.250000,10,1.569957,-1.122884,0.220080,17,311.294,-140518.73,0,0
adaptive,symbol|quarter,ORCL|2026-Q3,3,-0.679070,-0.487903,0.000000,-1.250000,3,0.410985,-1.144143,-0.213997,2,378.000,-256688.51,1,0
adaptive,symbol|quarter,PLTR|2025-Q3,1,2.348115,2.348115,1.000000,2.348115,0,0.000000,2.348115,2.348115,1,252.000,591725.08,1,0
adaptive,symbol|quarter,PLTR|2025-Q4,13,-0.391373,-1.193428,0.153846,-1.250000,8,1.875084,-1.410681,0.627934,11,297.818,-116558.07,1,0
adaptive,symbol|quarter,PLTR|2026-Q1,18,-0.527814,-1.149635,0.166667,-1.250000,10,1.349653,-1.151322,0.095693,17,266.824,-140833.27,1,0
adaptive,symbol|quarter,PLTR|2026-Q2,19,-0.191641,-1.052778,0.315789,-1.250000,8,1.530822,-0.879983,0.496701,18,266.000,-50976.53,1,0
adaptive,symbol|quarter,PLTR|2026-Q3,10,1.703413,0.509291,0.600000,-1.250000,2,3.317899,-0.353042,3.759868,10,252.000,429259.99,1,0
adaptive,symbol|quarter,QQQ|2025-Q3,1,-0.508708,-0.508708,0.000000,-0.508708,1,0.000000,-0.508708,-0.508708,1,252.000,-128194.52,1,0
adaptive,symbol|quarter,QQQ|2025-Q4,3,3.538782,3.651064,1.000000,1.593284,0,1.544696,1.790794,5.286771,3,252.000,891773.18,1,0
adaptive,symbol|quarter,QQQ|2026-Q1,2,-0.015636,-0.015636,0.500000,-0.898196,1,0.882559,-1.238801,1.207529,2,252.000,-3940.37,1,0
adaptive,symbol|quarter,QQQ|2026-Q2,3,-0.797593,-0.897881,0.000000,-1.250000,3,0.416414,-1.268810,-0.326376,3,252.000,-200993.46,1,0
adaptive,symbol|quarter,SOFI|2025-Q4,1,-1.250000,-1.250000,0.000000,-1.250000,1,0.000000,-1.250000,-1.250000,1,252.000,-315000.00,1,0
adaptive,symbol|quarter,SOFI|2026-Q1,1,0.285714,0.285714,1.000000,0.285714,0,0.000000,0.285714,0.285714,1,252.000,72000.00,1,0
adaptive,symbol|quarter,SOFI|2026-Q2,1,-0.804348,-0.804348,0.000000,-0.804348,1,0.000000,-0.804348,-0.804348,1,252.000,-202695.65,1,0
adaptive,symbol|quarter,SOFI|2026-Q3,1,-1.159483,-1.159483,0.000000,-1.159483,1,0.000000,-1.159483,-1.159483,1,252.000,-292189.66,1,0
adaptive,symbol|quarter,TSLA|2025-Q3,5,-1.176100,-1.163928,0.000000,-1.250000,5,0.070422,-1.237827,-1.114372,4,315.000,-370471.36,1,0
adaptive,symbol|quarter,TSLA|2025-Q4,29,-0.194862,-0.952416,0.275862,-1.250000,7,1.538292,-0.754743,0.365019,23,317.739,-61915.25,0,0
adaptive,symbol|quarter,TSLA|2026-Q1,12,-0.829216,-1.141708,0.166667,-1.250000,9,0.634296,-1.188103,-0.470329,12,252.000,-208962.48,1,0
adaptive,symbol|quarter,TSLA|2026-Q2,15,0.289660,-1.006148,0.333333,-1.250000,4,2.321467,-0.885164,1.464484,13,290.769,84224.21,1,0
adaptive,symbol|quarter,TSLA|2026-Q3,10,-0.389746,-1.109534,0.200000,-1.250000,7,1.619252,-1.393369,0.613876,9,280.000,-109128.96,1,0
adaptive,symbol|quarter,TSM|2025-Q3,3,-0.810636,-1.148256,0.000000,-1.250000,3,0.550979,-1.434127,-0.187145,3,252.000,-204280.23,1,0
adaptive,symbol|quarter,TSM|2025-Q4,11,-0.542469,-1.250000,0.181818,-1.250000,7,1.381797,-1.359059,0.274120,10,277.200,-150372.48,1,0
adaptive,symbol|quarter,TSM|2026-Q1,10,0.220984,-0.408962,0.300000,-1.250000,4,1.704937,-0.835747,1.277715,8,315.000,69609.97,1,0
adaptive,symbol|quarter,TSM|2026-Q2,11,-0.158907,-0.622588,0.363636,-1.250000,3,1.187558,-0.860709,0.542895,11,252.000,-40044.54,1,0
adaptive,symbol|quarter,TSM|2026-Q3,7,-0.425982,-0.725694,0.285714,-1.250000,4,0.824817,-1.037014,0.185051,7,252.000,-107347.34,1,0
adaptive,symbol|quarter,UBER|2025-Q3,1,5.680167,5.680167,1.000000,5.680167,0,0.000000,5.680167,5.680167,1,252.000,1431402.00,1,0
adaptive,symbol|quarter,UBER|2025-Q4,7,0.029332,-1.065789,0.285714,-1.250000,3,1.836239,-1.330973,1.389637,7,252.000,7391.66,1,0
adaptive,symbol|quarter,UBER|2026-Q1,12,0.846628,-0.177007,0.500000,-1.250000,2,2.391382,-0.506424,2.199680,12,252.000,213350.30,1,0
adaptive,symbol|quarter,UBER|2026-Q2,5,0.028194,-1.192568,0.400000,-1.250000,3,1.543894,-1.325089,1.381477,5,252.000,7104.80,1,0
adaptive,symbol|quarter,UBER|2026-Q3,1,-0.660465,-0.660465,0.000000,-0.660465,1,0.000000,-0.660465,-0.660465,1,252.000,-166437.21,1,0
adaptive,symbol|setup,AAPL|break_and_retest,14,0.050642,-0.356229,0.500000,-1.250000,2,1.277772,-0.618696,0.719980,14,252.000,12761.73,1,0
adaptive,symbol|setup,AAPL|one_candle_rule,5,0.662443,-0.845492,0.400000,-1.197727,3,2.110197,-1.187226,2.512112,4,315.000,208669.44,1,0
adaptive,symbol|setup,AMD|break_and_retest,56,0.391087,-1.104199,0.303571,-1.250000,15,2.878902,-0.362944,1.145118,44,320.727,125432.29,0,0
adaptive,symbol|setup,AMD|one_candle_rule,8,0.313432,-1.250000,0.250000,-1.250000,3,2.743468,-1.587695,2.214558,7,288.000,90268.33,1,0
adaptive,symbol|setup,AMZN|break_and_retest,18,-0.373917,-0.982015,0.222222,-1.250000,7,1.279164,-0.964861,0.217027,18,252.000,-94227.09,1,0
adaptive,symbol|setup,AMZN|one_candle_rule,2,-1.068210,-1.068210,0.000000,-1.250000,2,0.181790,-1.320158,-0.816262,2,252.000,-269188.93,1,0
adaptive,symbol|setup,AVGO|break_and_retest,40,-0.158551,-1.165502,0.250000,-1.250000,6,1.760435,-0.704116,0.387013,37,272.432,-43194.57,0,0
adaptive,symbol|setup,AVGO|one_candle_rule,6,-0.377206,-1.250000,0.166667,-1.250000,5,1.918281,-1.912151,1.157739,6,252.000,-95055.88,1,0
adaptive,symbol|setup,BABA|break_and_retest,9,-0.318568,-1.236667,0.333333,-1.250000,4,1.396070,-1.230667,0.593531,9,252.000,-80279.07,1,0
adaptive,symbol|setup,COIN|break_and_retest,71,-0.246149,-1.188543,0.281690,-1.250000,19,1.546389,-0.605853,0.113555,65,275.262,-67755.39,0,0
adaptive,symbol|setup,COIN|one_candle_rule,5,0.140691,0.174634,0.600000,-1.250000,1,1.212870,-0.922437,1.203818,5,252.000,35454.07,1,0
adaptive,symbol|setup,CRM|break_and_retest,34,0.250255,-0.949452,0.323529,-1.250000,9,2.285749,-0.518071,1.018580,31,276.387,69167.20,0,0
adaptive,symbol|setup,CRM|one_candle_rule,3,0.048285,-0.521077,0.333333,-1.187596,2,1.305179,-1.428664,1.525235,3,252.000,12167.85,1,0
adaptive,symbol|setup,GOOGL|break_and_retest,17,-0.060832,-0.857432,0.411765,-1.250000,4,1.428033,-0.739675,0.618012,17,252.000,-15329.56,1,0
adaptive,symbol|setup,GOOGL|one_candle_rule,3,0.943319,-1.095588,0.333333,-1.240741,1,2.986676,-2.436424,4.323061,3,252.000,237716.37,1,0
adaptive,symbol|setup,HOOD|break_and_retest,49,0.438386,-0.824077,0.367347,-1.250000,7,2.315154,-0.209857,1.086629,46,268.435,117677.95,0,0
adaptive,symbol|setup,INTC|break_and_retest,28,0.505520,-0.522917,0.392857,-1.250000,4,2.265612,-0.333675,1.344715,28,252.000,127391.03,0,0
adaptive,symbol|setup,IREN|break_and_retest,66,0.257503,-0.945488,0.272727,-1.250000,12,2.803712,-0.418919,0.933925,63,264.000,67980.74,0,0
adaptive,symbol|setup,MARA|break_and_retest,1,-0.659667,-0.659667,0.000000,-0.659667,1,0.000000,-0.659667,-0.659667,1,252.000,-166236.00,1,0
adaptive,symbol|setup,META|break_and_retest,24,0.527171,-0.521170,0.416667,-1.250000,3,1.986008,-0.267398,1.321739,22,274.909,144923.97,0,0
adaptive,symbol|setup,META|one_candle_rule,14,0.233904,-1.050194,0.357143,-1.250000,5,2.008418,-0.818170,1.285978,13,271.385,63477.93,1,0
adaptive,symbol|setup,MSFT|break_and_retest,16,0.206276,-0.912358,0.375000,-1.250000,7,1.923440,-0.736210,1.148762,15,268.800,55446.94,1,0
adaptive,symbol|setup,MSFT|one_candle_rule,13,-0.433838,-1.250000,0.230769,-1.250000,6,1.458437,-1.226653,0.358978,12,273.000,-118437.71,1,0
adaptive,symbol|setup,MSFT|reentry_84_rule,1,-1.250000,-1.250000,0.000000,-1.250000,1,0.000000,-1.250000,-1.250000,1,252.000,-315000.00,1,0
adaptive,symbol|setup,MU|break_and_retest,68,0.277089,-1.110679,0.279412,-1.250000,10,3.269029,-0.499910,1.054087,61,280.918,77839.18,0,0
adaptive,symbol|setup,MU|one_candle_rule,4,0.164280,-0.967475,0.250000,-1.250000,3,2.135866,-1.928869,2.257429,4,252.000,41398.48,1,0
adaptive,symbol|setup,NFLX|break_and_retest,19,0.249378,-0.925000,0.315789,-1.250000,4,1.992304,-0.646471,1.145228,19,252.000,62843.34,1,0
adaptive,symbol|setup,NVDA|break_and_retest,34,-0.052925,-0.560333,0.264706,-1.250000,7,1.619345,-0.597247,0.491397,31,276.387,-14627.78,0,0
adaptive,symbol|setup,NVDA|one_candle_rule,5,-0.065489,-0.702212,0.400000,-1.014706,2,1.160906,-1.083068,0.952089,5,252.000,-16503.35,1,0
adaptive,symbol|setup,ORCL|break_and_retest,54,-0.152710,-1.177778,0.240741,-1.250000,12,2.153708,-0.727151,0.421732,44,309.273,-47228.89,0,0
adaptive,symbol|setup,ORCL|one_candle_rule,5,-1.100690,-1.235653,0.000000,-1.250000,5,0.182528,-1.260684,-0.940697,5,252.000,-277374.01,1,0
adaptive,symbol|setup,PLTR|break_and_retest,57,0.090559,-1.052778,0.315789,-1.250000,9,2.177059,-0.474624,0.655742,53,271.019,24543.23,0,0
adaptive,symbol|setup,PLTR|one_candle_rule,4,-1.002329,-1.239564,0.000000,-1.250000,4,0.417015,-1.411004,-0.593654,4,252.000,-252586.98,1,0
adaptive,symbol|setup,QQQ|break_and_retest,4,0.843802,0.311013,0.500000,-0.897881,2,1.739251,-0.860664,2.548268,4,252.000,212638.08,1,0
adaptive,symbol|setup,QQQ|one_candle_rule,5,0.861676,-0.508708,0.400000,-1.250000,2,2.462216,-1.296552,3.019904,5,252.000,217142.32,1,0
adaptive,symbol|setup,SOFI|break_and_retest,4,-0.732029,-0.981915,0.250000,-1.250000,2,0.610746,-1.330560,-0.133498,4,252.000,-184471.33,1,0
adaptive,symbol|setup,TSLA|break_and_retest,55,-0.290543,-1.151882,0.254545,-1.250000,7,1.638479,-0.723571,0.142484,50,277.200,-80538.64,0,0
adaptive,symbol|setup,TSLA|one_candle_rule,15,-0.701912,-1.060704,0.133333,-1.250000,9,0.813637,-1.113669,-0.290155,15,252.000,-176881.75,1,0
adaptive,symbol|setup,TSLA|reentry_84_rule,1,5.473913,5.473913,1.000000,5.473913,0,0.000000,5.473913,5.473913,1,252.000,1379426.09,1,0
adaptive,symbol|setup,TSM|break_and_retest,37,-0.391840,-0.900297,0.243243,-1.250000,11,1.115976,-0.751433,-0.032248,36,259.000,-101486.66,0,0
adaptive,symbol|setup,TSM|one_candle_rule,5,0.715804,-0.986358,0.400000,-1.250000,1,2.199059,-1.211756,2.643364,5,252.000,180382.56,1,0
adaptive,symbol|setup,UBER|break_and_retest,26,0.597136,-0.750556,0.423077,-1.250000,4,2.288651,-0.282593,1.476865,26,252.000,150478.23,0,0
adaptive,symbol|grade,AAPL|B,11,0.634954,0.860129,0.636364,-1.250000,2,1.434644,-0.212867,1.482774,11,252.000,160008.34,1,0
adaptive,symbol|grade,AAPL|C,8,-0.370412,-1.156595,0.250000,-1.250000,5,1.548378,-1.443383,0.702560,8,252.000,-93343.72,1,0
adaptive,symbol|grade,AMD|A+,2,-1.250000,-1.250000,0.000000,-1.250000,2,0.000000,-1.250000,-1.250000,1,504.000,-630000.00,1,0
adaptive,symbol|grade,AMD|B,36,0.874608,-1.112854,0.416667,-1.250000,7,3.144933,-0.152737,1.901953,35,259.200,226698.36,0,0
adaptive,symbol|grade,AMD|C,26,-0.176060,-1.183110,0.153846,-1.250000,9,2.371026,-1.087453,0.735333,24,273.000,-48064.31,0,0
adaptive,symbol|grade,AMZN|B,14,-0.143266,-0.712962,0.285714,-1.250000,4,1.364750,-0.858166,0.571633,14,252.000,-36103.15,1,0
adaptive,symbol|grade,AMZN|C,6,-1.143533,-1.209888,0.000000,-1.250000,6,0.134561,-1.251204,-1.035862,6,252.000,-288170.24,1,0
adaptive,symbol|grade,AVGO|B,25,0.091730,-1.175000,0.280000,-1.250000,7,1.999796,-0.692190,0.875650,25,252.000,23115.98,0,0
adaptive,symbol|grade,AVGO|C,21,-0.518978,-1.183522,0.190476,-1.250000,7,1.415179,-1.124261,0.086304,20,264.600,-137321.70,0,0
adaptive,symbol|grade,BABA|B,9,-0.318568,-1.236667,0.333333,-1.250000,4,1.396070,-1.230667,0.593531,9,252.000,-80279.07,1,0
adaptive,symbol|grade,COIN|B,54,-0.152507,-0.965851,0.314815,-1.250000,13,1.513942,-0.556309,0.251295,53,256.755,-39156.90,0,0
adaptive,symbol|grade,COIN|C,22,-0.388080,-1.229478,0.272727,-1.250000,8,1.555069,-1.037902,0.261742,20,277.200,-107575.73,0,0
adaptive,symbol|grade,CRM|A,1,6.645230,6.645230,1.000000,6.645230,0,0.000000,6.645230,6.645230,1,252.000,1674598.07,1,0
adaptive,symbol|grade,CRM|B,21,0.814645,-0.036885,0.476190,-1.250000,5,2.284170,-0.162311,1.791601,21,252.000,205290.55,0,0
adaptive,symbol|grade,CRM|C,15,-1.006617,-1.175000,0.066667,-1.250000,8,0.367331,-1.192512,-0.820722,15,252.000,-253667.51,1,0
adaptive,symbol|grade,GOOGL|B,12,0.257532,-0.380029,0.500000,-1.248810,3,1.565450,-0.628205,1.143269,12,252.000,64898.05,1,0
adaptive,symbol|grade,GOOGL|C,8,-0.161820,-1.032169,0.250000,-1.250000,3,2.053896,-1.585098,1.261457,8,252.000,-40778.76,1,0
adaptive,symbol|grade,HOOD|B,43,0.498163,-0.791528,0.372093,-1.250000,6,2.368004,-0.209627,1.205953,43,252.000,125537.01,0,0
adaptive,symbol|grade,HOOD|C,6,0.009983,-1.227594,0.333333,-1.250000,4,1.837659,-1.460450,1.480416,5,302.400,3018.87,1,0
adaptive,symbol|grade,INTC|B,26,0.609310,-0.415765,0.423077,-1.250000,3,2.316104,-0.280972,1.499592,26,252.000,153546.11,0,0
adaptive,symbol|grade,INTC|C,2,-0.843750,-0.843750,0.000000,-1.250000,2,0.406250,-1.406784,-0.280716,2,252.000,-212625.00,1,0
adaptive,symbol|grade,IREN|B,55,0.500157,-0.748429,0.309091,-1.250000,10,3.004976,-0.294018,1.294331,55,252.000,126039.48,0,0
adaptive,symbol|grade,IREN|C,11,-0.955767,-1.228008,0.090909,-1.250000,10,0.498975,-1.250642,-0.660891,11,252.000,-240853.17,1,0
adaptive,symbol|grade,MARA|B,1,-0.659667,-0.659667,0.000000,-0.659667,1,0.000000,-0.659667,-0.659667,1,252.000,-166236.00,1,0
adaptive,symbol|grade,META|A+,1,-1.250000,-1.250000,0.000000,-1.250000,1,0.000000,-1.250000,-1.250000,1,252.000,-315000.00,1,0
adaptive,symbol|grade,META|B,23,0.813100,-0.467341,0.478261,-1.250000,2,2.103255,-0.046475,1.672676,22,263.455,214214.96,0,0
adaptive,symbol|grade,META|C,14,-0.108897,-1.021785,0.285714,-1.250000,4,1.687991,-0.993121,0.775327,13,271.385,-29552.98,1,0
adaptive,symbol|grade,MSFT|A,2,-1.250000,-1.250000,0.000000,-1.250000,2,0.000000,-1.250000,-1.250000,1,504.000,-630000.00,1,0
adaptive,symbol|grade,MSFT|B,19,0.022728,-1.250000,0.368421,-1.250000,5,1.860369,-0.813796,0.859252,19,252.000,5727.54,1,0
adaptive,symbol|grade,MSFT|C,9,-0.169035,-0.971774,0.222222,-1.250000,5,1.577096,-1.199404,0.861334,9,252.000,-42596.85,1,0
adaptive,symbol|grade,MU|B,47,0.907913,-0.563326,0.382979,-1.250000,5,3.804499,-0.179775,1.995602,47,252.000,228794.14,0,0
adaptive,symbol|grade,MU|C,25,-0.926911,-1.216190,0.080000,-1.250000,13,0.624576,-1.171745,-0.682077,23,273.913,-253893.08,0,0
adaptive,symbol|grade,NFLX|B,19,0.249378,-0.925000,0.315789,-1.250000,4,1.992304,-0.646471,1.145228,19,252.000,62843.34,1,0
adaptive,symbol|grade,NVDA|A,1,-1.250000,-1.250000,0.000000,-1.250000,1,0.000000,-1.250000,-1.250000,1,252.000,-315000.00,1,0
adaptive,symbol|grade,NVDA|B,24,0.431617,-0.470252,0.416667,-1.250000,5,1.804978,-0.290525,1.153758,24,252.000,108767.47,0,0
adaptive,symbol|grade,NVDA|C,14,-0.802550,-0.930189,0.071429,-1.250000,11,0.444907,-1.035607,-0.569494,14,252.000,-202242.66,1,0
adaptive,symbol|grade,ORCL|B,38,0.149418,-1.134792,0.315789,-1.250000,7,2.426970,-0.622247,0.921083,38,252.000,37653.43,0,0
adaptive,symbol|grade,ORCL|C,21,-0.925127,-1.250000,0.047619,-1.250000,11,0.853891,-1.290342,-0.559912,17,311.294,-287986.57,0,0
adaptive,symbol|grade,PLTR|B,49,0.193559,-0.984458,0.326531,-1.250000,8,2.282485,-0.445537,0.832654,48,257.250,49793.01,0,0
adaptive,symbol|grade,PLTR|C,12,-0.694319,-1.083143,0.166667,-1.250000,7,1.018185,-1.270412,-0.118227,12,252.000,-174968.43,1,0
adaptive,symbol|grade,QQQ|B,6,0.619749,0.311013,0.500000,-1.250000,3,1.670554,-0.716973,1.956470,6,252.000,156176.63,1,0
adaptive,symbol|grade,QQQ|C,3,1.321699,-0.508708,0.333333,-0.898196,1,2.868406,-1.924209,4.567606,3,252.000,333068.04,1,0
adaptive,symbol|grade,SOFI|B,4,-0.732029,-0.981915,0.250000,-1.250000,2,0.610746,-1.330560,-0.133498,4,252.000,-184471.33,1,0
adaptive,symbol|grade,TSLA|A,3,0.991304,-1.250000,0.333333,-1.250000,2,3.169683,-2.595530,4.578138,2,378.000,374713.04,1,0
adaptive,symbol|grade,TSLA|B,34,-0.009331,-0.937551,0.323529,-1.250000,5,1.766880,-0.603245,0.584583,34,252.000,-2351.38,0,0
adaptive,symbol|grade,TSLA|C,34,-0.696803,-1.220409,0.147059,-1.250000,15,1.135488,-1.078483,-0.315123,34,252.000,-175594.45,0,0
adaptive,symbol|grade,TSM|B,26,0.263449,-0.283801,0.423077,-1.250000,7,1.467865,-0.300780,0.827678,25,262.080,69044.73,0,0
adaptive,symbol|grade,TSM|C,16,-1.110547,-1.250000,0.000000,-1.250000,16,0.242917,-1.229576,-0.991517,15,268.800,-298515.03,1,0
adaptive,symbol|grade,UBER|B,26,0.597136,-0.750556,0.423077,-1.250000,4,2.288651,-0.282593,1.476865,26,252.000,150478.23,0,0
adaptive,symbol|alert_only,AAPL|actioned,11,0.634954,0.860129,0.636364,-1.250000,2,1.434644,-0.212867,1.482774,11,252.000,160008.34,1,0
adaptive,symbol|alert_only,AAPL|alert_only,8,-0.370412,-1.156595,0.250000,-1.250000,5,1.548378,-1.443383,0.702560,8,252.000,-93343.72,1,0
adaptive,symbol|alert_only,AMD|actioned,38,0.762786,-1.208889,0.394737,-1.250000,7,3.097599,-0.222108,1.747680,35,273.600,208698.36,0,0
adaptive,symbol|alert_only,AMD|alert_only,26,-0.176060,-1.183110,0.153846,-1.250000,9,2.371026,-1.087453,0.735333,24,273.000,-48064.31,0,0
adaptive,symbol|alert_only,AMZN|actioned,14,-0.143266,-0.712962,0.285714,-1.250000,4,1.364750,-0.858166,0.571633,14,252.000,-36103.15,1,0
adaptive,symbol|alert_only,AMZN|alert_only,6,-1.143533,-1.209888,0.000000,-1.250000,6,0.134561,-1.251204,-1.035862,6,252.000,-288170.24,1,0
adaptive,symbol|alert_only,AVGO|actioned,25,0.091730,-1.175000,0.280000,-1.250000,7,1.999796,-0.692190,0.875650,25,252.000,23115.98,0,0
adaptive,symbol|alert_only,AVGO|alert_only,21,-0.518978,-1.183522,0.190476,-1.250000,7,1.415179,-1.124261,0.086304,20,264.600,-137321.70,0,0
adaptive,symbol|alert_only,BABA|actioned,9,-0.318568,-1.236667,0.333333,-1.250000,4,1.396070,-1.230667,0.593531,9,252.000,-80279.07,1,0
adaptive,symbol|alert_only,COIN|actioned,54,-0.152507,-0.965851,0.314815,-1.250000,13,1.513942,-0.556309,0.251295,53,256.755,-39156.90,0,0
adaptive,symbol|alert_only,COIN|alert_only,22,-0.388080,-1.229478,0.272727,-1.250000,8,1.555069,-1.037902,0.261742,20,277.200,-107575.73,0,0
adaptive,symbol|alert_only,CRM|actioned,22,1.079672,0.038215,0.500000,-1.250000,5,2.540728,0.017969,2.141374,22,252.000,272077.25,0,0
adaptive,symbol|alert_only,CRM|alert_only,15,-1.006617,-1.175000,0.066667,-1.250000,8,0.367331,-1.192512,-0.820722,15,252.000,-253667.51,1,0
adaptive,symbol|alert_only,GOOGL|actioned,12,0.257532,-0.380029,0.500000,-1.248810,3,1.565450,-0.628205,1.143269,12,252.000,64898.05,1,0
adaptive,symbol|alert_only,GOOGL|alert_only,8,-0.161820,-1.032169,0.250000,-1.250000,3,2.053896,-1.585098,1.261457,8,252.000,-40778.76,1,0
adaptive,symbol|alert_only,HOOD|actioned,43,0.498163,-0.791528,0.372093,-1.250000,6,2.368004,-0.209627,1.205953,43,252.000,125537.01,0,0
adaptive,symbol|alert_only,HOOD|alert_only,6,0.009983,-1.227594,0.333333,-1.250000,4,1.837659,-1.460450,1.480416,5,302.400,3018.87,1,0
adaptive,symbol|alert_only,INTC|actioned,26,0.609310,-0.415765,0.423077,-1.250000,3,2.316104,-0.280972,1.499592,26,252.000,153546.11,0,0
adaptive,symbol|alert_only,INTC|alert_only,2,-0.843750,-0.843750,0.000000,-1.250000,2,0.406250,-1.406784,-0.280716,2,252.000,-212625.00,1,0
adaptive,symbol|alert_only,IREN|actioned,55,0.500157,-0.748429,0.309091,-1.250000,10,3.004976,-0.294018,1.294331,55,252.000,126039.48,0,0
adaptive,symbol|alert_only,IREN|alert_only,11,-0.955767,-1.228008,0.090909,-1.250000,10,0.498975,-1.250642,-0.660891,11,252.000,-240853.17,1,0
adaptive,symbol|alert_only,MARA|actioned,1,-0.659667,-0.659667,0.000000,-0.659667,1,0.000000,-0.659667,-0.659667,1,252.000,-166236.00,1,0
adaptive,symbol|alert_only,META|actioned,24,0.727138,-0.521170,0.458333,-1.250000,2,2.099839,-0.112973,1.567248,23,262.957,191205.61,0,0
adaptive,symbol|alert_only,META|alert_only,14,-0.108897,-1.021785,0.285714,-1.250000,4,1.687991,-0.993121,0.775327,13,271.385,-29552.98,1,0
adaptive,symbol|alert_only,MSFT|actioned,21,-0.098484,-1.250000,0.333333,-1.250000,5,1.808573,-0.872023,0.675055,20,264.600,-26058.84,0,0
adaptive,symbol|alert_only,MSFT|alert_only,9,-0.169035,-0.971774,0.222222,-1.250000,5,1.577096,-1.199404,0.861334,9,252.000,-42596.85,1,0
adaptive,symbol|alert_only,MU|actioned,47,0.907913,-0.563326,0.382979,-1.250000,5,3.804499,-0.179775,1.995602,47,252.000,228794.14,0,0
adaptive,symbol|alert_only,MU|alert_only,25,-0.926911,-1.216190,0.080000,-1.250000,13,0.624576,-1.171745,-0.682077,23,273.913,-253893.08,0,0
adaptive,symbol|alert_only,NFLX|actioned,19,0.249378,-0.925000,0.315789,-1.250000,4,1.992304,-0.646471,1.145228,19,252.000,62843.34,1,0
adaptive,symbol|alert_only,NVDA|actioned,25,0.364352,-0.470909,0.400000,-1.250000,5,1.798948,-0.340836,1.069540,25,252.000,91816.77,0,0
adaptive,symbol|alert_only,NVDA|alert_only,14,-0.802550,-0.930189,0.071429,-1.250000,11,0.444907,-1.035607,-0.569494,14,252.000,-202242.66,1,0
adaptive,symbol|alert_only,ORCL|actioned,38,0.149418,-1.134792,0.315789,-1.250000,7,2.426970,-0.622247,0.921083,38,252.000,37653.43,0,0
adaptive,symbol|alert_only,ORCL|alert_only,21,-0.925127,-1.250000,0.047619,-1.250000,11,0.853891,-1.290342,-0.559912,17,311.294,-287986.57,0,0
adaptive,symbol|alert_only,PLTR|actioned,49,0.193559,-0.984458,0.326531,-1.250000,8,2.282485,-0.445537,0.832654,48,257.250,49793.01,0,0
adaptive,symbol|alert_only,PLTR|alert_only,12,-0.694319,-1.083143,0.166667,-1.250000,7,1.018185,-1.270412,-0.118227,12,252.000,-174968.43,1,0
adaptive,symbol|alert_only,QQQ|actioned,6,0.619749,0.311013,0.500000,-1.250000,3,1.670554,-0.716973,1.956470,6,252.000,156176.63,1,0
adaptive,symbol|alert_only,QQQ|alert_only,3,1.321699,-0.508708,0.333333,-0.898196,1,2.868406,-1.924209,4.567606,3,252.000,333068.04,1,0
adaptive,symbol|alert_only,SOFI|actioned,4,-0.732029,-0.981915,0.250000,-1.250000,2,0.610746,-1.330560,-0.133498,4,252.000,-184471.33,1,0
adaptive,symbol|alert_only,TSLA|actioned,37,0.071802,-0.994718,0.324324,-1.250000,5,1.938544,-0.552840,0.696443,36,259.000,18596.64,0,0
adaptive,symbol|alert_only,TSLA|alert_only,34,-0.696803,-1.220409,0.147059,-1.250000,15,1.135488,-1.078483,-0.315123,34,252.000,-175594.45,0,0
adaptive,symbol|alert_only,TSM|actioned,26,0.263449,-0.283801,0.423077,-1.250000,7,1.467865,-0.300780,0.827678,25,262.080,69044.73,0,0
adaptive,symbol|alert_only,TSM|alert_only,16,-1.110547,-1.250000,0.000000,-1.250000,16,0.242917,-1.229576,-0.991517,15,268.800,-298515.03,1,0
adaptive,symbol|alert_only,UBER|actioned,26,0.597136,-0.750556,0.423077,-1.250000,4,2.288651,-0.282593,1.476865,26,252.000,150478.23,0,0
adaptive,symbol|trend_qqq,AAPL|aligned,9,0.488709,0.082353,0.555556,-1.115462,2,1.535991,-0.514806,1.492223,8,283.500,138548.94,1,0
adaptive,symbol|trend_qqq,AAPL|flat,1,-1.197727,-1.197727,0.000000,-1.197727,1,0.000000,-1.197727,-1.197727,1,252.000,-301827.27,1,0
adaptive,symbol|trend_qqq,AAPL|opposed,9,0.091172,-0.843220,0.444444,-1.250000,3,1.579740,-0.940925,1.123269,9,252.000,22975.30,1,0
adaptive,symbol|trend_qqq,AMD|aligned,33,0.519977,-1.192169,0.363636,-1.250000,8,2.918079,-0.475649,1.515603,28,297.000,154433.14,0,0
adaptive,symbol|trend_qqq,AMD|flat,9,2.213802,-0.745679,0.444444,-1.250000,3,3.855112,-0.304872,4.732475,8,283.500,627612.79,1,0
adaptive,symbol|trend_qqq,AMD|opposed,22,-0.576142,-1.250000,0.136364,-1.250000,12,1.632135,-1.258168,0.105884,17,326.118,-187890.08,0,0
adaptive,symbol|trend_qqq,AMZN|aligned,7,0.103505,-0.225000,0.428571,-1.250000,2,1.242466,-0.816927,1.023937,7,252.000,26083.31,1,0
adaptive,symbol|trend_qqq,AMZN|flat,1,-1.250000,-1.250000,0.000000,-1.250000,1,0.000000,-1.250000,-1.250000,1,252.000,-315000.00,1,0
adaptive,symbol|trend_qqq,AMZN|opposed,12,-0.695122,-1.100372,0.083333,-1.250000,11,1.157429,-1.349999,-0.040245,12,252.000,-175170.72,1,0
adaptive,symbol|trend_qqq,AVGO|aligned,25,-0.419939,-1.175000,0.200000,-1.250000,9,1.427754,-0.979618,0.139741,24,262.500,-110233.94,0,0
adaptive,symbol|trend_qqq,AVGO|flat,8,0.845488,-0.940172,0.375000,-1.250000,3,2.644916,-0.987345,2.678321,8,252.000,213062.93,1,0
adaptive,symbol|trend_qqq,AVGO|opposed,13,-0.374671,-1.162465,0.230769,-1.250000,7,1.494201,-1.186929,0.437586,12,273.000,-102285.28,1,0
adaptive,symbol|trend_qqq,BABA|aligned,6,-0.523592,-1.167230,0.333333,-1.250000,4,1.007802,-1.330002,0.282817,6,252.000,-131945.27,1,0
adaptive,symbol|trend_qqq,BABA|opposed,3,0.091481,-1.236667,0.333333,-1.250000,2,1.887721,-2.044676,2.227639,3,252.000,23053.33,1,0
adaptive,symbol|trend_qqq,COIN|aligned,34,-0.115298,-1.076837,0.352941,-1.250000,10,1.531641,-0.630140,0.399543,29,295.448,-34064.63,0,0
adaptive,symbol|trend_qqq,COIN|flat,12,0.198183,-0.323222,0.416667,-1.250000,2,1.701388,-0.764468,1.160834,10,302.400,59930.46,1,0
adaptive,symbol|trend_qqq,COIN|opposed,30,-0.507706,-1.250000,0.200000,-1.250000,9,1.395055,-1.006920,-0.008493,30,252.000,-127942.02,0,0
adaptive,symbol|trend_qqq,CRM|aligned,20,0.367459,-0.913978,0.350000,-1.250000,5,2.365916,-0.669450,1.404367,17,296.471,108940.70,0,0
adaptive,symbol|trend_qqq,CRM|flat,1,-0.036885,-0.036885,0.000000,-0.036885,1,0.000000,-0.036885,-0.036885,1,252.000,-9295.08,1,0
adaptive,symbol|trend_qqq,CRM|opposed,16,0.083827,-1.159615,0.312500,-1.250000,4,2.093433,-0.941955,1.109609,15,268.800,22532.67,1,0
adaptive,symbol|trend_qqq,GOOGL|aligned,9,0.517607,-0.857432,0.444444,-1.248810,2,2.139986,-0.880517,1.915731,9,252.000,130437.01,1,0
adaptive,symbol|trend_qqq,GOOGL|flat,1,0.029167,0.029167,1.000000,0.029167,0,0.000000,0.029167,0.029167,1,252.000,7350.00,1,0
adaptive,symbol|trend_qqq,GOOGL|opposed,10,-0.289181,-1.032169,0.300000,-1.250000,4,1.403449,-1.159048,0.580685,10,252.000,-72873.66,1,0
adaptive,symbol|trend_qqq,HOOD|aligned,29,0.418312,-0.612307,0.413793,-1.250000,5,1.952447,-0.292306,1.128930,28,261.000,109179.33,0,0
adaptive,symbol|trend_qqq,HOOD|flat,5,0.893467,-1.250000,0.400000,-1.250000,3,3.058278,-1.787232,3.574166,4,315.000,281442.07,1,0
adaptive,symbol|trend_qqq,HOOD|opposed,15,0.325502,-1.250000,0.266667,-1.250000,4,2.634184,-1.007579,1.658583,15,252.000,82026.43,1,0
adaptive,symbol|trend_qqq,INTC|aligned,19,1.163031,0.708333,0.526316,-1.250000,3,2.426249,0.072056,2.254005,19,252.000,293083.69,1,0
adaptive,symbol|trend_qqq,INTC|flat,1,-1.250000,-1.250000,0.000000,-1.250000,1,0.000000,-1.250000,-1.250000,1,252.000,-315000.00,1,0
adaptive,symbol|trend_qqq,INTC|opposed,7,-0.777574,-1.250000,0.142857,-1.250000,5,0.923877,-1.461992,-0.093157,7,252.000,-195948.76,1,0
adaptive,symbol|trend_qqq,INTC|unknown,1,-1.250000,-1.250000,0.000000,-1.250000,1,0.000000,-1.250000,-1.250000,1,252.000,-315000.00,1,0
adaptive,symbol|trend_qqq,IREN|aligned,40,0.375923,-0.744713,0.325000,-1.250000,9,2.475559,-0.391261,1.143106,38,265.263,99718.41,0,0
adaptive,symbol|trend_qqq,IREN|flat,7,-0.816907,-1.250000,0.142857,-1.250000,5,1.040823,-1.587959,-0.045854,7,252.000,-205860.44,1,0
adaptive,symbol|trend_qqq,IREN|opposed,19,0.404033,-0.947225,0.210526,-1.250000,8,3.678135,-1.249858,2.057924,18,266.000,107472.78,1,0
adaptive,symbol|trend_qqq,MARA|aligned,1,-0.659667,-0.659667,0.000000,-0.659667,1,0.000000,-0.659667,-0.659667,1,252.000,-166236.00,1,0
adaptive,symbol|trend_qqq,META|aligned,22,0.967017,0.478369,0.500000,-1.250000,3,2.215480,0.041227,1.892808,20,277.200,268057.22,0,0
adaptive,symbol|trend_qqq,META|flat,4,-0.981347,-1.050194,0.000000,-1.250000,4,0.265246,-1.241288,-0.721406,4,252.000,-247299.45,1,0
adaptive,symbol|trend_qqq,META|opposed,12,-0.118521,-0.894022,0.333333,-1.250000,3,1.463758,-0.946719,0.709678,11,274.909,-32582.39,1,0
adaptive,symbol|trend_qqq,MSFT|aligned,10,-0.230089,-1.054160,0.300000,-1.250000,6,1.384068,-1.087943,0.627765,9,280.000,-64424.94,1,0
adaptive,symbol|trend_qqq,MSFT|flat,2,2.176948,2.176948,0.500000,-1.250000,1,3.426948,-2.572560,6.926456,2,252.000,548590.91,1,0
adaptive,symbol|trend_qqq,MSFT|opposed,17,-0.462883,-1.220588,0.235294,-1.250000,7,1.334689,-1.097354,0.171588,15,285.600,-132199.38,1,0
adaptive,symbol|trend_qqq,MSFT|unknown,1,2.226527,2.226527,1.000000,2.226527,0,0.000000,2.226527,2.226527,1,252.000,561084.90,1,0
adaptive,symbol|trend_qqq,MU|aligned,44,0.643128,-0.991398,0.272727,-1.250000,7,3.854157,-0.495703,1.781958,39,284.308,182846.12,0,0
adaptive,symbol|trend_qqq,MU|flat,7,0.414655,0.225277,0.571429,-1.250000,3,1.802524,-0.920673,1.749984,6,294.000,121908.61,1,0
adaptive,symbol|trend_qqq,MU|opposed,21,-0.557193,-1.250000,0.190476,-1.250000,7,1.511809,-1.203804,0.089418,20,264.600,-147433.34,0,0
adaptive,symbol|trend_qqq,NFLX|aligned,13,0.163719,-0.925000,0.307692,-1.250000,5,1.914348,-0.876932,1.204371,13,252.000,41257.27,1,0
adaptive,symbol|trend_qqq,NFLX|flat,3,-0.930051,-1.250000,0.000000,-1.250000,3,0.452476,-1.442076,-0.418026,3,252.000,-234372.83,1,0
adaptive,symbol|trend_qqq,NFLX|opposed,3,1.799997,2.090024,0.666667,-1.133618,1,2.286100,-0.786969,4.386962,3,252.000,453599.12,1,0
adaptive,symbol|trend_qqq,NVDA|aligned,24,0.264694,-0.310146,0.416667,-1.250000,5,1.498134,-0.334684,0.864073,21,288.000,76231.98,0,0
adaptive,symbol|trend_qqq,NVDA|flat,3,-1.244493,-1.250000,0.000000,-1.250000,3,0.007789,-1.253306,-1.235679,3,252.000,-313612.15,1,0
adaptive,symbol|trend_qqq,NVDA|opposed,12,-0.395507,-0.911428,0.083333,-1.250000,6,1.681809,-1.347080,0.556066,10,302.400,-119601.32,1,0
adaptive,symbol|trend_qqq,ORCL|aligned,37,0.051953,-1.175000,0.270270,-1.250000,9,2.469539,-0.743787,0.847693,29,321.517,16703.81,0,0
adaptive,symbol|trend_qqq,ORCL|flat,10,-0.522616,-1.087227,0.200000,-1.250000,5,1.208030,-1.271360,0.226129,10,252.000,-131699.19,1,0
adaptive,symbol|trend_qqq,ORCL|opposed,12,-0.870489,-1.189360,0.083333,-1.250000,8,0.694840,-1.263632,-0.477347,11,274.909,-239305.44,1,0
adaptive,symbol|trend_qqq,PLTR|aligned,30,-0.311923,-1.030535,0.300000,-1.250000,14,1.265029,-0.764608,0.140761,29,260.690,-81315.16,0,0
adaptive,symbol|trend_qqq,PLTR|flat,6,1.315759,0.464421,0.500000,-1.250000,1,2.595700,-0.761233,3.392751,6,252.000,331571.33,1,0
adaptive,symbol|trend_qqq,PLTR|opposed,24,0.036747,-1.144333,0.208333,-1.250000,6,2.665824,-1.029805,1.103299,22,274.909,10102.10,0,0
adaptive,symbol|trend_qqq,PLTR|unknown,1,1.733763,1.733763,1.000000,1.733763,0,0.000000,1.733763,1.733763,1,252.000,436908.39,1,0
adaptive,symbol|trend_qqq,QQQ|aligned,6,1.723415,1.230103,0.666667,-0.897881,2,2.180366,-0.021241,3.468071,6,252.000,434300.63,1,0
adaptive,symbol|trend_qqq,QQQ|opposed,3,-0.885635,-0.898196,0.000000,-1.250000,3,0.302761,-1.228241,-0.543028,3,252.000,-223179.96,1,0
adaptive,symbol|trend_qqq,SOFI|aligned,1,-1.250000,-1.250000,0.000000,-1.250000,1,0.000000,-1.250000,-1.250000,1,252.000,-315000.00,1,0
adaptive,symbol|trend_qqq,SOFI|flat,1,-0.804348,-0.804348,0.000000,-0.804348,1,0.000000,-0.804348,-0.804348,1,252.000,-202695.65,1,0
adaptive,symbol|trend_qqq,SOFI|opposed,2,-0.436884,-0.436884,0.500000,-1.159483,1,0.722599,-1.438355,0.564586,2,252.000,-110094.83,1,0
adaptive,symbol|trend_qqq,TSLA|aligned,33,-0.291675,-1.011815,0.242424,-1.250000,9,1.519325,-0.810057,0.226707,28,297.000,-86627.57,0,0
adaptive,symbol|trend_qqq,TSLA|flat,9,-0.828718,-1.250000,0.111111,-1.250000,8,1.165679,-1.590295,-0.067141,8,283.500,-234941.48,1,0
adaptive,symbol|trend_qqq,TSLA|opposed,29,-0.136238,-1.090683,0.275862,-1.250000,5,1.872203,-0.817650,0.545174,25,292.320,-39825.13,0,0
adaptive,symbol|trend_qqq,TSM|aligned,21,-0.274493,-0.959649,0.238095,-1.250000,8,1.354046,-0.853628,0.304642,20,264.600,-72630.92,0,0
adaptive,symbol|trend_qqq,TSM|flat,5,-0.190455,-0.622588,0.400000,-1.250000,1,0.967310,-1.038339,0.657430,5,252.000,-47994.57,1,0
adaptive,symbol|trend_qqq,TSM|opposed,16,-0.262653,-1.118179,0.250000,-1.250000,8,1.424209,-0.960515,0.435209,14,288.000,-75643.99,1,0
adaptive,symbol|trend_qqq,UBER|aligned,14,1.414600,1.283608,0.642857,-1.250000,3,2.319712,0.199461,2.629739,14,252.000,356479.22,1,0
adaptive,symbol|trend_qqq,UBER|flat,3,0.007512,-0.760000,0.333333,-1.250000,2,1.445814,-1.628580,1.643604,3,252.000,1892.97,1,0
adaptive,symbol|trend_qqq,UBER|opposed,9,-0.477934,-1.192568,0.111111,-1.250000,7,1.937339,-1.743662,0.787794,9,252.000,-120439.33,1,0
adaptive,symbol|side,AAPL|long,10,0.637831,0.234670,0.600000,-1.250000,1,1.690527,-0.409968,1.685631,10,252.000,160733.52,1,0
adaptive,symbol|side,AAPL|short,9,-0.261902,-0.845492,0.333333,-1.250000,3,1.251136,-1.079311,0.555507,8,283.500,-74249.15,1,0
adaptive,symbol|side,AMD|long,31,0.217797,-1.192169,0.290323,-1.250000,11,2.455513,-0.646608,1.082202,25,312.480,68057.21,0,0
adaptive,symbol|side,AMD|short,33,0.535049,-1.225610,0.303030,-1.250000,7,3.190245,-0.553438,1.623536,25,332.640,177978.76,0,0
adaptive,symbol|side,AMZN|long,6,-0.185613,-1.100236,0.333333,-1.250000,3,1.581905,-1.451401,1.080175,6,252.000,-46774.54,1,0
adaptive,symbol|side,AMZN|short,14,-0.553803,-0.909877,0.142857,-1.250000,7,1.028263,-1.092440,-0.015166,14,252.000,-139558.45,1,0
adaptive,symbol|side,AVGO|long,28,-0.239602,-1.179261,0.250000,-1.250000,7,1.802059,-0.907094,0.427889,26,271.385,-65024.40,0,0
adaptive,symbol|side,AVGO|short,18,-0.105357,-1.064159,0.222222,-1.250000,7,1.750690,-0.914135,0.703421,17,266.824,-28111.76,1,0
adaptive,symbol|side,BABA|long,4,0.397800,0.040044,0.500000,-1.250000,1,1.718753,-1.286578,2.082177,4,252.000,100245.55,1,0
adaptive,symbol|side,BABA|short,5,-0.891662,-1.250000,0.200000,-1.250000,4,0.637140,-1.450140,-0.333184,5,252.000,-224698.76,1,0
adaptive,symbol|side,COIN|long,39,-0.581478,-1.152672,0.256410,-1.250000,11,0.984211,-0.890373,-0.272582,34,289.059,-168081.22,0,0
adaptive,symbol|side,COIN|short,37,0.159581,-1.130000,0.351351,-1.250000,8,1.871787,-0.443550,0.762712,34,274.235,43762.69,0,0
adaptive,symbol|side,CRM|long,21,0.477734,-0.876776,0.333333,-1.250000,5,2.265947,-0.491428,1.446896,19,278.526,133061.48,0,0
adaptive,symbol|side,CRM|short,16,-0.086181,-1.199986,0.312500,-1.250000,5,2.123505,-1.126698,0.954337,14,288.000,-24820.09,1,0
adaptive,symbol|side,GOOGL|long,10,0.389010,-0.533211,0.500000,-1.250000,3,2.108897,-0.918098,1.696118,10,252.000,98030.41,1,0
adaptive,symbol|side,GOOGL|short,10,-0.209428,-0.913091,0.300000,-1.235000,5,1.331711,-1.034830,0.615975,10,252.000,-52775.75,1,0
adaptive,symbol|side,HOOD|long,22,0.434206,-1.102885,0.318182,-1.250000,6,2.439368,-0.585141,1.453553,21,264.000,114630.34,0,0
adaptive,symbol|side,HOOD|short,27,0.441791,-0.192759,0.407407,-1.250000,6,2.208777,-0.391364,1.274947,25,272.160,120237.95,0,0
adaptive,symbol|side,INTC|long,12,0.091168,-1.238822,0.250000,-1.250000,5,2.078980,-1.085126,1.267462,12,252.000,22974.31,1,0
adaptive,symbol|side,INTC|short,16,0.816284,0.242568,0.500000,-1.250000,2,2.348572,-0.334516,1.967084,16,252.000,205703.57,1,0
adaptive,symbol|side,IREN|long,29,0.559575,-1.222778,0.310345,-1.250000,15,3.392127,-0.675034,1.794183,28,261.000,146048.97,0,0
adaptive,symbol|side,IREN|short,37,0.020744,-0.908333,0.243243,-1.250000,8,2.208114,-0.690759,0.732247,35,266.400,5526.15,0,0
adaptive,symbol|side,MARA|short,1,-0.659667,-0.659667,0.000000,-0.659667,1,0.000000,-0.659667,-0.659667,1,252.000,-166236.00,1,0
adaptive,symbol|side,META|long,21,0.614101,-0.575000,0.428571,-1.250000,4,2.050561,-0.262938,1.491140,19,278.526,171043.32,0,0
adaptive,symbol|side,META|short,17,0.178272,-1.125000,0.352941,-1.250000,4,1.906784,-0.728156,1.084700,16,267.750,47732.33,1,0
adaptive,symbol|side,MSFT|long,15,-0.262552,-1.203358,0.333333,-1.250000,5,1.409408,-0.975811,0.450706,13,290.769,-76342.13,1,0
adaptive,symbol|side,MSFT|short,15,0.023254,-1.122340,0.266667,-1.250000,7,2.011583,-0.994748,1.041255,14,270.000,6278.51,1,0
adaptive,symbol|side,MU|long,34,0.037268,-1.250000,0.205882,-1.250000,7,2.933106,-0.948658,1.023194,32,267.750,9978.41,0,0
adaptive,symbol|side,MU|short,38,0.479791,-0.538468,0.342105,-1.250000,7,3.437262,-0.613101,1.572682,33,290.182,139226.50,0,0
adaptive,symbol|side,NFLX|long,9,0.163043,-1.246429,0.222222,-1.250000,5,2.373761,-1.387815,1.713900,9,252.000,41086.75,1,0
adaptive,symbol|side,NFLX|short,10,0.327080,-0.101389,0.400000,-1.193750,5,1.567677,-0.644576,1.298736,10,252.000,82424.26,1,0
adaptive,symbol|side,NVDA|long,20,-0.030206,-0.652269,0.300000,-1.250000,5,1.619241,-0.739870,0.679458,17,296.471,-8955.26,0,0
adaptive,symbol|side,NVDA|short,19,-0.080146,-0.518340,0.263158,-1.250000,7,1.511943,-0.759999,0.599707,17,281.647,-22572.86,1,0
adaptive,symbol|side,ORCL|long,29,-0.724490,-1.250000,0.137931,-1.250000,11,1.101759,-1.125489,-0.323491,22,332.182,-240662.43,0,0
adaptive,symbol|side,ORCL|short,30,0.242015,-1.104891,0.300000,-1.250000,6,2.619027,-0.695192,1.179222,24,315.000,76234.67,0,0
adaptive,symbol|side,PLTR|long,31,0.161175,-1.033333,0.290323,-1.250000,9,2.485052,-0.713628,1.035979,30,260.400,41970.06,0,0
adaptive,symbol|side,PLTR|short,30,-0.128129,-1.114822,0.300000,-1.250000,7,1.659322,-0.721910,0.465651,27,280.000,-35876.24,0,0
adaptive,symbol|side,QQQ|long,2,0.347544,0.347544,0.500000,-0.898196,1,1.245740,-1.378963,2.074051,2,252.000,87581.05,1,0
adaptive,symbol|side,QQQ|short,7,0.998357,-0.244898,0.428571,-1.250000,3,2.349791,-0.742393,2.739107,7,252.000,251585.97,1,0
adaptive,symbol|side,SOFI|long,2,-1.204741,-1.204741,0.000000,-1.250000,2,0.045259,-1.267467,-1.142016,2,252.000,-303594.83,1,0
adaptive,symbol|side,SOFI|short,2,-0.259317,-0.259317,0.500000,-0.804348,1,0.545031,-1.014691,0.496058,2,252.000,-65347.83,1,0
adaptive,symbol|side,TSLA|long,31,-0.195328,-1.058649,0.322581,-1.250000,6,1.597286,-0.757615,0.366959,28,279.000,-54496.59,0,0
adaptive,symbol|side,TSLA|short,40,-0.374487,-1.142665,0.175000,-1.250000,8,1.685951,-0.896968,0.147995,33,305.455,-114388.71,0,0
adaptive,symbol|side,TSM|long,21,-0.117996,-0.622588,0.333333,-1.250000,4,1.305013,-0.676160,0.440167,20,264.600,-31221.84,0,0
adaptive,symbol|side,TSM|short,21,-0.401960,-0.995708,0.190476,-1.250000,10,1.363686,-0.985218,0.181298,19,278.526,-111956.33,0,0
adaptive,symbol|side,UBER|long,9,1.368817,-1.128979,0.444444,-1.250000,3,3.058112,-0.629149,3.366783,9,252.000,344941.91,1,0
adaptive,symbol|side,UBER|short,17,0.188599,-0.741111,0.411765,-1.250000,2,1.605519,-0.574617,0.951814,17,252.000,47526.87,1,0
adaptive,pool|month,equity|2025-08,11,0.419086,-1.060704,0.454545,-1.250000,2,1.987306,-0.755337,1.593508,4,693.000,290426.56,1,0
adaptive,pool|month,equity|2025-09,28,-0.327191,-0.939150,0.250000,-1.250000,5,1.250608,-0.790423,0.136040,15,470.400,-153910.75,0,0
adaptive,pool|month,equity|2025-10,31,0.444013,-1.181818,0.322581,-1.250000,5,3.054181,-0.631139,1.519166,21,372.000,165172.96,0,0
adaptive,pool|month,equity|2025-11,50,-0.035496,-1.151788,0.280000,-1.250000,11,2.202387,-0.645967,0.574974,15,840.000,-29816.98,0,0
adaptive,pool|month,equity|2025-12,38,0.387033,-0.647125,0.421053,-1.250000,10,1.893437,-0.214993,0.989059,17,563.294,218013.40,0,0
adaptive,pool|month,equity|2026-01,38,-0.161498,-1.173036,0.236842,-1.250000,7,2.101935,-0.829817,0.506820,18,532.000,-85917.09,0,0
adaptive,pool|month,equity|2026-02,42,0.176941,-1.141708,0.214286,-1.250000,8,3.433323,-0.861415,1.215296,18,588.000,104041.06,0,0
adaptive,pool|month,equity|2026-03,51,-0.606817,-1.193750,0.137255,-1.250000,16,1.339395,-0.974420,-0.239213,19,676.421,-410463.74,0,0
adaptive,pool|month,equity|2026-04,41,0.312984,-0.937500,0.341463,-1.250000,8,2.219389,-0.366372,0.992341,20,516.600,161687.66,0,0
adaptive,pool|month,equity|2026-05,60,-0.021402,-1.134043,0.283333,-1.250000,6,2.004416,-0.528589,0.485786,18,840.000,-17977.47,0,0
adaptive,pool|month,equity|2026-06,59,0.180520,-0.843220,0.372881,-1.250000,7,1.890124,-0.301783,0.662824,19,782.526,141261.94,0,0
adaptive,pool|month,equity|2026-07,66,-0.212004,-1.007114,0.242424,-1.250000,11,1.763814,-0.637541,0.213532,20,831.600,-176302.86,0,0
adaptive,pool|month,equity|2026-08,25,1.425192,0.751799,0.560000,-1.250000,6,3.285819,0.137151,2.713233,8,787.500,1122339.05,0,0
adaptive,pool|month,index|2025-08,1,-0.508708,-0.508708,0.000000,-0.508708,1,0.000000,-0.508708,-0.508708,1,252.000,-128194.52,1,0
adaptive,pool|month,index|2025-10,1,1.593284,1.593284,1.000000,1.593284,0,0.000000,1.593284,1.593284,1,252.000,401507.46,1,0
adaptive,pool|month,index|2025-11,1,3.651064,3.651064,1.000000,3.651064,0,0.000000,3.651064,3.651064,1,252.000,920068.09,1,0
adaptive,pool|month,index|2025-12,1,5.372000,5.372000,1.000000,5.372000,0,0.000000,5.372000,5.372000,1,252.000,1353744.00,1,0
adaptive,pool|month,index|2026-01,1,0.866923,0.866923,1.000000,0.866923,0,0.000000,0.866923,0.866923,1,252.000,218464.62,1,0
adaptive,pool|month,index|2026-02,1,-0.898196,-0.898196,0.000000,-0.898196,1,0.000000,-0.898196,-0.898196,1,252.000,-226345.36,1,0
adaptive,pool|month,index|2026-06,3,-0.797593,-0.897881,0.000000,-1.250000,3,0.416414,-1.268810,-0.326376,3,252.000,-200993.46,1,0
adaptive,pool|month,other|2025-08,10,-0.371809,-0.866267,0.400000,-1.250000,4,1.028895,-1.009524,0.265907,4,630.000,-234239.47,1,0
adaptive,pool|month,other|2025-09,22,0.020472,-0.221513,0.409091,-1.250000,6,1.609389,-0.652049,0.692992,12,462.000,9457.87,0,0
adaptive,pool|month,other|2025-10,32,-0.694757,-1.179200,0.125000,-1.250000,7,0.993677,-1.039048,-0.350465,18,448.000,-311250.99,0,0
adaptive,pool|month,other|2025-11,27,-0.125814,-1.250000,0.259259,-1.250000,5,2.040478,-0.895487,0.643859,13,523.385,-65849.14,0,0
adaptive,pool|month,other|2025-12,27,0.341049,-0.908333,0.333333,-1.250000,7,2.178282,-0.480604,1.162701,16,425.250,145030.92,0,0
adaptive,pool|month,other|2026-01,24,-0.261638,-1.173476,0.208333,-1.250000,6,1.522135,-0.870619,0.347343,15,403.200,-105492.40,0,0
adaptive,pool|month,other|2026-02,42,0.147500,-0.730267,0.333333,-1.250000,7,2.048444,-0.472021,0.767020,15,705.600,104075.86,0,0
adaptive,pool|month,other|2026-03,38,0.283329,-0.775764,0.342105,-1.250000,6,2.333984,-0.458771,1.025428,16,598.500,169572.19,0,0
adaptive,pool|month,other|2026-04,28,0.331551,-1.052554,0.357143,-1.250000,6,2.267828,-0.508465,1.171566,16,441.000,146213.81,0,0
adaptive,pool|month,other|2026-05,32,0.080775,-1.175000,0.250000,-1.250000,8,3.053068,-0.977059,1.138610,17,474.353,38316.04,0,0
adaptive,pool|month,other|2026-06,31,-0.091457,-1.130000,0.225806,-1.250000,10,1.999802,-0.795440,0.612526,19,411.158,-37603.42,0,0
adaptive,pool|month,other|2026-07,34,0.199174,-0.910127,0.382353,-1.250000,5,1.747793,-0.388325,0.786672,17,504.000,100383.54,0,0
adaptive,pool|month,other|2026-08,9,1.456022,1.127039,0.555556,-1.250000,1,2.525517,-0.193983,3.106027,6,378.000,550376.39,1,0
adaptive,pool|quarter,equity|2025-Q3,39,-0.116703,-0.953846,0.307692,-1.250000,5,1.532838,-0.597786,0.364380,19,517.263,-60366.05,0,0
adaptive,pool|quarter,equity|2025-Q4,119,0.224343,-0.962468,0.336134,-1.250000,11,2.379545,-0.203196,0.651883,53,565.811,126935.95,0,0
adaptive,pool|quarter,equity|2026-Q1,131,-0.226359,-1.168245,0.190840,-1.250000,16,2.422602,-0.641220,0.188501,55,600.218,-135865.08,0,0
adaptive,pool|quarter,equity|2026-Q2,160,0.138743,-0.928274,0.331250,-1.250000,8,2.025898,-0.175173,0.452660,57,707.368,98142.73,0,0
adaptive,pool|quarter,equity|2026-Q3,91,0.237775,-0.918519,0.329670,-1.250000,11,2.399278,-0.255190,0.730740,28,819.000,194737.69,0,0
adaptive,pool|quarter,index|2025-Q3,1,-0.508708,-0.508708,0.000000,-0.508708,1,0.000000,-0.508708,-0.508708,1,252.000,-128194.52,1,0
adaptive,pool|quarter,index|2025-Q4,3,3.538782,3.651064,1.000000,1.593284,0,1.544696,1.790794,5.286771,3,252.000,891773.18,1,0
adaptive,pool|quarter,index|2026-Q1,2,-0.015636,-0.015636,0.500000,-0.898196,1,0.882559,-1.238801,1.207529,2,252.000,-3940.37,1,0
adaptive,pool|quarter,index|2026-Q2,3,-0.797593,-0.897881,0.000000,-1.250000,3,0.416414,-1.268810,-0.326376,3,252.000,-200993.46,1,0
adaptive,pool|quarter,other|2025-Q3,32,-0.102116,-0.547236,0.406250,-1.250000,6,1.464444,-0.609520,0.405288,16,504.000,-51466.47,0,0
adaptive,pool|quarter,other|2025-Q4,86,-0.190940,-1.151989,0.232558,-1.250000,7,1.829994,-0.577714,0.195833,47,461.106,-88043.87,0,0
adaptive,pool|quarter,other|2026-Q1,104,0.102713,-0.870968,0.307692,-1.250000,8,2.064715,-0.294112,0.499539,46,569.739,58519.72,0,0
adaptive,pool|quarter,other|2026-Q2,91,0.099264,-1.152672,0.274725,-1.250000,10,2.500350,-0.414467,0.612996,52,441.000,43775.55,0,0
adaptive,pool|quarter,other|2026-Q3,43,0.462235,-0.824077,0.418605,-1.250000,5,2.002952,-0.136442,1.060912,23,471.130,217772.98,0,0
adaptive,pool|setup,equity|break_and_retest,460,0.103628,-1.026443,0.306522,-1.250000,13,2.303990,-0.106924,0.314179,197,588.426,60977.23,0,0
adaptive,pool|setup,equity|one_candle_rule,78,-0.199536,-1.141339,0.230769,-1.250000,15,1.807540,-0.600677,0.201605,66,297.818,-59425.44,0,0
adaptive,pool|setup,equity|reentry_84_rule,2,2.111957,2.111957,0.500000,-1.250000,1,3.361957,-2.547477,6.771391,2,252.000,532213.04,1,0
adaptive,pool|setup,index|break_and_retest,4,0.843802,0.311013,0.500000,-0.897881,2,1.739251,-0.860664,2.548268,4,252.000,212638.08,1,0
adaptive,pool|setup,index|one_candle_rule,5,0.861676,-0.508708,0.400000,-1.250000,2,2.462216,-1.296552,3.019904,5,252.000,217142.32,1,0
adaptive,pool|setup,other|break_and_retest,337,0.052637,-1.047190,0.299703,-1.250000,10,2.104732,-0.172081,0.277355,180,471.800,24834.10,0,0
adaptive,pool|setup,other|one_candle_rule,19,0.113900,-0.995708,0.368421,-1.250000,5,1.806406,-0.698359,0.926159,18,266.000,30297.30,1,0
adaptive,pool|grade,equity|A,6,-0.129348,-1.250000,0.166667,-1.250000,3,2.505854,-2.134449,1.875753,4,378.000,-48893.48,1,0
adaptive,pool|grade,equity|A+,3,-1.250000,-1.250000,0.000000,-1.250000,3,0.000000,-1.250000,-1.250000,2,378.000,-472500.00,1,0
adaptive,pool|grade,equity|B,352,0.418023,-0.769166,0.380682,-1.250000,13,2.502158,0.156627,0.679420,183,484.721,202624.77,0,0
adaptive,pool|grade,equity|C,179,-0.593795,-1.168245,0.139665,-1.250000,28,1.428707,-0.803097,-0.384493,121,372.793,-221362.78,0,0
adaptive,pool|grade,index|B,6,0.619749,0.311013,0.500000,-1.250000,3,1.670554,-0.716973,1.956470,6,252.000,156176.63,1,0
adaptive,pool|grade,index|C,3,1.321699,-0.508708,0.333333,-0.898196,1,2.868406,-1.924209,4.567606,3,252.000,333068.04,1,0
adaptive,pool|grade,other|A,1,6.645230,6.645230,1.000000,6.645230,0,0.000000,6.645230,6.645230,1,252.000,1674598.07,1,0
adaptive,pool|grade,other|B,264,0.287937,-0.733403,0.352273,-1.250000,8,2.231685,0.018730,0.557144,161,413.217,118980.55,0,0
adaptive,pool|grade,other|C,91,-0.689647,-1.197424,0.153846,-1.250000,17,1.203919,-0.937008,-0.442285,78,294.000,-202756.12,0,0
adaptive,pool|alert_only,equity|actioned,361,0.395064,-0.818902,0.373961,-1.250000,13,2.497329,0.137445,0.652683,184,494.413,195324.78,0,0
adaptive,pool|alert_only,equity|alert_only,179,-0.593795,-1.168245,0.139665,-1.250000,28,1.428707,-0.803097,-0.384493,121,372.793,-221362.78,0,0
adaptive,pool|alert_only,index|actioned,6,0.619749,0.311013,0.500000,-1.250000,3,1.670554,-0.716973,1.956470,6,252.000,156176.63,1,0
adaptive,pool|alert_only,index|alert_only,3,1.321699,-0.508708,0.333333,-0.898196,1,2.868406,-1.924209,4.567606,3,252.000,333068.04,1,0
adaptive,pool|alert_only,other|actioned,265,0.311927,-0.725694,0.354717,-1.250000,8,2.261318,0.039660,0.584194,162,412.222,128583.12,0,0
adaptive,pool|alert_only,other|alert_only,91,-0.689647,-1.197424,0.153846,-1.250000,17,1.203919,-0.937008,-0.442285,78,294.000,-202756.12,0,0
adaptive,pool|trend_qqq,equity|aligned,290,0.302516,-0.870739,0.348276,-1.250000,9,2.462168,0.019132,0.585900,152,480.789,145446.45,0,0
adaptive,pool|trend_qqq,equity|flat,57,0.145141,-1.176136,0.280702,-1.250000,14,2.430348,-0.485797,0.776080,31,463.355,67251.94,0,0
adaptive,pool|trend_qqq,equity|opposed,190,-0.328338,-1.169011,0.215789,-1.250000,11,1.752861,-0.577583,-0.079092,113,423.717,-139122.14,0,0
adaptive,pool|trend_qqq,equity|unknown,3,0.903430,1.733763,0.666667,-1.250000,1,1.535936,-0.834645,2.641506,1,756.000,682993.29,1,0
adaptive,pool|trend_qqq,index|aligned,6,1.723415,1.230103,0.666667,-0.897881,2,2.180366,-0.021241,3.468071,6,252.000,434300.63,1,0
adaptive,pool|trend_qqq,index|opposed,3,-0.885635,-0.898196,0.000000,-1.250000,3,0.302761,-1.228241,-0.543028,3,252.000,-223179.96,1,0
adaptive,pool|trend_qqq,other|aligned,191,0.152290,-0.908333,0.340314,-1.250000,16,2.001818,-0.131609,0.436189,119,404.471,61596.70,0,0
adaptive,pool|trend_qqq,other|flat,42,0.145717,-0.782174,0.333333,-1.250000,5,2.016541,-0.464155,0.755589,31,341.419,49750.60,0,0
adaptive,pool|trend_qqq,other|opposed,123,-0.124429,-1.188543,0.235772,-1.250000,11,2.231790,-0.518847,0.269990,92,336.913,-41921.60,0,0
adaptive,pool|side,equity|long,259,0.023242,-1.095238,0.297297,-1.250000,18,2.134497,-0.236715,0.283199,147,444.000,10319.48,0,0
adaptive,pool|side,equity|short,281,0.107862,-0.953846,0.295374,-1.250000,26,2.350763,-0.166998,0.382722,141,502.213,54169.49,0,0
adaptive,pool|side,index|long,2,0.347544,0.347544,0.500000,-0.898196,1,1.245740,-1.378963,2.074051,2,252.000,87581.05,1,0
adaptive,pool|side,index|short,7,0.998357,-0.244898,0.428571,-1.250000,3,2.349791,-0.742393,2.739107,7,252.000,251585.97,1,0
adaptive,pool|side,other|long,175,0.088281,-1.095000,0.302857,-1.250000,11,2.248843,-0.244912,0.421475,115,383.478,33854.03,0,0
adaptive,pool|side,other|short,181,0.024605,-0.943750,0.303867,-1.250000,14,1.923330,-0.255597,0.304806,114,400.105,9844.52,0,0
adaptive,month|quarter,2025-08|2025-Q3,22,0.017416,-0.866267,0.409091,-1.250000,5,1.618023,-0.658713,0.693545,4,1386.000,24138.45,0,0
adaptive,month|quarter,2025-09|2025-Q3,50,-0.174220,-0.739551,0.320000,-1.250000,8,1.430137,-0.570633,0.222194,17,741.176,-129127.46,0,0
adaptive,month|quarter,2025-10|2025-Q4,64,-0.107414,-1.178409,0.234375,-1.250000,8,2.318819,-0.675525,0.460696,22,733.091,-78744.46,0,0
adaptive,month|quarter,2025-11|2025-Q4,78,-0.019497,-1.151788,0.282051,-1.250000,7,2.174244,-0.502019,0.463025,18,1092.000,-21290.30,0,0
adaptive,month|quarter,2025-12|2025-Q4,66,0.443751,-0.763011,0.393939,-1.250000,7,2.092705,-0.061134,0.948636,20,831.600,369023.33,0,0
adaptive,month|quarter,2026-01|2026-Q1,63,-0.183323,-1.171951,0.238095,-1.250000,9,1.888825,-0.649743,0.283098,19,835.579,-153180.47,0,0
adaptive,month|quarter,2026-02|2026-Q1,85,0.149745,-1.076069,0.270588,-1.250000,9,2.812682,-0.448209,0.747698,19,1127.368,168817.45,0,0
adaptive,month|quarter,2026-03|2026-Q1,89,-0.226755,-1.067623,0.224719,-1.250000,16,1.883551,-0.618081,0.164571,21,1068.000,-242174.09,0,0
adaptive,month|quarter,2026-04|2026-Q2,69,0.320518,-0.986358,0.347826,-1.250000,6,2.239190,-0.207833,0.848869,20,869.400,278658.71,0,0
adaptive,month|quarter,2026-05|2026-Q2,92,0.014138,-1.168732,0.271739,-1.250000,7,2.421727,-0.480728,0.509004,19,1220.211,17251.49,0,0
adaptive,month|quarter,2026-06|2026-Q2,93,0.058309,-0.900297,0.311828,-1.250000,9,1.909375,-0.329757,0.446375,21,1116.000,65072.93,0,0
adaptive,month|quarter,2026-07|2026-Q3,100,-0.072204,-0.978877,0.290000,-1.250000,13,1.769139,-0.418955,0.274547,21,1200.000,-86644.62,0,0
adaptive,month|quarter,2026-08|2026-Q3,34,1.433353,0.754348,0.558824,-1.250000,4,3.102777,0.390395,2.476312,8,1071.000,1535121.35,0,0
adaptive,month|setup,2025-08|break_and_retest,15,-0.423540,-1.155867,0.333333,-1.250000,5,1.177399,-1.019386,0.172306,4,945.000,-400245.15,1,0
adaptive,month|setup,2025-08|one_candle_rule,7,0.962321,0.174634,0.571429,-1.250000,1,1.986935,-0.509621,2.434263,3,588.000,565844.81,1,0
adaptive,month|setup,2025-09|break_and_retest,46,-0.181285,-0.590989,0.326087,-1.250000,7,1.395561,-0.584584,0.222013,15,772.800,-140097.42,0,0
adaptive,month|setup,2025-09|one_candle_rule,4,-0.092962,-1.058887,0.250000,-1.235653,2,1.778105,-1.835505,1.649581,4,252.000,-23426.40,1,0
adaptive,month|setup,2025-10|break_and_retest,54,0.049224,-1.012719,0.259259,-1.250000,8,2.466189,-0.608563,0.707012,21,648.000,31897.40,0,0
adaptive,month|setup,2025-10|one_candle_rule,10,-0.953263,-1.250000,0.100000,-1.250000,9,0.849155,-1.479575,-0.426952,8,315.000,-300277.96,1,0
adaptive,month|setup,2025-11|break_and_retest,71,0.068831,-1.128979,0.295775,-1.250000,7,2.253670,-0.455393,0.593055,17,1052.471,72442.63,0,0
adaptive,month|setup,2025-11|one_candle_rule,7,-0.915391,-1.250000,0.142857,-1.250000,5,0.527669,-1.306294,-0.524489,5,352.800,-322950.01,1,0
adaptive,month|setup,2025-12|break_and_retest,55,0.406885,-0.612546,0.400000,-1.250000,7,2.008797,-0.124013,0.937783,19,729.474,296812.01,0,0
adaptive,month|setup,2025-12|one_candle_rule,11,0.628080,-0.813953,0.363636,-1.250000,5,2.461580,-0.826621,2.082781,8,346.500,217629.81,1,0
adaptive,month|setup,2026-01|break_and_retest,57,-0.127791,-1.162500,0.245614,-1.250000,8,1.942200,-0.632002,0.376420,18,798.000,-101977.40,0,0
adaptive,month|setup,2026-01|one_candle_rule,6,-0.710870,-1.250000,0.166667,-1.250000,3,1.147835,-1.629329,0.207589,6,252.000,-179139.30,1,0
adaptive,month|setup,2026-02|break_and_retest,78,0.120957,-1.141708,0.256410,-1.250000,10,2.870254,-0.516028,0.757942,18,1092.000,132084.96,0,0
adaptive,month|setup,2026-02|one_candle_rule,7,0.470523,-0.898196,0.428571,-1.250000,2,2.037977,-1.039232,1.980278,6,294.000,138333.73,1,0
adaptive,month|setup,2026-03|break_and_retest,76,-0.190382,-1.086486,0.236842,-1.250000,14,1.967921,-0.632824,0.252061,20,957.600,-182309.52,0,0
adaptive,month|setup,2026-03|one_candle_rule,13,-0.439397,-0.995708,0.153846,-1.250000,6,1.262980,-1.125961,0.247167,10,327.600,-143946.56,1,0
adaptive,month|setup,2026-04|break_and_retest,62,0.330522,-0.934524,0.354839,-1.250000,7,2.207094,-0.218868,0.879912,20,781.200,258203.74,0,0
adaptive,month|setup,2026-04|one_candle_rule,7,0.231916,-1.152672,0.285714,-1.250000,4,2.503846,-1.622959,2.086791,5,352.800,81819.87,1,0
adaptive,month|setup,2026-05|break_and_retest,81,-0.009768,-1.162465,0.271605,-1.250000,10,2.437102,-0.540515,0.520979,18,1134.000,-11076.91,0,0
adaptive,month|setup,2026-05|one_candle_rule,9,-0.236889,-1.175000,0.222222,-1.250000,3,1.714020,-1.356715,0.882938,7,324.000,-76751.91,1,0
adaptive,month|setup,2026-05|reentry_84_rule,2,2.111957,2.111957,0.500000,-1.250000,1,3.361957,-2.547477,6.771391,2,252.000,532213.04,1,0
adaptive,month|setup,2026-06|break_and_retest,81,0.026992,-0.900297,0.308642,-1.250000,10,1.871986,-0.380685,0.434669,21,972.000,26236.42,0,0
adaptive,month|setup,2026-06|one_candle_rule,12,0.269698,-1.000941,0.333333,-1.250000,3,2.132775,-0.937033,1.476429,8,378.000,101945.82,1,0
adaptive,month|setup,2026-07|break_and_retest,94,-0.036968,-0.978877,0.297872,-1.250000,12,1.811377,-0.403154,0.329217,21,1128.000,-41700.31,0,0
adaptive,month|setup,2026-07|one_candle_rule,6,-0.624227,-0.865230,0.166667,-1.197727,5,0.660544,-1.152772,-0.095681,5,302.400,-188766.12,1,0
adaptive,month|setup,2026-08|break_and_retest,31,1.530870,0.756897,0.580645,-1.250000,4,3.155343,0.420106,2.641634,8,976.500,1494894.17,0,0
adaptive,month|setup,2026-08|one_candle_rule,3,0.425684,-1.095588,0.333333,-1.250000,2,2.261469,-2.133408,2.984777,2,378.000,160908.71,1,0
adaptive,month|grade,2025-08|B,13,0.079771,-0.685345,0.461538,-1.250000,4,1.615992,-0.798692,0.958234,4,819.000,65332.36,1,0
adaptive,month|grade,2025-08|C,9,-0.072652,-1.047190,0.333333,-1.250000,2,1.616711,-1.128904,0.983599,4,567.000,-41193.90,1,0
adaptive,month|grade,2025-09|B,30,0.095843,-0.440018,0.400000,-1.250000,4,1.596299,-0.475385,0.667071,15,504.000,48305.00,0,0
adaptive,month|grade,2025-09|C,20,-0.579314,-1.058887,0.200000,-1.250000,8,1.008698,-1.021395,-0.137233,12,420.000,-243311.82,0,0
adaptive,month|grade,2025-10|B,47,0.077095,-0.943750,0.297872,-1.250000,6,2.335133,-0.590508,0.744699,21,564.000,43481.74,0,0
adaptive,month|grade,2025-10|C,17,-0.617529,-1.250000,0.058824,-1.250000,16,2.193782,-1.660387,0.425329,14,306.000,-188963.91,1,0
adaptive,month|grade,2025-11|A+,2,-1.250000,-1.250000,0.000000,-1.250000,2,0.000000,-1.250000,-1.250000,1,504.000,-630000.00,1,0
adaptive,month|grade,2025-11|B,52,0.490172,-0.910413,0.403846,-1.250000,5,2.499176,-0.189112,1.169456,16,819.000,401450.63,0,0
adaptive,month|grade,2025-11|C,24,-1.021236,-1.250000,0.041667,-1.250000,17,0.372323,-1.170196,-0.872276,12,504.000,-514702.96,0,0
adaptive,month|grade,2025-12|B,42,0.464691,-0.503535,0.428571,-1.250000,6,1.958968,-0.127769,1.057150,19,557.053,258857.22,0,0
adaptive,month|grade,2025-12|C,24,0.407106,-0.960074,0.333333,-1.250000,5,2.307716,-0.516172,1.330385,13,465.231,189398.42,0,0
adaptive,month|grade,2026-01|A,1,-1.250000,-1.250000,0.000000,-1.250000,1,0.000000,-1.250000,-1.250000,1,252.000,-315000.00,1,0
adaptive,month|grade,2026-01|B,49,-0.032853,-1.171951,0.265306,-1.250000,8,2.039785,-0.603993,0.538287,18,686.000,-22537.26,0,0
adaptive,month|grade,2026-01|C,13,-0.668424,-1.116220,0.153846,-1.250000,7,1.094773,-1.263550,-0.073299,9,364.000,-243306.49,1,0
adaptive,month|grade,2026-02|B,59,0.555691,-0.719423,0.338983,-1.250000,7,3.209787,-0.263351,1.374733,19,782.526,434842.68,0,0
adaptive,month|grade,2026-02|C,26,-0.771441,-1.160063,0.115385,-1.250000,15,1.123243,-1.203201,-0.339680,16,409.500,-315904.96,0,0
adaptive,month|grade,2026-03|B,65,0.092430,-0.915323,0.307692,-1.250000,13,2.111867,-0.420982,0.605842,19,862.105,79684.57,0,0
adaptive,month|grade,2026-03|C,24,-1.091214,-1.221984,0.000000,-1.250000,24,0.232302,-1.184154,-0.998274,16,378.000,-412478.92,0,0
adaptive,month|grade,2026-04|A,1,6.645230,6.645230,1.000000,6.645230,0,0.000000,6.645230,6.645230,1,252.000,1674598.07,1,0
adaptive,month|grade,2026-04|B,50,0.426914,-0.726381,0.380000,-1.250000,6,2.200549,-0.183047,1.036875,19,663.158,283111.46,0,0
adaptive,month|grade,2026-04|C,18,-0.326398,-1.087431,0.222222,-1.250000,5,1.759773,-1.139372,0.486576,11,412.364,-134594.69,1,0
adaptive,month|grade,2026-05|A,4,0.430978,-1.250000,0.250000,-1.250000,2,2.911540,-2.422331,3.284287,2,504.000,217213.04,1,0
adaptive,month|grade,2026-05|B,57,0.409140,-0.857432,0.333333,-1.250000,7,2.825221,-0.324311,1.142591,18,798.000,326493.93,0,0
adaptive,month|grade,2026-05|C,31,-0.765942,-1.197424,0.161290,-1.250000,7,0.846819,-1.064045,-0.467839,16,488.250,-373971.16,0,0
adaptive,month|grade,2026-06|A,1,-1.250000,-1.250000,0.000000,-1.250000,1,0.000000,-1.250000,-1.250000,1,252.000,-315000.00,1,0
adaptive,month|grade,2026-06|B,70,0.247445,-0.625568,0.371429,-1.250000,8,1.957920,-0.211226,0.706117,21,840.000,207854.02,0,0
adaptive,month|grade,2026-06|C,22,-0.484019,-1.120231,0.136364,-1.250000,8,1.651769,-1.174249,0.206211,12,462.000,-223616.92,0,0
adaptive,month|grade,2026-07|B,65,0.365102,-0.625000,0.400000,-1.250000,8,1.995590,-0.120042,0.850246,19,862.105,314756.28,0,0
adaptive,month|grade,2026-07|C,35,-0.884343,-1.190818,0.085714,-1.250000,9,0.729288,-1.125956,-0.642730,16,551.250,-487494.15,0,0
adaptive,month|grade,2026-08|A+,1,-1.250000,-1.250000,0.000000,-1.250000,1,0.000000,-1.250000,-1.250000,1,252.000,-315000.00,1,0
adaptive,month|grade,2026-08|B,23,2.236212,1.127039,0.695652,-1.250000,2,3.328858,0.875746,3.596677,8,724.500,1620135.29,0,0
adaptive,month|grade,2026-08|C,10,-0.144886,-1.165294,0.300000,-1.250000,4,1.597548,-1.135056,0.845285,6,420.000,-60851.93,1,0
adaptive,month|alert_only,2025-08|actioned,13,0.079771,-0.685345,0.461538,-1.250000,4,1.615992,-0.798692,0.958234,4,819.000,65332.36,1,0
adaptive,month|alert_only,2025-08|alert_only,9,-0.072652,-1.047190,0.333333,-1.250000,2,1.616711,-1.128904,0.983599,4,567.000,-41193.90,1,0
adaptive,month|alert_only,2025-09|actioned,30,0.095843,-0.440018,0.400000,-1.250000,4,1.596299,-0.475385,0.667071,15,504.000,48305.00,0,0
adaptive,month|alert_only,2025-09|alert_only,20,-0.579314,-1.058887,0.200000,-1.250000,8,1.008698,-1.021395,-0.137233,12,420.000,-243311.82,0,0
adaptive,month|alert_only,2025-10|actioned,47,0.077095,-0.943750,0.297872,-1.250000,6,2.335133,-0.590508,0.744699,21,564.000,43481.74,0,0
adaptive,month|alert_only,2025-10|alert_only,17,-0.617529,-1.250000,0.058824,-1.250000,16,2.193782,-1.660387,0.425329,14,306.000,-188963.91,1,0
adaptive,month|alert_only,2025-11|actioned,54,0.425721,-1.004729,0.388889,-1.250000,6,2.474380,-0.234251,1.085693,16,850.500,362075.63,0,0
adaptive,month|alert_only,2025-11|alert_only,24,-1.021236,-1.250000,0.041667,-1.250000,17,0.372323,-1.170196,-0.872276,12,504.000,-514702.96,0,0
adaptive,month|alert_only,2025-12|actioned,42,0.464691,-0.503535,0.428571,-1.250000,6,1.958968,-0.127769,1.057150,19,557.053,258857.22,0,0
adaptive,month|alert_only,2025-12|alert_only,24,0.407106,-0.960074,0.333333,-1.250000,5,2.307716,-0.516172,1.330385,13,465.231,189398.42,0,0
adaptive,month|alert_only,2026-01|actioned,50,-0.057196,-1.177761,0.260000,-1.250000,8,2.026461,-0.618902,0.504510,18,700.000,-40037.26,0,0
adaptive,month|alert_only,2026-01|alert_only,13,-0.668424,-1.116220,0.153846,-1.250000,7,1.094773,-1.263550,-0.073299,9,364.000,-243306.49,1,0
adaptive,month|alert_only,2026-02|actioned,59,0.555691,-0.719423,0.338983,-1.250000,7,3.209787,-0.263351,1.374733,19,782.526,434842.68,0,0
adaptive,month|alert_only,2026-02|alert_only,26,-0.771441,-1.160063,0.115385,-1.250000,15,1.123243,-1.203201,-0.339680,16,409.500,-315904.96,0,0
adaptive,month|alert_only,2026-03|actioned,65,0.092430,-0.915323,0.307692,-1.250000,13,2.111867,-0.420982,0.605842,19,862.105,79684.57,0,0
adaptive,month|alert_only,2026-03|alert_only,24,-1.091214,-1.221984,0.000000,-1.250000,24,0.232302,-1.184154,-0.998274,16,378.000,-412478.92,0,0
adaptive,month|alert_only,2026-04|actioned,51,0.548842,-0.622588,0.392157,-1.250000,6,2.343242,-0.094272,1.191956,19,676.421,371248.20,0,0
adaptive,month|alert_only,2026-04|alert_only,18,-0.326398,-1.087431,0.222222,-1.250000,5,1.759773,-1.139372,0.486576,11,412.364,-134594.69,1,0
adaptive,month|alert_only,2026-05|actioned,61,0.410572,-0.965854,0.327869,-1.250000,7,2.830967,-0.299865,1.121010,18,854.000,350628.71,0,0
adaptive,month|alert_only,2026-05|alert_only,31,-0.765942,-1.197424,0.161290,-1.250000,7,0.846819,-1.064045,-0.467839,16,488.250,-373971.16,0,0
adaptive,month|alert_only,2026-06|actioned,71,0.226354,-0.637500,0.366197,-1.250000,8,1.952075,-0.227716,0.680425,21,852.000,192854.02,0,0
adaptive,month|alert_only,2026-06|alert_only,22,-0.484019,-1.120231,0.136364,-1.250000,8,1.651769,-1.174249,0.206211,12,462.000,-223616.92,0,0
adaptive,month|alert_only,2026-07|actioned,65,0.365102,-0.625000,0.400000,-1.250000,8,1.995590,-0.120042,0.850246,19,862.105,314756.28,0,0
adaptive,month|alert_only,2026-07|alert_only,35,-0.884343,-1.190818,0.085714,-1.250000,9,0.729288,-1.125956,-0.642730,16,551.250,-487494.15,0,0
adaptive,month|alert_only,2026-08|actioned,24,2.090953,0.993584,0.666667,-1.250000,2,3.332398,0.757716,3.424190,8,756.000,1580760.29,0,0
adaptive,month|alert_only,2026-08|alert_only,10,-0.144886,-1.165294,0.300000,-1.250000,4,1.597548,-1.135056,0.845285,6,420.000,-60851.93,1,0
adaptive,month|trend_qqq,2025-08|aligned,10,0.498665,-0.443035,0.500000,-1.250000,3,1.958459,-0.715201,1.712530,3,840.000,418878.32,1,0
adaptive,month|trend_qqq,2025-08|flat,1,-0.685345,-0.685345,0.000000,-0.685345,1,0.000000,-0.685345,-0.685345,1,252.000,-172706.90,1,0
adaptive,month|trend_qqq,2025-08|opposed,11,-0.356196,-1.047190,0.363636,-1.250000,4,1.163655,-1.043872,0.331480,4,693.000,-246843.56,1,0
adaptive,month|trend_qqq,2025-09|aligned,25,-0.015516,-0.518340,0.400000,-1.250000,6,1.615270,-0.648702,0.617670,12,525.000,-8146.11,0,0
adaptive,month|trend_qqq,2025-09|flat,8,-0.504162,-1.066705,0.250000,-1.250000,3,0.976102,-1.180566,0.172242,4,504.000,-254097.43,1,0
adaptive,month|trend_qqq,2025-09|opposed,17,-0.252340,-0.602326,0.235294,-1.250000,8,1.279030,-0.860352,0.355672,12,357.000,-90085.32,1,0
adaptive,month|trend_qqq,2025-10|aligned,34,-0.071148,-1.093842,0.235294,-1.250000,7,2.459881,-0.898005,0.755710,19,450.947,-32083.92,0,0
adaptive,month|trend_qqq,2025-10|flat,14,0.807449,-0.291293,0.428571,-1.250000,3,2.791862,-0.655018,2.269916,8,441.000,356085.08,1,0
adaptive,month|trend_qqq,2025-10|opposed,16,-0.984986,-1.247794,0.062500,-1.250000,13,0.569046,-1.263819,-0.706154,10,403.200,-397146.43,1,0
adaptive,month|trend_qqq,2025-11|aligned,36,0.182073,-1.004729,0.361111,-1.250000,7,2.124621,-0.511970,0.876116,11,824.727,150160.36,0,0
adaptive,month|trend_qqq,2025-11|flat,8,1.623134,0.517578,0.625000,-1.250000,2,3.130733,-0.546353,3.792622,3,672.000,1090746.14,1,0
adaptive,month|trend_qqq,2025-11|opposed,34,-0.619424,-1.250000,0.117647,-1.250000,13,1.649690,-1.173947,-0.064902,11,778.909,-482475.26,0,0
adaptive,month|trend_qqq,2025-12|aligned,37,0.769595,-0.563326,0.432432,-1.250000,5,2.261294,0.040956,1.498234,15,621.600,478380.22,0,0
adaptive,month|trend_qqq,2025-12|flat,10,0.084442,-0.713250,0.300000,-1.250000,3,1.770067,-1.012657,1.181541,5,504.000,42558.90,1,0
adaptive,month|trend_qqq,2025-12|opposed,19,-0.001677,-0.880385,0.368421,-1.250000,5,1.769970,-0.797553,0.794198,12,399.000,-669.27,1,0
adaptive,month|trend_qqq,2026-01|aligned,32,0.002176,-1.140625,0.250000,-1.250000,4,2.205062,-0.761839,0.766191,18,448.000,974.70,0,0
adaptive,month|trend_qqq,2026-01|flat,5,0.935026,0.576057,0.600000,-1.250000,1,2.008166,-0.825209,2.695261,5,252.000,235626.62,1,0
adaptive,month|trend_qqq,2026-01|opposed,26,-0.626695,-1.250000,0.153846,-1.250000,11,1.185487,-1.082382,-0.171009,14,468.000,-293293.33,0,0
adaptive,month|trend_qqq,2026-02|aligned,39,0.717709,-0.650000,0.358974,-1.250000,8,3.620836,-0.418694,1.854113,15,655.200,470243.22,0,0
adaptive,month|trend_qqq,2026-02|flat,7,-0.249723,-1.176136,0.142857,-1.250000,6,1.834801,-1.608963,1.109516,3,588.000,-146837.21,1,0
adaptive,month|trend_qqq,2026-02|opposed,39,-0.346521,-1.168245,0.205128,-1.250000,11,1.711758,-0.883758,0.190717,16,614.250,-212850.31,0,0
adaptive,month|trend_qqq,2026-03|aligned,49,0.045349,-0.791528,0.306122,-1.250000,6,2.035199,-0.524507,0.615205,18,686.000,31109.26,0,0
adaptive,month|trend_qqq,2026-03|flat,14,-0.725932,-1.250000,0.071429,-1.250000,8,1.738322,-1.636521,0.184657,5,705.600,-512217.93,1,0
adaptive,month|trend_qqq,2026-03|opposed,26,-0.470777,-1.173917,0.153846,-1.250000,10,1.541999,-1.063503,0.121948,12,546.000,-257044.41,0,0
adaptive,month|trend_qqq,2026-04|aligned,38,0.361644,-0.883836,0.394737,-1.250000,3,2.134755,-0.317110,1.040398,17,563.294,203712.06,0,0
adaptive,month|trend_qqq,2026-04|flat,13,-0.119063,-0.931548,0.230769,-1.250000,5,1.945850,-1.176839,0.938713,6,546.000,-65008.52,1,0
adaptive,month|trend_qqq,2026-04|opposed,18,0.551173,-1.136095,0.333333,-1.250000,4,2.582367,-0.641820,1.744166,10,453.600,250012.03,1,0
adaptive,month|trend_qqq,2026-05|aligned,52,-0.045119,-1.180738,0.250000,-1.250000,6,2.091568,-0.613613,0.523376,18,728.000,-32846.46,0,0
adaptive,month|trend_qqq,2026-05|flat,7,-0.383830,-0.804348,0.428571,-1.250000,2,1.022366,-1.141209,0.373549,4,441.000,-169268.96,1,0
adaptive,month|trend_qqq,2026-05|opposed,33,0.191930,-1.070156,0.272727,-1.250000,7,3.027276,-0.840953,1.224813,13,639.692,122776.19,0,0
adaptive,month|trend_qqq,2026-06|aligned,66,0.169519,-0.741496,0.363636,-1.250000,6,1.829885,-0.271958,0.610996,20,831.600,140972.24,0,0
adaptive,month|trend_qqq,2026-06|flat,4,2.162930,1.656217,0.500000,-1.250000,1,3.487350,-1.254673,5.580533,3,336.000,726744.49,1,0
adaptive,month|trend_qqq,2026-06|opposed,23,-0.626837,-1.192568,0.130435,-1.250000,8,1.319987,-1.166300,-0.087374,12,483.000,-302762.23,0,0
adaptive,month|trend_qqq,2026-07|aligned,51,0.095126,-0.702212,0.352941,-1.250000,12,1.592771,-0.342017,0.532270,15,856.800,81504.37,0,0
adaptive,month|trend_qqq,2026-07|flat,7,-1.073040,-1.197727,0.000000,-1.250000,7,0.219633,-1.235746,-0.910333,2,882.000,-946421.05,1,0
adaptive,month|trend_qqq,2026-07|opposed,42,-0.108585,-1.151857,0.261905,-1.250000,12,2.039896,-0.725520,0.508350,18,588.000,-63847.81,0,0
adaptive,month|trend_qqq,2026-08|aligned,18,1.790537,0.754348,0.611111,-1.250000,3,3.397222,0.221101,3.359974,7,648.000,1160268.27,1,0
adaptive,month|trend_qqq,2026-08|flat,1,4.308197,4.308197,1.000000,4.308197,0,0.000000,4.308197,4.308197,1,252.000,1085665.57,1,0
adaptive,month|trend_qqq,2026-08|opposed,12,0.790487,-1.172794,0.416667,-1.250000,5,2.830565,-0.811055,2.392030,6,504.000,398405.67,1,0
adaptive,month|trend_qqq,2026-08|unknown,3,0.903430,1.733763,0.666667,-1.250000,1,1.535936,-0.834645,2.641506,1,756.000,682993.29,1,0
adaptive,month|side,2025-08|long,13,-0.142729,-1.047190,0.384615,-1.250000,3,1.518465,-0.968175,0.682718,4,819.000,-116894.76,1,0
adaptive,month|side,2025-08|short,9,0.248736,-0.508708,0.444444,-1.250000,3,1.725831,-0.878807,1.376278,3,756.000,188044.28,1,0
adaptive,month|side,2025-09|long,31,-0.144589,-0.876776,0.322581,-1.250000,10,1.545296,-0.688574,0.399396,16,488.250,-70595.42,0,0
adaptive,month|side,2025-09|short,19,-0.222565,-0.579651,0.315789,-1.250000,5,1.217565,-0.770049,0.324919,12,399.000,-88803.34,1,0
adaptive,month|side,2025-10|long,32,-0.047803,-1.124856,0.250000,-1.250000,4,2.169429,-0.799472,0.703866,16,504.000,-24092.60,0,0
adaptive,month|side,2025-10|short,32,-0.167026,-1.182609,0.218750,-1.250000,7,2.457705,-1.018577,0.684526,17,474.353,-79229.20,0,0
adaptive,month|side,2025-11|long,15,-0.438573,-1.226562,0.266667,-1.250000,5,1.246239,-1.069257,0.192111,8,472.500,-207225.81,1,0
adaptive,month|side,2025-11|short,63,0.080284,-1.150000,0.285714,-1.250000,7,2.330522,-0.495208,0.655775,13,1221.231,98044.70,0,0
adaptive,month|side,2025-12|long,29,0.520862,-0.810465,0.413793,-1.250000,5,2.172707,-0.269923,1.311646,16,456.750,237903.53,0,0
adaptive,month|side,2025-12|short,37,0.383313,-0.612546,0.378378,-1.250000,6,2.025745,-0.269427,1.036053,15,621.600,238267.34,0,0
adaptive,month|side,2026-01|long,29,-0.396301,-1.116220,0.172414,-1.250000,12,1.438962,-0.920030,0.127427,15,487.200,-193078.08,0,0
adaptive,month|side,2026-01|short,34,-0.001664,-1.201098,0.294118,-1.250000,6,2.184690,-0.736020,0.732691,17,504.000,-838.69,0,0
adaptive,month|side,2026-02|long,38,-0.129421,-1.200962,0.184211,-1.250000,21,2.110207,-0.800370,0.541528,14,684.000,-88524.02,0,0
adaptive,month|side,2026-02|short,47,0.375453,-0.719423,0.340426,-1.250000,7,3.254723,-0.555057,1.305964,16,740.250,277929.24,0,0
adaptive,month|side,2026-03|long,40,-0.196636,-1.040183,0.225000,-1.250000,8,1.955020,-0.802503,0.409231,17,592.941,-116593.45,0,0
adaptive,month|side,2026-03|short,49,-0.251342,-1.177000,0.224490,-1.250000,11,1.822764,-0.761716,0.259032,18,686.000,-172420.40,0,0
adaptive,month|side,2026-04|long,42,0.070106,-1.135711,0.333333,-1.250000,7,2.052463,-0.550630,0.690841,16,661.500,46374.87,0,0
adaptive,month|side,2026-04|short,27,0.710049,-0.513609,0.370370,-1.250000,5,2.451789,-0.214771,1.634870,12,567.000,402598.02,0,0
adaptive,month|side,2026-05|long,53,-0.045559,-1.250000,0.264151,-1.250000,8,2.689328,-0.769598,0.678480,19,702.947,-32025.83,0,0
adaptive,month|side,2026-05|short,39,0.095265,-0.847059,0.282051,-1.250000,9,1.998660,-0.532016,0.722547,13,756.000,72020.70,0,0
adaptive,month|side,2026-06|long,36,-0.081113,-1.162334,0.250000,-1.250000,6,2.067596,-0.756527,0.594302,15,604.800,-49056.97,0,0
adaptive,month|side,2026-06|short,57,0.146365,-0.690678,0.350877,-1.250000,9,1.796738,-0.320083,0.612813,17,844.941,123669.76,0,0
adaptive,month|side,2026-07|long,54,0.116949,-0.929504,0.351852,-1.250000,5,1.968925,-0.408207,0.642105,18,756.000,88413.71,0,0
adaptive,month|side,2026-07|short,46,-0.294253,-1.005949,0.217391,-1.250000,22,1.470323,-0.719156,0.130650,16,724.500,-213186.49,0,0
adaptive,month|side,2026-08|long,24,1.744010,0.807698,0.625000,-1.250000,4,3.270435,0.435564,3.052457,8,756.000,1318471.61,0,0
adaptive,month|side,2026-08|short,10,0.687777,-0.733284,0.400000,-1.250000,3,2.505048,-0.864868,2.240422,6,420.000,288866.32,1,0
adaptive,quarter|setup,2025-Q3|break_and_retest,61,-0.240856,-0.876776,0.327869,-1.250000,7,1.349238,-0.579451,0.097738,19,809.053,-194865.36,0,0
adaptive,quarter|setup,2025-Q3|one_candle_rule,11,0.578582,-0.508708,0.454545,-1.250000,2,1.979823,-0.591419,1.748582,7,396.000,229118.40,1,0
adaptive,quarter|setup,2025-Q4|break_and_retest,180,0.166243,-0.956032,0.316667,-1.250000,8,2.255341,-0.163239,0.495726,57,795.789,132294.71,0,0
adaptive,quarter|setup,2025-Q4|one_candle_rule,28,-0.322553,-1.245370,0.214286,-1.250000,9,1.814542,-0.994669,0.349563,21,336.000,-108377.87,0,0
adaptive,quarter|setup,2026-Q1|break_and_retest,211,-0.058381,-1.131533,0.246445,-1.250000,14,2.340695,-0.374216,0.257453,56,949.500,-55433.11,0,0
adaptive,quarter|setup,2026-Q1|one_candle_rule,26,-0.257066,-1.005207,0.230769,-1.250000,7,1.557719,-0.855834,0.341701,22,297.818,-76559.05,0,0
adaptive,quarter|setup,2026-Q2|break_and_retest,224,0.097712,-1.000433,0.308036,-1.250000,10,2.187288,-0.188731,0.384155,59,956.746,93485.68,0,0
adaptive,quarter|setup,2026-Q2|one_candle_rule,28,0.097421,-1.134067,0.285714,-1.250000,6,2.124675,-0.689570,0.884412,20,352.800,34370.13,0,0
adaptive,quarter|setup,2026-Q2|reentry_84_rule,2,2.111957,2.111957,0.500000,-1.250000,1,3.361957,-2.547477,6.771391,2,252.000,532213.04,1,0
adaptive,quarter|setup,2026-Q3|break_and_retest,125,0.351855,-0.873028,0.368000,-1.250000,12,2.322701,-0.055332,0.759043,29,1086.207,382187.82,0,0
adaptive,quarter|setup,2026-Q3|one_candle_rule,9,-0.274256,-1.028249,0.222222,-1.250000,7,1.496858,-1.252204,0.703691,7,324.000,-88859.02,1,0
adaptive,quarter|grade,2025-Q3|B,43,0.090984,-0.470909,0.418605,-1.250000,4,1.602295,-0.387937,0.569906,19,570.316,51889.71,0,0
adaptive,quarter|grade,2025-Q3|C,29,-0.422074,-1.047190,0.241379,-1.250000,8,1.252123,-0.877800,0.033652,16,456.750,-192782.34,0,0
adaptive,quarter|grade,2025-Q4|A+,2,-1.250000,-1.250000,0.000000,-1.250000,2,0.000000,-1.250000,-1.250000,1,504.000,-630000.00,1,0
adaptive,quarter|grade,2025-Q4|B,141,0.344890,-0.810465,0.375887,-1.250000,6,2.302200,-0.035116,0.724895,56,634.500,218832.39,0,0
adaptive,quarter|grade,2025-Q4|C,65,-0.388263,-1.250000,0.153846,-1.250000,17,1.916117,-0.854087,0.077560,39,420.000,-163070.53,0,0
adaptive,quarter|grade,2026-Q1|A,1,-1.250000,-1.250000,0.000000,-1.250000,1,0.000000,-1.250000,-1.250000,1,252.000,-315000.00,1,0
adaptive,quarter|grade,2026-Q1|B,173,0.214936,-1.033538,0.306358,-1.250000,13,2.535836,-0.162944,0.592816,56,778.500,167327.63,0,0
adaptive,quarter|grade,2026-Q1|C,63,-0.872002,-1.169776,0.079365,-1.250000,39,0.905315,-1.095557,-0.648446,41,387.220,-337656.11,0,0
adaptive,quarter|grade,2026-Q2|A,6,1.186524,-1.250000,0.333333,-1.250000,3,3.462316,-1.583906,3.956953,4,378.000,448506.04,1,0
adaptive,quarter|grade,2026-Q2|B,177,0.350214,-0.830173,0.361582,-1.250000,8,2.336955,0.005928,0.694500,58,769.034,269326.60,0,0
adaptive,quarter|grade,2026-Q2|C,71,-0.567152,-1.152672,0.169014,-1.250000,15,1.406306,-0.894272,-0.240032,39,458.769,-260191.88,0,0
adaptive,quarter|grade,2026-Q3|A+,1,-1.250000,-1.250000,0.000000,-1.250000,1,0.000000,-1.250000,-1.250000,1,252.000,-315000.00,1,0
adaptive,quarter|grade,2026-Q3|B,88,0.854142,-0.356693,0.477273,-1.250000,8,2.552189,0.320896,1.387388,27,821.333,701535.25,0,0
adaptive,quarter|grade,2026-Q3|C,45,-0.720019,-1.190818,0.133333,-1.250000,9,1.036978,-1.023003,-0.417035,22,515.455,-371137.18,0,0
adaptive,quarter|alert_only,2025-Q3|actioned,43,0.090984,-0.470909,0.418605,-1.250000,4,1.602295,-0.387937,0.569906,19,570.316,51889.71,0,0
adaptive,quarter|alert_only,2025-Q3|alert_only,29,-0.422074,-1.047190,0.241379,-1.250000,8,1.252123,-0.877800,0.033652,16,456.750,-192782.34,0,0
adaptive,quarter|alert_only,2025-Q4|actioned,143,0.322583,-0.818902,0.370629,-1.250000,6,2.293704,-0.053363,0.698529,56,643.500,207582.39,0,0
adaptive,quarter|alert_only,2025-Q4|alert_only,65,-0.388263,-1.250000,0.153846,-1.250000,17,1.916117,-0.854087,0.077560,39,420.000,-163070.53,0,0
adaptive,quarter|alert_only,2026-Q1|actioned,174,0.206517,-1.034304,0.304598,-1.250000,13,2.530962,-0.169552,0.582585,56,783.000,161702.63,0,0
adaptive,quarter|alert_only,2026-Q1|alert_only,63,-0.872002,-1.169776,0.079365,-1.250000,39,0.905315,-1.095557,-0.648446,41,387.220,-337656.11,0,0
adaptive,quarter|alert_only,2026-Q2|actioned,183,0.377634,-0.843220,0.360656,-1.250000,8,2.386947,0.031796,0.723472,58,795.103,300258.05,0,0
adaptive,quarter|alert_only,2026-Q2|alert_only,71,-0.567152,-1.152672,0.169014,-1.250000,15,1.406306,-0.894272,-0.240032,39,458.769,-260191.88,0,0
adaptive,quarter|alert_only,2026-Q3|actioned,89,0.830500,-0.405038,0.471910,-1.250000,8,2.547482,0.301236,1.359764,27,830.667,689868.58,0,0
adaptive,quarter|alert_only,2026-Q3|alert_only,45,-0.720019,-1.190818,0.133333,-1.250000,9,1.036978,-1.023003,-0.417035,22,515.455,-371137.18,0,0
adaptive,quarter|trend_qqq,2025-Q3|aligned,35,0.131392,-0.518340,0.428571,-1.250000,6,1.735936,-0.443724,0.706509,15,588.000,77258.78,0,0
adaptive,quarter|trend_qqq,2025-Q3|flat,9,-0.524293,-0.924454,0.222222,-1.250000,4,0.922037,-1.126691,0.078105,5,453.600,-237819.33,1,0
adaptive,quarter|trend_qqq,2025-Q3|opposed,28,-0.293140,-0.739551,0.285714,-1.250000,8,1.236031,-0.750973,0.164692,16,441.000,-129274.88,0,0
adaptive,quarter|trend_qqq,2025-Q4|aligned,107,0.304772,-0.908333,0.345794,-1.250000,7,2.309625,-0.132857,0.742401,45,599.200,182619.40,0,0
adaptive,quarter|trend_qqq,2025-Q4|flat,32,0.785431,-0.527448,0.437500,-1.250000,3,2.677457,-0.142261,1.713122,16,504.000,395857.10,0,0
adaptive,quarter|trend_qqq,2025-Q4|opposed,69,-0.534088,-1.222276,0.173913,-1.250000,13,1.551627,-0.900204,-0.167972,33,526.909,-281415.86,0,0
adaptive,quarter|trend_qqq,2026-Q1|aligned,120,0.252353,-0.924328,0.308333,-1.250000,8,2.711717,-0.232835,0.737541,51,592.941,149630.58,0,0
adaptive,quarter|trend_qqq,2026-Q1|flat,26,-0.278307,-1.250000,0.192308,-1.250000,14,1.923594,-1.017713,0.461099,13,504.000,-140266.78,0,0
adaptive,quarter|trend_qqq,2026-Q1|opposed,91,-0.462072,-1.195000,0.175824,-1.250000,11,1.533019,-0.777052,-0.147092,42,546.000,-252291.54,0,0
adaptive,quarter|trend_qqq,2026-Q2|aligned,156,0.144773,-0.918817,0.333333,-1.250000,10,2.002174,-0.169419,0.458965,55,714.764,103478.43,0,0
adaptive,quarter|trend_qqq,2026-Q2|flat,24,0.184045,-0.867948,0.333333,-1.250000,7,2.275788,-0.726459,1.094550,13,465.231,85623.58,0,0
adaptive,quarter|trend_qqq,2026-Q2|opposed,74,0.024832,-1.159297,0.243243,-1.250000,8,2.542105,-0.554375,0.604039,35,532.800,13230.40,0,0
adaptive,quarter|trend_qqq,2026-Q3|aligned,69,0.537408,-0.487903,0.420290,-1.250000,12,2.332397,-0.012936,1.087751,22,790.364,424747.43,0,0
adaptive,quarter|trend_qqq,2026-Q3|flat,8,-0.400385,-1.144952,0.125000,-1.250000,7,1.791496,-1.641829,0.841058,3,672.000,-269058.85,1,0
adaptive,quarter|trend_qqq,2026-Q3|opposed,54,0.091209,-1.151857,0.296296,-1.250000,12,2.270825,-0.514470,0.696889,24,567.000,51715.56,0,0
adaptive,quarter|trend_qqq,2026-Q3|unknown,3,0.903430,1.733763,0.666667,-1.250000,1,1.535936,-0.834645,2.641506,1,756.000,682993.29,1,0
adaptive,quarter|side,2025-Q3|long,44,-0.144039,-0.900615,0.340909,-1.250000,10,1.537417,-0.598317,0.310239,20,554.400,-79855.29,0,0
adaptive,quarter|side,2025-Q3|short,28,-0.071075,-0.548996,0.357143,-1.250000,5,1.418372,-0.596448,0.454297,15,470.400,-33433.82,0,0
adaptive,quarter|side,2025-Q4|long,76,0.092062,-1.018407,0.315789,-1.250000,5,2.055106,-0.369982,0.554106,40,478.800,44079.21,0,0
adaptive,quarter|side,2025-Q4|short,132,0.105270,-1.075124,0.295455,-1.250000,7,2.290579,-0.285494,0.496034,45,739.200,77815.44,0,0
adaptive,quarter|side,2026-Q1|long,107,-0.226880,-1.118750,0.196262,-1.250000,21,1.892866,-0.585541,0.131781,46,586.174,-132991.22,0,0
adaptive,quarter|side,2026-Q1|short,130,0.040569,-1.093521,0.284615,-1.250000,11,2.530532,-0.394438,0.475576,51,642.353,26059.66,0,0
adaptive,quarter|side,2026-Q2|long,131,-0.018246,-1.216190,0.282443,-1.250000,10,2.335682,-0.418223,0.381730,50,660.240,-12046.95,0,0
adaptive,quarter|side,2026-Q2|short,123,0.253898,-0.764812,0.333333,-1.250000,9,2.034989,-0.105740,0.613536,42,738.000,187376.93,0,0
adaptive,quarter|side,2026-Q3|long,78,0.617583,-0.542563,0.435897,-1.250000,5,2.557102,0.050095,1.185072,26,756.000,466893.06,0,0
adaptive,quarter|side,2026-Q3|short,56,-0.118891,-1.005949,0.250000,-1.250000,22,1.742942,-0.575395,0.337614,22,641.455,-76263.00,0,0
adaptive,setup|grade,break_and_retest|A,3,1.381743,-1.250000,0.333333,-1.250000,2,3.721847,-2.829923,5.593410,3,252.000,348199.36,1,0
adaptive,setup|grade,break_and_retest|A+,3,-1.250000,-1.250000,0.000000,-1.250000,3,0.000000,-1.250000,-1.250000,2,378.000,-472500.00,1,0
adaptive,setup|grade,break_and_retest|B,583,0.387076,-0.685345,0.373928,-1.250000,12,2.414316,0.191094,0.583058,210,699.600,270798.23,0,0
adaptive,setup|grade,break_and_retest|C,212,-0.741877,-1.214283,0.117925,-1.250000,37,1.192120,-0.902352,-0.581401,135,395.733,-293585.35,0,0
adaptive,setup|grade,one_candle_rule|A,2,-1.250000,-1.250000,0.000000,-1.250000,2,0.000000,-1.250000,-1.250000,2,252.000,-315000.00,1,0
adaptive,setup|grade,one_candle_rule|B,39,0.031098,-1.203358,0.307692,-1.250000,5,1.863468,-0.553753,0.615950,37,265.622,8260.33,0,0
adaptive,setup|grade,one_candle_rule|C,61,-0.127937,-1.011815,0.245902,-1.250000,12,1.875766,-0.598665,0.342791,51,301.412,-38561.73,0,0
adaptive,setup|grade,reentry_84_rule|A,2,2.111957,2.111957,0.500000,-1.250000,1,3.361957,-2.547477,6.771391,2,252.000,532213.04,1,0
adaptive,setup|alert_only,break_and_retest|actioned,589,0.383804,-0.725694,0.371817,-1.250000,12,2.420491,0.188324,0.579284,211,703.450,269986.85,0,0
adaptive,setup|alert_only,break_and_retest|alert_only,212,-0.741877,-1.214283,0.117925,-1.250000,37,1.192120,-0.902352,-0.581401,135,395.733,-293585.35,0,0
adaptive,setup|alert_only,one_candle_rule|actioned,41,-0.031394,-1.229128,0.292683,-1.250000,6,1.838280,-0.594093,0.531304,39,264.923,-8317.12,0,0
adaptive,setup|alert_only,one_candle_rule|alert_only,61,-0.127937,-1.011815,0.245902,-1.250000,12,1.875766,-0.598665,0.342791,51,301.412,-38561.73,0,0
adaptive,setup|alert_only,reentry_84_rule|actioned,2,2.111957,2.111957,0.500000,-1.250000,1,3.361957,-2.547477,6.771391,2,252.000,532213.04,1,0
adaptive,setup|trend_qqq,break_and_retest|aligned,440,0.265533,-0.852246,0.350000,-1.250000,12,2.322452,0.048524,0.482541,182,609.231,161770.76,0,0
adaptive,setup|trend_qqq,break_and_retest|flat,86,0.235453,-0.928001,0.325581,-1.250000,12,2.296702,-0.249960,0.720866,47,461.106,108568.94,0,0
adaptive,setup|trend_qqq,break_and_retest|opposed,272,-0.261070,-1.175000,0.220588,-1.250000,21,1.978553,-0.496207,-0.025934,138,496.696,-129672.52,0,0
adaptive,setup|trend_qqq,break_and_retest|unknown,3,0.903430,1.733763,0.666667,-1.250000,1,1.535936,-0.834645,2.641506,1,756.000,682993.29,1,0
adaptive,setup|trend_qqq,one_candle_rule|aligned,46,0.251587,-0.920133,0.347826,-1.250000,5,2.043024,-0.338819,0.841992,36,322.000,81010.90,0,0
adaptive,setup|trend_qqq,one_candle_rule|flat,13,-0.450446,-1.250000,0.153846,-1.250000,6,1.931859,-1.500616,0.599724,11,297.818,-134151.05,1,0
adaptive,setup|trend_qqq,one_candle_rule|opposed,43,-0.344384,-1.187596,0.209302,-1.250000,9,1.548066,-0.807097,0.118329,36,301.000,-103659.64,0,0
adaptive,setup|trend_qqq,reentry_84_rule|aligned,1,-1.250000,-1.250000,0.000000,-1.250000,1,0.000000,-1.250000,-1.250000,1,252.000,-315000.00,1,0
adaptive,setup|trend_qqq,reentry_84_rule|opposed,1,5.473913,5.473913,1.000000,5.473913,0,0.000000,5.473913,5.473913,1,252.000,1379426.09,1,0
adaptive,setup|side,break_and_retest|long,381,0.085733,-1.090217,0.312336,-1.250000,19,2.227014,-0.137890,0.309356,171,561.474,48137.06,0,0
adaptive,setup|side,break_and_retest|short,420,0.085996,-0.928274,0.297619,-1.250000,26,2.214689,-0.125813,0.297804,166,637.590,54829.92,0,0
adaptive,setup|side,one_candle_rule|long,54,-0.171304,-1.107169,0.222222,-1.250000,8,1.796847,-0.650563,0.307956,45,302.400,-51802.19,0,0
adaptive,setup|side,one_candle_rule|short,48,0.003314,-1.088083,0.312500,-1.250000,10,1.927243,-0.541906,0.548534,39,310.154,1027.76,0,0
adaptive,setup|side,reentry_84_rule|long,1,-1.250000,-1.250000,0.000000,-1.250000,1,0.000000,-1.250000,-1.250000,1,252.000,-315000.00,1,0
adaptive,setup|side,reentry_84_rule|short,1,5.473913,5.473913,1.000000,5.473913,0,0.000000,5.473913,5.473913,1,252.000,1379426.09,1,0
adaptive,grade|alert_only,A|actioned,7,0.838449,-1.250000,0.285714,-1.250000,3,3.316933,-1.618770,3.295668,5,352.800,295804.83,1,0
adaptive,grade|alert_only,A+|actioned,3,-1.250000,-1.250000,0.000000,-1.250000,3,0.000000,-1.250000,-1.250000,2,378.000,-472500.00,1,0
adaptive,grade|alert_only,B|actioned,622,0.364756,-0.747054,0.369775,-1.250000,13,2.385083,0.177315,0.552197,216,725.667,264691.02,0,0
adaptive,grade|alert_only,C|alert_only,273,-0.604696,-1.183522,0.146520,-1.250000,44,1.398281,-0.770567,-0.438826,157,438.191,-264972.42,0,0
adaptive,grade|trend_qqq,A|aligned,4,0.723808,-1.250000,0.250000,-1.250000,2,3.418735,-2.626553,4.074168,3,336.000,243199.36,1,0
adaptive,grade|trend_qqq,A|opposed,3,0.991304,-1.250000,0.333333,-1.250000,1,3.169683,-2.595530,4.578138,2,378.000,374713.04,1,0
adaptive,grade|trend_qqq,A+|opposed,3,-1.250000,-1.250000,0.000000,-1.250000,3,0.000000,-1.250000,-1.250000,2,378.000,-472500.00,1,0
adaptive,grade|trend_qqq,B|aligned,363,0.525357,-0.512922,0.410468,-1.250000,7,2.448666,0.273454,0.777259,172,531.837,279404.30,0,0
adaptive,grade|trend_qqq,B|flat,62,0.406124,-0.705520,0.354839,-1.250000,8,2.339570,-0.176242,0.988491,43,363.349,147564.73,0,0
adaptive,grade|trend_qqq,B|opposed,195,0.051371,-1.159483,0.297436,-1.250000,13,2.250620,-0.264523,0.367264,124,396.290,20357.68,0,0
adaptive,grade|trend_qqq,B|unknown,2,0.488264,0.488264,0.500000,-1.250000,1,1.738264,-1.920847,2.897374,1,504.000,246084.90,1,0
adaptive,grade|trend_qqq,C|aligned,120,-0.553686,-1.171770,0.166667,-1.250000,18,1.409509,-0.805879,-0.301493,85,355.765,-196981.95,0,0
adaptive,grade|trend_qqq,C|flat,37,-0.291528,-1.228008,0.216216,-1.250000,8,2.058767,-0.954908,0.371852,22,423.818,-123554.77,0,0
adaptive,grade|trend_qqq,C|opposed,115,-0.779017,-1.169776,0.095652,-1.250000,29,1.045203,-0.970050,-0.587984,85,340.941,-265598.91,0,0
adaptive,grade|trend_qqq,C|unknown,1,1.733763,1.733763,1.000000,1.733763,0,0.000000,1.733763,1.733763,1,252.000,436908.39,1,0
adaptive,grade|side,A|long,2,-1.250000,-1.250000,0.000000,-1.250000,2,0.000000,-1.250000,-1.250000,1,504.000,-630000.00,1,0
adaptive,grade|side,A|short,5,1.673829,-1.250000,0.400000,-1.250000,1,3.600050,-1.481754,4.829412,4,315.000,527256.04,1,0
adaptive,grade|side,A+|long,1,-1.250000,-1.250000,0.000000,-1.250000,1,0.000000,-1.250000,-1.250000,1,252.000,-315000.00,1,0
adaptive,grade|side,A+|short,2,-1.250000,-1.250000,0.000000,-1.250000,2,0.000000,-1.250000,-1.250000,1,504.000,-630000.00,1,0
adaptive,grade|side,B|long,287,0.428207,-0.768881,0.386760,-1.250000,14,2.408543,0.149550,0.706864,155,466.606,199804.09,0,0
adaptive,grade|side,B|short,335,0.310396,-0.741111,0.355224,-1.250000,16,2.363445,0.057304,0.563488,156,541.154,167971.96,0,0
adaptive,grade|side,C|long,146,-0.664256,-1.221376,0.136986,-1.250000,33,1.392883,-0.890196,-0.438315,108,340.667,-226289.77,0,0
adaptive,grade|side,C|short,127,-0.536226,-1.122340,0.157480,-1.250000,26,1.401337,-0.779949,-0.292503,87,367.862,-197257.18,0,0
adaptive,alert_only|trend_qqq,actioned|aligned,367,0.527520,-0.518340,0.408719,-1.250000,7,2.461386,0.275692,0.779347,172,537.698,283646.14,0,0
adaptive,alert_only|trend_qqq,actioned|flat,62,0.406124,-0.705520,0.354839,-1.250000,8,2.339570,-0.176242,0.988491,43,363.349,147564.73,0,0
adaptive,alert_only|trend_qqq,actioned|opposed,201,0.045976,-1.175388,0.293532,-1.250000,13,2.258866,-0.266307,0.358259,124,408.484,18780.48,0,0
adaptive,alert_only|trend_qqq,actioned|unknown,2,0.488264,0.488264,0.500000,-1.250000,1,1.738264,-1.920847,2.897374,1,504.000,246084.90,1,0
adaptive,alert_only|trend_qqq,alert_only|aligned,120,-0.553686,-1.171770,0.166667,-1.250000,18,1.409509,-0.805879,-0.301493,85,355.765,-196981.95,0,0
adaptive,alert_only|trend_qqq,alert_only|flat,37,-0.291528,-1.228008,0.216216,-1.250000,8,2.058767,-0.954908,0.371852,22,423.818,-123554.77,0,0
adaptive,alert_only|trend_qqq,alert_only|opposed,115,-0.779017,-1.169776,0.095652,-1.250000,29,1.045203,-0.970050,-0.587984,85,340.941,-265598.91,0,0
adaptive,alert_only|trend_qqq,alert_only|unknown,1,1.733763,1.733763,1.000000,1.733763,0,0.000000,1.733763,1.733763,1,252.000,436908.39,1,0
adaptive,alert_only|side,actioned|long,290,0.410846,-0.780440,0.382759,-1.250000,14,2.402062,0.134380,0.687312,155,471.484,193707.32,0,0
adaptive,alert_only|side,actioned|short,342,0.321204,-0.747054,0.353801,-1.250000,17,2.387953,0.068118,0.574290,156,552.462,177452.89,0,0
adaptive,alert_only|side,alert_only|long,146,-0.664256,-1.221376,0.136986,-1.250000,33,1.392883,-0.890196,-0.438315,108,340.667,-226289.77,0,0
adaptive,alert_only|side,alert_only|short,127,-0.536226,-1.122340,0.157480,-1.250000,26,1.401337,-0.779949,-0.292503,87,367.862,-197257.18,0,0
adaptive,trend_qqq|side,aligned|long,231,0.083950,-1.045296,0.320346,-1.250000,16,2.092334,-0.185874,0.353774,99,588.000,49362.60,0,0
adaptive,trend_qqq|side,aligned|short,256,0.420957,-0.545250,0.375000,-1.250000,13,2.454655,0.120262,0.721652,97,665.072,279966.74,0,0
adaptive,trend_qqq|side,flat|long,60,0.036245,-1.147443,0.283333,-1.250000,11,2.172953,-0.513588,0.586078,36,420.000,15222.97,0,0
adaptive,trend_qqq|side,flat|short,39,0.313294,-0.931548,0.333333,-1.250000,8,2.387726,-0.436097,1.062684,24,409.500,128293.82,0,0
adaptive,trend_qqq|side,opposed|long,144,-0.007895,-1.157806,0.270833,-1.250000,10,2.313290,-0.385732,0.369942,73,497.096,-3924.57,0,0
adaptive,trend_qqq|side,opposed|short,172,-0.460517,-1.191298,0.180233,-1.250000,27,1.552135,-0.692481,-0.228552,83,522.217,-240489.57,0,0
adaptive,trend_qqq|side,unknown|long,1,1.733763,1.733763,1.000000,1.733763,0,0.000000,1.733763,1.733763,1,252.000,436908.39,1,0
adaptive,trend_qqq|side,unknown|short,2,0.488264,0.488264,0.500000,-1.250000,1,1.738264,-1.920847,2.897374,1,504.000,246084.90,1,0
