Account Name,Adjusted Cost,Adjusted Proceeds,Avg Buy Price,Avg Sell Price,Exit Efficiency,Best Exit,Best Exit Price,Best Exit Time,Close Date,Close Time,Commission,Custom Tags,Duration,Entry Price,Executions,Exit Price,Gross P&L,Trade Risk,Initial Target,Instrument,Spread Type,Mistakes,Net P&L,Net ROI,Open Date,Open Time,Pips,Reward Ratio,Points,Position MAE,Position MFE,Price MAE,Price MFE,Realized RR,Return Per Pip,Reviewed,Side,Status,Playbook,Symbol,Ticks Value,Ticks Per Contract,Fee,Swap,Rating,Quantity,Zella Score
Backtesting,360277.5,359685.0,480.37,479.58,,,,,2024-01-03,09:46:16 EST,0.0,"",136.001,480.37,2,479.58,-592.5,-592.5,1192.5,NVDA,stock,"",-592.5,-0.00164457,2024-01-03,09:43:59 EST,,2.01265823,,-324312.75,0.0,47.953,48.16,-1.0,,false,long,Loss,"Break and Retest , One Candle Rule",NVDA,,,0.0,0.0,,750.0,-0.18269402
Backtesting,180727.5,179812.5,240.97,239.75,28.98,3157.5,236.76,2024-01-03 15:18:00 UTC,2024-01-03,09:55:41 EST,0.0,"",401.001,240.97,2,239.75,915.0,-427.5,915.0,TSLA,stock,"",915.0,0.00508863,2024-01-03,09:48:59 EST,,2.14035088,,-172.5,1140.0,241.2,239.45,2.14035088,,false,short,Win,"Break and Retest , One Candle Rule",TSLA,,,0.0,0.0,,750.0,80.26315789
Backtesting,289269.6,288768.0,241.058,240.64,,1346.28,242.18,2024-01-04 15:35:00 UTC,2024-01-04,10:05:53 EST,0.0,"",53.0,241.0581,2,240.64,-501.72,-501.72,1130.28,TSLA,stock,"",-501.72,-0.00173444,2024-01-04,10:05:00 EST,,2.25281033,,-825.24,158.28,240.3704,241.19,-1.0,,false,long,Loss,"Break and Retest , One Candle Rule",TSLA,,,0.0,0.0,,1200.0,-60.7968591
Backtesting,357487.5,358642.5,476.65,478.19,,321856.5,47.508,2024-01-04 14:43:00 UTC,2024-01-04,10:07:01 EST,0.0,"",1441.0,476.65,2,478.19,-1155.0,-1155.0,2565.0,NVDA,stock,"",-1155.0,-0.00322048,2024-01-04,09:43:00 EST,,2.22077922,,321579.75,321856.5,47.877,47.508,-1.0,,false,short,Loss,"Break and Retest , One Candle Rule",NVDA,,,0.0,0.0,,750.0,-116615.98915989
Backtesting,578688.0,577536.0,241.12,240.64,,2544.0,242.18,2024-01-04 15:38:00 UTC,2024-01-04,10:12:09 EST,0.0,"",249.0,241.12,2,240.64,-1152.0,-1152.0,2112.0,TSLA,stock,"",-1152.0,-0.00199071,2024-01-04,10:08:00 EST,,1.83333333,,-1224.0,984.0,240.61,241.53,-1.0,,false,long,Loss,"Break and Retest , One Candle Rule",TSLA,,,0.0,0.0,,2400.0,-94.11764706
Backtesting,1151724.0,1154592.0,479.885,481.08,,,,,2024-01-04,10:51:58 EST,0.0,"",298.0,479.885,2,481.08,2868.0,-948.0,2868.0,NVDA,stock,"",2868.0,0.00249018,2024-01-04,10:47:00 EST,,3.02531646,,-1036567.2,0.0,47.982,48.115,3.02531646,,false,long,Win,"Break and Retest , One Candle Rule",NVDA,,,0.0,0.0,,2400.0,0.2766825
Backtesting,582529.2,584844.0,485.441,487.37,,,,,2024-01-05,09:35:22 EST,0.0,"",82.0,485.4408,2,487.37,2315.04,-996.96,2315.04,NVDA,stock,"",2315.04,0.00397412,2024-01-05,09:34:00 EST,,2.32209918,,-524313.36,0.0,48.513,48.7477,2.32209918,,false,long,Win,"Break and Retest , One Candle Rule",NVDA,,,0.0,0.0,,1200.0,0.44153748
Backtesting,285492.0,286644.0,237.91,238.87,43.45,2651.52,240.1196,2024-01-05 15:30:00 UTC,2024-01-05,10:00:11 EST,0.0,"",11.0,237.91,2,238.87,1152.0,-660.0,1152.0,TSLA,stock,"",1152.0,0.00403514,2024-01-05,10:00:00 EST,,1.74545455,,-66.0,1224.0,237.855,238.93,1.74545455,,false,long,Win,"Break and Retest , One Candle Rule",TSLA,,,0.0,0.0,,1200.0,94.11764706
Backtesting,365970.0,367470.0,487.96,489.96,,,,,2024-01-05,10:31:39 EST,0.0,"",1539.0,487.96,2,489.96,1500.0,-742.5,1500.0,NVDA,stock,"",1500.0,0.0040987,2024-01-05,10:06:00 EST,,2.02020202,,-329442.825,0.0,48.7029,49.0,2.02020202,,false,long,Win,"Break and Retest , One Candle Rule",NVDA,,,0.0,0.0,,750.0,0.45531421
Backtesting,375964.5,378352.5,501.286,504.47,,,,,2024-01-08,09:40:14 EST,0.0,"",134.0,501.2862,2,504.47,2387.85,-1204.65,2387.85,NVDA,stock,"",2387.85,0.00635126,2024-01-08,09:38:00 EST,,1.982194,,-338371.2,0.0,50.1246,50.48,1.982194,,false,long,Win,"Break and Retest , One Candle Rule",NVDA,,,0.0,0.0,,750.0,0.70568949
Backtesting,356775.0,356235.0,237.85,237.49,,1290.0,238.71,2024-01-08 16:04:00 UTC,2024-01-08,10:09:02 EST,0.0,"",302.0,237.85,2,237.49,-540.0,-540.0,2040.0,TSLA,stock,"",-540.0,-0.00151356,2024-01-08,10:04:00 EST,,3.77777778,,-690.0,870.0,237.39,238.43,-1.0,,false,long,Loss,"Break and Retest , One Candle Rule",TSLA,,,0.0,0.0,,1500.0,-78.26086957
Backtesting,414668.0,415712.0,518.335,519.64,,373260.72,51.7591,2024-01-09 14:41:00 UTC,2024-01-09,09:42:09 EST,0.0,"",69.0,518.335,2,519.64,-1044.0,-1044.0,2196.0,NVDA,stock,"",-1044.0,-0.00251135,2024-01-09,09:41:00 EST,,2.10344828,,373084.0,373227.2,51.98,51.801,-1.0,,false,short,Loss,"Break and Retest , One Candle Rule",NVDA,,,0.0,0.0,,800.0,-261262.5698324
Backtesting,186980.8,185584.0,233.726,231.98,71.67,1948.72,231.29,2024-01-10 14:39:00 UTC,2024-01-10,09:55:56 EST,0.0,"",1016.0,233.7259,2,231.98,1396.72,-691.28,1396.72,TSLA,stock,"",1396.72,0.00752608,2024-01-10,09:39:00 EST,,2.02048374,,-251.2,1572.72,234.0399,231.76,2.02048374,,false,short,Win,"Break and Retest , One Candle Rule",TSLA,,,0.0,0.0,,800.0,88.80919681
Backtesting,433712.0,434608.0,542.14,543.26,,,,,2024-01-10,10:17:24 EST,0.0,"",84.0,542.1399,2,543.26,896.08,-431.92,896.08,NVDA,stock,"",896.08,0.00206607,2024-01-10,10:16:00 EST,,2.07464345,,-390378.16,0.0,54.1672,54.335,2.07464345,,false,long,Win,"Break and Retest , One Candle Rule",NVDA,,,0.0,0.0,,800.0,0.22954153
Backtesting,229270.0,230280.0,229.27,230.28,,1720.0,227.55,2024-01-11 14:33:00 UTC,2024-01-11,09:40:43 EST,0.0,"",463.0,229.27,2,230.28,-1010.0,-1010.0,2030.0,TSLA,stock,"",-1010.0,-0.00438596,2024-01-11,09:33:00 EST,,2.00990099,,-1330.0,1720.0,230.6,227.55,-1.0,,false,short,Loss,"Break and Retest , One Candle Rule",TSLA,,,0.0,0.0,,1000.0,-75.93984962
Backtesting,437328.0,438408.0,546.66,548.01,,394222.4,53.882,2024-01-11 14:49:00 UTC,2024-01-11,09:56:06 EST,0.0,"",426.0,546.66,2,548.01,-1080.0,-1080.0,2184.0,NVDA,stock,"",-1080.0,-0.00246346,2024-01-11,09:49:00 EST,,2.02222222,,393464.8,393727.2,54.829,54.501,-1.0,,false,short,Loss,"Break and Retest , One Candle Rule",NVDA,,,0.0,0.0,,800.0,-150360.06097561
Backtesting,546595.0,543260.0,546.595,543.26,0.68,493035.0,53.56,2024-01-11 16:04:00 UTC,2024-01-11,10:05:22 EST,0.0,"",82.0,546.595,2,543.26,3335.0,-1425.0,3335.0,NVDA,stock,"",3335.0,0.00613887,2024-01-11,10:04:00 EST,,2.34035088,,491926.8,492282.0,54.6682,54.313,2.34035088,,false,short,Win,"Break and Retest , One Candle Rule",NVDA,,,0.0,0.0,,1000.0,-137553.99774775
Backtesting,228710.0,225440.0,228.71,225.44,97.9,3340.0,225.37,2024-01-11 16:58:00 UTC,2024-01-11,12:22:10 EST,0.0,"",8650.0,228.71,2,225.44,3270.0,-1560.0,3270.0,TSLA,stock,"",3270.0,0.01450497,2024-01-11,09:58:00 EST,,2.09615385,,-75.0,3340.0,228.785,225.37,2.09615385,,false,short,Win,"Break and Retest , One Candle Rule",TSLA,,,0.0,0.0,,1000.0,97.90419162
Backtesting,201366.0,200268.0,223.74,222.52,,1440.0,225.34,2024-01-12 14:45:00 UTC,2024-01-12,10:11:30 EST,0.0,"",1590.0,223.74,2,222.52,-1098.0,-1098.0,2169.0,TSLA,stock,"",-1098.0,-0.00545276,2024-01-12,09:45:00 EST,,1.97540984,,-1251.0,1440.0,222.35,225.34,-1.0,,false,long,Loss,"Break and Retest , One Candle Rule",TSLA,,,0.0,0.0,,900.0,-87.76978417
Backtesting,556150.0,554980.0,556.15,554.98,,,,,2024-01-16,09:41:05 EST,0.0,"",65.0,556.15,2,554.98,-1170.0,-1170.0,2740.0,NVDA,stock,"",-1170.0,-0.00210375,2024-01-16,09:40:00 EST,,2.34188034,,-500678.0,0.0,55.472,55.693,-1.0,,false,long,Loss,"Break and Retest , One Candle Rule",NVDA,,,0.0,0.0,,1000.0,-0.23368313
Backtesting,557251.0,562070.0,557.251,562.07,,,,,2024-01-16,10:32:41 EST,0.0,"",2621.0,557.2506,2,562.07,4819.4,-2270.6,4819.4,NVDA,stock,"",4819.4,0.00864853,2024-01-16,09:49:00 EST,,2.12252268,,-501736.6,0.0,55.514,56.2356,2.12252268,,false,long,Win,"Break and Retest , One Candle Rule",NVDA,,,0.0,0.0,,1000.0,0.96054384
Backtesting,573595.0,572490.0,573.595,572.49,,,,,2024-01-18,09:50:19 EST,0.0,"",679.0,573.595,2,572.49,-1105.0,-1105.0,1755.0,NVDA,stock,"",-1105.0,-0.00192645,2024-01-18,09:39:00 EST,,1.58823529,,-516421.7,0.0,57.1733,57.52,-1.0,,false,long,Loss,"Break and Retest , One Candle Rule",NVDA,,,0.0,0.0,,1000.0,-0.21397242
Backtesting,427100.0,428040.0,213.55,214.02,,6100.0,210.5,2024-01-18 15:36:00 UTC,2024-01-18,10:42:00 EST,0.0,"",360.0,213.55,2,214.02,-940.0,-940.0,2020.0,TSLA,stock,"",-940.0,-0.00219606,2024-01-18,10:36:00 EST,,2.14893617,,-1020.0,1460.0,214.06,212.82,-1.0,,false,short,Loss,"Break and Retest , One Candle Rule",TSLA,,,0.0,0.0,,2000.0,-92.15686275
Backtesting,426800.0,423900.0,213.4,211.95,37.27,7779.8,209.51,2024-01-18 16:44:00 UTC,2024-01-18,10:57:45 EST,0.0,"",825.0,213.3999,2,211.95,2899.8,-1320.2,2899.8,TSLA,stock,"",2899.8,0.00684076,2024-01-18,10:44:00 EST,,2.19648538,,-180.2,3639.8,213.49,211.58,2.19648538,,false,short,Win,"Break and Retest , One Candle Rule",TSLA,,,0.0,0.0,,2000.0,79.66921259
Backtesting,232754.5,234250.5,211.595,212.955,85.27,1754.5,213.19,2024-01-19 14:39:00 UTC,2024-01-19,09:43:00 EST,0.0,"",240.0,211.595,2,212.955,1496.0,-940.5,2128.5,TSLA,stock,"",1496.0,0.00642737,2024-01-19,09:39:00 EST,,2.26315789,,-368.5,1644.5,211.26,213.09,1.59064327,,false,long,Win,"Break and Retest , One Candle Rule",TSLA,,,0.0,0.0,,1100.0,90.96989967
Backtesting,638176.0,637164.0,580.16,579.24,,,,,2024-01-19,10:49:45 EST,0.0,"",465.0,580.1601,2,579.24,-1012.11,-1012.11,2309.89,NVDA,stock,"",-1012.11,-0.00158594,2024-01-19,10:42:00 EST,,2.28225193,,-574515.26,0.0,57.8735,58.098,-1.0,,false,long,Loss,"Break and Retest , One Candle Rule",NVDA,,,0.0,0.0,,1100.0,-0.17616764
Backtesting,638295.9,640552.0,580.269,582.32,,,,,2024-01-19,11:05:38 EST,0.0,"",158.0,580.2694,2,582.32,2255.66,-1066.34,2255.66,NVDA,stock,"",2255.66,0.00353388,2024-01-19,11:03:00 EST,,2.11532907,,-574474.34,0.0,58.02,58.232,2.11532907,,false,long,Win,"Break and Retest , One Candle Rule",NVDA,,,0.0,0.0,,1100.0,0.39264765
Backtesting,255606.0,254604.0,213.005,212.17,,5754.12,217.8,2024-01-22 14:41:00 UTC,2024-01-22,09:43:35 EST,0.0,"",155.0,213.0049,2,212.17,-1001.88,-1001.88,2118.12,TSLA,stock,"",-1001.88,-0.00391963,2024-01-22,09:41:00 EST,,2.11414541,,-1109.88,234.12,212.08,213.2,-1.0,,false,long,Loss,"Break and Retest , One Candle Rule",TSLA,,,0.0,0.0,,1200.0,-90.26921829
Backtesting,255762.0,258432.0,213.135,215.36,47.7,5598.0,217.8,2024-01-22 14:49:00 UTC,2024-01-22,09:55:01 EST,0.0,"",361.0,213.135,2,215.36,2670.0,-1158.0,2670.0,TSLA,stock,"",2670.0,0.01043939,2024-01-22,09:49:00 EST,,2.30569948,,-330.0,3054.0,212.86,215.68,2.30569948,,false,long,Win,"Break and Retest , One Candle Rule",TSLA,,,0.0,0.0,,1200.0,87.42632613
Backtesting,566181.0,567273.5,595.98,597.13,,510033.15,59.103,2024-01-22 15:08:00 UTC,2024-01-22,10:09:31 EST,0.0,"",91.0,595.98,2,597.13,-1092.5,-1092.5,2280.0,NVDA,stock,"",-1092.5,-0.00192588,2024-01-22,10:08:00 EST,,2.08695652,,509418.5,509664.55,59.75,59.491,-1.0,,false,short,Loss,"Break and Retest , One Candle Rule",NVDA,,,0.0,0.0,,950.0,-207482.62548263
Backtesting,892110.0,890055.0,594.74,593.37,0.26,803505.0,59.07,2024-01-22 15:26:00 UTC,2024-01-22,10:26:48 EST,0.0,"",48.0,594.74,2,593.37,2055.0,-1020.0,2055.0,NVDA,stock,"",2055.0,0.00230885,2024-01-22,10:26:00 EST,,2.01470588,,802884.0,803157.0,59.484,59.302,2.01470588,,false,short,Win,"Break and Retest , One Candle Rule",NVDA,,,0.0,0.0,,1500.0,-293343.95604396
Backtesting,383340.75,381270.5,589.755,586.57,0.6,345260.565,58.585,2024-01-23 14:34:00 UTC,2024-01-23,09:35:12 EST,0.0,"",72.0,589.7551,2,586.57,2070.315,-1075.685,2070.315,NVDA,stock,"",2070.315,0.00543004,2024-01-23,09:34:00 EST,,1.92464801,,344999.59,345239.765,58.9865,58.617,1.92464801,,false,short,Win,"Break and Retest , One Candle Rule",NVDA,,,0.0,0.0,,650.0,-142783.08525034
Backtesting,451395.0,452355.0,601.86,603.14,,406365.75,60.039,2024-01-24 14:39:00 UTC,2024-01-24,09:46:55 EST,0.0,"",475.0,601.86,2,603.14,-960.0,-960.0,2070.0,NVDA,stock,"",-960.0,-0.00212223,2024-01-24,09:39:00 EST,,2.15625,,406127.25,406365.75,60.357,60.039,-1.0,,false,short,Loss,"Break and Retest , One Candle Rule",NVDA,,,0.0,0.0,,750.0,-170686.47798742
Backtesting,517905.0,520081.0,609.3,611.86,,,,,2024-01-24,09:55:31 EST,0.0,"",91.0,609.3,2,611.86,2176.0,-1003.0,2176.0,NVDA,stock,"",2176.0,0.00420154,2024-01-24,09:54:00 EST,,2.16949153,,-466138.3,0.0,60.902,61.2,2.16949153,,false,long,Win,"Break and Retest , One Candle Rule",NVDA,,,0.0,0.0,,850.0,0.46681425
Backtesting,159961.5,160990.0,188.19,189.4,,1011.5,187.0,2024-01-25 14:42:00 UTC,2024-01-25,09:45:04 EST,0.0,"",184.0,188.19,2,189.4,-1028.5,-1028.5,2116.5,TSLA,stock,"",-1028.5,-0.0063886,2024-01-25,09:42:00 EST,,2.05785124,,-1445.0,93.5,189.89,188.08,-1.0,,false,short,Loss,"Break and Retest , One Candle Rule",TSLA,,,0.0,0.0,,850.0,-71.17647059
Backtesting,159667.4,161007.0,187.844,189.42,,1482.145,186.1,2024-01-25 14:48:00 UTC,2024-01-25,09:50:43 EST,0.0,"",163.0,187.8437,2,189.42,-1339.855,-1339.855,2791.145,TSLA,stock,"",-1339.855,-0.00832172,2024-01-25,09:48:00 EST,,2.08316945,,-1339.855,147.645,189.42,187.67,-1.0,,false,short,Loss,"Break and Retest , One Candle Rule",TSLA,,,0.0,0.0,,850.0,-100.0
Backtesting,150136.0,148960.0,187.67,186.2,55.06,2136.0,185.0,2024-01-25 15:38:00 UTC,2024-01-25,11:22:00 EST,0.0,"",4440.0,187.67,2,186.2,1176.0,-1424.0,2960.0,TSLA,stock,"",1176.0,0.00789474,2024-01-25,10:08:00 EST,,2.07865169,,-464.0,2136.0,188.25,185.0,0.8258427,,false,short,Win,"Break and Retest , One Candle Rule",TSLA,,,0.0,0.0,,800.0,55.05617978
Backtesting,441204.0,439200.0,183.835,183.0,54.08,3705.6,182.291,2024-01-26 18:39:00 UTC,2024-01-26,10:11:22 EST,0.0,"",142.0,183.835,2,183.0,2004.0,-1020.0,2004.0,TSLA,stock,"",2004.0,0.00456284,2024-01-26,10:09:00 EST,,1.96470588,,-36.0,2004.0,183.85,183.0,1.96470588,,false,short,Win,"Break and Retest , One Candle Rule",TSLA,,,0.0,0.0,,2400.0,100.0
Backtesting,206672.4,205634.0,187.884,186.94,,3318.15,190.9,2024-01-29 16:15:00 UTC,2024-01-29,10:45:01 EST,0.0,"",1.0,187.8835,2,186.94,-1037.85,-1037.85,2328.15,TSLA,stock,"",-1037.85,-0.00502173,2024-01-29,10:45:00 EST,,2.24324324,,-2621.85,95.15,185.5,187.97,-1.0,,false,long,Loss,"Break and Retest , One Candle Rule",TSLA,,,0.0,0.0,,1100.0,-39.58464443
Backtesting,216039.0,218500.0,187.86,190.0,59.12,4163.0,191.48,2024-01-29 20:22:00 UTC,2024-01-29,11:23:34 EST,0.0,"",1294.0,187.86,2,190.0,2461.0,-1023.5,2461.0,TSLA,stock,"",2461.0,0.01139146,2024-01-29,11:02:00 EST,,2.40449438,,-253.0,2748.5,187.64,190.25,2.40449438,,false,long,Win,"Break and Retest , One Candle Rule",TSLA,,,0.0,0.0,,1150.0,89.53974895
Backtesting,273875.4,274869.4,192.87,193.57,,965.6,192.19,2024-01-30 14:38:00 UTC,2024-01-30,09:48:59 EST,0.0,"",659.0,192.87,2,193.57,-994.0,-994.0,1959.6,TSLA,stock,"",-994.0,-0.00361626,2024-01-30,09:38:00 EST,,1.97142857,,-1065.0,965.6,193.62,192.19,-1.0,,false,short,Loss,"Break and Retest , One Candle Rule",TSLA,,,0.0,0.0,,1420.0,-93.33333333
Backtesting,273605.6,274855.2,192.68,193.56,,85.2,192.62,2024-01-30 16:06:00 UTC,2024-01-30,10:06:26 EST,0.0,"",26.0,192.68,2,193.56,-1249.6,-1249.6,1718.2,TSLA,stock,"",-1249.6,-0.00454639,2024-01-30,10:06:00 EST,,1.375,,-1249.6,56.8,193.56,192.64,-1.0,,false,short,Loss,"Break and Retest , One Candle Rule",TSLA,,,0.0,0.0,,1420.0,-100.0
Backtesting,348533.9,347407.5,633.698,631.65,,,,,2024-01-30,10:39:34 EST,0.0,"",694.0,633.6984,2,631.65,-1126.62,-1126.62,2244.88,NVDA,stock,"",-1126.62,-0.00323245,2024-01-30,10:28:00 EST,,1.99257957,,-313795.57,0.0,63.161,63.379,-1.0,,false,long,Loss,"Break and Retest , One Candle Rule",NVDA,,,0.0,0.0,,550.0,-0.35902993
Backtesting,414136.8,416526.0,188.244,189.33,41.68,5733.42,190.8499,2024-01-31 15:39:00 UTC,2024-01-31,09:41:10 EST,0.0,"",130.0,188.2438,2,189.33,2389.64,-998.36,2389.64,TSLA,stock,"",2389.64,0.00577018,2024-01-31,09:39:00 EST,,2.39356545,,-536.36,2389.64,188.0,189.33,2.39356545,,false,long,Win,"Break and Retest , One Candle Rule",TSLA,,,0.0,0.0,,2200.0,100.0
Backtesting,528974.55,527884.0,622.323,621.04,,,,,2024-02-01,10:20:27 EST,0.0,"",327.0,622.3225,2,621.04,-1090.125,-1090.125,2122.875,NVDA,stock,"",-1090.125,-0.00206083,2024-02-01,10:15:00 EST,,1.94736842,,-476196.775,0.0,62.091,62.267,-1.0,,false,long,Loss,"Break and Retest , One Candle Rule",NVDA,,,0.0,0.0,,850.0,-0.22892322
Backtesting,528963.5,531020.5,622.31,624.73,,,,,2024-02-01,10:33:50 EST,0.0,"",290.0,622.31,2,624.73,2057.0,-1079.5,2057.0,NVDA,stock,"",2057.0,0.00388874,2024-02-01,10:29:00 EST,,1.90551181,,-476077.35,0.0,62.219,62.474,1.90551181,,false,long,Win,"Break and Retest , One Candle Rule",NVDA,,,0.0,0.0,,850.0,0.43207265
Backtesting,290953.8,293134.5,646.564,651.41,,,,,2024-02-02,09:46:59 EST,0.0,"",359.0,646.5638,2,651.41,2180.79,-1041.21,2180.79,NVDA,stock,"",2180.79,0.00749532,2024-02-02,09:41:00 EST,,2.09447662,,-261876.96,0.0,64.615,65.1445,2.09447662,,false,long,Win,"Break and Retest , One Candle Rule",NVDA,,,0.0,0.0,,450.0,0.83275367
Backtesting,379743.0,377748.0,180.83,179.88,16.32,12222.0,175.01,2024-02-05 15:41:00 UTC,2024-02-05,10:18:45 EST,0.0,"",465.0,180.83,2,179.88,1995.0,-987.0,1995.0,TSLA,stock,"",1995.0,0.0052813,2024-02-05,10:11:00 EST,,2.0212766,,-424.2,3045.0,181.032,179.38,2.0212766,,false,short,Win,"Break and Retest , One Candle Rule",TSLA,,,0.0,0.0,,2100.0,65.51724138
Backtesting,212232.5,211209.0,184.55,183.66,,2231.0,186.49,2024-02-06 14:50:00 UTC,2024-02-06,10:00:03 EST,0.0,"",603.0,184.55,2,183.66,-1023.5,-1023.5,2070.0,TSLA,stock,"",-1023.5,-0.00482254,2024-02-06,09:50:00 EST,,2.02247191,,-1955.0,805.0,182.85,185.25,-1.0,,false,long,Loss,"Break and Retest , One Candle Rule",TSLA,,,0.0,0.0,,1150.0,-52.35294118
Backtesting,212439.5,211232.0,184.73,183.68,,2023.54,186.49,2024-02-06 15:05:00 UTC,2024-02-06,10:22:59 EST,0.0,"",1079.0,184.7304,2,183.68,-1207.96,-1207.96,2426.04,TSLA,stock,"",-1207.96,-0.00568612,2024-02-06,10:05:00 EST,,2.00837776,,-1276.96,2023.54,183.62,186.49,-1.0,,false,long,Loss,"Break and Retest , One Candle Rule",TSLA,,,0.0,0.0,,1150.0,-94.59654179
Backtesting,390537.0,388521.0,185.97,185.01,29.18,6909.0,182.68,2024-02-07 14:50:00 UTC,2024-02-07,09:54:49 EST,0.0,"",289.0,185.97,2,185.01,2016.0,-1029.0,2016.0,TSLA,stock,"",2016.0,0.00518891,2024-02-07,09:50:00 EST,,1.95918367,,-945.0,2016.0,186.42,185.01,1.95918367,,false,short,Win,"Break and Retest , One Candle Rule",TSLA,,,0.0,0.0,,2100.0,100.0
Backtesting,240620.45,242634.0,687.487,693.24,,,,,2024-02-07,10:14:42 EST,0.0,"",522.0,687.4869,2,693.24,2013.585,-1020.915,2013.585,NVDA,stock,"",2013.585,0.0083683,2024-02-07,10:06:00 EST,,1.97233364,,-216567.015,0.0,68.724,69.343,1.97233364,,false,long,Win,"Break and Retest , One Candle Rule",NVDA,,,0.0,0.0,,350.0,0.92977456
Backtesting,242764.6,243737.0,186.742,187.49,,1510.47,185.58,2024-02-08 14:38:00 UTC,2024-02-08,09:47:52 EST,0.0,"",592.0,186.7419,2,187.49,-972.53,-972.53,1913.47,TSLA,stock,"",-972.53,-0.00399008,2024-02-08,09:38:00 EST,,1.96751771,,-1284.53,1510.47,187.73,185.58,-1.0,,false,short,Loss,"Break and Retest , One Candle Rule",TSLA,,,0.0,0.0,,1300.0,-75.71096043
Backtesting,336385.0,338432.5,192.22,193.39,61.58,3325.0,194.12,2024-02-09 14:38:00 UTC,2024-02-09,09:44:18 EST,0.0,"",378.0,192.22,2,193.39,2047.5,-997.5,2047.5,TSLA,stock,"",2047.5,0.00608678,2024-02-09,09:38:00 EST,,2.05263158,,-385.0,2345.0,192.0,193.56,2.05263158,,false,long,Win,"Break and Retest , One Candle Rule",TSLA,,,0.0,0.0,,1750.0,87.31343284
Backtesting,848316.0,851112.0,706.93,709.26,,,,,2024-02-09,09:56:12 EST,0.0,"",132.0,706.93,2,709.26,2796.0,-972.0,2796.0,NVDA,stock,"",2796.0,0.00329594,2024-02-09,09:54:00 EST,,2.87654321,,-763484.4,0.0,70.693,70.929,2.87654321,,false,long,Win,"Break and Retest , One Candle Rule",NVDA,,,0.0,0.0,,1200.0,0.36621573
Backtesting,309934.225,308843.25,729.257,726.69,,,,,2024-02-12,09:46:42 EST,0.0,"",222.0,729.2574,2,726.69,-1091.145,-1091.145,2402.355,NVDA,stock,"",-1091.145,-0.00352057,2024-02-12,09:43:00 EST,,2.20168264,,-279053.045,0.0,72.662,72.989,-1.0,,false,long,Loss,"Break and Retest , One Candle Rule",NVDA,,,0.0,0.0,,425.0,-0.39101706
Backtesting,219086.4,221076.0,730.288,736.92,,,,,2024-02-12,10:38:19 EST,0.0,"",739.0,730.2883,2,736.92,1989.51,-1025.49,1989.51,NVDA,stock,"",1989.51,0.00908093,2024-02-12,10:26:00 EST,,1.94005792,,-197202.99,0.0,72.945,73.7045,1.94005792,,false,long,Win,"Break and Retest , One Candle Rule",NVDA,,,0.0,0.0,,300.0,1.00886401
Backtesting,699864.05,698858.0,736.699,735.64,,,,,2024-02-14,09:50:17 EST,0.0,"",17.0,736.699,2,735.64,-1006.05,-1006.05,2147.95,NVDA,stock,"",-1006.05,-0.00143749,2024-02-14,09:50:00 EST,,2.13503305,,-629981.1,0.0,73.561,73.7,-1.0,,false,long,Loss,"Break and Retest , One Candle Rule",NVDA,,,0.0,0.0,,950.0,-0.15969527
Backtesting,737173.0,739170.0,737.173,739.17,,,,,2024-02-14,09:58:01 EST,0.0,"",121.0,737.1725,2,739.17,1997.5,-1002.5,1997.5,NVDA,stock,"",1997.5,0.00270968,2024-02-14,09:56:00 EST,,1.9925187,,-663510.4,0.0,73.6621,73.942,1.9925187,,false,long,Win,"Break and Retest , One Candle Rule",NVDA,,,0.0,0.0,,1000.0,0.30105029
Backtesting,263571.8,266185.0,189.62,191.5,30.62,8535.017,195.76,2024-02-15 15:01:00 UTC,2024-02-15,09:31:58 EST,0.0,"",58.0,189.6197,2,191.5,2613.617,-1000.383,2613.617,TSLA,stock,"",2613.617,0.00991616,2024-02-15,09:31:00 EST,,2.61261637,,-82.983,2669.217,189.56,191.54,2.61261637,,false,long,Win,"Break and Retest , One Candle Rule",TSLA,,,0.0,0.0,,1390.0,97.91699214
Backtesting,292412.0,290716.0,731.03,726.79,0.64,263452.0,72.4,2024-02-15 14:39:00 UTC,2024-02-15,09:41:34 EST,0.0,"",154.0,731.03,2,726.79,1696.0,-1000.0,1696.0,NVDA,stock,"",1696.0,0.00583387,2024-02-15,09:39:00 EST,,1.696,,263167.4,263364.0,73.1115,72.62,1.696,,false,short,Win,"Break and Retest , One Candle Rule",NVDA,,,0.0,0.0,,400.0,-132996.64292981
Backtesting,313796.8,314798.7,729.76,732.09,,282620.08,72.504,2024-02-16 15:00:00 UTC,2024-02-16,10:10:14 EST,0.0,"",614.0,729.76,2,732.09,-1001.9,-1001.9,2476.8,NVDA,stock,"",-1001.9,-0.00318267,2024-02-16,10:00:00 EST,,2.472103,,282297.58,282620.08,73.254,72.504,-1.0,,false,short,Loss,"Break and Retest , One Candle Rule",NVDA,,,0.0,0.0,,430.0,-87844.8
Backtesting,313710.8,314742.8,729.56,731.96,,282434.32,72.736,2024-02-16 15:13:00 UTC,2024-02-16,10:18:12 EST,0.0,"",312.0,729.56,2,731.96,-1032.0,-1032.0,2446.7,NVDA,stock,"",-1032.0,-0.00327887,2024-02-16,10:13:00 EST,,2.37083333,,282212.87,282434.32,73.251,72.736,-1.0,,false,short,Loss,"Break and Retest , One Candle Rule",NVDA,,,0.0,0.0,,430.0,-127904.66019417
Backtesting,177085.09,175020.3,194.599,192.33,41.8,4940.572,189.17,2024-02-20 17:20:00 UTC,2024-02-20,10:03:06 EST,0.0,"",786.0,194.5992,2,192.33,2064.972,-1001.728,2064.972,TSLA,stock,"",2064.972,0.01179847,2024-02-20,09:50:00 EST,,2.06140988,,-28.028,2155.972,194.63,192.23,2.06140988,,false,short,Win,"Break and Retest , One Candle Rule",TSLA,,,0.0,0.0,,910.0,95.77916596
Backtesting,265396.5,267394.5,196.59,198.07,51.93,3847.5,199.44,2024-02-21 14:45:00 UTC,2024-02-21,09:49:19 EST,0.0,"",259.0,196.59,2,198.07,1998.0,-999.0,1998.0,TSLA,stock,"",1998.0,0.00752836,2024-02-21,09:45:00 EST,,2.0,,-202.5,2079.0,196.44,198.13,2.0,,false,long,Win,"Break and Retest , One Candle Rule",TSLA,,,0.0,0.0,,1350.0,96.1038961
Backtesting,175496.9,177617.5,763.03,772.25,,,,,2024-02-22,09:47:17 EST,0.0,"",197.0,763.03,2,772.25,2120.6,-1055.7,2120.6,NVDA,stock,"",2120.6,0.0120834,2024-02-22,09:44:00 EST,,2.0087146,,-157962.62,0.0,76.236,77.25,2.0087146,,false,long,Win,"Break and Retest , One Candle Rule",NVDA,,,0.0,0.0,,230.0,1.3424695
Backtesting,176756.15,179172.3,768.505,779.01,,,,,2024-02-22,10:19:08 EST,0.0,"",1388.0,768.505,2,779.01,2416.15,-1010.85,2416.15,NVDA,stock,"",2416.15,0.0136694,2024-02-22,09:56:00 EST,,2.39021615,,-159138.15,0.0,76.6,78.085,2.39021615,,false,long,Win,"Break and Retest , One Candle Rule",NVDA,,,0.0,0.0,,230.0,1.51827202
Backtesting,451770.75,452770.5,194.31,194.74,,1836.75,193.52,2024-02-23 15:06:00 UTC,2024-02-23,10:18:46 EST,0.0,"",766.0,194.31,2,194.74,-999.75,-999.75,2022.75,TSLA,stock,"",-999.75,-0.00220807,2024-02-23,10:06:00 EST,,2.02325581,,-1510.5525,1627.5,194.9597,193.61,-1.0,,false,short,Loss,"Break and Retest , One Candle Rule",TSLA,,,0.0,0.0,,2325.0,-66.1843928
Backtesting,388388.0,389480.0,194.194,194.74,,1488.0,193.45,2024-02-23 15:53:00 UTC,2024-02-23,10:40:13 EST,0.0,"",1033.0,194.194,2,194.74,-1092.0,-1092.0,2408.0,TSLA,stock,"",-1092.0,-0.00280374,2024-02-23,10:23:00 EST,,2.20512821,,-1792.0,1348.0,195.09,193.52,-1.0,,false,short,Loss,"Break and Retest , One Candle Rule",TSLA,,,0.0,0.0,,2000.0,-60.9375
Backtesting,186668.0,187689.2,202.9,204.01,,1748.0,201.0,2024-02-27 14:39:00 UTC,2024-02-27,09:43:22 EST,0.0,"",262.0,202.9,2,204.01,-1021.2,-1021.2,2106.8,TSLA,stock,"",-1021.2,-0.00544091,2024-02-27,09:39:00 EST,,2.06306306,,-1076.4,1748.0,204.07,201.0,-1.0,,false,short,Loss,"Break and Retest , One Candle Rule",TSLA,,,0.0,0.0,,920.0,-94.87179487
Backtesting,242520.0,241512.0,202.1,201.26,,1980.0,203.75,2024-02-28 15:10:00 UTC,2024-02-28,09:44:25 EST,0.0,"",265.0,202.1,2,201.26,-1008.0,-1008.0,1980.0,TSLA,stock,"",-1008.0,-0.00415636,2024-02-28,09:40:00 EST,,1.96428571,,-1020.0,336.0,201.25,202.38,-1.0,,false,long,Loss,"Break and Retest , One Candle Rule",TSLA,,,0.0,0.0,,1200.0,-98.82352941
Backtesting,323888.0,325984.0,202.43,203.74,45.64,4592.0,205.3,2024-02-28 16:22:00 UTC,2024-02-28,10:34:45 EST,0.0,"",765.0,202.43,2,203.74,2096.0,-1024.0,2096.0,TSLA,stock,"",2096.0,0.00647137,2024-02-28,10:22:00 EST,,2.046875,,-848.0,2096.0,201.9,203.74,2.046875,,false,long,Win,"Break and Retest , One Candle Rule",TSLA,,,0.0,0.0,,1600.0,100.0
Backtesting,238461.0,237435.0,794.87,791.45,,,,,2024-02-29,09:44:16 EST,0.0,"",616.0,794.87,2,791.45,-1026.0,-1026.0,2004.0,NVDA,stock,"",-1026.0,-0.00430259,2024-02-29,09:34:00 EST,,1.95321637,,-214722.6,0.0,79.128,79.915,-1.0,,false,long,Loss,"Break and Retest , One Candle Rule",NVDA,,,0.0,0.0,,300.0,-0.47782581
Backtesting,238566.0,237441.0,795.22,791.47,,,,,2024-02-29,10:11:19 EST,0.0,"",1099.0,795.22,2,791.47,-1125.0,-1125.0,2247.0,NVDA,stock,"",-1125.0,-0.00471568,2024-02-29,09:53:00 EST,,1.99733333,,-214833.0,0.0,79.11,79.785,-1.0,,false,long,Loss,"Break and Retest , One Candle Rule",NVDA,,,0.0,0.0,,300.0,-0.52366257
Backtesting,484350.0,486570.0,807.25,810.95,,,,,2024-03-01,10:56:02 EST,0.0,"",2162.0,807.25,2,810.95,2220.0,-1098.0,2220.0,NVDA,stock,"",2220.0,0.00458346,2024-03-01,10:20:00 EST,,2.02185792,,-436006.8,0.0,80.572,81.198,2.02185792,,false,long,Win,"Break and Retest , One Candle Rule",NVDA,,,0.0,0.0,,600.0,0.50916637
Backtesting,508272.0,510678.0,847.12,851.13,,,,,2024-03-04,09:40:56 EST,0.0,"",116.0,847.12,2,851.13,2406.0,-1212.0,2406.0,NVDA,stock,"",2406.0,0.00473369,2024-03-04,09:39:00 EST,,1.98514851,,-457491.0,0.0,84.635,85.233,1.98514851,,false,long,Win,"Break and Retest , One Candle Rule",NVDA,,,0.0,0.0,,600.0,0.52591199
Backtesting,165938.4,163732.5,194.08,191.5,57.21,3856.05,189.57,2024-03-04 16:13:00 UTC,2024-03-04,10:37:09 EST,0.0,"",3249.0,194.08,2,191.5,2205.9,-1000.35,2205.9,TSLA,stock,"",2205.9,0.01347258,2024-03-04,09:43:00 EST,,2.20512821,,-393.3,2325.6,194.54,191.36,2.20512821,,false,short,Win,"Break and Retest , One Candle Rule",TSLA,,,0.0,0.0,,855.0,94.85294118
Backtesting,730140.075,728998.65,853.965,852.63,,,,,2024-03-04,10:43:07 EST,0.0,"",67.0,853.965,2,852.63,-1141.425,-1141.425,2594.925,NVDA,stock,"",-1141.425,-0.0015633,2024-03-04,10:42:00 EST,,2.27340824,,-657292.365,0.0,85.202,85.545,-1.0,,false,long,Loss,"Break and Retest , One Candle Rule",NVDA,,,0.0,0.0,,855.0,-0.1736556
Backtesting,428582.53,427578.3,183.941,183.51,,1512.636,184.59,2024-03-05 14:51:00 UTC,2024-03-05,09:55:15 EST,0.0,"",255.0,183.9408,2,183.51,-1003.764,-1003.764,2001.936,TSLA,stock,"",-1003.764,-0.00234206,2024-03-05,09:51:00 EST,,1.99442897,,-1260.064,1512.636,183.4,184.59,-1.0,,false,long,Loss,"Break and Retest , One Candle Rule",TSLA,,,0.0,0.0,,2330.0,-79.65976331
Backtesting,428603.5,427555.0,183.95,183.5,,932.0,184.35,2024-03-05 15:03:00 UTC,2024-03-05,10:04:59 EST,0.0,"",119.0,183.95,2,183.5,-1048.5,-1048.5,1980.5,TSLA,stock,"",-1048.5,-0.00244632,2024-03-05,10:03:00 EST,,1.88888889,,-1095.1,932.0,183.48,184.35,-1.0,,false,long,Loss,"Break and Retest , One Candle Rule",TSLA,,,0.0,0.0,,2330.0,-95.74468085
Backtesting,232464.74,231458.66,887.27,883.43,,,,,2024-03-06,09:50:33 EST,0.0,"",93.0,887.27,2,883.43,-1006.08,-1006.08,2025.26,NVDA,stock,"",-1006.08,-0.00432788,2024-03-06,09:49:00 EST,,2.01302083,,-209322.28,0.0,88.33,88.796,-1.0,,false,long,Loss,"Break and Retest , One Candle Rule",NVDA,,,0.0,0.0,,262.0,-0.48063684
Backtesting,443450.0,441275.0,177.38,176.51,23.64,9200.0,173.7,2024-03-06 14:49:00 UTC,2024-03-06,09:57:20 EST,0.0,"",500.0,177.38,2,176.51,2175.0,-1000.0,2175.0,TSLA,stock,"",2175.0,0.0049289,2024-03-06,09:49:00 EST,,2.175,,-290.5,2400.0,177.4962,176.42,2.175,,false,short,Win,"Break and Retest , One Candle Rule",TSLA,,,0.0,0.0,,2500.0,90.625
Backtesting,591337.5,593216.0,909.75,912.64,,,,,2024-03-07,10:16:57 EST,0.0,"",117.0,909.75,2,912.64,1878.5,-1040.0,1878.5,NVDA,stock,"",1878.5,0.0031767,2024-03-07,10:15:00 EST,,1.80625,,-532242.75,0.0,90.915,91.266,1.80625,,false,long,Win,"Break and Retest , One Candle Rule",NVDA,,,0.0,0.0,,650.0,0.35294046
Backtesting,592527.0,594672.0,911.58,914.88,,,,,2024-03-07,10:24:43 EST,0.0,"",283.0,911.5801,2,914.88,2144.935,-1098.565,2144.935,NVDA,stock,"",2144.935,0.00361998,2024-03-07,10:20:00 EST,,1.95248802,,-533274.365,0.0,91.158,91.527,1.95248802,,false,long,Win,"Break and Retest , One Candle Rule",NVDA,,,0.0,0.0,,650.0,0.40221978
Backtesting,628147.65,627081.0,966.381,964.74,,,,,2024-03-08,10:16:40 EST,0.0,"",280.0,966.3811,2,964.74,-1066.715,-1066.715,2098.785,NVDA,stock,"",-1066.715,-0.00169819,2024-03-08,10:12:00 EST,,1.96752178,,-565505.915,0.0,96.372,96.749,-1.0,,false,long,Loss,"Break and Retest , One Candle Rule",NVDA,,,0.0,0.0,,650.0,-0.18863021
Backtesting,627803.8,630409.0,965.852,969.86,,,,,2024-03-08,10:28:19 EST,0.0,"",439.0,965.852,2,969.86,2605.2,-1359.8,2605.2,NVDA,stock,"",2605.2,0.0041497,2024-03-08,10:21:00 EST,,1.91586998,,-565141.85,0.0,96.403,96.992,1.91586998,,false,long,Win,"Break and Retest , One Candle Rule",NVDA,,,0.0,0.0,,650.0,0.46098161
Backtesting,629993.0,628628.0,969.22,967.12,,,,,2024-03-08,10:35:42 EST,0.0,"",42.0,969.22,2,967.12,-1365.0,-1365.0,2801.5,NVDA,stock,"",-1365.0,-0.00216669,2024-03-08,10:35:00 EST,,2.05238095,,-567131.5,0.0,96.71,97.075,-1.0,,false,long,Loss,"Break and Retest , One Candle Rule",NVDA,,,0.0,0.0,,650.0,-0.24068492
Backtesting,179930.0,181930.0,179.93,181.93,68.03,2940.0,182.87,2024-03-11 13:49:00 UTC,2024-03-11,09:56:17 EDT,0.0,"",437.0,179.93,2,181.93,2000.0,-1010.0,2000.0,TSLA,stock,"",2000.0,0.01111543,2024-03-11,09:49:00 EDT,,1.98019802,,-280.0,2060.0,179.65,181.99,1.98019802,,false,long,Win,"Break and Retest , One Candle Rule",TSLA,,,0.0,0.0,,1000.0,97.08737864
Backtesting,185207.4,184188.9,881.94,877.09,,,,,2024-03-11,10:37:36 EDT,0.0,"",96.0,881.94,2,877.09,-1018.5,-1018.5,1995.0,NVDA,stock,"",-1018.5,-0.00549924,2024-03-11,10:36:00 EDT,,1.95876289,,-166807.62,0.0,87.618,88.228,-1.0,,false,long,Loss,"Break and Retest , One Candle Rule",NVDA,,,0.0,0.0,,210.0,-0.61058362
Backtesting,158679.9,157642.2,881.555,875.79,,,,,2024-03-11,11:08:44 EDT,0.0,"",1004.0,881.555,2,875.79,-1037.7,-1037.7,2751.3,NVDA,stock,"",-1037.7,-0.00653958,2024-03-11,10:52:00 EDT,,2.65134432,,-142929.18,0.0,87.504,88.797,-1.0,,false,long,Loss,"Break and Retest , One Candle Rule",NVDA,,,0.0,0.0,,180.0,-0.7260239
Backtesting,296143.4,293981.0,174.202,172.93,70.98,3046.06,172.4101,2024-03-12 13:37:00 UTC,2024-03-12,09:42:58 EDT,0.0,"",358.0,174.2019,2,172.93,2162.23,-1050.77,2162.23,TSLA,stock,"",2162.23,0.007355,2024-03-12,09:37:00 EDT,,2.05775764,,-659.77,2519.23,174.59,172.72,2.05775764,,false,short,Win,"Break and Retest , One Candle Rule",TSLA,,,0.0,0.0,,1700.0,85.82900331
Backtesting,448186.5,450310.0,896.373,900.62,,,,,2024-03-12,10:50:02 EDT,0.0,"",182.0,896.3731,2,900.62,2123.45,-1011.55,2123.45,NVDA,stock,"",2123.45,0.00473787,2024-03-12,10:47:00 EDT,,2.09920419,,-403368.15,0.0,89.6368,90.248,2.09920419,,false,long,Win,"Break and Retest , One Candle Rule",NVDA,,,0.0,0.0,,500.0,0.52642976
Backtesting,223268.75,221232.5,893.075,884.93,1.01,201160.0,88.435,2024-03-13 13:57:00 UTC,2024-03-13,10:02:00 EDT,0.0,"",300.0,893.075,2,884.93,2036.25,-1016.25,2036.25,NVDA,stock,"",2036.25,0.00920412,2024-03-13,09:57:00 EDT,,2.00369004,,200916.5,201160.0,89.409,88.435,2.00369004,,false,short,Win,"Break and Retest , One Candle Rule",NVDA,,,0.0,0.0,,250.0,-81675.66735113
Backtesting,275608.0,276624.0,172.255,172.89,,2648.16,170.6,2024-03-13 14:15:00 UTC,2024-03-13,10:18:39 EDT,0.0,"",219.0,172.2551,2,172.89,-1015.84,-1015.84,2024.16,TSLA,stock,"",-1015.84,-0.00367228,2024-03-13,10:15:00 EDT,,1.99259726,,-1143.84,408.16,172.97,172.0,-1.0,,false,short,Loss,"Break and Retest , One Candle Rule",TSLA,,,0.0,0.0,,1600.0,-88.80962372
Backtesting,399457.6,397439.2,172.18,171.31,42.03,4802.4,170.11,2024-03-13 18:01:00 UTC,2024-03-13,10:35:44 EDT,0.0,"",284.0,172.18,2,171.31,2018.4,-997.6,2018.4,TSLA,stock,"",2018.4,0.00507851,2024-03-13,10:31:00 EDT,,2.02325581,,-81.2,2157.368,172.215,171.2501,2.02325581,,false,short,Win,"Break and Retest , One Candle Rule",TSLA,,,0.0,0.0,,2320.0,93.55844714
Backtesting,335020.0,332520.0,167.51,166.26,42.96,5820.0,164.6,2024-03-14 14:47:00 UTC,2024-03-14,09:48:34 EDT,0.0,"",94.0,167.51,2,166.26,2500.0,-1020.0,2500.0,TSLA,stock,"",2500.0,0.00751834,2024-03-14,09:47:00 EDT,,2.45098039,,-120.0,2620.0,167.57,166.2,2.45098039,,false,short,Win,"Break and Retest , One Candle Rule",TSLA,,,0.0,0.0,,2000.0,95.41984733
Backtesting,264663.0,262539.0,882.21,875.13,0.89,238683.0,86.6,2024-03-14 15:59:00 UTC,2024-03-14,10:01:12 EDT,0.0,"",132.0,882.21,2,875.13,2124.0,-1020.0,2124.0,NVDA,stock,"",2124.0,0.00809023,2024-03-14,09:59:00 EDT,,2.08235294,,238187.25,238426.2,88.2525,87.456,2.08235294,,false,short,Win,"Break and Retest , One Candle Rule",NVDA,,,0.0,0.0,,300.0,-98791.90207156
Backtesting,263703.0,262647.0,879.01,875.49,,,,,2024-03-15,10:01:32 EDT,0.0,"",32.0,879.01,2,875.49,-1056.0,-1056.0,2109.0,NVDA,stock,"",-1056.0,-0.00400451,2024-03-15,10:01:00 EDT,,1.99715909,,-237452.7,0.0,87.501,88.04,-1.0,,false,long,Loss,"Break and Retest , One Candle Rule",NVDA,,,0.0,0.0,,300.0,-0.44472015
Backtesting,290122.8,292149.0,879.16,885.3,,,,,2024-03-15,10:25:32 EDT,0.0,"",692.0,879.16,2,885.3,2026.2,-1009.8,2026.2,NVDA,stock,"",2026.2,0.00698394,2024-03-15,10:14:00 EDT,,2.00653595,,-261177.741,0.0,87.7123,88.555,2.00653595,,false,long,Win,"Break and Retest , One Candle Rule",NVDA,,,0.0,0.0,,330.0,0.77579352
Backtesting,321523.3,320495.0,918.638,915.7,,,,,2024-03-18,09:43:59 EDT,0.0,"",59.0,918.638,2,915.7,-1028.3,-1028.3,2237.2,NVDA,stock,"",-1028.3,-0.00319821,2024-03-18,09:43:00 EDT,,2.17562968,,-289478.0,0.0,91.558,91.889,-1.0,,false,long,Loss,"Break and Retest , One Candle Rule",NVDA,,,0.0,0.0,,350.0,-0.35522561
Backtesting,299327.0,300342.0,855.22,858.12,,269573.5,85.01,2024-03-19 13:46:00 UTC,2024-03-19,09:48:57 EDT,0.0,"",177.0,855.22,2,858.12,-1015.0,-1015.0,2219.0,NVDA,stock,"",-1015.0,-0.00337948,2024-03-19,09:46:00 EDT,,2.1862069,,269285.45,269573.5,85.833,85.01,-1.0,,false,short,Loss,"Break and Retest , One Candle Rule",NVDA,,,0.0,0.0,,350.0,-93838.03159174
Backtesting,315291.9,314268.5,900.834,897.91,,,,,2024-03-20,09:35:11 EDT,0.0,"",71.0,900.8339,2,897.91,-1023.365,-1023.365,2042.635,NVDA,stock,"",-1023.365,-0.00324577,2024-03-20,09:34:00 EDT,,1.9959985,,-283949.015,0.0,89.551,90.27,-1.0,,false,long,Loss,"Break and Retest , One Candle Rule",NVDA,,,0.0,0.0,,350.0,-0.36040449
Backtesting,487632.75,488653.0,886.605,888.46,,439091.4,88.257,2024-03-20 13:47:00 UTC,2024-03-20,09:50:49 EDT,0.0,"",229.0,886.605,2,888.46,-1020.25,-1020.25,2279.75,NVDA,stock,"",-1020.25,-0.00208788,2024-03-20,09:47:00 EDT,,2.23450135,,438766.35,439091.4,88.848,88.257,-1.0,,false,short,Loss,"Break and Retest , One Candle Rule",NVDA,,,0.0,0.0,,550.0,-135298.13874788
Backtesting,364587.2,362596.0,911.468,906.49,0.61,328425.08,90.405,2024-03-21 13:47:00 UTC,2024-03-21,09:49:37 EDT,0.0,"",157.0,911.4677,2,906.49,1991.08,-996.92,1991.08,NVDA,stock,"",1991.08,0.00549118,2024-03-21,09:47:00 EDT,,1.99723147,,328047.08,328343.48,91.35,90.609,1.99723147,,false,short,Win,"Break and Retest , One Candle Rule",NVDA,,,0.0,0.0,,400.0,-110005.39811066
Backtesting,383746.0,384758.0,174.43,174.89,,990.0,173.98,2024-03-21 14:05:00 UTC,2024-03-21,10:15:12 EDT,0.0,"",612.0,174.43,2,174.89,-1012.0,-1012.0,2178.0,TSLA,stock,"",-1012.0,-0.00263022,2024-03-21,10:05:00 EDT,,2.15217391,,-1628.0,990.0,175.17,173.98,-1.0,,false,short,Loss,"Break and Retest , One Candle Rule",TSLA,,,0.0,0.0,,2200.0,-62.16216216
Backtesting,524495.2,527031.0,169.192,170.01,50.25,5046.8,170.82,2024-03-22 17:09:00 UTC,2024-03-22,10:12:21 EDT,0.0,"",201.0,169.192,2,170.01,2535.8,-998.2,2535.8,TSLA,stock,"",2535.8,0.00483474,2024-03-22,10:09:00 EDT,,2.54037267,,-688.2,2597.8,168.97,170.03,2.54037267,,false,long,Win,"Break and Retest , One Candle Rule",TSLA,,,0.0,0.0,,3100.0,97.61336516
Backtesting,387837.45,389922.3,945.945,951.03,,,,,2024-03-25,09:51:07 EDT,0.0,"",127.0,945.945,2,951.03,2084.85,-1027.05,2084.85,NVDA,stock,"",2084.85,0.00537558,2024-03-25,09:49:00 EDT,,2.02994012,,-349082.979,0.0,94.5231,95.187,2.02994012,,false,long,Win,"Break and Retest , One Candle Rule",NVDA,,,0.0,0.0,,410.0,0.59723622
Backtesting,252322.0,254380.0,180.23,181.7,36.57,5628.0,184.25,2024-03-26 14:38:00 UTC,2024-03-26,09:41:07 EDT,0.0,"",187.0,180.23,2,181.7,2058.0,-1036.0,2058.0,TSLA,stock,"",2058.0,0.00815624,2024-03-26,09:38:00 EDT,,1.98648649,,-392.0,2142.0,179.95,181.76,1.98648649,,false,long,Win,"Break and Retest , One Candle Rule",TSLA,,,0.0,0.0,,1400.0,96.07843137
Backtesting,254520.0,254520.0,181.8,181.8,,2127.86,183.32,2024-03-26 14:15:00 UTC,2024-03-26,10:08:00 EDT,0.0,"",1380.0,181.8001,2,181.8,-0.14,-1260.14,2533.86,TSLA,stock,"",-0.14,-0.00000055,2024-03-26,09:45:00 EDT,,2.01077658,,-952.14,2071.86,181.12,183.28,-0.0001111,,false,long,Loss,"Break and Retest , One Candle Rule",TSLA,,,0.0,0.0,,1400.0,-0.01470372
Backtesting,392590.0,390346.0,178.45,177.43,41.63,5390.0,176.0,2024-03-27 13:39:00 UTC,2024-03-27,09:44:02 EDT,0.0,"",302.0,178.45,2,177.43,2244.0,-1078.0,2244.0,TSLA,stock,"",2244.0,0.00574875,2024-03-27,09:39:00 EDT,,2.08163265,,-220.0,3168.0,178.55,177.01,2.08163265,,false,short,Win,"Break and Retest , One Candle Rule",TSLA,,,0.0,0.0,,2200.0,70.83333333
Backtesting,248103.0,245940.3,918.9,910.89,0.97,224039.79,89.123,2024-03-27 13:36:00 UTC,2024-03-27,09:44:30 EDT,0.0,"",510.0,918.9,2,910.89,2162.7,-1031.4,2162.7,NVDA,stock,"",2162.7,0.0087936,2024-03-27,09:36:00 EDT,,2.09685864,,223288.65,223532.19,91.905,91.003,2.09685864,,false,short,Win,"Break and Retest , One Candle Rule",NVDA,,,0.0,0.0,,270.0,-90796.5631929
Backtesting,363917.2,362860.0,909.793,907.15,,,,,2024-03-28,09:57:32 EDT,0.0,"",92.0,909.7926,2,907.15,-1057.04,-1057.04,2054.96,NVDA,stock,"",-1057.04,-0.00290462,2024-03-28,09:56:00 EDT,,1.94407023,,-327646.64,0.0,90.676,91.188,-1.0,,false,long,Loss,"Break and Retest , One Candle Rule",NVDA,,,0.0,0.0,,400.0,-0.32261585
Backtesting,399520.0,402133.6,908.0,913.94,,,,,2024-04-01,09:36:13 EDT,0.0,"",73.0,908.0,2,913.94,2613.6,-1007.6,2613.6,NVDA,stock,"",2613.6,0.00654185,2024-04-01,09:35:00 EDT,,2.59388646,,-359594.4,0.0,90.74,91.4477,2.59388646,,false,long,Win,"Break and Retest , One Candle Rule",NVDA,,,0.0,0.0,,440.0,0.72681888
Backtesting,263703.0,264714.0,879.01,882.38,,237349.2,87.846,2024-04-02 13:44:00 UTC,2024-04-02,09:45:43 EDT,0.0,"",103.0,879.01,2,882.38,-1011.0,-1011.0,2049.0,NVDA,stock,"",-1011.0,-0.00381922,2024-04-02,09:44:00 EDT,,2.02670623,,237213.3,237349.2,88.299,87.846,-1.0,,false,short,Loss,"Break and Retest , One Candle Rule",NVDA,,,0.0,0.0,,300.0,-175293.81898455
Backtesting,263598.0,264597.0,878.66,881.99,,237312.0,87.62,2024-04-02 14:16:00 UTC,2024-04-02,10:37:25 EDT,0.0,"",1285.0,878.66,2,881.99,-999.0,-999.0,2061.0,NVDA,stock,"",-999.0,-0.00377555,2024-04-02,10:16:00 EDT,,2.06306306,,237138.0,237312.0,88.2,87.62,-1.0,,false,short,Loss,"Break and Retest , One Candle Rule",NVDA,,,0.0,0.0,,300.0,-136860.34482759
Backtesting,490860.0,491940.0,163.62,163.98,,1020.0,163.28,2024-04-03 13:53:00 UTC,2024-04-03,09:54:46 EDT,0.0,"",106.0,163.62,2,163.98,-1080.0,-1080.0,2160.0,TSLA,stock,"",-1080.0,-0.00219539,2024-04-03,09:53:00 EDT,,2.0,,-1440.0,210.0,164.1,163.55,-1.0,,false,short,Loss,"Break and Retest , One Candle Rule",TSLA,,,0.0,0.0,,3000.0,-75.0
Backtesting,376740.0,378777.0,897.0,901.85,,,,,2024-04-03,10:24:02 EDT,0.0,"",542.0,897.0,2,901.85,2037.0,-999.6,2037.0,NVDA,stock,"",2037.0,0.00540691,2024-04-03,10:15:00 EDT,,2.03781513,,-339079.86,0.0,89.667,90.262,2.03781513,,false,long,Win,"Break and Retest , One Candle Rule",NVDA,,,0.0,0.0,,420.0,0.60074344
Backtesting,437923.2,438932.0,168.432,168.82,,1098.24,168.01,2024-04-04 13:39:00 UTC,2024-04-04,09:39:37 EDT,0.0,"",37.0,168.4324,2,168.82,-1007.76,-1007.76,2060.24,TSLA,stock,"",-1007.76,-0.00229594,2024-04-04,09:39:00 EDT,,2.04437564,,-1085.76,103.22,168.85,168.3927,-1.0,,false,short,Loss,"Break and Retest , One Candle Rule",TSLA,,,0.0,0.0,,2600.0,-92.81609195
Backtesting,512580.0,514620.0,170.86,171.54,26.56,7680.0,173.42,2024-04-04 15:19:00 UTC,2024-04-04,11:13:52 EDT,0.0,"",1492.0,170.86,2,171.54,2040.0,-990.0,2040.0,TSLA,stock,"",2040.0,0.00397987,2024-04-04,10:49:00 EDT,,2.06060606,,-900.0,2370.0,170.56,171.65,2.06060606,,false,long,Win,"Break and Retest , One Candle Rule",TSLA,,,0.0,0.0,,3000.0,86.07594937
Backtesting,251797.5,252810.0,167.865,168.54,,11032.5,160.51,2024-04-05 15:15:00 UTC,2024-04-05,09:49:24 EDT,0.0,"",264.0,167.865,2,168.54,-1012.5,-1012.5,2107.5,TSLA,stock,"",-1012.5,-0.00400498,2024-04-05,09:45:00 EDT,,2.08148148,,-1087.5,1117.5,168.59,167.12,-1.0,,false,short,Loss,"Break and Retest , One Candle Rule",TSLA,,,0.0,0.0,,1500.0,-93.10344828
Backtesting,656373.75,655290.0,875.165,873.72,,,,,2024-04-05,09:58:34 EDT,0.0,"",94.0,875.165,2,873.72,-1083.75,-1083.75,1916.25,NVDA,stock,"",-1083.75,-0.00165112,2024-04-05,09:57:00 EDT,,1.76816609,,-590849.25,0.0,87.366,87.56,-1.0,,false,long,Loss,"Break and Retest , One Candle Rule",NVDA,,,0.0,0.0,,750.0,-0.18342242
Backtesting,621086.7,622925.6,874.77,877.36,,,,,2024-04-05,10:59:08 EDT,0.0,"",128.0,874.77,2,877.36,1838.9,-1001.1,1838.9,NVDA,stock,"",1838.9,0.00296078,2024-04-05,10:57:00 EDT,,1.83687943,,-558984.42,0.0,87.468,87.754,1.83687943,,false,long,Win,"Break and Retest , One Candle Rule",NVDA,,,0.0,0.0,,710.0,0.3289716
Backtesting,539586.0,542779.0,174.06,175.09,19.96,15996.0,179.22,2024-04-09 14:16:00 UTC,2024-04-09,09:47:48 EDT,0.0,"",48.001,174.06,2,175.09,3193.0,-992.0,3193.0,TSLA,stock,"",3193.0,0.0059175,2024-04-09,09:46:59 EDT,,3.21875,,-93.0,3534.0,174.03,175.2,3.21875,,false,long,Win,"Break and Retest , One Candle Rule",TSLA,,,0.0,0.0,,3100.0,90.35087719
Backtesting,776484.0,774234.0,862.76,860.26,0.32,701764.2,83.022,2024-04-09 14:33:00 UTC,2024-04-09,10:06:44 EDT,0.0,"",164.001,862.76,2,860.26,2250.0,-1062.0,2250.0,NVDA,stock,"",2250.0,0.0029061,2024-04-09,10:03:59 EDT,,2.11864407,,698827.5,699081.3,86.285,86.003,2.11864407,,false,short,Win,"Break and Retest , One Candle Rule",NVDA,,,0.0,0.0,,900.0,-274459.21985816
Backtesting,342818.0,345008.0,857.045,862.52,,,,,2024-04-10,09:44:16 EDT,0.0,"",136.001,857.045,2,862.52,2190.0,-1094.0,2190.0,NVDA,stock,"",2190.0,0.00638823,2024-04-10,09:41:59 EDT,,2.00182815,,-308619.2,0.0,85.497,86.264,2.00182815,,false,long,Win,"Break and Retest , One Candle Rule",NVDA,,,0.0,0.0,,400.0,0.70961236
Backtesting,308283.5,307163.5,880.81,877.61,,,,,2024-04-11,09:43:48 EDT,0.0,"",108.001,880.81,2,877.61,-1120.0,-1120.0,2117.5,NVDA,stock,"",-1120.0,-0.00363302,2024-04-11,09:41:59 EDT,,1.890625,,-277568.9,0.0,87.756,88.12,-1.0,,false,long,Loss,"Break and Retest , One Candle Rule",NVDA,,,0.0,0.0,,350.0,-0.40350342
Backtesting,291754.0,289731.0,171.62,170.43,38.26,5287.0,168.51,2024-04-11 14:16:00 UTC,2024-04-11,09:49:40 EDT,0.0,"",160.001,171.62,2,170.43,2023.0,-1003.0,2023.0,TSLA,stock,"",2023.0,0.00698234,2024-04-11,09:46:59 EDT,,2.01694915,,-153.0,2244.0,171.71,170.3,2.01694915,,false,short,Win,"Break and Retest , One Candle Rule",TSLA,,,0.0,0.0,,1700.0,90.15151515
Backtesting,623371.0,624428.0,890.53,892.04,,561339.8,88.616,2024-04-12 14:12:00 UTC,2024-04-12,09:43:31 EDT,0.0,"",31.001,890.53,2,892.04,-1057.0,-1057.0,2065.0,NVDA,stock,"",-1057.0,-0.00169275,2024-04-12,09:42:59 EDT,,1.95364238,,560896.0,561063.09,89.25,89.0113,-1.0,,false,short,Loss,"Break and Retest , One Candle Rule",NVDA,,,0.0,0.0,,700.0,-336317.55341433
Backtesting,805482.0,807264.0,894.98,896.96,,,,,2024-04-15,09:43:06 EDT,0.0,"",66.001,894.98,2,896.96,1782.0,-1035.0,1782.0,NVDA,stock,"",1782.0,0.00221234,2024-04-15,09:41:59 EDT,,1.72173913,,-724946.4,0.0,89.484,89.71,1.72173913,,false,long,Win,"Break and Retest , One Candle Rule",NVDA,,,0.0,0.0,,900.0,0.24581128
Backtesting,599472.0,596448.0,166.52,165.68,31.7,9539.64,163.87,2024-04-15 16:18:00 UTC,2024-04-15,09:51:34 EDT,0.0,"",154.001,166.5199,2,165.68,3023.64,-1080.36,3023.64,TSLA,stock,"",3023.64,0.00506941,2024-04-15,09:48:59 EDT,,2.79873376,,-360.36,3275.64,166.62,165.61,2.79873376,,false,short,Win,"Break and Retest , One Candle Rule",TSLA,,,0.0,0.0,,3600.0,92.30684691
Backtesting,874828.0,873700.0,874.828,873.7,,,,,2024-04-16,10:03:26 EDT,0.0,"",26.001,874.8275,2,873.7,-1127.5,-1127.5,2442.5,NVDA,stock,"",-1127.5,-0.00128883,2024-04-16,10:02:59 EDT,,2.16629712,,-787459.3,0.0,87.3682,87.545,-1.0,,false,long,Loss,"Break and Retest , One Candle Rule",NVDA,,,0.0,0.0,,1000.0,-0.143182
Backtesting,524940.0,527142.0,874.9,878.57,,,,,2024-04-16,10:15:41 EDT,0.0,"",521.001,874.9,2,878.57,2202.0,-1086.0,2202.0,NVDA,stock,"",2202.0,0.00419477,2024-04-16,10:06:59 EDT,,2.02762431,,-472522.2,0.0,87.363,87.9,2.02762431,,false,long,Win,"Break and Retest , One Candle Rule",NVDA,,,0.0,0.0,,600.0,0.46600985
Backtesting,353452.0,352388.0,883.63,880.97,,,,,2024-04-17,09:39:24 EDT,0.0,"",204.001,883.63,2,880.97,-1064.0,-1064.0,2240.0,NVDA,stock,"",-1064.0,-0.00301031,2024-04-17,09:35:59 EDT,,2.10526316,,-318243.6,0.0,88.021,88.61,-1.0,,false,long,Loss,"Break and Retest , One Candle Rule",NVDA,,,0.0,0.0,,400.0,-0.33433508
Backtesting,483903.75,481811.0,879.825,876.02,0.48,437774.15,83.872,2024-04-17 19:44:00 UTC,2024-04-17,09:48:48 EDT,0.0,"",228.001,879.825,2,876.02,2092.75,-1036.75,2092.75,NVDA,stock,"",2092.75,0.00434351,2024-04-17,09:44:59 EDT,,2.01856764,,435449.3,435739.7,88.099,87.571,2.01856764,,false,short,Win,"Break and Retest , One Candle Rule",NVDA,,,0.0,0.0,,550.0,-149227.46212121
Backtesting,270283.0,271319.75,831.64,834.83,,242844.875,84.425,2024-04-18 14:12:00 UTC,2024-04-18,09:43:14 EDT,0.0,"",14.001,831.64,2,834.83,-1036.75,-1036.75,2447.25,NVDA,stock,"",-1036.75,-0.00382114,2024-04-18,09:42:59 EDT,,2.36050157,,243150.375,243259.25,83.485,83.15,-1.0,,false,short,Loss,"Break and Retest , One Candle Rule",NVDA,,,0.0,0.0,,325.0,-224282.08955224
Backtesting,451626.25,453849.6,852.125,856.32,,,,,2024-04-18,10:56:08 EDT,0.0,"",848.001,852.125,2,856.32,2223.35,-1036.15,2223.35,NVDA,stock,"",2223.35,0.00492299,2024-04-18,10:41:59 EDT,,2.14578005,,-406496.008,0.0,85.1514,85.649,2.14578005,,false,long,Win,"Break and Retest , One Candle Rule",NVDA,,,0.0,0.0,,530.0,0.54695494
Backtesting,265278.75,264278.7,149.875,149.31,,1123.95,150.51,2024-04-19 14:35:00 UTC,2024-04-19,09:36:41 EDT,0.0,"",41.001,149.875,2,149.31,-1000.05,-1000.05,2044.35,TSLA,stock,"",-1000.05,-0.00376981,2024-04-19,09:35:59 EDT,,2.04424779,,-1300.95,44.25,149.14,149.9,-1.0,,false,long,Loss,"Break and Retest , One Candle Rule",TSLA,,,0.0,0.0,,1770.0,-76.8707483
Backtesting,344623.44,342337.8,820.532,815.09,0.73,312869.046,75.606,2024-04-19 19:31:00 UTC,2024-04-19,10:35:24 EDT,0.0,"",204.001,820.5323,2,815.09,2285.766,-1028.034,2285.766,NVDA,stock,"",2285.766,0.00667693,2024-04-19,10:31:59 EDT,,2.22343424,,310116.366,310472.946,82.16,81.311,2.22343424,,false,short,Win,"Break and Retest , One Candle Rule",NVDA,,,0.0,0.0,,420.0,-86328.62190813
Backtesting,169716.0,171708.0,141.43,143.09,86.91,2292.12,143.34,2024-04-22 17:40:00 UTC,2024-04-22,09:47:36 EDT,0.0,"",396.001,141.4299,2,143.09,1992.12,-1031.88,1992.12,TSLA,stock,"",1992.12,0.01173797,2024-04-22,09:40:59 EDT,,1.93057332,,-119.88,2100.12,141.33,143.18,1.93057332,,false,long,Win,"Break and Retest , One Candle Rule",TSLA,,,0.0,0.0,,1200.0,94.85743672
Backtesting,193242.5,194245.0,772.97,776.98,,174010.0,76.93,2024-04-22 15:04:00 UTC,2024-04-22,10:37:37 EDT,0.0,"",157.001,772.97,2,776.98,-1002.5,-1002.5,2167.5,NVDA,stock,"",-1002.5,-0.00516101,2024-04-22,10:34:59 EDT,,2.16209476,,173805.0,173932.5,77.75,77.24,-1.0,,false,short,Loss,"Break and Retest , One Candle Rule",NVDA,,,0.0,0.0,,250.0,-137103.92156863
Backtesting,233458.5,234465.0,141.49,142.1,,,,,2024-04-23,09:45:36 EDT,0.0,"",96.001,141.49,2,142.1,-1006.5,-1006.5,2046.0,TSLA,stock,"",-1006.5,-0.00429275,2024-04-23,09:43:59 EDT,,2.03278689,,-1188.0,627.0,142.21,141.11,-1.0,,false,short,Loss,"Break and Retest , One Candle Rule",TSLA,,,0.0,0.0,,1650.0,-84.72222222
Backtesting,570290.0,572453.0,814.7,817.79,,,,,2024-04-23,10:21:20 EDT,0.0,"",80.001,814.7,2,817.79,2163.0,-1050.0,2163.0,NVDA,stock,"",2163.0,0.00379281,2024-04-23,10:19:59 EDT,,2.06,,-513271.22,0.0,81.4554,81.788,2.06,,false,long,Win,"Break and Retest , One Candle Rule",NVDA,,,0.0,0.0,,700.0,0.42141463
Backtesting,238735.2,241015.5,144.688,146.07,10.91,20909.625,157.36,2024-04-23 19:58:00 UTC,2024-04-23,10:37:02 EDT,0.0,"",2282.001,144.6875,2,146.07,2281.125,-1134.375,2281.125,TSLA,stock,"",2281.125,0.00955508,2024-04-23,09:58:59 EDT,,2.01090909,,-441.375,2469.225,144.42,146.184,2.01090909,,false,long,Win,"Break and Retest , One Candle Rule",TSLA,,,0.0,0.0,,1650.0,92.38222519
Backtesting,495994.8,497106.0,826.658,828.51,,446425.56,82.615,2024-04-24 14:29:00 UTC,2024-04-24,10:02:15 EDT,0.0,"",135.001,826.6576,2,828.51,-1111.44,-1111.44,2704.56,NVDA,stock,"",-1111.44,-0.00223582,2024-04-24,09:59:59 EDT,,2.43338372,,446266.56,446436.96,82.88,82.596,-1.0,,false,short,Loss,"Break and Retest , One Candle Rule",NVDA,,,0.0,0.0,,600.0,-262545.77464789
Backtesting,142471.9,141470.0,165.665,164.5,,,,,2024-04-24,10:19:59 EDT,0.0,"",419.001,165.665,2,164.5,-1001.9,-1001.9,2102.7,TSLA,stock,"",-1001.9,-0.00703226,2024-04-24,10:12:59 EDT,,2.09871245,,-1070.7,434.3,164.42,166.17,-1.0,,false,long,Loss,"Break and Retest , One Candle Rule",TSLA,,,0.0,0.0,,860.0,-93.57429719
Backtesting,231459.8,233433.2,161.86,163.24,27.57,7158.294,166.8658,2024-04-25 14:38:00 UTC,2024-04-25,09:42:04 EDT,0.0,"",184.001,161.86,2,163.24,1973.4,-1001.0,1973.4,TSLA,stock,"",1973.4,0.00852589,2024-04-25,09:38:59 EDT,,1.97142857,,-85.8,2087.8,161.8,163.32,1.97142857,,false,long,Win,"Break and Retest , One Candle Rule",TSLA,,,0.0,0.0,,1430.0,94.52054795
Backtesting,193886.4,195962.4,807.86,816.51,,,,,2024-04-25,10:11:46 EDT,0.0,"",1306.001,807.86,2,816.51,2076.0,-1036.8,2076.0,NVDA,stock,"",2076.0,0.0107073,2024-04-25,09:49:59 EDT,,2.00231481,,-174560.64,0.0,80.524,81.778,2.00231481,,false,long,Win,"Break and Retest , One Candle Rule",NVDA,,,0.0,0.0,,240.0,1.18927153
Backtesting,212704.0,213716.0,184.96,185.84,,57.5,184.91,2024-04-29 14:28:00 UTC,2024-04-29,09:59:04 EDT,0.0,"",64.0,184.96,2,185.84,-1012.0,-1012.0,2035.5,TSLA,stock,"",-1012.0,-0.00473526,2024-04-29,09:58:00 EDT,,2.01136364,,-1012.0,0.0,185.84,184.96,-1.0,,false,short,Loss,"Break and Retest , One Candle Rule",TSLA,,,0.0,0.0,,1150.0,-100.0
Backtesting,221352.5,220325.0,885.41,881.3,,,,,2024-04-30,10:11:46 EDT,0.0,"",346.0,885.41,2,881.3,-1027.5,-1027.5,1937.5,NVDA,stock,"",-1027.5,-0.00464192,2024-04-30,10:06:00 EDT,,1.88564477,,-199350.0,0.0,88.01,88.63,-1.0,,false,long,Loss,"Break and Retest , One Candle Rule",NVDA,,,0.0,0.0,,250.0,-0.51542513
Backtesting,519758.4,517297.0,838.32,834.35,0.52,469380.548,81.2546,2024-05-01 15:37:00 UTC,2024-05-01,10:09:28 EDT,0.0,"",148.0,838.32,2,834.35,2461.4,-1822.8,2461.4,NVDA,stock,"",2461.4,0.0047582,2024-05-01,10:07:00 EDT,,1.35034014,,467616.4,468050.4,84.1,83.4,1.35034014,,false,short,Win,"Break and Retest , One Candle Rule",NVDA,,,0.0,0.0,,620.0,-107178.57142857
Backtesting,288632.0,289664.0,180.395,181.04,,1576.64,179.41,2024-05-01 14:18:00 UTC,2024-05-01,10:46:01 EDT,0.0,"",1681.0,180.3954,2,181.04,-1031.36,-1031.36,2168.64,TSLA,stock,"",-1031.36,-0.00356054,2024-05-01,10:18:00 EDT,,2.10269935,,-1543.36,1576.64,181.36,179.41,-1.0,,false,short,Loss,"Break and Retest , One Candle Rule",TSLA,,,0.0,0.0,,1600.0,-66.8256272
Backtesting,398134.0,395802.0,180.97,179.91,21.41,10890.0,176.02,2024-05-02 14:14:00 UTC,2024-05-02,09:50:20 EDT,0.0,"",380.0,180.97,2,179.91,2332.0,-1078.0,2332.0,TSLA,stock,"",2332.0,0.00589183,2024-05-02,09:44:00 EDT,,2.16326531,,-858.0,2750.0,181.36,179.72,2.16326531,,false,short,Win,"Break and Retest , One Candle Rule",TSLA,,,0.0,0.0,,2200.0,84.8
Backtesting,209410.0,210437.5,837.64,841.75,,188610.025,83.2,2024-05-02 14:06:00 UTC,2024-05-02,10:25:11 EDT,0.0,"",1151.0,837.6401,2,841.75,-1027.475,-1027.475,2162.525,NVDA,stock,"",-1027.475,-0.00488257,2024-05-02,10:06:00 EDT,,2.10469841,,188328.775,188610.025,84.325,83.2,-1.0,,false,short,Loss,"Break and Retest , One Candle Rule",NVDA,,,0.0,0.0,,250.0,-67326.66666667
Backtesting,329031.0,330984.0,182.795,183.88,54.66,3573.0,184.78,2024-05-03 13:41:00 UTC,2024-05-03,09:45:32 EDT,0.0,"",272.0,182.795,2,183.88,1953.0,-981.0,1953.0,TSLA,stock,"",1953.0,0.00593561,2024-05-03,09:41:00 EDT,,1.99082569,,-315.0,2151.0,182.62,183.99,1.99082569,,false,long,Win,"Break and Retest , One Candle Rule",TSLA,,,0.0,0.0,,1800.0,90.79497908
Backtesting,238585.77,237548.7,883.651,879.81,,,,,2024-05-03,10:13:01 EDT,0.0,"",361.0,883.6514,2,879.81,-1037.178,-1037.178,1967.922,NVDA,stock,"",-1037.178,-0.00434719,2024-05-03,10:07:00 EDT,,1.89738116,,-214865.838,0.0,87.852,88.472,-1.0,,false,long,Loss,"Break and Retest , One Candle Rule",NVDA,,,0.0,0.0,,270.0,-0.48270959
Backtesting,267552.03,266549.1,883.01,879.7,,,,,2024-05-03,10:58:22 EDT,0.0,"",742.0,883.01,2,879.7,-1002.93,-1002.93,2017.98,NVDA,stock,"",-1002.93,-0.00374854,2024-05-03,10:46:00 EDT,,2.01208459,,-240899.847,0.0,87.961,88.54,-1.0,,false,long,Loss,"Break and Retest , One Candle Rule",NVDA,,,0.0,0.0,,303.0,-0.41632654
Backtesting,230976.25,233037.5,184.781,186.43,59.34,3473.625,187.56,2024-05-06 13:34:00 UTC,2024-05-06,09:38:19 EDT,0.0,"",259.0,184.7811,2,186.43,2061.125,-1013.875,2061.125,TSLA,stock,"",2061.125,0.00892353,2024-05-06,09:34:00 EDT,,2.03291826,,-276.375,2111.125,184.56,186.47,2.03291826,,false,long,Win,"Break and Retest , One Candle Rule",TSLA,,,0.0,0.0,,1250.0,97.63159453
Backtesting,287152.0,285104.0,179.47,178.19,61.84,3312.0,177.4,2024-05-07 18:23:00 UTC,2024-05-07,10:08:52 EDT,0.0,"",952.0,179.47,2,178.19,2048.0,-640.0,2048.0,TSLA,stock,"",2048.0,0.00718334,2024-05-07,09:53:00 EDT,,3.2,,-608.0,2096.0,179.85,178.16,3.2,,false,short,Win,"Break and Retest , One Candle Rule",TSLA,,,0.0,0.0,,1600.0,97.70992366
Backtesting,540696.0,542988.0,901.16,904.98,,,,,2024-05-08,09:46:20 EDT,0.0,"",200.0,901.16,2,904.98,2292.0,-1104.0,2292.0,NVDA,stock,"",2292.0,0.00423898,2024-05-08,09:43:00 EDT,,2.07608696,,-486696.0,0.0,90.0,90.548,2.07608696,,false,long,Win,"Break and Retest , One Candle Rule",NVDA,,,0.0,0.0,,600.0,0.47093052
Backtesting,275584.0,277792.0,172.24,173.62,40.0,5520.0,175.69,2024-05-08 14:43:00 UTC,2024-05-08,10:18:27 EDT,0.0,"",2127.0,172.24,2,173.62,2208.0,-1104.0,2208.0,TSLA,stock,"",2208.0,0.00801208,2024-05-08,09:43:00 EDT,,2.0,,-848.0,2378.88,171.71,173.7268,2.0,,false,long,Win,"Break and Retest , One Candle Rule",TSLA,,,0.0,0.0,,1600.0,92.81678773
Backtesting,330030.0,331037.0,173.7,174.23,,2280.0,172.5,2024-05-09 14:38:00 UTC,2024-05-09,09:41:24 EDT,0.0,"",144.001,173.7,2,174.23,-1007.0,-1007.0,2014.0,TSLA,stock,"",-1007.0,-0.00304196,2024-05-09,09:38:59 EDT,,2.0,,-1121.0,341.24,174.29,173.5204,-1.0,,false,short,Loss,"Break and Retest , One Candle Rule",TSLA,,,0.0,0.0,,1900.0,-89.83050847
Backtesting,341594.0,342580.0,170.797,171.29,,3834.8,168.88,2024-05-10 14:12:00 UTC,2024-05-10,09:51:57 EDT,0.0,"",537.001,170.7974,2,171.29,-985.2,-985.2,2034.8,TSLA,stock,"",-985.2,-0.00287582,2024-05-10,09:42:59 EDT,,2.06536744,,-1265.2,1454.8,171.43,170.07,-1.0,,false,short,Loss,"Break and Retest , One Candle Rule",TSLA,,,0.0,0.0,,2000.0,-77.8691116
Backtesting,545827.8,544824.0,909.713,908.04,,,,,2024-05-10,09:54:04 EDT,0.0,"",64.001,909.7131,2,908.04,-1003.86,-1003.86,2620.14,NVDA,stock,"",-1003.86,-0.00183915,2024-05-10,09:52:59 EDT,,2.61006515,,-491381.46,0.0,90.744,90.9966,-1.0,,false,long,Loss,"Break and Retest , One Candle Rule",NVDA,,,0.0,0.0,,600.0,-0.20429342
Backtesting,467053.6,464900.8,898.18,894.04,0.51,420655.508,89.227,2024-05-10 15:26:00 UTC,2024-05-10,10:31:25 EDT,0.0,"",265.001,898.1799,2,894.04,2152.748,-1024.452,2152.748,NVDA,stock,"",2152.748,0.00463055,2024-05-10,10:26:59 EDT,,2.10136541,,420332.068,420586.348,89.849,89.36,2.10136541,,false,short,Win,"Break and Retest , One Candle Rule",NVDA,,,0.0,0.0,,520.0,-164456.23721881
Backtesting,322117.2,319953.6,894.77,888.76,0.75,290246.76,88.529,2024-05-13 13:44:00 UTC,2024-05-13,09:45:53 EDT,0.0,"",113.0,894.77,2,888.76,2163.6,-1080.0,2163.6,NVDA,stock,"",2163.6,0.00676223,2024-05-13,09:44:00 EDT,,2.00333333,,289848.24,290122.2,89.636,88.875,2.00333333,,false,short,Win,"Break and Retest , One Candle Rule",NVDA,,,0.0,0.0,,360.0,-105009.72404731
Backtesting,647928.0,646920.0,899.9,898.5,,,,,2024-05-14,10:03:58 EDT,0.0,"",58.0,899.9,2,898.5,-1008.0,-1008.0,2059.2,NVDA,stock,"",-1008.0,-0.00155573,2024-05-14,10:03:00 EDT,,2.04285714,,-583268.4,0.0,89.805,90.0,-1.0,,false,long,Loss,"Break and Retest , One Candle Rule",NVDA,,,0.0,0.0,,720.0,-0.17281924
Backtesting,648115.2,650426.4,900.16,903.37,,,,,2024-05-14,10:23:03 EDT,0.0,"",123.0,900.16,2,903.37,2311.2,-1144.8,2311.2,NVDA,stock,"",2311.2,0.00356603,2024-05-14,10:21:00 EDT,,2.01886792,,-583323.84,0.0,89.988,90.39,2.01886792,,false,long,Win,"Break and Retest , One Candle Rule",NVDA,,,0.0,0.0,,720.0,0.39621216
Backtesting,278418.0,277290.0,928.06,924.3,,,,,2024-05-15,09:40:16 EDT,0.0,"",76.0,928.06,2,924.3,-1128.0,-1128.0,2307.0,NVDA,stock,"",-1128.0,-0.00405146,2024-05-15,09:39:00 EDT,,2.04521277,,-250709.7,0.0,92.361,92.877,-1.0,,false,long,Loss,"Break and Retest , One Candle Rule",NVDA,,,0.0,0.0,,300.0,-0.44992276
Backtesting,278895.0,281538.0,929.65,938.46,,,,,2024-05-15,10:37:14 EDT,0.0,"",2174.0,929.65,2,938.46,2643.0,-1296.0,2643.0,NVDA,stock,"",2643.0,0.00947668,2024-05-15,10:01:00 EDT,,2.03935185,,-251073.3,0.0,92.739,93.937,2.03935185,,false,long,Win,"Break and Retest , One Candle Rule",NVDA,,,0.0,0.0,,300.0,1.05268063
Backtesting,258615.0,259665.0,172.41,173.11,,1470.0,171.43,2024-05-16 13:38:00 UTC,2024-05-16,09:45:09 EDT,0.0,"",429.0,172.41,2,173.11,-1050.0,-1050.0,2100.0,TSLA,stock,"",-1050.0,-0.00404367,2024-05-16,09:38:00 EDT,,2.0,,-1140.0,1470.0,173.17,171.43,-1.0,,false,short,Loss,"Break and Retest , One Candle Rule",TSLA,,,0.0,0.0,,1500.0,-92.10526316
Backtesting,276703.5,275563.8,954.15,950.22,,,,,2024-05-16,10:05:56 EDT,0.0,"",596.0,954.15,2,950.22,-1139.7,-1139.7,2302.6,NVDA,stock,"",-1139.7,-0.00411885,2024-05-16,09:56:00 EDT,,2.02035623,,-249173.8,0.0,94.93,95.5879,-1.0,,false,long,Loss,"Break and Retest , One Candle Rule",NVDA,,,0.0,0.0,,290.0,-0.45739159
Backtesting,394980.0,393981.2,174.0,173.56,,9397.8,178.14,2024-05-17 14:13:00 UTC,2024-05-17,09:43:57 EDT,0.0,"",57.0,174.0,2,173.56,-998.8,-998.8,1997.6,TSLA,stock,"",-998.8,-0.00252874,2024-05-17,09:43:00 EDT,,2.0,,-1021.5,136.2,173.55,174.06,-1.0,,false,long,Loss,"Break and Retest , One Candle Rule",TSLA,,,0.0,0.0,,2270.0,-97.77777778
Backtesting,395111.66,397045.7,174.058,174.91,19.37,9980.282,178.455,2024-05-17 14:38:00 UTC,2024-05-17,10:20:48 EDT,0.0,"",768.0,174.0584,2,174.91,1933.132,-995.168,1933.132,TSLA,stock,"",1933.132,0.00489261,2024-05-17,10:08:00 EDT,,1.94251825,,-336.868,2023.932,173.91,174.95,1.94251825,,false,long,Win,"Break and Retest , One Candle Rule",TSLA,,,0.0,0.0,,2270.0,95.51368327
Backtesting,466009.0,467130.0,932.018,934.26,,419557.6,92.9031,2024-05-17 14:11:00 UTC,2024-05-17,10:22:09 EDT,0.0,"",669.0,932.0183,2,934.26,-1120.85,-1120.85,2279.15,NVDA,stock,"",-1120.85,-0.00239944,2024-05-17,10:11:00 EDT,,2.03341214,,419267.65,419557.6,93.483,92.9031,-1.0,,false,short,Loss,"Break and Retest , One Candle Rule",NVDA,,,0.0,0.0,,500.0,-144986.54940507
Backtesting,264992.0,264919.2,946.4,946.14,,,,,2024-05-20,11:00:59 EDT,0.0,"",4860.0,946.4,2,946.14,-72.8,-1111.6,2206.4,NVDA,stock,"",-72.8,-0.00027473,2024-05-20,09:39:59 EDT,,1.98488665,,-238560.0,0.0,94.4,95.2,-0.06549118,,false,long,Loss,"Break and Retest , One Candle Rule",NVDA,,,0.0,0.0,,280.0,-0.03051643
Backtesting,281850.0,280803.0,939.5,936.01,,,,,2024-05-21,09:39:12 EDT,0.0,"",72.001,939.5,2,936.01,-1047.0,-1047.0,2112.0,NVDA,stock,"",-1047.0,-0.00371474,2024-05-21,09:37:59 EDT,,2.01719198,,-253782.9,0.0,93.557,93.99,-1.0,,false,long,Loss,"Break and Retest , One Candle Rule",NVDA,,,0.0,0.0,,300.0,-0.41255735
Backtesting,460967.5,463089.2,940.75,945.08,,,,,2024-05-21,10:36:00 EDT,0.0,"",600.001,940.75,2,945.08,2121.7,-1053.5,2121.7,NVDA,stock,"",2121.7,0.00460271,2024-05-21,10:25:59 EDT,,2.01395349,,-414883.0,0.0,94.05,94.714,2.01395349,,false,long,Win,"Break and Retest , One Candle Rule",NVDA,,,0.0,0.0,,490.0,0.51139719
Backtesting,217980.0,218988.0,181.65,182.49,,1500.0,180.4,2024-05-22 14:10:00 UTC,2024-05-22,09:52:04 EDT,0.0,"",664.001,181.65,2,182.49,-1008.0,-1008.0,1980.0,TSLA,stock,"",-1008.0,-0.00460299,2024-05-22,09:40:59 EDT,,1.96428571,,-1283.28,768.0,182.7194,181.01,-1.0,,false,short,Loss,"Break and Retest , One Candle Rule",TSLA,,,0.0,0.0,,1200.0,-78.54871891
Backtesting,515593.5,516591.0,180.91,181.26,,1852.785,180.26,2024-05-22 15:30:00 UTC,2024-05-22,10:32:21 EDT,0.0,"",81.001,180.9101,2,181.26,-997.215,-997.215,2251.785,TSLA,stock,"",-997.215,-0.00193038,2024-05-22,10:30:59 EDT,,2.25807374,,-1396.215,142.785,181.4,180.86,-1.0,,false,short,Loss,"Break and Retest , One Candle Rule",TSLA,,,0.0,0.0,,2850.0,-71.42273933
Backtesting,176057.1,174935.1,1035.63,1029.03,,,,,2024-05-23,09:52:02 EDT,0.0,"",482.001,1035.63,2,1029.03,-1122.0,-1122.0,2130.1,NVDA,stock,"",-1122.0,-0.00637293,2024-05-23,09:43:59 EDT,,1.89848485,,-158579.74,0.0,102.808,104.26,-1.0,,false,long,Loss,"Break and Retest , One Candle Rule",NVDA,,,0.0,0.0,,170.0,-0.70753048
Backtesting,217637.7,219672.6,1036.37,1046.06,,,,,2024-05-23,10:36:09 EDT,0.0,"",1629.001,1036.37,2,1046.06,2034.9,-1041.6,2034.9,NVDA,stock,"",2034.9,0.00934994,2024-05-23,10:08:59 EDT,,1.95362903,,-195927.9,0.0,103.38,104.65,1.95362903,,false,long,Win,"Break and Retest , One Candle Rule",NVDA,,,0.0,0.0,,210.0,1.03859634
Backtesting,421440.0,423552.0,175.6,176.48,36.07,5856.0,178.04,2024-05-24 14:07:00 UTC,2024-05-24,09:46:10 EDT,0.0,"",490.001,175.6,2,176.48,2112.0,-2784.0,2112.0,TSLA,stock,"",2112.0,0.00501139,2024-05-24,09:37:59 EDT,,0.75862069,,-2136.0,2520.0,174.71,176.65,0.75862069,,false,long,Win,"Break and Retest , One Candle Rule",TSLA,,,0.0,0.0,,2400.0,83.80952381
Backtesting,249086.25,252033.75,1107.05,1120.15,,,,,2024-05-28,09:58:03 EDT,0.0,"",603.0,1107.05,2,1120.15,2947.5,-1010.25,2947.5,NVDA,stock,"",2947.5,0.01183325,2024-05-28,09:48:00 EDT,,2.91759465,,-224177.85,0.0,110.704,112.162,2.91759465,,false,long,Win,"Break and Retest , One Candle Rule",NVDA,,,0.0,0.0,,225.0,1.31480429
Backtesting,175990.0,174920.0,175.99,174.92,,790.0,176.78,2024-05-29 13:52:00 UTC,2024-05-29,09:55:30 EDT,0.0,"",210.0,175.99,2,174.92,-1070.0,-1070.0,2210.0,TSLA,stock,"",-1070.0,-0.00607989,2024-05-29,09:52:00 EDT,,2.06542056,,-1130.0,10.0,174.86,176.0,-1.0,,false,long,Loss,"Break and Retest , One Candle Rule",TSLA,,,0.0,0.0,,1000.0,-94.69026549
Backtesting,227260.0,229292.0,1136.3,1146.46,,,,,2024-05-29,10:38:11 EDT,0.0,"",611.0,1136.3,2,1146.46,2032.0,-994.0,2032.0,NVDA,stock,"",2032.0,0.0089413,2024-05-29,10:28:00 EDT,,2.04426559,,-204578.0,0.0,113.41,114.718,2.04426559,,false,long,Win,"Break and Retest , One Candle Rule",NVDA,,,0.0,0.0,,200.0,0.99326418
Backtesting,378063.0,380100.0,180.03,181.0,36.74,5544.0,182.67,2024-05-30 13:49:00 UTC,2024-05-30,09:54:24 EDT,0.0,"",324.0,180.03,2,181.0,2037.0,-987.0,2037.0,TSLA,stock,"",2037.0,0.00538799,2024-05-30,09:49:00 EDT,,2.06382979,,-966.0,2142.0,179.57,181.05,2.06382979,,false,long,Win,"Break and Retest , One Candle Rule",TSLA,,,0.0,0.0,,2100.0,95.09803922
Backtesting,375858.0,377979.0,178.98,179.99,75.37,2814.0,180.32,2024-05-31 13:42:00 UTC,2024-05-31,09:43:08 EDT,0.0,"",68.0,178.98,2,179.99,2121.0,-1029.0,2121.0,TSLA,stock,"",2121.0,0.00564309,2024-05-31,09:42:00 EDT,,2.06122449,,-84.0,2289.0,178.94,180.07,2.06122449,,false,long,Win,"Break and Retest , One Candle Rule",TSLA,,,0.0,0.0,,2100.0,92.66055046
Backtesting,218932.2,216812.0,1094.661,1084.06,1.07,197544.28,106.94,2024-05-31 16:29:00 UTC,2024-05-31,10:34:40 EDT,0.0,"",340.0,1094.6614,2,1084.06,2120.28,-1053.72,2120.28,NVDA,stock,"",2120.28,0.00977935,2024-05-31,10:29:00 EDT,,2.0121854,,196986.88,197271.08,109.727,108.306,2.0121854,,false,short,Win,"Break and Retest , One Candle Rule",NVDA,,,0.0,0.0,,200.0,-68566.71358198
Backtesting,285157.5,284052.5,1140.63,1136.21,,,,,2024-06-03,09:44:31 EDT,0.0,"",451.0,1140.63,2,1136.21,-1105.0,-1105.0,2217.5,NVDA,stock,"",-1105.0,-0.00387505,2024-06-03,09:37:00 EDT,,2.00678733,,-256780.0,0.0,113.51,114.384,-1.0,,false,long,Loss,"Break and Retest , One Candle Rule",NVDA,,,0.0,0.0,,250.0,-0.43032946
Backtesting,562240.0,560025.0,1124.48,1120.05,0.44,506238.5,112.003,2024-06-03 15:01:00 UTC,2024-06-03,11:05:40 EDT,0.0,"",280.0,1124.48,2,1120.05,2215.0,-1015.0,2215.0,NVDA,stock,"",2215.0,0.00395518,2024-06-03,11:01:00 EDT,,2.18226601,,505942.5,506238.5,112.595,112.003,2.18226601,,false,short,Win,"Break and Retest , One Candle Rule",NVDA,,,0.0,0.0,,500.0,-170178.20945946
Backtesting,444006.0,445000.5,174.12,174.51,,229.5,174.03,2024-06-04 14:15:00 UTC,2024-06-04,10:17:11 EDT,0.0,"",131.0,174.12,2,174.51,-994.5,-994.5,1989.0,TSLA,stock,"",-994.5,-0.00223483,2024-06-04,10:15:00 EDT,,2.0,,-1479.0,229.5,174.7,174.03,-1.0,,false,short,Loss,"Break and Retest , One Candle Rule",TSLA,,,0.0,0.0,,2550.0,-67.24137931
Backtesting,293845.0,294933.0,172.85,173.49,,1105.0,172.2,2024-06-05 13:43:00 UTC,2024-06-05,09:52:15 EDT,0.0,"",555.0,172.85,2,173.49,-1088.0,-1088.0,2176.0,TSLA,stock,"",-1088.0,-0.00368897,2024-06-05,09:43:00 EDT,,2.0,,-1853.0,1105.0,173.94,172.2,-1.0,,false,short,Loss,"Break and Retest , One Candle Rule",TSLA,,,0.0,0.0,,1700.0,-58.71559633
Backtesting,536040.0,538227.0,1191.2,1196.06,,,,,2024-06-05,10:24:02 EDT,0.0,"",1562.0,1191.2,2,1196.06,2187.0,-1071.0,2187.0,NVDA,stock,"",2187.0,0.00407992,2024-06-05,09:58:00 EDT,,2.04201681,,-482496.75,0.0,118.985,119.79,2.04201681,,false,long,Win,"Break and Retest , One Candle Rule",NVDA,,,0.0,0.0,,450.0,0.4532673
Backtesting,396562.5,395550.0,176.25,175.8,,3780.0,177.93,2024-06-06 16:36:00 UTC,2024-06-06,09:36:34 EDT,0.0,"",34.0,176.25,2,175.8,-1012.5,-1012.5,2047.5,TSLA,stock,"",-1012.5,-0.00255319,2024-06-06,09:36:00 EDT,,2.02222222,,-1215.0,472.5,175.71,176.46,-1.0,,false,long,Loss,"Break and Retest , One Candle Rule",TSLA,,,0.0,0.0,,2250.0,-83.33333333
Backtesting,313155.0,312102.5,1252.62,1248.41,,,,,2024-06-06,09:42:27 EDT,0.0,"",207.0,1252.62,2,1248.41,-1052.5,-1052.5,2095.0,NVDA,stock,"",-1052.5,-0.00336096,2024-06-06,09:39:00 EDT,,1.99049881,,-281980.0,0.0,124.7,125.534,-1.0,,false,long,Loss,"Break and Retest , One Candle Rule",NVDA,,,0.0,0.0,,250.0,-0.37325342
Backtesting,355870.0,354800.0,177.935,177.4,,29.2,177.95,2024-06-10 13:54:00 UTC,2024-06-10,09:54:32 EDT,0.0,"",32.0,177.9354,2,177.4,-1070.8,-1070.8,2209.2,TSLA,stock,"",-1070.8,-0.00300896,2024-06-10,09:54:00 EDT,,2.06313037,,-1190.8,29.2,177.34,177.95,-1.0,,false,long,Loss,"Break and Retest , One Candle Rule",TSLA,,,0.0,0.0,,2000.0,-89.92274101
Backtesting,482040.0,480120.0,120.51,120.03,27.12,7080.0,118.74,2024-06-11 15:37:00 UTC,2024-06-11,10:41:40 EDT,0.0,"",280.0,120.51,2,120.03,1920.0,-960.0,1920.0,NVDA,stock,"",1920.0,0.003999,2024-06-11,10:37:00 EDT,,2.0,,-40.0,2040.0,120.52,120.0,2.0,,false,short,Win,"Break and Retest , One Candle Rule",NVDA,,,0.0,0.0,,4000.0,94.11764706
Backtesting,369768.0,372840.0,123.256,124.28,28.26,10872.0,126.88,2024-06-12 14:07:00 UTC,2024-06-12,09:43:35 EDT,0.0,"",395.0,123.256,2,124.28,3072.0,-1158.0,3072.0,NVDA,stock,"",3072.0,0.00830791,2024-06-12,09:37:00 EDT,,2.65284974,,-228.0,3642.0,123.18,124.47,2.65284974,,false,long,Win,"Break and Retest , One Candle Rule",NVDA,,,0.0,0.0,,3000.0,84.34925865
Backtesting,172840.0,174770.0,172.84,174.77,41.77,4620.0,177.46,2024-06-12 14:42:00 UTC,2024-06-12,10:02:58 EDT,0.0,"",1258.0,172.84,2,174.77,1930.0,-1020.0,1930.0,TSLA,stock,"",1930.0,0.0111664,2024-06-12,09:42:00 EDT,,1.89215686,,-639.9,2040.0,172.2001,174.88,1.89215686,,false,long,Win,"Break and Retest , One Candle Rule",TSLA,,,0.0,0.0,,1000.0,94.60784314
Backtesting,512144.0,513280.0,128.036,128.32,,2543.2,127.4,2024-06-13 14:22:00 UTC,2024-06-13,10:22:07 EDT,0.0,"",7.0,128.0358,2,128.32,-1136.8,-1136.8,2383.2,NVDA,stock,"",-1136.8,-0.00221478,2024-06-13,10:22:00 EDT,,2.09641098,,-1176.8,143.2,128.33,128.0,-1.0,,false,short,Loss,"Break and Retest , One Candle Rule",NVDA,,,0.0,0.0,,4000.0,-96.60095173
Backtesting,439416.0,440448.0,183.09,183.52,,2256.0,182.15,2024-06-13 19:19:00 UTC,2024-06-13,10:50:50 EDT,0.0,"",110.0,183.09,2,183.52,-1032.0,-1032.0,2808.0,TSLA,stock,"",-1032.0,-0.00234307,2024-06-13,10:49:00 EDT,,2.72093023,,-1317.6,120.0,183.639,183.04,-1.0,,false,short,Loss,"Break and Retest , One Candle Rule",TSLA,,,0.0,0.0,,2400.0,-78.32422587
Backtesting,365880.0,367040.0,182.94,183.52,,3420.0,181.23,2024-06-13 19:26:00 UTC,2024-06-13,11:01:14 EDT,0.0,"",314.0,182.94,2,183.52,-1160.0,-1160.0,2320.0,TSLA,stock,"",-1160.0,-0.00316042,2024-06-13,10:56:00 EDT,,2.0,,-1380.0,940.0,183.63,182.47,-1.0,,false,short,Loss,"Break and Retest , One Candle Rule",TSLA,,,0.0,0.0,,2000.0,-84.05797101
Backtesting,419255.5,420256.0,182.285,182.72,,9349.5,178.22,2024-06-14 13:46:00 UTC,2024-06-14,09:46:13 EDT,0.0,"",13.0,182.285,2,182.72,-1000.5,-1000.5,2380.5,TSLA,stock,"",-1000.5,-0.00238069,2024-06-14,09:46:00 EDT,,2.37931034,,-1207.5,195.5,182.81,182.2,-1.0,,false,short,Loss,"Break and Retest , One Candle Rule",TSLA,,,0.0,0.0,,2300.0,-82.85714286
Backtesting,601312.0,603612.0,130.72,131.22,23.58,9752.0,132.84,2024-06-14 14:29:00 UTC,2024-06-14,10:01:32 EDT,0.0,"",152.0,130.72,2,131.22,2300.0,-1150.0,2300.0,NVDA,stock,"",2300.0,0.00382497,2024-06-14,09:59:00 EDT,,2.0,,-552.0,2530.0,130.6,131.27,2.0,,false,long,Win,"Break and Retest , One Candle Rule",NVDA,,,0.0,0.0,,4600.0,90.90909091
Backtesting,306059.5,308210.0,180.035,181.3,24.68,8712.5,185.16,2024-06-17 14:12:00 UTC,2024-06-17,09:46:11 EDT,0.0,"",251.0,180.035,2,181.3,2150.5,-1062.5,2150.5,TSLA,stock,"",2150.5,0.00702641,2024-06-17,09:42:00 EDT,,2.024,,-603.5,2201.5,179.68,181.33,2.024,,false,long,Win,"Break and Retest , One Candle Rule",TSLA,,,0.0,0.0,,1700.0,97.68339768
Backtesting,185108.0,183036.0,132.22,130.74,56.06,3696.0,129.58,2024-06-17 14:01:00 UTC,2024-06-17,10:25:26 EDT,0.0,"",1466.0,132.22,2,130.74,2072.0,-560.0,2072.0,NVDA,stock,"",2072.0,0.01132018,2024-06-17,10:01:00 EDT,,3.7,,-98.0,2856.0,132.29,130.18,3.7,,false,short,Win,"Break and Retest , One Candle Rule",NVDA,,,0.0,0.0,,1400.0,72.54901961
Backtesting,817740.0,820395.0,181.72,182.31,11.99,22140.0,186.64,2024-06-17 14:59:00 UTC,2024-06-17,10:31:01 EDT,0.0,"",121.0,181.72,2,182.31,2655.0,-990.0,2655.0,TSLA,stock,"",2655.0,0.00324675,2024-06-17,10:29:00 EDT,,2.68181818,,-45.0,2745.0,181.71,182.33,2.68181818,,false,long,Win,"Break and Retest , One Candle Rule",TSLA,,,0.0,0.0,,4500.0,96.72131148
Backtesting,319820.55,320827.5,130.539,130.95,,905.03,130.17,2024-06-17 14:35:00 UTC,2024-06-17,10:36:40 EDT,0.0,"",100.0,130.5394,2,130.95,-1005.97,-1005.97,2350.53,NVDA,stock,"",-1005.97,-0.00313555,2024-06-17,10:35:00 EDT,,2.33658061,,-1324.47,292.53,131.08,130.42,-1.0,,false,short,Loss,"Break and Retest , One Candle Rule",NVDA,,,0.0,0.0,,2450.0,-75.95264521
Backtesting,308528.0,307450.0,140.24,139.75,,572.0,140.5,2024-06-20 13:45:00 UTC,2024-06-20,09:51:01 EDT,0.0,"",361.0,140.24,2,139.75,-1078.0,-1078.0,2288.0,NVDA,stock,"",-1078.0,-0.00349401,2024-06-20,09:45:00 EDT,,2.12244898,,-1804.0,572.0,139.42,140.5,-1.0,,false,long,Loss,"Break and Retest , One Candle Rule",NVDA,,,0.0,0.0,,2200.0,-59.75609756
Backtesting,304414.0,302412.0,138.37,137.46,11.55,17336.0,130.49,2024-06-20 16:11:00 UTC,2024-06-20,10:12:27 EDT,0.0,"",87.0,138.37,2,137.46,2002.0,-990.0,2002.0,NVDA,stock,"",2002.0,0.00662011,2024-06-20,10:11:00 EDT,,2.02222222,,-154.0,2024.0,138.44,137.45,2.02222222,,false,short,Win,"Break and Retest , One Candle Rule",NVDA,,,0.0,0.0,,2200.0,98.91304348
Backtesting,292888.0,291728.0,183.055,182.33,,1432.0,183.95,2024-06-21 14:39:00 UTC,2024-06-21,09:45:36 EDT,0.0,"",396.0,183.055,2,182.33,-1160.0,-1160.0,2344.0,TSLA,stock,"",-1160.0,-0.00396056,2024-06-21,09:39:00 EDT,,2.02068966,,-2088.0,1112.0,181.75,183.75,-1.0,,false,long,Loss,"Break and Retest , One Candle Rule",TSLA,,,0.0,0.0,,1600.0,-55.55555556
Backtesting,293344.0,292240.0,183.34,182.65,,976.0,183.95,2024-06-21 14:50:00 UTC,2024-06-21,11:02:26 EDT,0.0,"",746.0,183.34,2,182.65,-1104.0,-1104.0,2352.0,TSLA,stock,"",-1104.0,-0.0037635,2024-06-21,10:50:00 EDT,,2.13043478,,-1104.0,976.0,182.65,183.95,-1.0,,false,long,Loss,"Break and Retest , One Candle Rule",TSLA,,,0.0,0.0,,1600.0,-100.0
Backtesting,224688.0,223620.0,187.24,186.35,,1368.0,188.38,2024-06-24 13:40:00 UTC,2024-06-24,10:07:14 EDT,0.0,"",1634.0,187.24,2,186.35,-1068.0,-1068.0,2136.0,TSLA,stock,"",-1068.0,-0.00475326,2024-06-24,09:40:00 EDT,,2.0,,-1248.0,1368.0,186.2,188.38,-1.0,,false,long,Loss,"Break and Retest , One Candle Rule",TSLA,,,0.0,0.0,,1200.0,-85.57692308
Backtesting,311244.5,312222.0,183.085,183.66,,556.24,182.7578,2024-06-25 13:43:00 UTC,2024-06-25,09:53:05 EDT,0.0,"",605.0,183.085,2,183.66,-977.5,-977.5,1997.5,TSLA,stock,"",-977.5,-0.00313079,2024-06-25,09:43:00 EDT,,2.04347826,,-1419.5,556.24,183.92,182.7578,-1.0,,false,short,Loss,"Break and Retest , One Candle Rule",TSLA,,,0.0,0.0,,1700.0,-68.86227545
Backtesting,365178.0,364530.0,121.726,121.51,,7903.2,124.36,2024-06-25 14:55:00 UTC,2024-06-25,09:55:27 EDT,0.0,"",27.0,121.7256,2,121.51,-646.8,-646.8,2143.2,NVDA,stock,"",-646.8,-0.0017712,2024-06-25,09:55:00 EDT,,3.3135436,,-676.8,568.2,121.5,121.915,-1.0,,false,long,Loss,"Break and Retest , One Candle Rule",NVDA,,,0.0,0.0,,3000.0,-95.56737589
Backtesting,289170.0,288015.0,192.78,192.01,,2115.15,194.19,2024-06-26 13:51:00 UTC,2024-06-26,09:58:26 EDT,0.0,"",446.0,192.7799,2,192.01,-1154.85,-1154.85,2325.15,TSLA,stock,"",-1154.85,-0.00399367,2024-06-26,09:51:00 EDT,,2.01337836,,-1468.35,285.15,191.801,192.97,-1.0,,false,long,Loss,"Break and Retest , One Candle Rule",TSLA,,,0.0,0.0,,1500.0,-78.64950455
Backtesting,289320.0,288015.0,192.88,192.01,,1965.0,194.19,2024-06-26 14:05:00 UTC,2024-06-26,10:39:31 EDT,0.0,"",2071.0,192.88,2,192.01,-1305.0,-1305.0,2550.0,TSLA,stock,"",-1305.0,-0.00451058,2024-06-26,10:05:00 EDT,,1.95402299,,-1770.0,1965.0,191.7,194.19,-1.0,,false,long,Loss,"Break and Retest , One Candle Rule",TSLA,,,0.0,0.0,,1500.0,-73.72881356
Backtesting,291502.5,292605.0,194.335,195.07,,201.9,194.2,2024-06-27 13:41:00 UTC,2024-06-27,09:41:14 EDT,0.0,"",14.0,194.3346,2,195.07,-1103.1,-1103.1,2181.9,TSLA,stock,"",-1103.1,-0.00376993,2024-06-27,09:41:00 EDT,,1.97797117,,-1163.1,0.0,195.11,194.3346,-1.0,,false,short,Loss,"Break and Retest , One Candle Rule",TSLA,,,0.0,0.0,,1500.0,-94.84137219
Backtesting,225504.0,224964.0,125.28,124.98,,810.0,125.73,2024-06-27 13:45:00 UTC,2024-06-27,09:50:16 EDT,0.0,"",316.0,125.28,2,124.98,-540.0,-540.0,2034.0,NVDA,stock,"",-540.0,-0.00239464,2024-06-27,09:45:00 EDT,,3.76666667,,-990.0,810.0,124.73,125.73,-1.0,,false,long,Loss,"Break and Retest , One Candle Rule",NVDA,,,0.0,0.0,,1800.0,-54.54545455
Backtesting,276392.2,275198.0,197.423,196.57,,457.38,197.75,2024-06-27 14:13:00 UTC,2024-06-27,10:16:40 EDT,0.0,"",220.0,197.4233,2,196.57,-1194.62,-1194.62,2333.38,TSLA,stock,"",-1194.62,-0.00432218,2024-06-27,10:13:00 EDT,,1.95324036,,-1432.62,457.38,196.4,197.75,-1.0,,false,long,Loss,"Break and Retest , One Candle Rule",TSLA,,,0.0,0.0,,1400.0,-83.38708101
Backtesting,261898.0,260871.0,201.46,200.67,,1807.13,202.85,2024-06-28 13:43:00 UTC,2024-06-28,09:45:07 EDT,0.0,"",127.0,201.4599,2,200.67,-1026.87,-1026.87,2028.13,TSLA,stock,"",-1026.87,-0.00392088,2024-06-28,09:43:00 EDT,,1.97506013,,-1039.87,559.13,200.66,201.89,-1.0,,false,long,Loss,"Break and Retest , One Candle Rule",TSLA,,,0.0,0.0,,1300.0,-98.74984373
Backtesting,377145.0,379080.0,125.715,126.36,32.33,5985.0,127.71,2024-06-28 13:56:00 UTC,2024-06-28,10:00:07 EDT,0.0,"",247.0,125.715,2,126.36,1935.0,-1005.0,1935.0,NVDA,stock,"",1935.0,0.00513065,2024-06-28,09:56:00 EDT,,1.92537313,,-465.0,2085.0,125.56,126.41,1.92537313,,false,long,Win,"Break and Retest , One Candle Rule",NVDA,,,0.0,0.0,,3000.0,92.8057554
Backtesting,363330.0,360990.0,121.11,120.33,34.21,6840.0,118.83,2024-07-01 13:44:00 UTC,2024-07-01,09:44:22 EDT,0.0,"",22.0,121.11,2,120.33,2340.0,-1170.0,2340.0,NVDA,stock,"",2340.0,0.00648217,2024-07-01,09:44:00 EDT,,2.0,,-30.0,2340.0,121.12,120.33,2.0,,false,short,Win,"Break and Retest , One Candle Rule",NVDA,,,0.0,0.0,,3000.0,100.0
Backtesting,144021.5,146055.0,205.745,208.65,50.04,4063.5,211.55,2024-07-01 14:22:00 UTC,2024-07-01,10:01:49 EDT,0.0,"",589.0,205.745,2,208.65,2033.5,-1018.5,2033.5,TSLA,stock,"",2033.5,0.01411942,2024-07-01,09:52:00 EDT,,1.99656357,,-332.5,2124.5,205.27,208.78,1.99656357,,false,long,Win,"Break and Retest , One Candle Rule",TSLA,,,0.0,0.0,,700.0,95.71663921
Backtesting,259937.5,262275.0,207.95,209.82,51.94,4500.0,211.55,2024-07-01 14:08:00 UTC,2024-07-01,10:23:36 EDT,0.0,"",936.0,207.95,2,209.82,2337.5,-1400.0,2337.5,TSLA,stock,"",2337.5,0.00899255,2024-07-01,10:08:00 EDT,,1.66964286,,-1325.0,2525.0,206.89,209.97,1.66964286,,false,long,Win,"Break and Retest , One Candle Rule",TSLA,,,0.0,0.0,,1250.0,92.57425743
Backtesting,683320.55,682320.65,123.01,122.83,,1944.25,123.36,2024-07-02 16:49:00 UTC,2024-07-02,09:49:37 EDT,0.0,"",37.0,123.01,2,122.83,-999.9,-999.9,2222.0,NVDA,stock,"",-999.9,-0.0014633,2024-07-02,09:49:00 EDT,,2.22222222,,-1111.0,166.65,122.81,123.04,-1.0,,false,long,Loss,"Break and Retest , One Candle Rule",NVDA,,,0.0,0.0,,5555.0,-90.0
Backtesting,565150.0,567575.0,226.06,227.03,19.06,12725.0,231.15,2024-07-02 14:07:00 UTC,2024-07-02,10:08:56 EDT,0.0,"",116.0,226.06,2,227.03,2425.0,-1150.0,2425.0,TSLA,stock,"",2425.0,0.0042909,2024-07-02,10:07:00 EDT,,2.10869565,,-350.0,2725.0,225.92,227.15,2.10869565,,false,long,Win,"Break and Retest , One Candle Rule",TSLA,,,0.0,0.0,,2500.0,88.99082569
Backtesting,305840.0,304650.0,122.336,121.86,,1084.0,122.77,2024-07-03 13:34:00 UTC,2024-07-03,09:35:29 EDT,0.0,"",89.0,122.3364,2,121.86,-1191.0,-1191.0,2409.0,NVDA,stock,"",-1191.0,-0.00389418,2024-07-03,09:34:00 EDT,,2.02267003,,-1191.0,1084.0,121.86,122.77,-1.0,,false,long,Loss,"Break and Retest , One Candle Rule",NVDA,,,0.0,0.0,,2500.0,-100.0
Backtesting,238710.0,240770.0,238.71,240.77,21.37,9640.0,248.35,2024-07-03 14:20:00 UTC,2024-07-03,10:09:38 EDT,0.0,"",1178.0,238.71,2,240.77,2060.0,-1330.0,2060.0,TSLA,stock,"",2060.0,0.00862972,2024-07-03,09:50:00 EDT,,1.54887218,,-1099.8,2208.0,237.6102,240.918,1.54887218,,false,long,Win,"Break and Retest , One Candle Rule",TSLA,,,0.0,0.0,,1000.0,93.29710145
Backtesting,245330.0,242860.0,245.33,242.86,86.07,2869.9,242.4601,2024-07-05 13:36:00 UTC,2024-07-05,09:43:25 EDT,0.0,"",445.0,245.33,2,242.86,2470.0,-1630.0,2470.0,TSLA,stock,"",2470.0,0.01017047,2024-07-05,09:36:00 EDT,,1.51533742,,-1360.0,2620.0,246.69,242.71,1.51533742,,false,short,Win,"Break and Retest , One Candle Rule",TSLA,,,0.0,0.0,,1000.0,94.27480916
Backtesting,409888.0,412000.0,128.09,128.75,24.63,8576.0,130.77,2024-07-08 13:38:00 UTC,2024-07-08,09:42:42 EDT,0.0,"",282.0,128.09,2,128.75,2112.0,-1056.0,2112.0,NVDA,stock,"",2112.0,0.00515263,2024-07-08,09:38:00 EDT,,2.0,,-928.0,2560.0,127.8,128.89,2.0,,false,long,Win,"Break and Retest , One Candle Rule",NVDA,,,0.0,0.0,,3200.0,82.5
Backtesting,374332.5,376575.0,249.555,251.05,19.81,11317.5,257.1,2024-07-08 15:02:00 UTC,2024-07-08,10:02:36 EDT,0.0,"",36.0,249.555,2,251.05,2242.5,-1147.5,2242.5,TSLA,stock,"",2242.5,0.00599066,2024-07-08,10:02:00 EDT,,1.95424837,,-37.5,2482.5,249.53,251.21,1.95424837,,false,long,Win,"Break and Retest , One Candle Rule",TSLA,,,0.0,0.0,,1500.0,90.33232628
Backtesting,216892.5,218955.0,131.45,132.7,52.74,3910.5,133.82,2024-07-09 14:05:00 UTC,2024-07-09,09:57:41 EDT,0.0,"",1361.0,131.45,2,132.7,2062.5,-1435.5,2062.5,NVDA,stock,"",2062.5,0.00950932,2024-07-09,09:35:00 EDT,,1.43678161,,-1303.5,2211.0,130.66,132.79,1.43678161,,false,long,Win,"Break and Retest , One Candle Rule",NVDA,,,0.0,0.0,,1650.0,93.28358209
Backtesting,443419.5,440742.0,260.835,259.26,52.95,5058.01,257.86,2024-07-10 14:07:00 UTC,2024-07-10,10:29:58 EDT,0.0,"",1378.0,260.8353,2,259.26,2678.01,-1044.99,2678.01,TSLA,stock,"",2678.01,0.00607614,2024-07-10,10:07:00 EDT,,2.56271352,,-2132.99,4225.01,262.09,258.35,2.56271352,,false,short,Win,"Break and Retest , One Candle Rule",TSLA,,,0.0,0.0,,1700.0,63.38470205
Backtesting,440113.0,441184.0,258.89,259.52,,1309.0,258.12,2024-07-10 14:33:00 UTC,2024-07-10,10:36:30 EDT,0.0,"",210.0,258.89,2,259.52,-1071.0,-1071.0,2159.0,TSLA,stock,"",-1071.0,-0.00242756,2024-07-10,10:33:00 EDT,,2.01587302,,-1309.0,1309.0,259.66,258.12,-1.0,,false,short,Loss,"Break and Retest , One Candle Rule",TSLA,,,0.0,0.0,,1700.0,-81.81818182
Backtesting,457089.2,455974.0,134.438,134.11,,176.8,134.49,2024-07-10 15:24:00 UTC,2024-07-10,10:55:54 EDT,0.0,"",114.0,134.438,2,134.11,-1115.2,-1115.2,2148.8,NVDA,stock,"",-1115.2,-0.00243979,2024-07-10,10:54:00 EDT,,1.92682927,,-1217.2,74.8,134.08,134.46,-1.0,,false,long,Loss,"Break and Retest , One Candle Rule",NVDA,,,0.0,0.0,,3400.0,-91.62011173
Backtesting,374780.0,377020.0,267.7,269.3,48.48,4620.0,271.0,2024-07-11 13:49:00 UTC,2024-07-11,09:55:38 EDT,0.0,"",398.0,267.7,2,269.3,2240.0,-1274.0,2240.0,TSLA,stock,"",2240.0,0.00597684,2024-07-11,09:49:00 EDT,,1.75824176,,-1190.0,2660.0,266.85,269.6,1.75824176,,false,long,Win,"Break and Retest , One Candle Rule",TSLA,,,0.0,0.0,,1400.0,84.21052632
Backtesting,246506.0,245499.0,129.74,129.21,,2489.0,131.05,2024-07-12 14:27:00 UTC,2024-07-12,09:58:17 EDT,0.0,"",77.0,129.74,2,129.21,-1007.0,-1007.0,1976.0,NVDA,stock,"",-1007.0,-0.00408509,2024-07-12,09:57:00 EDT,,1.96226415,,-2926.0,551.0,128.2,130.03,-1.0,,false,long,Loss,"Break and Retest , One Candle Rule",NVDA,,,0.0,0.0,,1900.0,-34.41558442
Backtesting,377116.0,375086.0,130.04,129.34,24.48,8294.0,127.18,2024-07-15 19:43:00 UTC,2024-07-15,09:43:58 EDT,0.0,"",58.0,130.04,2,129.34,2030.0,-1015.0,2030.0,NVDA,stock,"",2030.0,0.00541209,2024-07-15,09:43:00 EDT,,2.0,,0.0,2030.0,130.04,129.34,2.0,,false,short,Win,"Break and Retest , One Candle Rule",NVDA,,,0.0,0.0,,2900.0,100.0
Backtesting,154854.0,156924.0,258.09,261.54,45.94,4506.0,265.6,2024-07-15 14:16:00 UTC,2024-07-15,09:52:54 EDT,0.0,"",414.0,258.09,2,261.54,2070.0,-852.0,2070.0,TSLA,stock,"",2070.0,0.01336743,2024-07-15,09:46:00 EDT,,2.42957746,,-30.0,2244.0,258.04,261.83,2.42957746,,false,long,Win,"Break and Retest , One Candle Rule",TSLA,,,0.0,0.0,,600.0,92.2459893
Backtesting,334906.0,335790.0,128.81,129.15,,4030.0,127.26,2024-07-15 15:56:00 UTC,2024-07-15,10:01:16 EDT,0.0,"",316.0,128.81,2,129.15,-884.0,-884.0,1950.0,NVDA,stock,"",-884.0,-0.0026326,2024-07-15,09:56:00 EDT,,2.20588235,,-936.0,1638.0,129.17,128.18,-1.0,,false,short,Loss,"Break and Retest , One Candle Rule",NVDA,,,0.0,0.0,,2600.0,-94.44444444
Backtesting,591877.4,590870.0,128.669,128.45,,4.6,128.67,2024-07-16 13:47:00 UTC,2024-07-16,09:47:31 EDT,0.0,"",31.0,128.669,2,128.45,-1007.4,-1007.4,2028.6,NVDA,stock,"",-1007.4,-0.00170204,2024-07-16,09:47:00 EDT,,2.01369863,,-1007.4,4.6,128.45,128.67,-1.0,,false,long,Loss,"Break and Retest , One Candle Rule",NVDA,,,0.0,0.0,,4600.0,-100.0
Backtesting,329823.0,327743.0,253.71,252.11,20.23,10282.87,245.8001,2024-07-16 13:47:00 UTC,2024-07-16,09:49:07 EDT,0.0,"",127.0,253.71,2,252.11,2080.0,-728.0,2080.0,TSLA,stock,"",2080.0,0.00634644,2024-07-16,09:47:00 EDT,,2.85714286,,-494.0,2405.0,254.09,251.86,2.85714286,,false,short,Win,"Break and Retest , One Candle Rule",TSLA,,,0.0,0.0,,1300.0,86.48648649
Backtesting,463338.0,462222.0,257.41,256.79,,,,,2024-07-17,09:51:13 EDT,0.0,"",13.001,257.41,2,256.79,-1116.0,-1116.0,2196.0,TSLA,stock,"",-1116.0,-0.00240861,2024-07-17,09:50:59 EDT,,1.96774194,,-1188.0,72.0,256.75,257.45,-1.0,,false,long,Loss,"Break and Retest , One Candle Rule",TSLA,,,0.0,0.0,,1800.0,-93.93939394
Backtesting,640621.6,638597.0,120.872,120.49,11.6,17447.6,117.58,2024-07-18 14:39:00 UTC,2024-07-18,09:40:20 EDT,0.0,"",20.001,120.872,2,120.49,2024.6,-996.4,2024.6,NVDA,stock,"",2024.6,0.00317039,2024-07-18,09:39:59 EDT,,2.03191489,,-121.9,2236.07,120.895,120.4501,2.03191489,,false,short,Win,"Break and Retest , One Candle Rule",NVDA,,,0.0,0.0,,5300.0,90.54278265
Backtesting,298848.0,299676.0,249.04,249.73,,1920.0,247.44,2024-07-18 19:17:00 UTC,2024-07-18,09:49:00 EDT,0.0,"",60.001,249.04,2,249.73,-828.0,-828.0,2184.0,TSLA,stock,"",-828.0,-0.00276298,2024-07-18,09:47:59 EDT,,2.63768116,,-936.0,804.0,249.82,248.37,-1.0,,false,short,Loss,"Break and Retest , One Candle Rule",TSLA,,,0.0,0.0,,1200.0,-88.46153846
Backtesting,304716.0,303576.0,253.93,252.98,,2004.0,255.6,2024-07-18 14:53:00 UTC,2024-07-18,10:31:34 EDT,0.0,"",454.001,253.93,2,252.98,-1140.0,-1140.0,2256.0,TSLA,stock,"",-1140.0,-0.00374119,2024-07-18,10:23:59 EDT,,1.97894737,,-1152.0,1500.0,252.97,255.18,-1.0,,false,long,Loss,"Break and Retest , One Candle Rule",TSLA,,,0.0,0.0,,1200.0,-98.95833333
Backtesting,308828.0,306722.0,118.78,117.97,36.49,5772.0,116.56,2024-07-18 15:08:00 UTC,2024-07-18,10:42:08 EDT,0.0,"",188.001,118.78,2,117.97,2106.0,-988.0,2106.0,NVDA,stock,"",2106.0,0.00686615,2024-07-18,10:38:59 EDT,,2.13157895,,-520.0,2288.0,118.98,117.9,2.13157895,,false,short,Win,"Break and Retest , One Candle Rule",NVDA,,,0.0,0.0,,2600.0,92.04545455
Backtesting,271912.5,270900.0,120.85,120.4,,,,,2024-07-19,09:59:54 EDT,0.0,"",654.001,120.85,2,120.4,-1012.5,-1012.5,1980.0,NVDA,stock,"",-1012.5,-0.00372362,2024-07-19,09:48:59 EDT,,1.95555556,,-1125.0,1687.5,120.35,121.6,-1.0,,false,long,Loss,"Break and Retest , One Candle Rule",NVDA,,,0.0,0.0,,2250.0,-90.0
Backtesting,246455.0,244290.0,246.455,244.29,35.93,6025.0,240.43,2024-07-19 14:13:00 UTC,2024-07-19,10:01:23 EDT,0.0,"",1043.001,246.455,2,244.29,2165.0,-985.0,2165.0,TSLA,stock,"",2165.0,0.00886242,2024-07-19,09:43:59 EDT,,2.19796954,,-1285.0,2645.0,247.74,243.81,2.19796954,,false,short,Win,"Break and Retest , One Candle Rule",TSLA,,,0.0,0.0,,1000.0,81.85255198
Backtesting,390416.0,388512.0,244.01,242.82,27.05,7040.0,239.61,2024-07-19 15:10:00 UTC,2024-07-19,10:12:03 EDT,0.0,"",63.001,244.01,2,242.82,1904.0,-1040.0,1904.0,TSLA,stock,"",1904.0,0.00490075,2024-07-19,10:10:59 EDT,,1.83076923,,-416.0,1920.0,244.27,242.81,1.83076923,,false,short,Win,"Break and Retest , One Candle Rule",TSLA,,,0.0,0.0,,1600.0,99.16666667
Backtesting,223956.0,222858.0,124.42,123.81,,18.0,124.43,2024-07-23 15:14:00 UTC,2024-07-23,09:46:55 EDT,0.0,"",115.001,124.42,2,123.81,-1098.0,-1098.0,2160.0,NVDA,stock,"",-1098.0,-0.00490275,2024-07-23,09:44:59 EDT,,1.96721311,,-1134.0,36.0,123.79,124.44,-1.0,,false,long,Loss,"Break and Retest , One Candle Rule",NVDA,,,0.0,0.0,,1800.0,-96.82539683
Backtesting,424371.0,422127.0,249.63,248.31,33.0,6800.0,245.63,2024-07-23 14:27:00 UTC,2024-07-23,10:03:00 EDT,0.0,"",300.001,249.63,2,248.31,2244.0,-1122.0,2244.0,TSLA,stock,"",2244.0,0.00531594,2024-07-23,09:57:59 EDT,,2.0,,-884.0,2584.0,250.15,248.11,2.0,,false,short,Win,"Break and Retest , One Candle Rule",TSLA,,,0.0,0.0,,1700.0,86.84210526
Backtesting,219205.0,221280.0,219.205,221.28,35.87,5785.0,224.99,2024-07-25 14:33:00 UTC,2024-07-25,09:38:07 EDT,0.0,"",247.001,219.205,2,221.28,2075.0,-1075.0,2075.0,TSLA,stock,"",2075.0,0.00946602,2024-07-25,09:33:59 EDT,,1.93023256,,-875.0,2285.0,218.33,221.49,1.93023256,,false,long,Win,"Break and Retest , One Candle Rule",TSLA,,,0.0,0.0,,1000.0,90.80962801
Backtesting,191037.0,190030.5,115.78,115.17,,,,,2024-07-29,09:50:56 EDT,0.0,"",416.001,115.78,2,115.17,-1006.5,-1006.5,2112.0,NVDA,stock,"",-1006.5,-0.00526861,2024-07-29,09:43:59 EDT,,2.09836066,,-1270.5,825.0,115.01,116.28,-1.0,,false,long,Loss,"Break and Retest , One Candle Rule",NVDA,,,0.0,0.0,,1650.0,-79.22077922
Backtesting,309892.5,307827.0,229.55,228.02,31.94,6466.365,224.7601,2024-07-30 15:12:00 UTC,2024-07-30,09:45:48 EDT,0.0,"",168.001,229.55,2,228.02,2065.5,-648.0,2065.5,TSLA,stock,"",2065.5,0.00670994,2024-07-30,09:42:59 EDT,,3.1875,,-120.96,2065.5,229.6396,228.02,3.1875,,false,short,Win,"Break and Retest , One Candle Rule",TSLA,,,0.0,0.0,,1350.0,100.0
Backtesting,178596.0,179619.0,108.24,108.86,,6550.5,104.27,2024-07-30 14:40:00 UTC,2024-07-30,10:15:22 EDT,0.0,"",262.001,108.24,2,108.86,-1023.0,-1023.0,2013.0,NVDA,stock,"",-1023.0,-0.00569539,2024-07-30,10:10:59 EDT,,1.96774194,,-1105.5,181.5,108.91,108.13,-1.0,,false,short,Loss,"Break and Retest , One Candle Rule",NVDA,,,0.0,0.0,,1650.0,-92.53731343
Backtesting,270500.0,268275.0,108.2,107.31,22.65,9825.5,104.27,2024-07-30 14:54:00 UTC,2024-07-30,10:33:06 EDT,0.0,"",486.001,108.2002,2,107.31,2225.5,-999.5,2225.5,NVDA,stock,"",2225.5,0.00829559,2024-07-30,10:24:59 EDT,,2.22661331,,-224.5,2725.5,108.29,107.11,2.22661331,,false,short,Win,"Break and Retest , One Candle Rule",NVDA,,,0.0,0.0,,2500.0,81.65474225
Backtesting,286150.0,288300.0,114.46,115.32,42.79,5025.0,116.47,2024-07-31 15:30:00 UTC,2024-07-31,10:07:11 EDT,0.0,"",371.001,114.46,2,115.32,2150.0,-1050.0,2150.0,NVDA,stock,"",2150.0,0.00751354,2024-07-31,10:00:59 EDT,,2.04761905,,-325.0,2425.0,114.33,115.43,2.04761905,,false,long,Win,"Break and Retest , One Candle Rule",NVDA,,,0.0,0.0,,2500.0,88.65979381
Backtesting,239700.0,238680.0,119.85,119.34,,,,,2024-08-01,09:49:42 EDT,0.0,"",42.001,119.85,2,119.34,-1020.0,-1020.0,2040.0,NVDA,stock,"",-1020.0,-0.00425532,2024-08-01,09:48:59 EDT,,2.0,,-1060.0,40.0,119.32,119.87,-1.0,,false,long,Loss,"Break and Retest , One Candle Rule",NVDA,,,0.0,0.0,,2000.0,-96.22641509
Backtesting,384455.0,385526.0,226.15,226.78,,3960.83,223.82,2024-08-01 15:04:00 UTC,2024-08-01,10:38:58 EDT,0.0,"",238.001,226.1499,2,226.78,-1071.17,-1071.17,2141.83,TSLA,stock,"",-1071.17,-0.00277846,2024-08-01,10:34:59 EDT,,1.99952389,,-1071.17,866.83,226.78,225.64,-1.0,,false,short,Loss,"Break and Retest , One Candle Rule",TSLA,,,0.0,0.0,,1700.0,-100.0
Backtesting,278280.0,276456.0,115.95,115.19,26.3,6936.0,113.06,2024-08-01 15:05:00 UTC,2024-08-01,10:42:47 EDT,0.0,"",407.001,115.95,2,115.19,1824.0,-1008.0,1824.0,NVDA,stock,"",1824.0,0.00659779,2024-08-01,10:35:59 EDT,,1.80952381,,-360.0,2232.0,116.1,115.02,1.80952381,,false,short,Win,"Break and Retest , One Candle Rule",NVDA,,,0.0,0.0,,2400.0,81.72043011
Backtesting,225945.0,224870.0,225.945,224.87,29.49,3645.0,222.3,2024-08-01 15:47:00 UTC,2024-08-01,11:16:59 EDT,0.0,"",1740.0,225.945,2,224.87,1075.0,-1155.0,2305.0,TSLA,stock,"",1075.0,0.00478054,2024-08-01,10:47:59 EDT,,1.995671,,-494.9,2125.0,226.4399,223.82,0.93073593,,false,short,Win,"Break and Retest , One Candle Rule",TSLA,,,0.0,0.0,,1000.0,50.58823529
Backtesting,83920.0,83368.0,104.9,104.21,,3056.0,108.72,2024-08-02 15:20:00 UTC,2024-08-02,09:51:38 EDT,0.0,"",38.001,104.9,2,104.21,-552.0,-552.0,2080.0,NVDA,stock,"",-552.0,-0.00657769,2024-08-02,09:50:59 EDT,,3.76811594,,-560.0,88.0,104.2,105.01,-1.0,,false,long,Loss,"Break and Retest , One Candle Rule",NVDA,,,0.0,0.0,,800.0,-98.57142857
Backtesting,338864.0,339936.0,211.79,212.46,,6544.0,207.7,2024-08-02 14:47:00 UTC,2024-08-02,10:24:28 EDT,0.0,"",388.001,211.79,2,212.46,-1072.0,-1072.0,2144.0,TSLA,stock,"",-1072.0,-0.00315353,2024-08-02,10:17:59 EDT,,2.0,,-1184.0,1215.84,212.53,211.0301,-1.0,,false,short,Loss,"Break and Retest , One Candle Rule",TSLA,,,0.0,0.0,,1600.0,-90.54054054
Backtesting,95950.0,98105.0,191.9,196.21,45.18,4770.0,201.44,2024-08-05 14:42:00 UTC,2024-08-05,09:47:27 EDT,0.0,"",267.001,191.9,2,196.21,2155.0,-1095.0,2155.0,TSLA,stock,"",2155.0,0.02245961,2024-08-05,09:42:59 EDT,,1.96803653,,-220.0,2200.0,191.46,196.3,1.96803653,,false,long,Win,"Break and Retest , One Candle Rule",TSLA,,,0.0,0.0,,500.0,97.95454545
Backtesting,43273.8,45459.0,96.164,101.02,80.59,2711.88,102.19,2024-08-05 14:12:00 UTC,2024-08-05,10:01:01 EDT,0.0,"",1081.001,96.1636,2,101.02,2185.38,-1108.62,2185.38,NVDA,stock,"",2185.38,0.05050144,2024-08-05,09:42:59 EDT,,1.97126157,,-2028.195,2725.38,91.6565,102.22,1.97126157,,false,long,Win,"Break and Retest , One Candle Rule",NVDA,,,0.0,0.0,,450.0,80.18624926
Backtesting,379065.0,374033.0,102.45,101.09,,,,,2024-08-06,09:41:59 EDT,0.0,"",119.001,102.45,3,101.09,5032.0,-2553.0,5032.0,NVDA,stock,"",5032.0,0.01345336,2024-08-06,09:39:59 EDT,,1.97101449,,-2035.0,5201.46,103.0,101.0442,1.97101449,,false,short,Win,"Break and Retest , One Candle Rule",NVDA,,,0.0,0.0,,3700.0,96.74206857
Backtesting,136997.0,137361.0,195.71,196.23,,595.0,194.86,2024-08-06 14:19:00 UTC,2024-08-06,09:52:20 EDT,0.0,"",140.001,195.71,2,196.23,-364.0,-364.0,2107.0,TSLA,stock,"",-364.0,-0.00264995,2024-08-06,09:49:59 EDT,,5.78846154,,-714.0,731.5,196.73,194.665,-1.0,,false,short,Loss,"Break and Retest , One Candle Rule",TSLA,,,0.0,0.0,,700.0,-50.98039216
Backtesting,237250.2,239272.0,107.841,108.76,,,,,2024-08-07,09:32:07 EDT,0.0,"",67.001,107.8413,2,108.76,2021.14,-1014.86,2021.14,NVDA,stock,"",2021.14,0.008519,2024-08-07,09:30:59 EDT,,1.99154563,,-68.86,2109.14,107.81,108.8,1.99154563,,false,long,Win,"Break and Retest , One Candle Rule",NVDA,,,0.0,0.0,,2200.0,95.82768332
Backtesting,199960.0,197920.0,99.98,98.96,,,,,2024-08-08,09:47:20 EDT,0.0,"",260.001,99.98,2,98.96,2040.0,-1020.0,2040.0,NVDA,stock,"",2040.0,0.01030719,2024-08-08,09:42:59 EDT,,2.0,,-280.0,2320.0,100.12,98.82,2.0,,false,short,Win,"Break and Retest , One Candle Rule",NVDA,,,0.0,0.0,,2000.0,87.93103448
Backtesting,347292.0,348426.0,192.94,193.57,,,,,2024-08-08,09:55:31 EDT,0.0,"",451.001,192.94,2,193.57,-1134.0,-1134.0,2394.0,TSLA,stock,"",-1134.0,-0.00325464,2024-08-08,09:47:59 EDT,,2.11111111,,-1691.82,1620.0,193.8799,192.04,-1.0,,false,short,Loss,"Break and Retest , One Candle Rule",TSLA,,,0.0,0.0,,1800.0,-67.02840728
Backtesting,198740.0,196707.0,104.6,103.53,121.59,1672.0,103.72,2024-08-09 15:55:00 UTC,2024-08-09,10:00:17 EDT,0.0,"",257.001,104.6,2,103.53,2033.0,-988.0,2033.0,NVDA,stock,"",2033.0,0.01033517,2024-08-09,09:55:59 EDT,,2.05769231,,-506.73,2090.0,104.8667,103.5,2.05769231,,false,short,Win,"Break and Retest , One Candle Rule",NVDA,,,0.0,0.0,,1900.0,97.27272727
Backtesting,293460.0,294540.0,195.64,196.36,,,,,2024-08-09,10:28:38 EDT,0.0,"",38.001,195.64,2,196.36,-1080.0,-1080.0,2205.0,TSLA,stock,"",-1080.0,-0.00366673,2024-08-09,10:27:59 EDT,,2.04166667,,-1095.0,90.0,196.37,195.58,-1.0,,false,short,Loss,"Break and Retest , One Candle Rule",TSLA,,,0.0,0.0,,1500.0,-98.63013699
Backtesting,157844.8,156028.0,197.306,195.035,86.15,2108.88,194.67,2024-08-12 13:34:00 UTC,2024-08-12,09:59:00 EDT,0.0,"",1500.0,197.3061,2,195.035,1816.88,-1051.12,0.0,TSLA,stock,"",1816.88,0.01164458,2024-08-12,09:34:00 EDT,,,,-867.12,2108.88,198.39,194.67,1.72851815,,false,short,Win,"Break and Retest , One Candle Rule",TSLA,,,0.0,0.0,,800.0,86.15378779
Backtesting,304065.0,306390.0,202.71,204.26,39.95,5820.3,206.5902,2024-08-13 14:25:00 UTC,2024-08-13,10:02:02 EDT,0.0,"",362.001,202.71,2,204.26,2325.0,-1140.0,2325.0,TSLA,stock,"",2325.0,0.00764639,2024-08-13,09:55:59 EDT,,2.03947368,,-180.0,2580.0,202.59,204.43,2.03947368,,false,long,Win,"Break and Retest , One Candle Rule",TSLA,,,0.0,0.0,,1500.0,90.11627907
Backtesting,215479.0,217436.0,113.41,114.44,64.78,3021.19,115.0,2024-08-13 14:49:00 UTC,2024-08-13,10:16:05 EDT,0.0,"",1565.001,113.4099,2,114.44,1957.19,-1006.81,1957.19,NVDA,stock,"",1957.19,0.00908298,2024-08-13,09:49:59 EDT,,1.94395169,,-930.81,2299.19,112.92,114.62,1.94395169,,false,long,Win,"Break and Retest , One Candle Rule",NVDA,,,0.0,0.0,,1900.0,85.12519626
Backtesting,307830.0,305775.0,205.22,203.85,26.25,7830.0,200.0,2024-08-14 14:08:00 UTC,2024-08-14,09:42:38 EDT,0.0,"",218.001,205.22,2,203.85,2055.0,-1005.0,2055.0,TSLA,stock,"",2055.0,0.00672063,2024-08-14,09:38:59 EDT,,2.04477612,,-990.0,2055.0,205.88,203.85,2.04477612,,false,short,Win,"Break and Retest , One Candle Rule",TSLA,,,0.0,0.0,,1500.0,100.0
Backtesting,314640.0,317025.0,209.76,211.35,26.37,9045.0,215.79,2024-08-15 14:09:00 UTC,2024-08-15,09:47:43 EDT,0.0,"",463.001,209.76,2,211.35,2385.0,-1110.0,2385.0,TSLA,stock,"",2385.0,0.00758009,2024-08-15,09:39:59 EDT,,2.14864865,,-1755.0,2730.0,208.59,211.58,2.14864865,,false,long,Win,"Break and Retest , One Candle Rule",TSLA,,,0.0,0.0,,1500.0,87.36263736
Backtesting,369090.0,368070.0,123.03,122.69,,5910.0,125.0,2024-08-16 14:12:00 UTC,2024-08-16,09:44:01 EDT,0.0,"",61.001,123.03,2,122.69,-1020.0,-1020.0,2070.0,NVDA,stock,"",-1020.0,-0.00276355,2024-08-16,09:42:59 EDT,,2.02941176,,-1380.0,360.0,122.57,123.15,-1.0,,false,long,Loss,"Break and Retest , One Candle Rule",NVDA,,,0.0,0.0,,3000.0,-73.91304348
Backtesting,324307.5,326490.0,216.205,217.66,48.74,4477.5,219.19,2024-08-16 14:16:00 UTC,2024-08-16,09:51:58 EDT,0.0,"",298.001,216.205,2,217.66,2182.5,-1042.5,2182.5,TSLA,stock,"",2182.5,0.00672972,2024-08-16,09:46:59 EDT,,2.09352518,,-82.5,2197.5,216.15,217.67,2.09352518,,false,long,Win,"Break and Retest , One Candle Rule",TSLA,,,0.0,0.0,,1500.0,99.31740614
Backtesting,324675.0,323882.0,124.875,124.57,,2561.0,125.86,2024-08-19 14:25:00 UTC,2024-08-19,10:01:26 EDT,0.0,"",326.001,124.875,2,124.57,-793.0,-793.0,2067.0,NVDA,stock,"",-793.0,-0.00244244,2024-08-19,09:55:59 EDT,,2.60655738,,-1053.0,1443.0,124.47,125.43,-1.0,,false,long,Loss,"Break and Retest , One Candle Rule",NVDA,,,0.0,0.0,,2600.0,-75.30864198
Backtesting,286390.0,288795.0,220.3,222.15,69.03,3483.61,222.98,2024-08-19 19:21:00 UTC,2024-08-19,10:32:03 EDT,0.0,"",603.001,220.3003,2,222.15,2404.61,-1170.39,2404.61,TSLA,stock,"",2404.61,0.00839627,2024-08-19,10:21:59 EDT,,2.05453738,,-195.39,2703.61,220.15,222.38,2.05453738,,false,long,Win,"Break and Retest , One Candle Rule",TSLA,,,0.0,0.0,,1300.0,88.9407126
Backtesting,578220.0,580244.0,125.7,126.14,22.45,9015.54,127.6599,2024-08-19 15:30:00 UTC,2024-08-19,11:09:43 EDT,0.0,"",583.0,125.7,2,126.14,2024.0,-1012.0,2024.0,NVDA,stock,"",2024.0,0.0035004,2024-08-19,11:00:00 EDT,,2.0,,-45.08,2346.0,125.6902,126.21,2.0,,false,long,Win,"Break and Retest , One Candle Rule",NVDA,,,0.0,0.0,,4600.0,86.2745098
Backtesting,535764.0,533496.0,223.235,222.29,25.71,8820.0,219.56,2024-08-20 14:38:00 UTC,2024-08-20,10:12:11 EDT,0.0,"",251.0,223.235,2,222.29,2268.0,-1044.0,2268.0,TSLA,stock,"",2268.0,0.0042512,2024-08-20,10:08:00 EDT,,2.17241379,,-1005.6,3372.0,223.654,221.83,2.17241379,,false,short,Win,"Break and Retest , One Candle Rule",TSLA,,,0.0,0.0,,2400.0,67.25978648
Backtesting,345087.0,342954.0,127.81,127.02,41.15,5184.0,125.89,2024-08-20 14:16:00 UTC,2024-08-20,10:25:51 EDT,0.0,"",591.0,127.81,2,127.02,2133.0,-1026.0,2133.0,NVDA,stock,"",2133.0,0.00621949,2024-08-20,10:16:00 EDT,,2.07894737,,-863.73,2673.0,128.1299,126.82,2.07894737,,false,short,Win,"Break and Retest , One Candle Rule",NVDA,,,0.0,0.0,,2700.0,79.7979798
Backtesting,330450.0,330960.0,220.3,220.64,,1485.0,219.31,2024-08-21 15:53:00 UTC,2024-08-21,10:27:58 EDT,0.0,"",298.0,220.3,2,220.64,-510.0,-510.0,2100.0,TSLA,stock,"",-510.0,-0.00154097,2024-08-21,10:23:00 EDT,,4.11764706,,-510.0,1260.0,220.64,219.46,-1.0,,false,short,Loss,"Break and Retest , One Candle Rule",TSLA,,,0.0,0.0,,1500.0,-100.0
Backtesting,606629.0,605642.0,129.07,128.86,,1316.0,129.35,2024-08-21 18:17:00 UTC,2024-08-21,10:47:27 EDT,0.0,"",27.0,129.07,2,128.86,-987.0,-987.0,1974.0,NVDA,stock,"",-987.0,-0.00162702,2024-08-21,10:47:00 EDT,,2.0,,-1034.0,0.0,128.85,129.07,-1.0,,false,long,Loss,"Break and Retest , One Candle Rule",NVDA,,,0.0,0.0,,4700.0,-95.45454545
Backtesting,397015.2,394740.0,220.564,219.3,45.81,4966.2,217.805,2024-08-22 14:48:00 UTC,2024-08-22,10:32:14 EDT,0.0,"",854.0,220.564,2,219.3,2275.2,-1126.8,2275.2,TSLA,stock,"",2275.2,0.00576379,2024-08-22,10:18:00 EDT,,2.01916933,,-910.8,2524.32,221.07,219.1616,2.01916933,,false,short,Win,"Break and Retest , One Candle Rule",TSLA,,,0.0,0.0,,1800.0,90.13120365
Backtesting,455868.0,458064.0,126.63,127.24,20.54,10692.0,129.6,2024-08-23 14:14:00 UTC,2024-08-23,09:48:40 EDT,0.0,"",280.0,126.63,2,127.24,2196.0,-1152.0,2196.0,NVDA,stock,"",2196.0,0.00481718,2024-08-23,09:44:00 EDT,,1.90625,,-756.0,2376.0,126.42,127.29,1.90625,,false,long,Win,"Break and Retest , One Candle Rule",NVDA,,,0.0,0.0,,3600.0,92.42424242
Backtesting,262154.4,264324.0,218.462,220.27,59.91,3621.6,221.48,2024-08-23 14:07:00 UTC,2024-08-23,10:16:18 EDT,0.0,"",558.0,218.462,2,220.27,2169.6,-1070.4,2169.6,TSLA,stock,"",2169.6,0.00827604,2024-08-23,10:07:00 EDT,,2.02690583,,-296.16,2181.6,218.2152,220.28,2.02690583,,false,long,Win,"Break and Retest , One Candle Rule",TSLA,,,0.0,0.0,,1200.0,99.44994499
Backtesting,179144.0,181146.0,127.96,129.39,87.2,2296.0,129.6,2024-08-23 14:07:00 UTC,2024-08-23,10:24:57 EDT,0.0,"",1077.0,127.96,2,129.39,2002.0,-1036.0,2002.0,NVDA,stock,"",2002.0,0.01117537,2024-08-23,10:07:00 EDT,,1.93243243,,-209.86,2002.0,127.8101,129.39,1.93243243,,false,long,Win,"Break and Retest , One Candle Rule",NVDA,,,0.0,0.0,,1400.0,100.0
Backtesting,387150.0,385080.0,129.05,128.36,14.74,14040.0,124.37,2024-08-26 14:26:00 UTC,2024-08-26,10:01:21 EDT,0.0,"",261.001,129.05,2,128.36,2070.0,-990.0,2070.0,NVDA,stock,"",2070.0,0.00537551,2024-08-26,09:56:59 EDT,,2.09090909,,-150.0,2355.0,129.1,128.265,2.09090909,,false,short,Win,"Break and Retest , One Candle Rule",NVDA,,,0.0,0.0,,3000.0,87.89808917
Backtesting,437291.0,435268.0,128.615,128.02,14.02,14433.0,124.37,2024-08-26 14:35:00 UTC,2024-08-26,10:08:11 EDT,0.0,"",131.001,128.615,2,128.02,2023.0,-833.0,2023.0,NVDA,stock,"",2023.0,0.00464771,2024-08-26,10:05:59 EDT,,2.42857143,,-119.0,3043.0,128.65,127.72,2.42857143,,false,short,Win,"Break and Retest , One Candle Rule",NVDA,,,0.0,0.0,,3400.0,66.48044693
Backtesting,230373.0,231363.0,209.43,210.33,,2739.0,206.94,2024-08-27 14:15:00 UTC,2024-08-27,09:47:19 EDT,0.0,"",79.001,209.43,2,210.33,-990.0,-990.0,2013.0,TSLA,stock,"",-990.0,-0.00427899,2024-08-27,09:45:59 EDT,,2.03333333,,-1155.0,88.0,210.48,209.35,-1.0,,false,short,Loss,"Break and Retest , One Candle Rule",TSLA,,,0.0,0.0,,1100.0,-85.71428571
Backtesting,878346.0,876288.0,209.13,208.64,72.42,2841.72,208.4534,2024-08-27 15:33:00 UTC,2024-08-27,10:05:25 EDT,0.0,"",85.001,209.13,2,208.64,2058.0,-1092.0,2058.0,TSLA,stock,"",2058.0,0.00234854,2024-08-27,10:03:59 EDT,,1.88461538,,-756.0,2646.0,209.31,208.5,1.88461538,,false,short,Win,"Break and Retest , One Candle Rule",TSLA,,,0.0,0.0,,4200.0,77.77777778
Backtesting,177702.0,179690.0,126.93,128.35,68.93,2884.0,128.99,2024-08-27 17:10:00 UTC,2024-08-27,10:59:05 EDT,0.0,"",2885.001,126.93,2,128.35,1988.0,-994.0,1988.0,NVDA,stock,"",1988.0,0.01118727,2024-08-27,10:10:59 EDT,,2.0,,-854.0,2184.0,126.32,128.49,2.0,,false,long,Win,"Break and Retest , One Candle Rule",NVDA,,,0.0,0.0,,1400.0,91.02564103
Backtesting,416060.0,413040.0,208.03,206.52,42.06,7180.0,204.44,2024-08-28 14:43:00 UTC,2024-08-28,09:53:21 EDT,0.0,"",561.001,208.03,2,206.52,3020.0,-1000.0,3020.0,TSLA,stock,"",3020.0,0.00731164,2024-08-28,09:43:59 EDT,,3.02,,-940.0,3520.0,208.5,206.27,3.02,,false,short,Win,"Break and Retest , One Candle Rule",TSLA,,,0.0,0.0,,2000.0,85.79545455
Backtesting,273114.5,273845.5,127.03,127.37,,8234.5,123.2,2024-08-28 14:44:00 UTC,2024-08-28,10:24:35 EDT,0.0,"",575.001,127.03,2,127.37,-731.0,-731.0,2021.0,NVDA,stock,"",-731.0,-0.00266939,2024-08-28,10:14:59 EDT,,2.76470588,,-1010.5,429.57,127.5,126.8302,-1.0,,false,short,Loss,"Break and Retest , One Candle Rule",NVDA,,,0.0,0.0,,2150.0,-72.34042553
Backtesting,170024.0,168968.0,212.53,211.21,,,,,2024-08-29,10:08:22 EDT,0.0,"",1342.001,212.53,2,211.21,-1056.0,-1056.0,2136.0,TSLA,stock,"",-1056.0,-0.00621089,2024-08-29,09:45:59 EDT,,2.02272727,,-1064.0,1888.0,211.2,214.89,-1.0,,false,long,Loss,"Break and Retest , One Candle Rule",TSLA,,,0.0,0.0,,800.0,-99.2481203
Backtesting,257590.8,255468.0,214.659,212.89,41.82,5074.32,210.43,2024-09-03 18:15:00 UTC,2024-09-03,09:54:08 EDT,0.0,"",548.0,214.6586,2,212.89,2122.32,-1009.68,2122.32,TSLA,stock,"",2122.32,0.00830758,2024-09-03,09:45:00 EDT,,2.1019729,,-913.68,2194.32,215.42,212.83,2.1019729,,false,short,Win,"Break and Retest , One Candle Rule",TSLA,,,0.0,0.0,,1200.0,96.71880127
Backtesting,248116.0,249238.0,112.78,113.29,,2112.0,111.82,2024-09-03 13:47:00 UTC,2024-09-03,10:01:13 EDT,0.0,"",853.0,112.78,2,113.29,-1122.0,-1122.0,2310.0,NVDA,stock,"",-1122.0,-0.00450172,2024-09-03,09:47:00 EDT,,2.05882353,,-2156.0,924.0,113.76,112.36,-1.0,,false,short,Loss,"Break and Retest , One Candle Rule",NVDA,,,0.0,0.0,,2200.0,-52.04081633
Backtesting,215838.0,217920.0,107.919,108.96,60.13,3461.2,109.65,2024-09-05 14:12:00 UTC,2024-09-05,09:58:47 EDT,0.0,"",1007.0,107.9194,2,108.96,2081.2,-798.8,2081.2,NVDA,stock,"",2081.2,0.00964238,2024-09-05,09:42:00 EDT,,2.60540811,,-718.8,2141.2,107.56,108.99,2.60540811,,false,long,Win,"Break and Retest , One Candle Rule",NVDA,,,0.0,0.0,,2000.0,97.19783299
Backtesting,316400.0,313908.0,226.0,224.22,23.73,10500.0,218.5,2024-09-06 14:14:00 UTC,2024-09-06,09:45:18 EDT,0.0,"",78.0,226.0,2,224.22,2492.0,-1050.0,2492.0,TSLA,stock,"",2492.0,0.00793863,2024-09-06,09:44:00 EDT,,2.37333333,,-331.52,3178.0,226.2368,223.73,2.37333333,,false,short,Win,"Break and Retest , One Candle Rule",TSLA,,,0.0,0.0,,1400.0,78.41409692
Backtesting,178347.0,176358.0,104.91,103.74,39.53,5032.0,101.95,2024-09-06 14:29:00 UTC,2024-09-06,10:00:02 EDT,0.0,"",62.0,104.91,2,103.74,1989.0,-935.0,1989.0,NVDA,stock,"",1989.0,0.0112782,2024-09-06,09:59:00 EDT,,2.12727273,,-119.0,2074.0,104.98,103.69,2.12727273,,false,short,Win,"Break and Retest , One Candle Rule",NVDA,,,0.0,0.0,,1700.0,95.90163934
Backtesting,292194.5,294255.0,224.765,226.35,96.94,2125.5,226.4,2024-09-10 13:59:00 UTC,2024-09-10,10:02:32 EDT,0.0,"",212.0,224.765,2,226.35,2060.5,-1020.5,2060.5,TSLA,stock,"",2060.5,0.00705181,2024-09-10,09:59:00 EDT,,2.01910828,,-214.5,2099.5,224.6,226.38,2.01910828,,false,long,Win,"Break and Retest , One Candle Rule",TSLA,,,0.0,0.0,,1300.0,98.14241486
Backtesting,276562.0,277550.0,106.37,106.75,,3692.0,104.95,2024-09-10 15:53:00 UTC,2024-09-10,10:25:04 EDT,0.0,"",124.0,106.37,2,106.75,-988.0,-988.0,2028.0,NVDA,stock,"",-988.0,-0.00355972,2024-09-10,10:23:00 EDT,,2.05263158,,-1378.0,65.0,106.9,106.345,-1.0,,false,short,Loss,"Break and Retest , One Candle Rule",NVDA,,,0.0,0.0,,2600.0,-71.69811321
Backtesting,289198.0,288080.0,111.23,110.8,,4290.0,112.88,2024-09-11 16:19:00 UTC,2024-09-11,09:50:09 EDT,0.0,"",69.0,111.23,2,110.8,-1118.0,-1118.0,2184.0,NVDA,stock,"",-1118.0,-0.00386586,2024-09-11,09:49:00 EDT,,1.95348837,,-1118.0,0.0,110.8,111.23,-1.0,,false,long,Loss,"Break and Retest , One Candle Rule",NVDA,,,0.0,0.0,,2600.0,-100.0
Backtesting,590976.0,589005.0,218.88,218.15,35.1,5615.19,216.8003,2024-09-11 14:39:00 UTC,2024-09-11,10:43:10 EDT,0.0,"",250.0,218.88,2,218.15,1971.0,-1134.0,1971.0,TSLA,stock,"",1971.0,0.00334632,2024-09-11,10:39:00 EDT,,1.73809524,,-1479.6,2754.0,219.428,217.86,1.73809524,,false,short,Win,"Break and Retest , One Candle Rule",TSLA,,,0.0,0.0,,2700.0,71.56862745
Backtesting,234880.0,233720.0,117.44,116.86,,5600.0,120.24,2024-09-12 14:12:00 UTC,2024-09-12,09:47:57 EDT,0.0,"",357.0,117.44,2,116.86,-1160.0,-1160.0,2380.0,NVDA,stock,"",-1160.0,-0.00493869,2024-09-12,09:42:00 EDT,,2.05172414,,-1280.0,1380.0,116.8,118.13,-1.0,,false,long,Loss,"Break and Retest , One Candle Rule",NVDA,,,0.0,0.0,,2000.0,-90.625
Backtesting,234940.0,237200.0,117.47,118.6,40.79,5540.0,120.24,2024-09-12 14:25:00 UTC,2024-09-12,10:00:55 EDT,0.0,"",355.0,117.47,2,118.6,2260.0,-1100.0,2260.0,NVDA,stock,"",2260.0,0.00961948,2024-09-12,09:55:00 EDT,,2.05454545,,-1049.0,2339.8,116.9455,118.6399,2.05454545,,false,long,Win,"Break and Retest , One Candle Rule",NVDA,,,0.0,0.0,,2000.0,96.58945209
Backtesting,463220.0,465140.0,231.61,232.57,90.57,2119.8,232.67,2024-09-13 13:38:00 UTC,2024-09-13,09:40:57 EDT,0.0,"",177.0,231.6101,2,232.57,1919.8,-980.2,1919.8,TSLA,stock,"",1919.8,0.00414447,2024-09-13,09:38:00 EDT,,1.95857988,,-800.2,2119.8,231.21,232.67,1.95857988,,false,long,Win,"Break and Retest , One Candle Rule",TSLA,,,0.0,0.0,,2000.0,90.56514766
Backtesting,385416.9,387387.0,116.793,117.39,43.06,4578.42,118.18,2024-09-16 14:00:00 UTC,2024-09-16,10:00:59 EDT,0.0,"",59.0,116.7926,2,117.39,1971.42,-635.58,1971.42,NVDA,stock,"",1971.42,0.00511505,2024-09-16,10:00:00 EDT,,3.10176532,,-140.58,2037.42,116.75,117.41,3.10176532,,false,long,Win,"Break and Retest , One Candle Rule",NVDA,,,0.0,0.0,,3300.0,96.76060901
Backtesting,278838.0,277824.0,232.365,231.52,,2646.0,234.57,2024-09-17 13:37:00 UTC,2024-09-17,09:37:49 EDT,0.0,"",49.0,232.365,2,231.52,-1014.0,-1014.0,2094.0,TSLA,stock,"",-1014.0,-0.00363652,2024-09-17,09:37:00 EDT,,2.06508876,,-1062.0,281.88,231.48,232.5999,-1.0,,false,long,Loss,"Break and Retest , One Candle Rule",TSLA,,,0.0,0.0,,1200.0,-95.48022599
Backtesting,278916.0,281124.0,232.43,234.27,85.98,2568.0,234.57,2024-09-17 14:00:00 UTC,2024-09-17,10:03:23 EDT,0.0,"",203.0,232.43,2,234.27,2208.0,-1080.0,2208.0,TSLA,stock,"",2208.0,0.00791636,2024-09-17,10:00:00 EDT,,2.04444444,,-336.0,2319.6,232.15,234.363,2.04444444,,false,long,Win,"Break and Retest , One Candle Rule",TSLA,,,0.0,0.0,,1200.0,95.18882566
Backtesting,341794.0,340808.0,117.86,117.52,,3857.0,119.19,2024-09-19 13:34:00 UTC,2024-09-19,09:34:51 EDT,0.0,"",51.0,117.86,2,117.52,-986.0,-986.0,2001.0,NVDA,stock,"",-986.0,-0.00288478,2024-09-19,09:34:00 EDT,,2.02941176,,-1160.0,580.0,117.46,118.06,-1.0,,false,long,Loss,"Break and Retest , One Candle Rule",NVDA,,,0.0,0.0,,2900.0,-85.0
Backtesting,224048.0,226157.0,117.92,119.03,63.79,3306.0,119.66,2024-09-19 15:08:00 UTC,2024-09-19,09:41:31 EDT,0.0,"",211.0,117.92,2,119.03,2109.0,-1026.0,2109.0,NVDA,stock,"",2109.0,0.00941316,2024-09-19,09:38:00 EDT,,2.05555556,,-76.0,2147.0,117.88,119.05,2.05555556,,false,long,Win,"Break and Retest , One Candle Rule",NVDA,,,0.0,0.0,,1900.0,98.2300885
Backtesting,367474.0,369551.0,118.54,119.21,59.82,3472.0,119.66,2024-09-19 15:26:00 UTC,2024-09-19,10:18:00 EDT,0.0,"",1320.0,118.54,2,119.21,2077.0,-1116.0,2077.0,NVDA,stock,"",2077.0,0.0056521,2024-09-19,09:56:00 EDT,,1.86111111,,-2294.0,2418.0,117.8,119.32,1.86111111,,false,long,Win,"Break and Retest , One Candle Rule",NVDA,,,0.0,0.0,,3100.0,85.8974359
Backtesting,365583.0,364839.0,117.93,117.69,,1767.0,118.5,2024-09-20 13:42:00 UTC,2024-09-20,09:57:53 EDT,0.0,"",953.0,117.93,2,117.69,-744.0,-744.0,2108.0,NVDA,stock,"",-744.0,-0.00203511,2024-09-20,09:42:00 EDT,,2.83333333,,-930.0,1767.0,117.63,118.5,-1.0,,false,long,Loss,"Break and Retest , One Candle Rule",NVDA,,,0.0,0.0,,3100.0,-80.0
Backtesting,360630.0,358485.0,240.42,238.99,36.67,5849.85,236.5201,2024-09-20 14:45:00 UTC,2024-09-20,09:58:13 EDT,0.0,"",793.0,240.42,2,238.99,2145.0,-1050.0,2145.0,TSLA,stock,"",2145.0,0.00598351,2024-09-20,09:45:00 EDT,,2.04285714,,-870.0,2545.8,241.0,238.7228,2.04285714,,false,short,Win,"Break and Retest , One Candle Rule",TSLA,,,0.0,0.0,,1500.0,84.25642234
Backtesting,1351.1,1357.1,135.11,135.71,,4.8,134.63,2025-01-02 14:42:00 UTC,2025-01-02,09:48:33 EST,0.0,"",393.0,135.11,2,135.71,-6.0,-6.0,12.9,NVDA,stock,"",-6.0,-0.00442119,2025-01-02,09:42:00 EST,,2.15,,-7.5,4.8,135.86,134.63,-1.0,,false,short,Loss,"Break and Retest , One Candle Rule",NVDA,,,0.0,0.0,,10.0,-80.0
Backtesting,1380.3,1375.6,138.03,137.56,,8.401,138.87,2025-01-02 16:38:00 UTC,2025-01-02,10:18:35 EST,0.0,"",635.0,138.0299,2,137.56,-4.699,-4.699,9.401,NVDA,stock,"",-4.699,-0.00340433,2025-01-02,10:08:00 EST,,2.00063843,,-5.099,1.601,137.52,138.19,-1.0,,false,long,Loss,"Break and Retest , One Candle Rule",NVDA,,,0.0,0.0,,10.0,-92.15532457
Backtesting,3803.7,3833.2,380.37,383.32,,41.2,376.25,2025-01-02 15:24:00 UTC,2025-01-02,11:39:23 EST,0.0,"",4523.0,380.37,2,383.32,-29.5,-29.5,69.4,TSLA,stock,"",-29.5,-0.00769592,2025-01-02,10:24:00 EST,,2.35254237,,-37.0,41.2,384.07,376.25,-1.0,,false,short,Loss,"Break and Retest , One Candle Rule",TSLA,,,0.0,0.0,,10.0,-79.72972973
Backtesting,3869.75,3858.1,386.975,385.81,,29.75,389.95,2025-01-03 14:45:00 UTC,2025-01-03,09:47:34 EST,0.0,"",154.0,386.975,2,385.81,-11.65,-11.65,25.25,TSLA,stock,"",-11.65,-0.00301053,2025-01-03,09:45:00 EST,,2.16738197,,-12.45,13.25,385.73,388.3,-1.0,,false,long,Loss,"Break and Retest , One Candle Rule",TSLA,,,0.0,0.0,,10.0,-93.57429719
Backtesting,3856.0,3887.1,385.6,388.71,27.4,113.497,396.9497,2025-01-03 16:20:00 UTC,2025-01-03,09:56:46 EST,0.0,"",406.0,385.6,2,388.71,31.1,-15.5,31.1,TSLA,stock,"",31.1,0.00806535,2025-01-03,09:50:00 EST,,2.00645161,,-14.0,32.6,384.2,388.86,2.00645161,,false,long,Win,"Break and Retest , One Candle Rule",TSLA,,,0.0,0.0,,10.0,95.39877301
Backtesting,1498.8,1485.0,149.88,148.5,16.18,85.3,141.35,2025-01-07 15:09:00 UTC,2025-01-07,09:54:14 EST,0.0,"",914.0,149.88,2,148.5,13.8,-6.7,13.8,NVDA,stock,"",13.8,0.00929293,2025-01-07,09:39:00 EST,,2.05970149,,-6.2,15.8,150.5,148.3,2.05970149,,false,short,Win,"Break and Retest , One Candle Rule",NVDA,,,0.0,0.0,,10.0,87.34177215
Backtesting,4039.24,4004.8,403.924,400.48,27.06,127.235,391.2,2025-01-07 15:34:00 UTC,2025-01-07,10:05:30 EST,0.0,"",90.0,403.9235,2,400.48,34.435,-17.765,34.435,TSLA,stock,"",34.435,0.00859843,2025-01-07,10:04:00 EST,,1.93836195,,-1.164,36.715,404.0399,400.252,1.93836195,,false,short,Win,"Break and Retest , One Candle Rule",TSLA,,,0.0,0.0,,10.0,93.79000409
Backtesting,1403.7,1409.8,140.37,140.98,,28.1,137.56,2025-01-08 15:50:00 UTC,2025-01-08,10:24:32 EST,0.0,"",212.001,140.37,2,140.98,-6.1,-6.1,12.6,NVDA,stock,"",-6.1,-0.00432685,2025-01-08,10:20:59 EST,,2.06557377,,-6.7,4.7,141.04,139.9,-1.0,,false,short,Loss,"Break and Retest , One Candle Rule",NVDA,,,0.0,0.0,,10.0,-91.04477612
Backtesting,2695.34,2709.8,134.767,135.49,,10.948,134.22,2025-01-10 15:01:00 UTC,2025-01-10,10:23:15 EST,0.0,"",1995.0,134.82,3,135.49,-14.452,-14.452,31.748,NVDA,stock,"",-14.452,-0.00533323,2025-01-10,09:50:00 EST,,2.19678937,,-19.052,10.948,135.72,134.22,-1.0,,false,short,Loss,"Break and Retest , One Candle Rule",NVDA,,,0.0,0.0,,20.0,-75.85555322
Backtesting,1321.6,1316.6,132.16,131.66,,9.5,133.11,2025-01-13 15:30:00 UTC,2025-01-13,10:01:36 EST,0.0,"",96.0,132.16,2,131.66,-5.0,-5.0,10.3,NVDA,stock,"",-5.0,-0.00378329,2025-01-13,10:00:00 EST,,2.06,,-6.1,0.3,131.55,132.19,-1.0,,false,long,Loss,"Break and Retest , One Candle Rule",NVDA,,,0.0,0.0,,10.0,-81.96721311
Backtesting,2645.58,2690.5,132.279,134.525,86.85,51.722,134.9,2025-01-14 14:50:00 UTC,2025-01-14,09:53:00 EST,0.0,"",85560.0,132.29,4,134.22,44.922,0.0,0.0,NVDA,stock,"",44.922,0.01698003,2025-01-13,10:07:00 EST,,,,-22.778,70.122,131.14,136.74,,,false,long,Win,"Break and Retest , One Candle Rule",NVDA,,,0.0,0.0,,20.0,64.0626337
Backtesting,4109.5,4079.0,410.95,407.9,36.84,82.801,402.67,2025-01-14 17:03:00 UTC,2025-01-14,10:48:09 EST,0.0,"",909.0,410.9501,2,407.9,30.501,-14.999,30.501,TSLA,stock,"",30.501,0.00747757,2025-01-14,10:33:00 EST,,2.03353557,,-10.399,35.501,411.99,407.4,2.03353557,,false,short,Win,"Break and Retest , One Candle Rule",TSLA,,,0.0,0.0,,10.0,85.91588969
Backtesting,4118.4,4106.3,411.84,410.63,,60.3,417.87,2025-01-15 14:44:00 UTC,2025-01-15,09:46:01 EST,0.0,"",121.0,411.84,2,410.63,-12.1,-12.1,25.9,TSLA,stock,"",-12.1,-0.00293803,2025-01-15,09:44:00 EST,,2.14049587,,-15.6,10.1,410.28,412.85,-1.0,,false,long,Loss,"Break and Retest , One Candle Rule",TSLA,,,0.0,0.0,,10.0,-77.56410256
Backtesting,1342.6,1339.8,134.26,133.98,,13.3,135.59,2025-01-15 15:31:00 UTC,2025-01-15,10:32:20 EST,0.0,"",80.0,134.26,2,133.98,-2.8,-2.8,5.6,NVDA,stock,"",-2.8,-0.00208551,2025-01-15,10:31:00 EST,,2.0,,-3.15,1.8,133.945,134.44,-1.0,,false,long,Loss,"Break and Retest , One Candle Rule",NVDA,,,0.0,0.0,,10.0,-88.88888889
Backtesting,4167.2,4182.2,416.72,418.22,,36.1,413.11,2025-01-16 14:48:00 UTC,2025-01-16,09:57:39 EST,0.0,"",579.0,416.72,2,418.22,-15.0,-15.0,30.4,TSLA,stock,"",-15.0,-0.00358663,2025-01-16,09:48:00 EST,,2.02666667,,-18.8,11.2,418.6,415.6,-1.0,,false,short,Loss,"Break and Retest , One Candle Rule",TSLA,,,0.0,0.0,,10.0,-79.78723404
Backtesting,8325.56,8226.8,416.278,411.34,69.08,142.96,409.13,2025-01-16 18:30:00 UTC,2025-01-16,11:42:10 EST,0.0,"",6130.0,416.278,2,411.34,98.76,-46.64,98.76,TSLA,stock,"",98.76,0.01200467,2025-01-16,10:00:00 EST,,2.11749571,,-28.44,115.958,417.7,410.4801,2.11749571,,false,short,Win,"Break and Retest , One Candle Rule",TSLA,,,0.0,0.0,,20.0,85.168768
Backtesting,1369.9,1367.0,136.99,136.7,,6.391,137.6291,2025-01-17 14:56:00 UTC,2025-01-17,09:59:00 EST,0.0,"",180.0,136.99,2,136.7,-2.9,-2.9,6.1,NVDA,stock,"",-2.9,-0.00211694,2025-01-17,09:56:00 EST,,2.10344828,,-4.7,1.6,136.52,137.15,-1.0,,false,long,Loss,"Break and Retest , One Candle Rule",NVDA,,,0.0,0.0,,10.0,-61.70212766
Backtesting,2742.1,2734.0,137.105,136.7,,19.7,138.09,2025-01-17 15:31:00 UTC,2025-01-17,10:11:12 EST,0.0,"",612.0,137.105,2,136.7,-8.1,-8.1,16.5,NVDA,stock,"",-8.1,-0.00295394,2025-01-17,10:01:00 EST,,2.03703704,,-8.9,10.482,136.66,137.6291,-1.0,,false,long,Loss,"Break and Retest , One Candle Rule",NVDA,,,0.0,0.0,,20.0,-91.01123596
Backtesting,4165.0,4073.5,416.5,407.35,89.79,101.9,406.31,2025-01-21 15:07:00 UTC,2025-01-21,10:11:55 EST,0.0,"",2095.0,416.5,2,407.35,91.5,-46.0,91.5,TSLA,stock,"",91.5,0.02246226,2025-01-21,09:37:00 EST,,1.98913043,,-8.699,101.9,417.3699,406.31,1.98913043,,false,short,Win,"Break and Retest , One Candle Rule",TSLA,,,0.0,0.0,,10.0,89.7939156
Backtesting,4239.0,4215.2,423.9,421.52,,8.199,424.72,2025-01-22 14:39:00 UTC,2025-01-22,09:41:20 EST,0.0,"",140.0,423.9001,2,421.52,-23.801,-23.801,53.199,TSLA,stock,"",-23.801,-0.00561477,2025-01-22,09:39:00 EST,,2.23515819,,-25.886,8.199,421.3115,424.72,-1.0,,false,long,Loss,"Break and Retest , One Candle Rule",TSLA,,,0.0,0.0,,10.0,-91.94545314
Backtesting,1464.1,1460.3,146.41,146.03,,4.6,146.87,2025-01-22 15:01:00 UTC,2025-01-22,10:02:00 EST,0.0,"",60.0,146.41,2,146.03,-3.8,-3.8,10.3,NVDA,stock,"",-3.8,-0.00259545,2025-01-22,10:01:00 EST,,2.71052632,,-6.3,0.9,145.78,146.5,-1.0,,false,long,Loss,"Break and Retest , One Candle Rule",NVDA,,,0.0,0.0,,10.0,-60.31746032
Backtesting,4185.5,4173.5,418.55,417.35,,9.501,419.5,2025-01-23 14:51:00 UTC,2025-01-23,09:52:51 EST,0.0,"",111.0,418.5499,2,417.35,-11.999,-11.999,23.101,TSLA,stock,"",-11.999,-0.0028668,2025-01-23,09:51:00 EST,,1.92524377,,-16.699,9.501,416.88,419.5,-1.0,,false,long,Loss,"Break and Retest , One Candle Rule",TSLA,,,0.0,0.0,,10.0,-71.85460207
Backtesting,1453.1,1448.4,145.31,144.84,,6.199,145.93,2025-01-23 14:49:00 UTC,2025-01-23,10:04:55 EST,0.0,"",955.0,145.3101,2,144.84,-4.701,-4.701,9.699,NVDA,stock,"",-4.701,-0.00323515,2025-01-23,09:49:00 EST,,2.06317805,,-4.9,4.099,144.8201,145.72,-1.0,,false,long,Loss,"Break and Retest , One Candle Rule",NVDA,,,0.0,0.0,,10.0,-95.93877551
Backtesting,3988.5,3951.8,398.85,395.18,,69.099,405.7599,2025-01-27 14:35:00 UTC,2025-01-27,12:22:05 EST,0.0,"",10025.0,398.85,2,395.18,-36.7,-36.7,87.4,TSLA,stock,"",-36.7,-0.00920145,2025-01-27,09:35:00 EST,,2.38147139,,-37.999,78.4,395.0501,406.69,-1.0,,false,long,Loss,"Break and Retest , One Candle Rule",TSLA,,,0.0,0.0,,10.0,-96.58148899
Backtesting,3885.7,3892.6,388.57,389.26,,10.997,387.47,2025-01-28 16:16:00 UTC,2025-01-28,09:49:14 EST,0.0,"",134.001,388.5697,2,389.26,-6.903,-6.903,20.997,TSLA,stock,"",-6.903,-0.00177336,2025-01-28,09:46:59 EST,,3.04172099,,-8.303,6.997,389.4,387.87,-1.0,,false,short,Loss,"Break and Retest , One Candle Rule",TSLA,,,0.0,0.0,,10.0,-83.13862459
Backtesting,1176.7,1184.8,117.67,118.48,,,,,2025-01-28,09:51:56 EST,0.0,"",56.001,117.6695,2,118.48,-8.105,-8.105,16.295,NVDA,stock,"",-8.105,-0.00684082,2025-01-28,09:50:59 EST,,2.01048735,,-9.405,0.695,118.61,117.6,-1.0,,false,short,Loss,"Break and Retest , One Candle Rule",NVDA,,,0.0,0.0,,10.0,-86.17756512
Backtesting,3931.77,3944.8,393.177,394.48,,21.251,391.0517,2025-01-29 15:11:00 UTC,2025-01-29,09:44:03 EST,0.0,"",123.001,393.1768,2,394.48,-13.032,-13.032,26.168,TSLA,stock,"",-13.032,-0.00330359,2025-01-29,09:41:59 EST,,2.00798036,,-15.732,3.667,394.75,392.8101,-1.0,,false,short,Loss,"Break and Retest , One Candle Rule",TSLA,,,0.0,0.0,,10.0,-82.8375286
Backtesting,1251.4,1255.5,125.14,125.55,,34.2,121.72,2025-01-29 15:41:00 UTC,2025-01-29,09:44:41 EST,0.0,"",161.001,125.14,2,125.55,-4.1,-4.1,8.3,NVDA,stock,"",-4.1,-0.00326563,2025-01-29,09:41:59 EST,,2.02439024,,-4.3,6.4,125.57,124.5,-1.0,,false,short,Loss,"Break and Retest , One Candle Rule",NVDA,,,0.0,0.0,,10.0,-95.34883721
Backtesting,1216.6,1220.1,121.66,122.01,,29.1,118.75,2025-01-30 15:14:00 UTC,2025-01-30,09:45:41 EST,0.0,"",41.001,121.66,2,122.01,-3.5,-3.5,7.0,NVDA,stock,"",-3.5,-0.00286862,2025-01-30,09:44:59 EST,,2.0,,-4.6,1.3,122.12,121.53,-1.0,,false,short,Loss,"Break and Retest , One Candle Rule",NVDA,,,0.0,0.0,,10.0,-76.08695652
Backtesting,3970.1,3923.3,397.01,392.33,58.21,80.4,388.97,2025-01-30 15:49:00 UTC,2025-01-30,09:52:35 EST,0.0,"",155.001,397.01,2,392.33,46.8,-23.6,46.8,TSLA,stock,"",46.8,0.01192873,2025-01-30,09:49:59 EST,,1.98305085,,-5.297,49.9,397.5397,392.02,1.98305085,,false,short,Win,"Break and Retest , One Candle Rule",TSLA,,,0.0,0.0,,10.0,93.78757515
